context_id,benchmark,scenario,instance_id,step_index,total_steps,view,character_count,approx_tokens,truncated,truncation_ratio
swebench_django__django-11163_step_1,swebench,code_swe,django__django-11163,1,9,last_message_text,4906,1227,False,0.0
swebench_django__django-11163_step_1,swebench,code_swe,django__django-11163,1,9,full_context_text,5012,1253,False,0.0
swebench_django__django-11163_step_1,swebench,code_swe,django__django-11163,1,9,acu_head_tail_context,5012,1253,False,0.0
swebench_django__django-11163_step_2,swebench,code_swe,django__django-11163,2,9,last_message_text,62,16,False,0.0
swebench_django__django-11163_step_2,swebench,code_swe,django__django-11163,2,9,full_context_text,5327,1332,False,0.0
swebench_django__django-11163_step_2,swebench,code_swe,django__django-11163,2,9,acu_head_tail_context,5327,1332,False,0.0
swebench_django__django-11163_step_3,swebench,code_swe,django__django-11163,3,9,last_message_text,706,177,False,0.0
swebench_django__django-11163_step_3,swebench,code_swe,django__django-11163,3,9,full_context_text,6188,1547,False,0.0
swebench_django__django-11163_step_3,swebench,code_swe,django__django-11163,3,9,acu_head_tail_context,6188,1547,False,0.0
swebench_django__django-11163_step_4,swebench,code_swe,django__django-11163,4,9,last_message_text,955,239,False,0.0
swebench_django__django-11163_step_4,swebench,code_swe,django__django-11163,4,9,full_context_text,7368,1842,False,0.0
swebench_django__django-11163_step_4,swebench,code_swe,django__django-11163,4,9,acu_head_tail_context,7368,1842,False,0.0
swebench_django__django-11163_step_5,swebench,code_swe,django__django-11163,5,9,last_message_text,637,160,False,0.0
swebench_django__django-11163_step_5,swebench,code_swe,django__django-11163,5,9,full_context_text,8448,2112,False,0.0
swebench_django__django-11163_step_5,swebench,code_swe,django__django-11163,5,9,acu_head_tail_context,8448,2112,False,0.0
swebench_django__django-11163_step_6,swebench,code_swe,django__django-11163,6,9,last_message_text,93,24,False,0.0
swebench_django__django-11163_step_6,swebench,code_swe,django__django-11163,6,9,full_context_text,9223,2306,False,0.0
swebench_django__django-11163_step_6,swebench,code_swe,django__django-11163,6,9,acu_head_tail_context,9223,2306,False,0.0
swebench_django__django-11163_step_7,swebench,code_swe,django__django-11163,7,9,last_message_text,632,158,False,0.0
swebench_django__django-11163_step_7,swebench,code_swe,django__django-11163,7,9,full_context_text,10035,2509,False,0.0
swebench_django__django-11163_step_7,swebench,code_swe,django__django-11163,7,9,acu_head_tail_context,10035,2509,False,0.0
swebench_django__django-11163_step_8,swebench,code_swe,django__django-11163,8,9,last_message_text,62,16,False,0.0
swebench_django__django-11163_step_8,swebench,code_swe,django__django-11163,8,9,full_context_text,10330,2583,False,0.0
swebench_django__django-11163_step_8,swebench,code_swe,django__django-11163,8,9,acu_head_tail_context,10330,2583,False,0.0
swebench_django__django-11163_step_9,swebench,code_swe,django__django-11163,9,9,last_message_text,632,158,False,0.0
swebench_django__django-11163_step_9,swebench,code_swe,django__django-11163,9,9,full_context_text,11163,2791,False,0.0
swebench_django__django-11163_step_9,swebench,code_swe,django__django-11163,9,9,acu_head_tail_context,11163,2791,False,0.0
swebench_django__django-11133_step_1,swebench,code_swe,django__django-11133,1,8,last_message_text,5393,1349,False,0.0
swebench_django__django-11133_step_1,swebench,code_swe,django__django-11133,1,8,full_context_text,5499,1375,False,0.0
swebench_django__django-11133_step_1,swebench,code_swe,django__django-11133,1,8,acu_head_tail_context,5499,1375,False,0.0
swebench_django__django-11133_step_2,swebench,code_swe,django__django-11133,2,8,last_message_text,590,148,False,0.0
swebench_django__django-11133_step_2,swebench,code_swe,django__django-11133,2,8,full_context_text,6321,1581,False,0.0
swebench_django__django-11133_step_2,swebench,code_swe,django__django-11133,2,8,acu_head_tail_context,6321,1581,False,0.0
swebench_django__django-11133_step_3,swebench,code_swe,django__django-11133,3,8,last_message_text,3478,870,False,0.0
swebench_django__django-11133_step_3,swebench,code_swe,django__django-11133,3,8,full_context_text,10123,2531,False,0.0
swebench_django__django-11133_step_3,swebench,code_swe,django__django-11133,3,8,acu_head_tail_context,10123,2531,False,0.0
swebench_django__django-11133_step_4,swebench,code_swe,django__django-11133,4,8,last_message_text,582,146,False,0.0
swebench_django__django-11133_step_4,swebench,code_swe,django__django-11133,4,8,full_context_text,11169,2793,False,0.0
swebench_django__django-11133_step_4,swebench,code_swe,django__django-11133,4,8,acu_head_tail_context,11169,2793,False,0.0
swebench_django__django-11133_step_5,swebench,code_swe,django__django-11133,5,8,last_message_text,1358,340,False,0.0
swebench_django__django-11133_step_5,swebench,code_swe,django__django-11133,5,8,full_context_text,12848,3212,False,0.0
swebench_django__django-11133_step_5,swebench,code_swe,django__django-11133,5,8,acu_head_tail_context,12848,3212,False,0.0
swebench_django__django-11133_step_6,swebench,code_swe,django__django-11133,6,8,last_message_text,1697,425,False,0.0
swebench_django__django-11133_step_6,swebench,code_swe,django__django-11133,6,8,full_context_text,15370,3843,False,0.0
swebench_django__django-11133_step_6,swebench,code_swe,django__django-11133,6,8,acu_head_tail_context,15370,3843,False,0.0
swebench_django__django-11133_step_7,swebench,code_swe,django__django-11133,7,8,last_message_text,850,213,False,0.0
swebench_django__django-11133_step_7,swebench,code_swe,django__django-11133,7,8,full_context_text,17271,4318,False,0.0
swebench_django__django-11133_step_7,swebench,code_swe,django__django-11133,7,8,acu_head_tail_context,17271,4318,False,0.0
swebench_django__django-11133_step_8,swebench,code_swe,django__django-11133,8,8,last_message_text,674,169,False,0.0
swebench_django__django-11133_step_8,swebench,code_swe,django__django-11133,8,8,full_context_text,18362,4591,False,0.0
swebench_django__django-11133_step_8,swebench,code_swe,django__django-11133,8,8,acu_head_tail_context,18362,4591,False,0.0
swebench_django__django-11999_step_1,swebench,code_swe,django__django-11999,1,11,last_message_text,5010,1253,False,0.0
swebench_django__django-11999_step_1,swebench,code_swe,django__django-11999,1,11,full_context_text,5116,1279,False,0.0
swebench_django__django-11999_step_1,swebench,code_swe,django__django-11999,1,11,acu_head_tail_context,5116,1279,False,0.0
swebench_django__django-11999_step_2,swebench,code_swe,django__django-11999,2,11,last_message_text,66,17,False,0.0
swebench_django__django-11999_step_2,swebench,code_swe,django__django-11999,2,11,full_context_text,5512,1378,False,0.0
swebench_django__django-11999_step_2,swebench,code_swe,django__django-11999,2,11,acu_head_tail_context,5512,1378,False,0.0
swebench_django__django-11999_step_3,swebench,code_swe,django__django-11999,3,11,last_message_text,326,82,False,0.0
swebench_django__django-11999_step_3,swebench,code_swe,django__django-11999,3,11,full_context_text,5947,1487,False,0.0
swebench_django__django-11999_step_3,swebench,code_swe,django__django-11999,3,11,acu_head_tail_context,5947,1487,False,0.0
swebench_django__django-11999_step_4,swebench,code_swe,django__django-11999,4,11,last_message_text,293,74,False,0.0
swebench_django__django-11999_step_4,swebench,code_swe,django__django-11999,4,11,full_context_text,7092,1773,False,0.0
swebench_django__django-11999_step_4,swebench,code_swe,django__django-11999,4,11,acu_head_tail_context,7092,1773,False,0.0
swebench_django__django-11999_step_5,swebench,code_swe,django__django-11999,5,11,last_message_text,1378,345,False,0.0
swebench_django__django-11999_step_5,swebench,code_swe,django__django-11999,5,11,full_context_text,8575,2144,False,0.0
swebench_django__django-11999_step_5,swebench,code_swe,django__django-11999,5,11,acu_head_tail_context,8575,2144,False,0.0
swebench_django__django-11999_step_6,swebench,code_swe,django__django-11999,6,11,last_message_text,1285,322,False,0.0
swebench_django__django-11999_step_6,swebench,code_swe,django__django-11999,6,11,full_context_text,9980,2495,False,0.0
swebench_django__django-11999_step_6,swebench,code_swe,django__django-11999,6,11,acu_head_tail_context,9980,2495,False,0.0
swebench_django__django-11999_step_7,swebench,code_swe,django__django-11999,7,11,last_message_text,424,106,False,0.0
swebench_django__django-11999_step_7,swebench,code_swe,django__django-11999,7,11,full_context_text,11636,2909,False,0.0
swebench_django__django-11999_step_7,swebench,code_swe,django__django-11999,7,11,acu_head_tail_context,11636,2909,False,0.0
swebench_django__django-11999_step_8,swebench,code_swe,django__django-11999,8,11,last_message_text,906,227,False,0.0
swebench_django__django-11999_step_8,swebench,code_swe,django__django-11999,8,11,full_context_text,13924,3481,False,0.0
swebench_django__django-11999_step_8,swebench,code_swe,django__django-11999,8,11,acu_head_tail_context,13924,3481,False,0.0
swebench_django__django-11999_step_9,swebench,code_swe,django__django-11999,9,11,last_message_text,889,223,False,0.0
swebench_django__django-11999_step_9,swebench,code_swe,django__django-11999,9,11,full_context_text,15330,3833,False,0.0
swebench_django__django-11999_step_9,swebench,code_swe,django__django-11999,9,11,acu_head_tail_context,15330,3833,False,0.0
swebench_django__django-11999_step_10,swebench,code_swe,django__django-11999,10,11,last_message_text,62,16,False,0.0
swebench_django__django-11999_step_10,swebench,code_swe,django__django-11999,10,11,full_context_text,15673,3919,False,0.0
swebench_django__django-11999_step_10,swebench,code_swe,django__django-11999,10,11,acu_head_tail_context,15673,3919,False,0.0
swebench_django__django-11999_step_11,swebench,code_swe,django__django-11999,11,11,last_message_text,906,227,False,0.0
swebench_django__django-11999_step_11,swebench,code_swe,django__django-11999,11,11,full_context_text,16644,4161,False,0.0
swebench_django__django-11999_step_11,swebench,code_swe,django__django-11999,11,11,acu_head_tail_context,16644,4161,False,0.0
swebench_django__django-10914_step_1,swebench,code_swe,django__django-10914,1,8,last_message_text,5519,1380,False,0.0
swebench_django__django-10914_step_1,swebench,code_swe,django__django-10914,1,8,full_context_text,5625,1407,False,0.0
swebench_django__django-10914_step_1,swebench,code_swe,django__django-10914,1,8,acu_head_tail_context,5625,1407,False,0.0
swebench_django__django-10914_step_2,swebench,code_swe,django__django-10914,2,8,last_message_text,334,84,False,0.0
swebench_django__django-10914_step_2,swebench,code_swe,django__django-10914,2,8,full_context_text,6106,1527,False,0.0
swebench_django__django-10914_step_2,swebench,code_swe,django__django-10914,2,8,acu_head_tail_context,6106,1527,False,0.0
swebench_django__django-10914_step_3,swebench,code_swe,django__django-10914,3,8,last_message_text,355,89,False,0.0
swebench_django__django-10914_step_3,swebench,code_swe,django__django-10914,3,8,full_context_text,6591,1648,False,0.0
swebench_django__django-10914_step_3,swebench,code_swe,django__django-10914,3,8,acu_head_tail_context,6591,1648,False,0.0
swebench_django__django-10914_step_4,swebench,code_swe,django__django-10914,4,8,last_message_text,4194,1049,False,0.0
swebench_django__django-10914_step_4,swebench,code_swe,django__django-10914,4,8,full_context_text,10881,2721,False,0.0
swebench_django__django-10914_step_4,swebench,code_swe,django__django-10914,4,8,acu_head_tail_context,10881,2721,False,0.0
swebench_django__django-10914_step_5,swebench,code_swe,django__django-10914,5,8,last_message_text,3625,907,False,0.0
swebench_django__django-10914_step_5,swebench,code_swe,django__django-10914,5,8,full_context_text,16346,4087,False,0.0
swebench_django__django-10914_step_5,swebench,code_swe,django__django-10914,5,8,acu_head_tail_context,16346,4087,False,0.0
swebench_django__django-10914_step_6,swebench,code_swe,django__django-10914,6,8,last_message_text,1009,253,False,0.0
swebench_django__django-10914_step_6,swebench,code_swe,django__django-10914,6,8,full_context_text,18193,4549,False,0.0
swebench_django__django-10914_step_6,swebench,code_swe,django__django-10914,6,8,acu_head_tail_context,18193,4549,False,0.0
swebench_django__django-10914_step_7,swebench,code_swe,django__django-10914,7,8,last_message_text,62,16,False,0.0
swebench_django__django-10914_step_7,swebench,code_swe,django__django-10914,7,8,full_context_text,18364,4591,False,0.0
swebench_django__django-10914_step_7,swebench,code_swe,django__django-10914,7,8,acu_head_tail_context,18364,4591,False,0.0
swebench_django__django-10914_step_8,swebench,code_swe,django__django-10914,8,8,last_message_text,687,172,False,0.0
swebench_django__django-10914_step_8,swebench,code_swe,django__django-10914,8,8,full_context_text,19119,4780,False,0.0
swebench_django__django-10914_step_8,swebench,code_swe,django__django-10914,8,8,acu_head_tail_context,19119,4780,False,0.0
swebench_django__django-11099_step_1,swebench,code_swe,django__django-11099,1,7,last_message_text,5262,1316,False,0.0
swebench_django__django-11099_step_1,swebench,code_swe,django__django-11099,1,7,full_context_text,5368,1342,False,0.0
swebench_django__django-11099_step_1,swebench,code_swe,django__django-11099,1,7,acu_head_tail_context,5368,1342,False,0.0
swebench_django__django-11099_step_2,swebench,code_swe,django__django-11099,2,7,last_message_text,481,121,False,0.0
swebench_django__django-11099_step_2,swebench,code_swe,django__django-11099,2,7,full_context_text,6169,1543,False,0.0
swebench_django__django-11099_step_2,swebench,code_swe,django__django-11099,2,7,acu_head_tail_context,6169,1543,False,0.0
swebench_django__django-11099_step_3,swebench,code_swe,django__django-11099,3,7,last_message_text,747,187,False,0.0
swebench_django__django-11099_step_3,swebench,code_swe,django__django-11099,3,7,full_context_text,7189,1798,False,0.0
swebench_django__django-11099_step_3,swebench,code_swe,django__django-11099,3,7,acu_head_tail_context,7189,1798,False,0.0
swebench_django__django-11099_step_4,swebench,code_swe,django__django-11099,4,7,last_message_text,2170,543,False,0.0
swebench_django__django-11099_step_4,swebench,code_swe,django__django-11099,4,7,full_context_text,10421,2606,False,0.0
swebench_django__django-11099_step_4,swebench,code_swe,django__django-11099,4,7,acu_head_tail_context,10421,2606,False,0.0
swebench_django__django-11099_step_5,swebench,code_swe,django__django-11099,5,7,last_message_text,848,212,False,0.0
swebench_django__django-11099_step_5,swebench,code_swe,django__django-11099,5,7,full_context_text,12295,3074,False,0.0
swebench_django__django-11099_step_5,swebench,code_swe,django__django-11099,5,7,acu_head_tail_context,12295,3074,False,0.0
swebench_django__django-11099_step_6,swebench,code_swe,django__django-11099,6,7,last_message_text,62,16,False,0.0
swebench_django__django-11099_step_6,swebench,code_swe,django__django-11099,6,7,full_context_text,12683,3171,False,0.0
swebench_django__django-11099_step_6,swebench,code_swe,django__django-11099,6,7,acu_head_tail_context,12683,3171,False,0.0
swebench_django__django-11099_step_7,swebench,code_swe,django__django-11099,7,7,last_message_text,963,241,False,0.0
swebench_django__django-11099_step_7,swebench,code_swe,django__django-11099,7,7,full_context_text,13862,3466,False,0.0
swebench_django__django-11099_step_7,swebench,code_swe,django__django-11099,7,7,acu_head_tail_context,13862,3466,False,0.0
swebench_django__django-11119_step_1,swebench,code_swe,django__django-11119,1,9,last_message_text,4867,1217,False,0.0
swebench_django__django-11119_step_1,swebench,code_swe,django__django-11119,1,9,full_context_text,4973,1244,False,0.0
swebench_django__django-11119_step_1,swebench,code_swe,django__django-11119,1,9,acu_head_tail_context,4973,1244,False,0.0
swebench_django__django-11119_step_2,swebench,code_swe,django__django-11119,2,9,last_message_text,1626,407,False,0.0
swebench_django__django-11119_step_2,swebench,code_swe,django__django-11119,2,9,full_context_text,6841,1711,False,0.0
swebench_django__django-11119_step_2,swebench,code_swe,django__django-11119,2,9,acu_head_tail_context,6841,1711,False,0.0
swebench_django__django-11119_step_3,swebench,code_swe,django__django-11119,3,9,last_message_text,252,63,False,0.0
swebench_django__django-11119_step_3,swebench,code_swe,django__django-11119,3,9,full_context_text,7196,1799,False,0.0
swebench_django__django-11119_step_3,swebench,code_swe,django__django-11119,3,9,acu_head_tail_context,7196,1799,False,0.0
swebench_django__django-11119_step_4,swebench,code_swe,django__django-11119,4,9,last_message_text,2259,565,False,0.0
swebench_django__django-11119_step_4,swebench,code_swe,django__django-11119,4,9,full_context_text,17012,4253,False,0.0
swebench_django__django-11119_step_4,swebench,code_swe,django__django-11119,4,9,acu_head_tail_context,17012,4253,False,0.0
swebench_django__django-11119_step_5,swebench,code_swe,django__django-11119,5,9,last_message_text,1946,487,False,0.0
swebench_django__django-11119_step_5,swebench,code_swe,django__django-11119,5,9,full_context_text,19446,4862,False,0.0
swebench_django__django-11119_step_5,swebench,code_swe,django__django-11119,5,9,acu_head_tail_context,19446,4862,False,0.0
swebench_django__django-11119_step_6,swebench,code_swe,django__django-11119,6,9,last_message_text,1948,487,False,0.0
swebench_django__django-11119_step_6,swebench,code_swe,django__django-11119,6,9,full_context_text,22453,5614,False,0.0
swebench_django__django-11119_step_6,swebench,code_swe,django__django-11119,6,9,acu_head_tail_context,22453,5614,False,0.0
swebench_django__django-11119_step_7,swebench,code_swe,django__django-11119,7,9,last_message_text,284,71,False,0.0
swebench_django__django-11119_step_7,swebench,code_swe,django__django-11119,7,9,full_context_text,22864,5716,False,0.0
swebench_django__django-11119_step_7,swebench,code_swe,django__django-11119,7,9,acu_head_tail_context,22864,5716,False,0.0
swebench_django__django-11119_step_8,swebench,code_swe,django__django-11119,8,9,last_message_text,141,36,False,0.0
swebench_django__django-11119_step_8,swebench,code_swe,django__django-11119,8,9,full_context_text,23952,5988,False,0.0
swebench_django__django-11119_step_8,swebench,code_swe,django__django-11119,8,9,acu_head_tail_context,23952,5988,False,0.0
swebench_django__django-11119_step_9,swebench,code_swe,django__django-11119,9,9,last_message_text,1054,264,False,0.0
swebench_django__django-11119_step_9,swebench,code_swe,django__django-11119,9,9,full_context_text,25438,6360,False,0.0
swebench_django__django-11119_step_9,swebench,code_swe,django__django-11119,9,9,acu_head_tail_context,25438,6360,False,0.0
swebench_django__django-12273_step_1,swebench,code_swe,django__django-12273,1,5,last_message_text,5424,1356,False,0.0
swebench_django__django-12273_step_1,swebench,code_swe,django__django-12273,1,5,full_context_text,5530,1383,False,0.0
swebench_django__django-12273_step_1,swebench,code_swe,django__django-12273,1,5,acu_head_tail_context,5530,1383,False,0.0
swebench_django__django-12273_step_2,swebench,code_swe,django__django-12273,2,5,last_message_text,424,106,False,0.0
swebench_django__django-12273_step_2,swebench,code_swe,django__django-12273,2,5,full_context_text,8256,2064,False,0.0
swebench_django__django-12273_step_2,swebench,code_swe,django__django-12273,2,5,acu_head_tail_context,8256,2064,False,0.0
swebench_django__django-12273_step_3,swebench,code_swe,django__django-12273,3,5,last_message_text,3702,926,False,0.0
swebench_django__django-12273_step_3,swebench,code_swe,django__django-12273,3,5,full_context_text,22962,5741,False,0.0
swebench_django__django-12273_step_3,swebench,code_swe,django__django-12273,3,5,acu_head_tail_context,22962,5741,False,0.0
swebench_django__django-12273_step_4,swebench,code_swe,django__django-12273,4,5,last_message_text,6669,1668,False,0.0
swebench_django__django-12273_step_4,swebench,code_swe,django__django-12273,4,5,full_context_text,29798,7450,False,0.0
swebench_django__django-12273_step_4,swebench,code_swe,django__django-12273,4,5,acu_head_tail_context,29798,7450,False,0.0
swebench_django__django-12273_step_5,swebench,code_swe,django__django-12273,5,5,last_message_text,1384,346,False,0.0
swebench_django__django-12273_step_5,swebench,code_swe,django__django-12273,5,5,full_context_text,33195,8299,False,0.0
swebench_django__django-12273_step_5,swebench,code_swe,django__django-12273,5,5,acu_head_tail_context,30932,7733,True,0.06817291760807354
swebench_django__django-12325_step_1,swebench,code_swe,django__django-12325,1,7,last_message_text,5398,1350,False,0.0
swebench_django__django-12325_step_1,swebench,code_swe,django__django-12325,1,7,full_context_text,5504,1376,False,0.0
swebench_django__django-12325_step_1,swebench,code_swe,django__django-12325,1,7,acu_head_tail_context,5504,1376,False,0.0
swebench_django__django-12325_step_2,swebench,code_swe,django__django-12325,2,7,last_message_text,1029,258,False,0.0
swebench_django__django-12325_step_2,swebench,code_swe,django__django-12325,2,7,full_context_text,6881,1721,False,0.0
swebench_django__django-12325_step_2,swebench,code_swe,django__django-12325,2,7,acu_head_tail_context,6881,1721,False,0.0
swebench_django__django-12325_step_3,swebench,code_swe,django__django-12325,3,7,last_message_text,3863,966,False,0.0
swebench_django__django-12325_step_3,swebench,code_swe,django__django-12325,3,7,full_context_text,11131,2783,False,0.0
swebench_django__django-12325_step_3,swebench,code_swe,django__django-12325,3,7,acu_head_tail_context,11131,2783,False,0.0
swebench_django__django-12325_step_4,swebench,code_swe,django__django-12325,4,7,last_message_text,1929,483,False,0.0
swebench_django__django-12325_step_4,swebench,code_swe,django__django-12325,4,7,full_context_text,18207,4552,False,0.0
swebench_django__django-12325_step_4,swebench,code_swe,django__django-12325,4,7,acu_head_tail_context,18207,4552,False,0.0
swebench_django__django-12325_step_5,swebench,code_swe,django__django-12325,5,7,last_message_text,466,117,False,0.0
swebench_django__django-12325_step_5,swebench,code_swe,django__django-12325,5,7,full_context_text,19841,4961,False,0.0
swebench_django__django-12325_step_5,swebench,code_swe,django__django-12325,5,7,acu_head_tail_context,19841,4961,False,0.0
swebench_django__django-12325_step_6,swebench,code_swe,django__django-12325,6,7,last_message_text,691,173,False,0.0
swebench_django__django-12325_step_6,swebench,code_swe,django__django-12325,6,7,full_context_text,21744,5436,False,0.0
swebench_django__django-12325_step_6,swebench,code_swe,django__django-12325,6,7,acu_head_tail_context,21744,5436,False,0.0
swebench_django__django-12325_step_7,swebench,code_swe,django__django-12325,7,7,last_message_text,705,177,False,0.0
swebench_django__django-12325_step_7,swebench,code_swe,django__django-12325,7,7,full_context_text,23245,5812,False,0.0
swebench_django__django-12325_step_7,swebench,code_swe,django__django-12325,7,7,acu_head_tail_context,23245,5812,False,0.0
swebench_django__django-12262_step_1,swebench,code_swe,django__django-12262,1,7,last_message_text,5528,1382,False,0.0
swebench_django__django-12262_step_1,swebench,code_swe,django__django-12262,1,7,full_context_text,5634,1409,False,0.0
swebench_django__django-12262_step_1,swebench,code_swe,django__django-12262,1,7,acu_head_tail_context,5634,1409,False,0.0
swebench_django__django-12262_step_2,swebench,code_swe,django__django-12262,2,7,last_message_text,803,201,False,0.0
swebench_django__django-12262_step_2,swebench,code_swe,django__django-12262,2,7,full_context_text,7836,1959,False,0.0
swebench_django__django-12262_step_2,swebench,code_swe,django__django-12262,2,7,acu_head_tail_context,7836,1959,False,0.0
swebench_django__django-12262_step_3,swebench,code_swe,django__django-12262,3,7,last_message_text,10629,2658,False,0.0
swebench_django__django-12262_step_3,swebench,code_swe,django__django-12262,3,7,full_context_text,18705,4677,False,0.0
swebench_django__django-12262_step_3,swebench,code_swe,django__django-12262,3,7,acu_head_tail_context,18705,4677,False,0.0
swebench_django__django-12262_step_4,swebench,code_swe,django__django-12262,4,7,last_message_text,8949,2238,False,0.0
swebench_django__django-12262_step_4,swebench,code_swe,django__django-12262,4,7,full_context_text,27943,6986,False,0.0
swebench_django__django-12262_step_4,swebench,code_swe,django__django-12262,4,7,acu_head_tail_context,27943,6986,False,0.0
swebench_django__django-12262_step_5,swebench,code_swe,django__django-12262,5,7,last_message_text,1598,400,False,0.0
swebench_django__django-12262_step_5,swebench,code_swe,django__django-12262,5,7,full_context_text,31165,7792,False,0.0
swebench_django__django-12262_step_5,swebench,code_swe,django__django-12262,5,7,acu_head_tail_context,31165,7792,False,0.0
swebench_django__django-12262_step_6,swebench,code_swe,django__django-12262,6,7,last_message_text,62,16,False,0.0
swebench_django__django-12262_step_6,swebench,code_swe,django__django-12262,6,7,full_context_text,31492,7873,False,0.0
swebench_django__django-12262_step_6,swebench,code_swe,django__django-12262,6,7,acu_head_tail_context,31492,7873,False,0.0
swebench_django__django-12262_step_7,swebench,code_swe,django__django-12262,7,7,last_message_text,1034,259,False,0.0
swebench_django__django-12262_step_7,swebench,code_swe,django__django-12262,7,7,full_context_text,32647,8162,False,0.0
swebench_django__django-12262_step_7,swebench,code_swe,django__django-12262,7,7,acu_head_tail_context,32647,8162,False,0.0
swebench_django__django-12276_step_1,swebench,code_swe,django__django-12276,1,9,last_message_text,5102,1276,False,0.0
swebench_django__django-12276_step_1,swebench,code_swe,django__django-12276,1,9,full_context_text,5208,1302,False,0.0
swebench_django__django-12276_step_1,swebench,code_swe,django__django-12276,1,9,acu_head_tail_context,5208,1302,False,0.0
swebench_django__django-12276_step_2,swebench,code_swe,django__django-12276,2,9,last_message_text,1083,271,False,0.0
swebench_django__django-12276_step_2,swebench,code_swe,django__django-12276,2,9,full_context_text,6598,1650,False,0.0
swebench_django__django-12276_step_2,swebench,code_swe,django__django-12276,2,9,acu_head_tail_context,6598,1650,False,0.0
swebench_django__django-12276_step_3,swebench,code_swe,django__django-12276,3,9,last_message_text,582,146,False,0.0
swebench_django__django-12276_step_3,swebench,code_swe,django__django-12276,3,9,full_context_text,7302,1826,False,0.0
swebench_django__django-12276_step_3,swebench,code_swe,django__django-12276,3,9,acu_head_tail_context,7302,1826,False,0.0
swebench_django__django-12276_step_4,swebench,code_swe,django__django-12276,4,9,last_message_text,7793,1949,False,0.0
swebench_django__django-12276_step_4,swebench,code_swe,django__django-12276,4,9,full_context_text,15367,3842,False,0.0
swebench_django__django-12276_step_4,swebench,code_swe,django__django-12276,4,9,acu_head_tail_context,15367,3842,False,0.0
swebench_django__django-12276_step_5,swebench,code_swe,django__django-12276,5,9,last_message_text,70,18,False,0.0
swebench_django__django-12276_step_5,swebench,code_swe,django__django-12276,5,9,full_context_text,18532,4633,False,0.0
swebench_django__django-12276_step_5,swebench,code_swe,django__django-12276,5,9,acu_head_tail_context,18532,4633,False,0.0
swebench_django__django-12276_step_6,swebench,code_swe,django__django-12276,6,9,last_message_text,637,160,False,0.0
swebench_django__django-12276_step_6,swebench,code_swe,django__django-12276,6,9,full_context_text,19720,4930,False,0.0
swebench_django__django-12276_step_6,swebench,code_swe,django__django-12276,6,9,acu_head_tail_context,19720,4930,False,0.0
swebench_django__django-12276_step_7,swebench,code_swe,django__django-12276,7,9,last_message_text,898,225,False,0.0
swebench_django__django-12276_step_7,swebench,code_swe,django__django-12276,7,9,full_context_text,20891,5223,False,0.0
swebench_django__django-12276_step_7,swebench,code_swe,django__django-12276,7,9,acu_head_tail_context,20891,5223,False,0.0
swebench_django__django-12276_step_8,swebench,code_swe,django__django-12276,8,9,last_message_text,62,16,False,0.0
swebench_django__django-12276_step_8,swebench,code_swe,django__django-12276,8,9,full_context_text,21252,5313,False,0.0
swebench_django__django-12276_step_8,swebench,code_swe,django__django-12276,8,9,acu_head_tail_context,21252,5313,False,0.0
swebench_django__django-12276_step_9,swebench,code_swe,django__django-12276,9,9,last_message_text,898,225,False,0.0
swebench_django__django-12276_step_9,swebench,code_swe,django__django-12276,9,9,full_context_text,22231,5558,False,0.0
swebench_django__django-12276_step_9,swebench,code_swe,django__django-12276,9,9,acu_head_tail_context,22231,5558,False,0.0
swebench_sympy__sympy-11618_step_1,swebench,code_swe,sympy__sympy-11618,1,11,last_message_text,4750,1188,False,0.0
swebench_sympy__sympy-11618_step_1,swebench,code_swe,sympy__sympy-11618,1,11,full_context_text,4856,1214,False,0.0
swebench_sympy__sympy-11618_step_1,swebench,code_swe,sympy__sympy-11618,1,11,acu_head_tail_context,4856,1214,False,0.0
swebench_sympy__sympy-11618_step_2,swebench,code_swe,sympy__sympy-11618,2,11,last_message_text,1285,322,False,0.0
swebench_sympy__sympy-11618_step_2,swebench,code_swe,sympy__sympy-11618,2,11,full_context_text,6353,1589,False,0.0
swebench_sympy__sympy-11618_step_2,swebench,code_swe,sympy__sympy-11618,2,11,acu_head_tail_context,6353,1589,False,0.0
swebench_sympy__sympy-11618_step_3,swebench,code_swe,sympy__sympy-11618,3,11,last_message_text,173,44,False,0.0
swebench_sympy__sympy-11618_step_3,swebench,code_swe,sympy__sympy-11618,3,11,full_context_text,6748,1687,False,0.0
swebench_sympy__sympy-11618_step_3,swebench,code_swe,sympy__sympy-11618,3,11,acu_head_tail_context,6748,1687,False,0.0
swebench_sympy__sympy-11618_step_4,swebench,code_swe,sympy__sympy-11618,4,11,last_message_text,5885,1472,False,0.0
swebench_sympy__sympy-11618_step_4,swebench,code_swe,sympy__sympy-11618,4,11,full_context_text,12804,3201,False,0.0
swebench_sympy__sympy-11618_step_4,swebench,code_swe,sympy__sympy-11618,4,11,acu_head_tail_context,12804,3201,False,0.0
swebench_sympy__sympy-11618_step_5,swebench,code_swe,sympy__sympy-11618,5,11,last_message_text,3346,837,False,0.0
swebench_sympy__sympy-11618_step_5,swebench,code_swe,sympy__sympy-11618,5,11,full_context_text,16343,4086,False,0.0
swebench_sympy__sympy-11618_step_5,swebench,code_swe,sympy__sympy-11618,5,11,acu_head_tail_context,16343,4086,False,0.0
swebench_sympy__sympy-11618_step_6,swebench,code_swe,sympy__sympy-11618,6,11,last_message_text,5101,1276,False,0.0
swebench_sympy__sympy-11618_step_6,swebench,code_swe,sympy__sympy-11618,6,11,full_context_text,21809,5453,False,0.0
swebench_sympy__sympy-11618_step_6,swebench,code_swe,sympy__sympy-11618,6,11,acu_head_tail_context,21809,5453,False,0.0
swebench_sympy__sympy-11618_step_7,swebench,code_swe,sympy__sympy-11618,7,11,last_message_text,638,160,False,0.0
swebench_sympy__sympy-11618_step_7,swebench,code_swe,sympy__sympy-11618,7,11,full_context_text,22966,5742,False,0.0
swebench_sympy__sympy-11618_step_7,swebench,code_swe,sympy__sympy-11618,7,11,acu_head_tail_context,22966,5742,False,0.0
swebench_sympy__sympy-11618_step_8,swebench,code_swe,sympy__sympy-11618,8,11,last_message_text,769,193,False,0.0
swebench_sympy__sympy-11618_step_8,swebench,code_swe,sympy__sympy-11618,8,11,full_context_text,24197,6050,False,0.0
swebench_sympy__sympy-11618_step_8,swebench,code_swe,sympy__sympy-11618,8,11,acu_head_tail_context,24197,6050,False,0.0
swebench_sympy__sympy-11618_step_9,swebench,code_swe,sympy__sympy-11618,9,11,last_message_text,726,182,False,0.0
swebench_sympy__sympy-11618_step_9,swebench,code_swe,sympy__sympy-11618,9,11,full_context_text,25945,6487,False,0.0
swebench_sympy__sympy-11618_step_9,swebench,code_swe,sympy__sympy-11618,9,11,acu_head_tail_context,25945,6487,False,0.0
swebench_sympy__sympy-11618_step_10,swebench,code_swe,sympy__sympy-11618,10,11,last_message_text,62,16,False,0.0
swebench_sympy__sympy-11618_step_10,swebench,code_swe,sympy__sympy-11618,10,11,full_context_text,26327,6582,False,0.0
swebench_sympy__sympy-11618_step_10,swebench,code_swe,sympy__sympy-11618,10,11,acu_head_tail_context,26327,6582,False,0.0
swebench_sympy__sympy-11618_step_11,swebench,code_swe,sympy__sympy-11618,11,11,last_message_text,726,182,False,0.0
swebench_sympy__sympy-11618_step_11,swebench,code_swe,sympy__sympy-11618,11,11,full_context_text,27268,6817,False,0.0
swebench_sympy__sympy-11618_step_11,swebench,code_swe,sympy__sympy-11618,11,11,acu_head_tail_context,27268,6817,False,0.0
swebench_sphinx-doc__sphinx-10323_step_1,swebench,code_swe,sphinx-doc__sphinx-10323,1,10,last_message_text,7600,1900,False,0.0
swebench_sphinx-doc__sphinx-10323_step_1,swebench,code_swe,sphinx-doc__sphinx-10323,1,10,full_context_text,7706,1927,False,0.0
swebench_sphinx-doc__sphinx-10323_step_1,swebench,code_swe,sphinx-doc__sphinx-10323,1,10,acu_head_tail_context,7706,1927,False,0.0
swebench_sphinx-doc__sphinx-10323_step_2,swebench,code_swe,sphinx-doc__sphinx-10323,2,10,last_message_text,135,34,False,0.0
swebench_sphinx-doc__sphinx-10323_step_2,swebench,code_swe,sphinx-doc__sphinx-10323,2,10,full_context_text,8168,2042,False,0.0
swebench_sphinx-doc__sphinx-10323_step_2,swebench,code_swe,sphinx-doc__sphinx-10323,2,10,acu_head_tail_context,8168,2042,False,0.0
swebench_sphinx-doc__sphinx-10323_step_3,swebench,code_swe,sphinx-doc__sphinx-10323,3,10,last_message_text,10629,2658,False,0.0
swebench_sphinx-doc__sphinx-10323_step_3,swebench,code_swe,sphinx-doc__sphinx-10323,3,10,full_context_text,19080,4770,False,0.0
swebench_sphinx-doc__sphinx-10323_step_3,swebench,code_swe,sphinx-doc__sphinx-10323,3,10,acu_head_tail_context,19080,4770,False,0.0
swebench_sphinx-doc__sphinx-10323_step_4,swebench,code_swe,sphinx-doc__sphinx-10323,4,10,last_message_text,6647,1662,False,0.0
swebench_sphinx-doc__sphinx-10323_step_4,swebench,code_swe,sphinx-doc__sphinx-10323,4,10,full_context_text,26000,6500,False,0.0
swebench_sphinx-doc__sphinx-10323_step_4,swebench,code_swe,sphinx-doc__sphinx-10323,4,10,acu_head_tail_context,26000,6500,False,0.0
swebench_sphinx-doc__sphinx-10323_step_5,swebench,code_swe,sphinx-doc__sphinx-10323,5,10,last_message_text,283,71,False,0.0
swebench_sphinx-doc__sphinx-10323_step_5,swebench,code_swe,sphinx-doc__sphinx-10323,5,10,full_context_text,27716,6929,False,0.0
swebench_sphinx-doc__sphinx-10323_step_5,swebench,code_swe,sphinx-doc__sphinx-10323,5,10,acu_head_tail_context,27716,6929,False,0.0
swebench_sphinx-doc__sphinx-10323_step_6,swebench,code_swe,sphinx-doc__sphinx-10323,6,10,last_message_text,783,196,False,0.0
swebench_sphinx-doc__sphinx-10323_step_6,swebench,code_swe,sphinx-doc__sphinx-10323,6,10,full_context_text,29795,7449,False,0.0
swebench_sphinx-doc__sphinx-10323_step_6,swebench,code_swe,sphinx-doc__sphinx-10323,6,10,acu_head_tail_context,29795,7449,False,0.0
swebench_sphinx-doc__sphinx-10323_step_7,swebench,code_swe,sphinx-doc__sphinx-10323,7,10,last_message_text,108,27,False,0.0
swebench_sphinx-doc__sphinx-10323_step_7,swebench,code_swe,sphinx-doc__sphinx-10323,7,10,full_context_text,30437,7610,False,0.0
swebench_sphinx-doc__sphinx-10323_step_7,swebench,code_swe,sphinx-doc__sphinx-10323,7,10,acu_head_tail_context,30437,7610,False,0.0
swebench_sphinx-doc__sphinx-10323_step_8,swebench,code_swe,sphinx-doc__sphinx-10323,8,10,last_message_text,751,188,False,0.0
swebench_sphinx-doc__sphinx-10323_step_8,swebench,code_swe,sphinx-doc__sphinx-10323,8,10,full_context_text,31560,7890,False,0.0
swebench_sphinx-doc__sphinx-10323_step_8,swebench,code_swe,sphinx-doc__sphinx-10323,8,10,acu_head_tail_context,31560,7890,False,0.0
swebench_sphinx-doc__sphinx-10323_step_9,swebench,code_swe,sphinx-doc__sphinx-10323,9,10,last_message_text,62,16,False,0.0
swebench_sphinx-doc__sphinx-10323_step_9,swebench,code_swe,sphinx-doc__sphinx-10323,9,10,full_context_text,32131,8033,False,0.0
swebench_sphinx-doc__sphinx-10323_step_9,swebench,code_swe,sphinx-doc__sphinx-10323,9,10,acu_head_tail_context,32131,8033,False,0.0
swebench_sphinx-doc__sphinx-10323_step_10,swebench,code_swe,sphinx-doc__sphinx-10323,10,10,last_message_text,783,196,False,0.0
swebench_sphinx-doc__sphinx-10323_step_10,swebench,code_swe,sphinx-doc__sphinx-10323,10,10,full_context_text,33072,8268,False,0.0
swebench_sphinx-doc__sphinx-10323_step_10,swebench,code_swe,sphinx-doc__sphinx-10323,10,10,acu_head_tail_context,31509,7878,True,0.04726052249637158
swebench_matplotlib__matplotlib-13989_step_1,swebench,code_swe,matplotlib__matplotlib-13989,1,9,last_message_text,6212,1553,False,0.0
swebench_matplotlib__matplotlib-13989_step_1,swebench,code_swe,matplotlib__matplotlib-13989,1,9,full_context_text,6318,1580,False,0.0
swebench_matplotlib__matplotlib-13989_step_1,swebench,code_swe,matplotlib__matplotlib-13989,1,9,acu_head_tail_context,6318,1580,False,0.0
swebench_matplotlib__matplotlib-13989_step_2,swebench,code_swe,matplotlib__matplotlib-13989,2,9,last_message_text,1427,357,False,0.0
swebench_matplotlib__matplotlib-13989_step_2,swebench,code_swe,matplotlib__matplotlib-13989,2,9,full_context_text,8021,2006,False,0.0
swebench_matplotlib__matplotlib-13989_step_2,swebench,code_swe,matplotlib__matplotlib-13989,2,9,acu_head_tail_context,8021,2006,False,0.0
swebench_matplotlib__matplotlib-13989_step_3,swebench,code_swe,matplotlib__matplotlib-13989,3,9,last_message_text,3906,977,False,0.0
swebench_matplotlib__matplotlib-13989_step_3,swebench,code_swe,matplotlib__matplotlib-13989,3,9,full_context_text,12770,3193,False,0.0
swebench_matplotlib__matplotlib-13989_step_3,swebench,code_swe,matplotlib__matplotlib-13989,3,9,acu_head_tail_context,12770,3193,False,0.0
swebench_matplotlib__matplotlib-13989_step_4,swebench,code_swe,matplotlib__matplotlib-13989,4,9,last_message_text,2978,745,False,0.0
swebench_matplotlib__matplotlib-13989_step_4,swebench,code_swe,matplotlib__matplotlib-13989,4,9,full_context_text,15961,3991,False,0.0
swebench_matplotlib__matplotlib-13989_step_4,swebench,code_swe,matplotlib__matplotlib-13989,4,9,acu_head_tail_context,15961,3991,False,0.0
swebench_matplotlib__matplotlib-13989_step_5,swebench,code_swe,matplotlib__matplotlib-13989,5,9,last_message_text,406,102,False,0.0
swebench_matplotlib__matplotlib-13989_step_5,swebench,code_swe,matplotlib__matplotlib-13989,5,9,full_context_text,16715,4179,False,0.0
swebench_matplotlib__matplotlib-13989_step_5,swebench,code_swe,matplotlib__matplotlib-13989,5,9,acu_head_tail_context,16715,4179,False,0.0
swebench_matplotlib__matplotlib-13989_step_6,swebench,code_swe,matplotlib__matplotlib-13989,6,9,last_message_text,521,131,False,0.0
swebench_matplotlib__matplotlib-13989_step_6,swebench,code_swe,matplotlib__matplotlib-13989,6,9,full_context_text,18311,4578,False,0.0
swebench_matplotlib__matplotlib-13989_step_6,swebench,code_swe,matplotlib__matplotlib-13989,6,9,acu_head_tail_context,18311,4578,False,0.0
swebench_matplotlib__matplotlib-13989_step_7,swebench,code_swe,matplotlib__matplotlib-13989,7,9,last_message_text,112,28,False,0.0
swebench_matplotlib__matplotlib-13989_step_7,swebench,code_swe,matplotlib__matplotlib-13989,7,9,full_context_text,19446,4862,False,0.0
swebench_matplotlib__matplotlib-13989_step_7,swebench,code_swe,matplotlib__matplotlib-13989,7,9,acu_head_tail_context,19446,4862,False,0.0
swebench_matplotlib__matplotlib-13989_step_8,swebench,code_swe,matplotlib__matplotlib-13989,8,9,last_message_text,62,16,False,0.0
swebench_matplotlib__matplotlib-13989_step_8,swebench,code_swe,matplotlib__matplotlib-13989,8,9,full_context_text,19861,4966,False,0.0
swebench_matplotlib__matplotlib-13989_step_8,swebench,code_swe,matplotlib__matplotlib-13989,8,9,acu_head_tail_context,19861,4966,False,0.0
swebench_matplotlib__matplotlib-13989_step_9,swebench,code_swe,matplotlib__matplotlib-13989,9,9,last_message_text,542,136,False,0.0
swebench_matplotlib__matplotlib-13989_step_9,swebench,code_swe,matplotlib__matplotlib-13989,9,9,full_context_text,20603,5151,False,0.0
swebench_matplotlib__matplotlib-13989_step_9,swebench,code_swe,matplotlib__matplotlib-13989,9,9,acu_head_tail_context,20603,5151,False,0.0
swebench_pydata__xarray-2905_step_1,swebench,code_swe,pydata__xarray-2905,1,8,last_message_text,6633,1659,False,0.0
swebench_pydata__xarray-2905_step_1,swebench,code_swe,pydata__xarray-2905,1,8,full_context_text,6739,1685,False,0.0
swebench_pydata__xarray-2905_step_1,swebench,code_swe,pydata__xarray-2905,1,8,acu_head_tail_context,6739,1685,False,0.0
swebench_pydata__xarray-2905_step_2,swebench,code_swe,pydata__xarray-2905,2,8,last_message_text,406,102,False,0.0
swebench_pydata__xarray-2905_step_2,swebench,code_swe,pydata__xarray-2905,2,8,full_context_text,8068,2017,False,0.0
swebench_pydata__xarray-2905_step_2,swebench,code_swe,pydata__xarray-2905,2,8,acu_head_tail_context,8068,2017,False,0.0
swebench_pydata__xarray-2905_step_3,swebench,code_swe,pydata__xarray-2905,3,8,last_message_text,3992,998,False,0.0
swebench_pydata__xarray-2905_step_3,swebench,code_swe,pydata__xarray-2905,3,8,full_context_text,18705,4677,False,0.0
swebench_pydata__xarray-2905_step_3,swebench,code_swe,pydata__xarray-2905,3,8,acu_head_tail_context,18705,4677,False,0.0
swebench_pydata__xarray-2905_step_4,swebench,code_swe,pydata__xarray-2905,4,8,last_message_text,1156,289,False,0.0
swebench_pydata__xarray-2905_step_4,swebench,code_swe,pydata__xarray-2905,4,8,full_context_text,25300,6325,False,0.0
swebench_pydata__xarray-2905_step_4,swebench,code_swe,pydata__xarray-2905,4,8,acu_head_tail_context,25300,6325,False,0.0
swebench_pydata__xarray-2905_step_5,swebench,code_swe,pydata__xarray-2905,5,8,last_message_text,1019,255,False,0.0
swebench_pydata__xarray-2905_step_5,swebench,code_swe,pydata__xarray-2905,5,8,full_context_text,27940,6985,False,0.0
swebench_pydata__xarray-2905_step_5,swebench,code_swe,pydata__xarray-2905,5,8,acu_head_tail_context,27940,6985,False,0.0
swebench_pydata__xarray-2905_step_6,swebench,code_swe,pydata__xarray-2905,6,8,last_message_text,362,91,False,0.0
swebench_pydata__xarray-2905_step_6,swebench,code_swe,pydata__xarray-2905,6,8,full_context_text,29181,7296,False,0.0
swebench_pydata__xarray-2905_step_6,swebench,code_swe,pydata__xarray-2905,6,8,acu_head_tail_context,29181,7296,False,0.0
swebench_pydata__xarray-2905_step_7,swebench,code_swe,pydata__xarray-2905,7,8,last_message_text,62,16,False,0.0
swebench_pydata__xarray-2905_step_7,swebench,code_swe,pydata__xarray-2905,7,8,full_context_text,30052,7513,False,0.0
swebench_pydata__xarray-2905_step_7,swebench,code_swe,pydata__xarray-2905,7,8,acu_head_tail_context,30052,7513,False,0.0
swebench_pydata__xarray-2905_step_8,swebench,code_swe,pydata__xarray-2905,8,8,last_message_text,734,184,False,0.0
swebench_pydata__xarray-2905_step_8,swebench,code_swe,pydata__xarray-2905,8,8,full_context_text,30866,7717,False,0.0
swebench_pydata__xarray-2905_step_8,swebench,code_swe,pydata__xarray-2905,8,8,acu_head_tail_context,30866,7717,False,0.0
swebench_astropy__astropy-12907_step_1,swebench,code_swe,astropy__astropy-12907,1,7,last_message_text,5744,1436,False,0.0
swebench_astropy__astropy-12907_step_1,swebench,code_swe,astropy__astropy-12907,1,7,full_context_text,5850,1463,False,0.0
swebench_astropy__astropy-12907_step_1,swebench,code_swe,astropy__astropy-12907,1,7,acu_head_tail_context,5850,1463,False,0.0
swebench_astropy__astropy-12907_step_2,swebench,code_swe,astropy__astropy-12907,2,7,last_message_text,906,227,False,0.0
swebench_astropy__astropy-12907_step_2,swebench,code_swe,astropy__astropy-12907,2,7,full_context_text,7024,1756,False,0.0
swebench_astropy__astropy-12907_step_2,swebench,code_swe,astropy__astropy-12907,2,7,acu_head_tail_context,7024,1756,False,0.0
swebench_astropy__astropy-12907_step_3,swebench,code_swe,astropy__astropy-12907,3,7,last_message_text,1248,312,False,0.0
swebench_astropy__astropy-12907_step_3,swebench,code_swe,astropy__astropy-12907,3,7,full_context_text,16994,4249,False,0.0
swebench_astropy__astropy-12907_step_3,swebench,code_swe,astropy__astropy-12907,3,7,acu_head_tail_context,16994,4249,False,0.0
swebench_astropy__astropy-12907_step_4,swebench,code_swe,astropy__astropy-12907,4,7,last_message_text,1975,494,False,0.0
swebench_astropy__astropy-12907_step_4,swebench,code_swe,astropy__astropy-12907,4,7,full_context_text,19258,4815,False,0.0
swebench_astropy__astropy-12907_step_4,swebench,code_swe,astropy__astropy-12907,4,7,acu_head_tail_context,19258,4815,False,0.0
swebench_astropy__astropy-12907_step_5,swebench,code_swe,astropy__astropy-12907,5,7,last_message_text,2092,523,False,0.0
swebench_astropy__astropy-12907_step_5,swebench,code_swe,astropy__astropy-12907,5,7,full_context_text,21741,5436,False,0.0
swebench_astropy__astropy-12907_step_5,swebench,code_swe,astropy__astropy-12907,5,7,acu_head_tail_context,21741,5436,False,0.0
swebench_astropy__astropy-12907_step_6,swebench,code_swe,astropy__astropy-12907,6,7,last_message_text,566,142,False,0.0
swebench_astropy__astropy-12907_step_6,swebench,code_swe,astropy__astropy-12907,6,7,full_context_text,23384,5846,False,0.0
swebench_astropy__astropy-12907_step_6,swebench,code_swe,astropy__astropy-12907,6,7,acu_head_tail_context,23384,5846,False,0.0
swebench_astropy__astropy-12907_step_7,swebench,code_swe,astropy__astropy-12907,7,7,last_message_text,566,142,False,0.0
swebench_astropy__astropy-12907_step_7,swebench,code_swe,astropy__astropy-12907,7,7,full_context_text,24357,6090,False,0.0
swebench_astropy__astropy-12907_step_7,swebench,code_swe,astropy__astropy-12907,7,7,acu_head_tail_context,24357,6090,False,0.0
swebench_scikit-learn__scikit-learn-10297_step_1,swebench,code_swe,scikit-learn__scikit-learn-10297,1,10,last_message_text,6017,1505,False,0.0
swebench_scikit-learn__scikit-learn-10297_step_1,swebench,code_swe,scikit-learn__scikit-learn-10297,1,10,full_context_text,6123,1531,False,0.0
swebench_scikit-learn__scikit-learn-10297_step_1,swebench,code_swe,scikit-learn__scikit-learn-10297,1,10,acu_head_tail_context,6123,1531,False,0.0
swebench_scikit-learn__scikit-learn-10297_step_2,swebench,code_swe,scikit-learn__scikit-learn-10297,2,10,last_message_text,223,56,False,0.0
swebench_scikit-learn__scikit-learn-10297_step_2,swebench,code_swe,scikit-learn__scikit-learn-10297,2,10,full_context_text,7177,1795,False,0.0
swebench_scikit-learn__scikit-learn-10297_step_2,swebench,code_swe,scikit-learn__scikit-learn-10297,2,10,acu_head_tail_context,7177,1795,False,0.0
swebench_scikit-learn__scikit-learn-10297_step_3,swebench,code_swe,scikit-learn__scikit-learn-10297,3,10,last_message_text,284,71,False,0.0
swebench_scikit-learn__scikit-learn-10297_step_3,swebench,code_swe,scikit-learn__scikit-learn-10297,3,10,full_context_text,7615,1904,False,0.0
swebench_scikit-learn__scikit-learn-10297_step_3,swebench,code_swe,scikit-learn__scikit-learn-10297,3,10,acu_head_tail_context,7615,1904,False,0.0
swebench_scikit-learn__scikit-learn-10297_step_4,swebench,code_swe,scikit-learn__scikit-learn-10297,4,10,last_message_text,2399,600,False,0.0
swebench_scikit-learn__scikit-learn-10297_step_4,swebench,code_swe,scikit-learn__scikit-learn-10297,4,10,full_context_text,11989,2998,False,0.0
swebench_scikit-learn__scikit-learn-10297_step_4,swebench,code_swe,scikit-learn__scikit-learn-10297,4,10,acu_head_tail_context,11989,2998,False,0.0
swebench_scikit-learn__scikit-learn-10297_step_5,swebench,code_swe,scikit-learn__scikit-learn-10297,5,10,last_message_text,10628,2657,False,0.0
swebench_scikit-learn__scikit-learn-10297_step_5,swebench,code_swe,scikit-learn__scikit-learn-10297,5,10,full_context_text,23022,5756,False,0.0
swebench_scikit-learn__scikit-learn-10297_step_5,swebench,code_swe,scikit-learn__scikit-learn-10297,5,10,acu_head_tail_context,23022,5756,False,0.0
swebench_scikit-learn__scikit-learn-10297_step_6,swebench,code_swe,scikit-learn__scikit-learn-10297,6,10,last_message_text,1807,452,False,0.0
swebench_scikit-learn__scikit-learn-10297_step_6,swebench,code_swe,scikit-learn__scikit-learn-10297,6,10,full_context_text,24948,6237,False,0.0
swebench_scikit-learn__scikit-learn-10297_step_6,swebench,code_swe,scikit-learn__scikit-learn-10297,6,10,acu_head_tail_context,24948,6237,False,0.0
swebench_scikit-learn__scikit-learn-10297_step_7,swebench,code_swe,scikit-learn__scikit-learn-10297,7,10,last_message_text,338,85,False,0.0
swebench_scikit-learn__scikit-learn-10297_step_7,swebench,code_swe,scikit-learn__scikit-learn-10297,7,10,full_context_text,26785,6697,False,0.0
swebench_scikit-learn__scikit-learn-10297_step_7,swebench,code_swe,scikit-learn__scikit-learn-10297,7,10,acu_head_tail_context,26785,6697,False,0.0
swebench_scikit-learn__scikit-learn-10297_step_8,swebench,code_swe,scikit-learn__scikit-learn-10297,8,10,last_message_text,1550,388,False,0.0
swebench_scikit-learn__scikit-learn-10297_step_8,swebench,code_swe,scikit-learn__scikit-learn-10297,8,10,full_context_text,29732,7433,False,0.0
swebench_scikit-learn__scikit-learn-10297_step_8,swebench,code_swe,scikit-learn__scikit-learn-10297,8,10,acu_head_tail_context,29732,7433,False,0.0
swebench_scikit-learn__scikit-learn-10297_step_9,swebench,code_swe,scikit-learn__scikit-learn-10297,9,10,last_message_text,62,16,False,0.0
swebench_scikit-learn__scikit-learn-10297_step_9,swebench,code_swe,scikit-learn__scikit-learn-10297,9,10,full_context_text,30221,7556,False,0.0
swebench_scikit-learn__scikit-learn-10297_step_9,swebench,code_swe,scikit-learn__scikit-learn-10297,9,10,acu_head_tail_context,30221,7556,False,0.0
swebench_scikit-learn__scikit-learn-10297_step_10,swebench,code_swe,scikit-learn__scikit-learn-10297,10,10,last_message_text,992,248,False,0.0
swebench_scikit-learn__scikit-learn-10297_step_10,swebench,code_swe,scikit-learn__scikit-learn-10297,10,10,full_context_text,31293,7824,False,0.0
swebench_scikit-learn__scikit-learn-10297_step_10,swebench,code_swe,scikit-learn__scikit-learn-10297,10,10,acu_head_tail_context,31293,7824,False,0.0
swebench_psf__requests-1142_step_1,swebench,code_swe,psf__requests-1142,1,9,last_message_text,4879,1220,False,0.0
swebench_psf__requests-1142_step_1,swebench,code_swe,psf__requests-1142,1,9,full_context_text,4985,1247,False,0.0
swebench_psf__requests-1142_step_1,swebench,code_swe,psf__requests-1142,1,9,acu_head_tail_context,4985,1247,False,0.0
swebench_psf__requests-1142_step_2,swebench,code_swe,psf__requests-1142,2,9,last_message_text,1101,276,False,0.0
swebench_psf__requests-1142_step_2,swebench,code_swe,psf__requests-1142,2,9,full_context_text,6322,1581,False,0.0
swebench_psf__requests-1142_step_2,swebench,code_swe,psf__requests-1142,2,9,acu_head_tail_context,6322,1581,False,0.0
swebench_psf__requests-1142_step_3,swebench,code_swe,psf__requests-1142,3,9,last_message_text,1006,252,False,0.0
swebench_psf__requests-1142_step_3,swebench,code_swe,psf__requests-1142,3,9,full_context_text,8404,2101,False,0.0
swebench_psf__requests-1142_step_3,swebench,code_swe,psf__requests-1142,3,9,acu_head_tail_context,8404,2101,False,0.0
swebench_psf__requests-1142_step_4,swebench,code_swe,psf__requests-1142,4,9,last_message_text,1068,267,False,0.0
swebench_psf__requests-1142_step_4,swebench,code_swe,psf__requests-1142,4,9,full_context_text,13545,3387,False,0.0
swebench_psf__requests-1142_step_4,swebench,code_swe,psf__requests-1142,4,9,acu_head_tail_context,13545,3387,False,0.0
swebench_psf__requests-1142_step_5,swebench,code_swe,psf__requests-1142,5,9,last_message_text,103,26,False,0.0
swebench_psf__requests-1142_step_5,swebench,code_swe,psf__requests-1142,5,9,full_context_text,14033,3509,False,0.0
swebench_psf__requests-1142_step_5,swebench,code_swe,psf__requests-1142,5,9,acu_head_tail_context,14033,3509,False,0.0
swebench_psf__requests-1142_step_6,swebench,code_swe,psf__requests-1142,6,9,last_message_text,2914,729,False,0.0
swebench_psf__requests-1142_step_6,swebench,code_swe,psf__requests-1142,6,9,full_context_text,17774,4444,False,0.0
swebench_psf__requests-1142_step_6,swebench,code_swe,psf__requests-1142,6,9,acu_head_tail_context,17774,4444,False,0.0
swebench_psf__requests-1142_step_7,swebench,code_swe,psf__requests-1142,7,9,last_message_text,829,208,False,0.0
swebench_psf__requests-1142_step_7,swebench,code_swe,psf__requests-1142,7,9,full_context_text,19974,4994,False,0.0
swebench_psf__requests-1142_step_7,swebench,code_swe,psf__requests-1142,7,9,acu_head_tail_context,19974,4994,False,0.0
swebench_psf__requests-1142_step_8,swebench,code_swe,psf__requests-1142,8,9,last_message_text,62,16,False,0.0
swebench_psf__requests-1142_step_8,swebench,code_swe,psf__requests-1142,8,9,full_context_text,20374,5094,False,0.0
swebench_psf__requests-1142_step_8,swebench,code_swe,psf__requests-1142,8,9,acu_head_tail_context,20374,5094,False,0.0
swebench_psf__requests-1142_step_9,swebench,code_swe,psf__requests-1142,9,9,last_message_text,829,208,False,0.0
swebench_psf__requests-1142_step_9,swebench,code_swe,psf__requests-1142,9,9,full_context_text,21397,5350,False,0.0
swebench_psf__requests-1142_step_9,swebench,code_swe,psf__requests-1142,9,9,acu_head_tail_context,21397,5350,False,0.0
swebench_pytest-dev__pytest-10051_step_1,swebench,code_swe,pytest-dev__pytest-10051,1,4,last_message_text,5869,1468,False,0.0
swebench_pytest-dev__pytest-10051_step_1,swebench,code_swe,pytest-dev__pytest-10051,1,4,full_context_text,5975,1494,False,0.0
swebench_pytest-dev__pytest-10051_step_1,swebench,code_swe,pytest-dev__pytest-10051,1,4,acu_head_tail_context,5975,1494,False,0.0
swebench_pytest-dev__pytest-10051_step_2,swebench,code_swe,pytest-dev__pytest-10051,2,4,last_message_text,219,55,False,0.0
swebench_pytest-dev__pytest-10051_step_2,swebench,code_swe,pytest-dev__pytest-10051,2,4,full_context_text,6943,1736,False,0.0
swebench_pytest-dev__pytest-10051_step_2,swebench,code_swe,pytest-dev__pytest-10051,2,4,acu_head_tail_context,6943,1736,False,0.0
swebench_pytest-dev__pytest-10051_step_3,swebench,code_swe,pytest-dev__pytest-10051,3,4,last_message_text,371,93,False,0.0
swebench_pytest-dev__pytest-10051_step_3,swebench,code_swe,pytest-dev__pytest-10051,3,4,full_context_text,13645,3412,False,0.0
swebench_pytest-dev__pytest-10051_step_3,swebench,code_swe,pytest-dev__pytest-10051,3,4,acu_head_tail_context,13645,3412,False,0.0
swebench_pytest-dev__pytest-10051_step_4,swebench,code_swe,pytest-dev__pytest-10051,4,4,last_message_text,501,126,False,0.0
swebench_pytest-dev__pytest-10051_step_4,swebench,code_swe,pytest-dev__pytest-10051,4,4,full_context_text,19110,4778,False,0.0
swebench_pytest-dev__pytest-10051_step_4,swebench,code_swe,pytest-dev__pytest-10051,4,4,acu_head_tail_context,19110,4778,False,0.0
swebench_pylint-dev__pylint-4551_step_1,swebench,code_swe,pylint-dev__pylint-4551,1,10,last_message_text,5275,1319,False,0.0
swebench_pylint-dev__pylint-4551_step_1,swebench,code_swe,pylint-dev__pylint-4551,1,10,full_context_text,5381,1346,False,0.0
swebench_pylint-dev__pylint-4551_step_1,swebench,code_swe,pylint-dev__pylint-4551,1,10,acu_head_tail_context,5381,1346,False,0.0
swebench_pylint-dev__pylint-4551_step_2,swebench,code_swe,pylint-dev__pylint-4551,2,10,last_message_text,1864,466,False,0.0
swebench_pylint-dev__pylint-4551_step_2,swebench,code_swe,pylint-dev__pylint-4551,2,10,full_context_text,7487,1872,False,0.0
swebench_pylint-dev__pylint-4551_step_2,swebench,code_swe,pylint-dev__pylint-4551,2,10,acu_head_tail_context,7487,1872,False,0.0
swebench_pylint-dev__pylint-4551_step_3,swebench,code_swe,pylint-dev__pylint-4551,3,10,last_message_text,10629,2658,False,0.0
swebench_pylint-dev__pylint-4551_step_3,swebench,code_swe,pylint-dev__pylint-4551,3,10,full_context_text,18749,4688,False,0.0
swebench_pylint-dev__pylint-4551_step_3,swebench,code_swe,pylint-dev__pylint-4551,3,10,acu_head_tail_context,18749,4688,False,0.0
swebench_pylint-dev__pylint-4551_step_4,swebench,code_swe,pylint-dev__pylint-4551,4,10,last_message_text,3582,896,False,0.0
swebench_pylint-dev__pylint-4551_step_4,swebench,code_swe,pylint-dev__pylint-4551,4,10,full_context_text,39191,9798,False,0.0
swebench_pylint-dev__pylint-4551_step_4,swebench,code_swe,pylint-dev__pylint-4551,4,10,acu_head_tail_context,28597,7150,True,0.27031716465515043
swebench_pylint-dev__pylint-4551_step_5,swebench,code_swe,pylint-dev__pylint-4551,5,10,last_message_text,221,56,False,0.0
swebench_pylint-dev__pylint-4551_step_5,swebench,code_swe,pylint-dev__pylint-4551,5,10,full_context_text,40186,10047,False,0.0
swebench_pylint-dev__pylint-4551_step_5,swebench,code_swe,pylint-dev__pylint-4551,5,10,acu_head_tail_context,29592,7398,True,0.2636241477131339
swebench_pylint-dev__pylint-4551_step_6,swebench,code_swe,pylint-dev__pylint-4551,6,10,last_message_text,112,28,False,0.0
swebench_pylint-dev__pylint-4551_step_6,swebench,code_swe,pylint-dev__pylint-4551,6,10,full_context_text,45538,11385,False,0.0
swebench_pylint-dev__pylint-4551_step_6,swebench,code_swe,pylint-dev__pylint-4551,6,10,acu_head_tail_context,32737,8185,True,0.2811058895867188
swebench_pylint-dev__pylint-4551_step_7,swebench,code_swe,pylint-dev__pylint-4551,7,10,last_message_text,5098,1275,False,0.0
swebench_pylint-dev__pylint-4551_step_7,swebench,code_swe,pylint-dev__pylint-4551,7,10,full_context_text,51159,12790,False,0.0
swebench_pylint-dev__pylint-4551_step_7,swebench,code_swe,pylint-dev__pylint-4551,7,10,acu_head_tail_context,31781,7946,True,0.37877988232764515
swebench_pylint-dev__pylint-4551_step_8,swebench,code_swe,pylint-dev__pylint-4551,8,10,last_message_text,2796,699,False,0.0
swebench_pylint-dev__pylint-4551_step_8,swebench,code_swe,pylint-dev__pylint-4551,8,10,full_context_text,57888,14472,False,0.0
swebench_pylint-dev__pylint-4551_step_8,swebench,code_swe,pylint-dev__pylint-4551,8,10,acu_head_tail_context,30824,7706,True,0.4675234936428966
swebench_pylint-dev__pylint-4551_step_9,swebench,code_swe,pylint-dev__pylint-4551,9,10,last_message_text,62,16,False,0.0
swebench_pylint-dev__pylint-4551_step_9,swebench,code_swe,pylint-dev__pylint-4551,9,10,full_context_text,58265,14567,False,0.0
swebench_pylint-dev__pylint-4551_step_9,swebench,code_swe,pylint-dev__pylint-4551,9,10,acu_head_tail_context,31201,7801,True,0.4644984124259848
swebench_pylint-dev__pylint-4551_step_10,swebench,code_swe,pylint-dev__pylint-4551,10,10,last_message_text,2796,699,False,0.0
swebench_pylint-dev__pylint-4551_step_10,swebench,code_swe,pylint-dev__pylint-4551,10,10,full_context_text,61220,15305,False,0.0
swebench_pylint-dev__pylint-4551_step_10,swebench,code_swe,pylint-dev__pylint-4551,10,10,acu_head_tail_context,32290,8073,True,0.4725579875857563
swebench_pallets__flask-5014_step_1,swebench,code_swe,pallets__flask-5014,1,7,last_message_text,4693,1174,False,0.0
swebench_pallets__flask-5014_step_1,swebench,code_swe,pallets__flask-5014,1,7,full_context_text,4799,1200,False,0.0
swebench_pallets__flask-5014_step_1,swebench,code_swe,pallets__flask-5014,1,7,acu_head_tail_context,4799,1200,False,0.0
swebench_pallets__flask-5014_step_2,swebench,code_swe,pallets__flask-5014,2,7,last_message_text,1291,323,False,0.0
swebench_pallets__flask-5014_step_2,swebench,code_swe,pallets__flask-5014,2,7,full_context_text,6321,1581,False,0.0
swebench_pallets__flask-5014_step_2,swebench,code_swe,pallets__flask-5014,2,7,acu_head_tail_context,6321,1581,False,0.0
swebench_pallets__flask-5014_step_3,swebench,code_swe,pallets__flask-5014,3,7,last_message_text,86,22,False,0.0
swebench_pallets__flask-5014_step_3,swebench,code_swe,pallets__flask-5014,3,7,full_context_text,6489,1623,False,0.0
swebench_pallets__flask-5014_step_3,swebench,code_swe,pallets__flask-5014,3,7,acu_head_tail_context,6489,1623,False,0.0
swebench_pallets__flask-5014_step_4,swebench,code_swe,pallets__flask-5014,4,7,last_message_text,180,45,False,0.0
swebench_pallets__flask-5014_step_4,swebench,code_swe,pallets__flask-5014,4,7,full_context_text,16851,4213,False,0.0
swebench_pallets__flask-5014_step_4,swebench,code_swe,pallets__flask-5014,4,7,acu_head_tail_context,16851,4213,False,0.0
swebench_pallets__flask-5014_step_5,swebench,code_swe,pallets__flask-5014,5,7,last_message_text,4654,1164,False,0.0
swebench_pallets__flask-5014_step_5,swebench,code_swe,pallets__flask-5014,5,7,full_context_text,22989,5748,False,0.0
swebench_pallets__flask-5014_step_5,swebench,code_swe,pallets__flask-5014,5,7,acu_head_tail_context,22989,5748,False,0.0
swebench_pallets__flask-5014_step_6,swebench,code_swe,pallets__flask-5014,6,7,last_message_text,284,71,False,0.0
swebench_pallets__flask-5014_step_6,swebench,code_swe,pallets__flask-5014,6,7,full_context_text,23476,5869,False,0.0
swebench_pallets__flask-5014_step_6,swebench,code_swe,pallets__flask-5014,6,7,acu_head_tail_context,23476,5869,False,0.0
swebench_pallets__flask-5014_step_7,swebench,code_swe,pallets__flask-5014,7,7,last_message_text,610,153,False,0.0
swebench_pallets__flask-5014_step_7,swebench,code_swe,pallets__flask-5014,7,7,full_context_text,24693,6174,False,0.0
swebench_pallets__flask-5014_step_7,swebench,code_swe,pallets__flask-5014,7,7,acu_head_tail_context,24693,6174,False,0.0
swebench_django__django-10097_step_1,swebench,code_swe,django__django-10097,1,5,last_message_text,7154,1789,False,0.0
swebench_django__django-10097_step_1,swebench,code_swe,django__django-10097,1,5,full_context_text,7260,1815,False,0.0
swebench_django__django-10097_step_1,swebench,code_swe,django__django-10097,1,5,acu_head_tail_context,7260,1815,False,0.0
swebench_django__django-10097_step_2,swebench,code_swe,django__django-10097,2,5,last_message_text,735,184,False,0.0
swebench_django__django-10097_step_2,swebench,code_swe,django__django-10097,2,5,full_context_text,8242,2061,False,0.0
swebench_django__django-10097_step_2,swebench,code_swe,django__django-10097,2,5,acu_head_tail_context,8242,2061,False,0.0
swebench_django__django-10097_step_3,swebench,code_swe,django__django-10097,3,5,last_message_text,169,43,False,0.0
swebench_django__django-10097_step_3,swebench,code_swe,django__django-10097,3,5,full_context_text,17931,4483,False,0.0
swebench_django__django-10097_step_3,swebench,code_swe,django__django-10097,3,5,acu_head_tail_context,17931,4483,False,0.0
swebench_django__django-10097_step_4,swebench,code_swe,django__django-10097,4,5,last_message_text,1224,306,False,0.0
swebench_django__django-10097_step_4,swebench,code_swe,django__django-10097,4,5,full_context_text,20709,5178,False,0.0
swebench_django__django-10097_step_4,swebench,code_swe,django__django-10097,4,5,acu_head_tail_context,20709,5178,False,0.0
swebench_django__django-10097_step_5,swebench,code_swe,django__django-10097,5,5,last_message_text,659,165,False,0.0
swebench_django__django-10097_step_5,swebench,code_swe,django__django-10097,5,5,full_context_text,21499,5375,False,0.0
swebench_django__django-10097_step_5,swebench,code_swe,django__django-10097,5,5,acu_head_tail_context,21499,5375,False,0.0
swebench_django__django-10554_step_1,swebench,code_swe,django__django-10554,1,11,last_message_text,7407,1852,False,0.0
swebench_django__django-10554_step_1,swebench,code_swe,django__django-10554,1,11,full_context_text,7513,1879,False,0.0
swebench_django__django-10554_step_1,swebench,code_swe,django__django-10554,1,11,acu_head_tail_context,7513,1879,False,0.0
swebench_django__django-10554_step_2,swebench,code_swe,django__django-10554,2,11,last_message_text,237,60,False,0.0
swebench_django__django-10554_step_2,swebench,code_swe,django__django-10554,2,11,full_context_text,8158,2040,False,0.0
swebench_django__django-10554_step_2,swebench,code_swe,django__django-10554,2,11,acu_head_tail_context,8158,2040,False,0.0
swebench_django__django-10554_step_3,swebench,code_swe,django__django-10554,3,11,last_message_text,1785,447,False,0.0
swebench_django__django-10554_step_3,swebench,code_swe,django__django-10554,3,11,full_context_text,12205,3052,False,0.0
swebench_django__django-10554_step_3,swebench,code_swe,django__django-10554,3,11,acu_head_tail_context,12205,3052,False,0.0
swebench_django__django-10554_step_4,swebench,code_swe,django__django-10554,4,11,last_message_text,4560,1140,False,0.0
swebench_django__django-10554_step_4,swebench,code_swe,django__django-10554,4,11,full_context_text,24551,6138,False,0.0
swebench_django__django-10554_step_4,swebench,code_swe,django__django-10554,4,11,acu_head_tail_context,24551,6138,False,0.0
swebench_django__django-10554_step_5,swebench,code_swe,django__django-10554,5,11,last_message_text,782,196,False,0.0
swebench_django__django-10554_step_5,swebench,code_swe,django__django-10554,5,11,full_context_text,33874,8469,False,0.0
swebench_django__django-10554_step_5,swebench,code_swe,django__django-10554,5,11,acu_head_tail_context,32504,8126,True,0.04044399834681467
swebench_django__django-10554_step_6,swebench,code_swe,django__django-10554,6,11,last_message_text,3961,991,False,0.0
swebench_django__django-10554_step_6,swebench,code_swe,django__django-10554,6,11,full_context_text,37949,9488,False,0.0
swebench_django__django-10554_step_6,swebench,code_swe,django__django-10554,6,11,acu_head_tail_context,32639,8160,True,0.13992463569527525
swebench_django__django-10554_step_7,swebench,code_swe,django__django-10554,7,11,last_message_text,631,158,False,0.0
swebench_django__django-10554_step_7,swebench,code_swe,django__django-10554,7,11,full_context_text,39249,9813,False,0.0
swebench_django__django-10554_step_7,swebench,code_swe,django__django-10554,7,11,acu_head_tail_context,32735,8184,True,0.16596601187291393
swebench_django__django-10554_step_8,swebench,code_swe,django__django-10554,8,11,last_message_text,2041,511,False,0.0
swebench_django__django-10554_step_8,swebench,code_swe,django__django-10554,8,11,full_context_text,41854,10464,False,0.0
swebench_django__django-10554_step_8,swebench,code_swe,django__django-10554,8,11,acu_head_tail_context,32557,8140,True,0.22212930663735841
swebench_django__django-10554_step_9,swebench,code_swe,django__django-10554,9,11,last_message_text,692,173,False,0.0
swebench_django__django-10554_step_9,swebench,code_swe,django__django-10554,9,11,full_context_text,43137,10785,False,0.0
swebench_django__django-10554_step_9,swebench,code_swe,django__django-10554,9,11,acu_head_tail_context,32765,8192,True,0.24044323898277575
swebench_django__django-10554_step_10,swebench,code_swe,django__django-10554,10,11,last_message_text,631,158,False,0.0
swebench_django__django-10554_step_10,swebench,code_swe,django__django-10554,10,11,full_context_text,43905,10977,False,0.0
swebench_django__django-10554_step_10,swebench,code_swe,django__django-10554,10,11,acu_head_tail_context,32537,8135,True,0.25892267395513036
swebench_django__django-10554_step_11,swebench,code_swe,django__django-10554,11,11,last_message_text,707,177,False,0.0
swebench_django__django-10554_step_11,swebench,code_swe,django__django-10554,11,11,full_context_text,44746,11187,False,0.0
swebench_django__django-10554_step_11,swebench,code_swe,django__django-10554,11,11,acu_head_tail_context,32749,8188,True,0.2681133509140482
swebench_django__django-10880_step_1,swebench,code_swe,django__django-10880,1,7,last_message_text,4776,1194,False,0.0
swebench_django__django-10880_step_1,swebench,code_swe,django__django-10880,1,7,full_context_text,4882,1221,False,0.0
swebench_django__django-10880_step_1,swebench,code_swe,django__django-10880,1,7,acu_head_tail_context,4882,1221,False,0.0
swebench_django__django-10880_step_2,swebench,code_swe,django__django-10880,2,7,last_message_text,899,225,False,0.0
swebench_django__django-10880_step_2,swebench,code_swe,django__django-10880,2,7,full_context_text,6193,1549,False,0.0
swebench_django__django-10880_step_2,swebench,code_swe,django__django-10880,2,7,acu_head_tail_context,6193,1549,False,0.0
swebench_django__django-10880_step_3,swebench,code_swe,django__django-10880,3,7,last_message_text,62,16,False,0.0
swebench_django__django-10880_step_3,swebench,code_swe,django__django-10880,3,7,full_context_text,12706,3177,False,0.0
swebench_django__django-10880_step_3,swebench,code_swe,django__django-10880,3,7,acu_head_tail_context,12706,3177,False,0.0
swebench_django__django-10880_step_4,swebench,code_swe,django__django-10880,4,7,last_message_text,2041,511,False,0.0
swebench_django__django-10880_step_4,swebench,code_swe,django__django-10880,4,7,full_context_text,16518,4130,False,0.0
swebench_django__django-10880_step_4,swebench,code_swe,django__django-10880,4,7,acu_head_tail_context,16518,4130,False,0.0
swebench_django__django-10880_step_5,swebench,code_swe,django__django-10880,5,7,last_message_text,1458,365,False,0.0
swebench_django__django-10880_step_5,swebench,code_swe,django__django-10880,5,7,full_context_text,18135,4534,False,0.0
swebench_django__django-10880_step_5,swebench,code_swe,django__django-10880,5,7,acu_head_tail_context,18135,4534,False,0.0
swebench_django__django-10880_step_6,swebench,code_swe,django__django-10880,6,7,last_message_text,701,176,False,0.0
swebench_django__django-10880_step_6,swebench,code_swe,django__django-10880,6,7,full_context_text,18985,4747,False,0.0
swebench_django__django-10880_step_6,swebench,code_swe,django__django-10880,6,7,acu_head_tail_context,18985,4747,False,0.0
swebench_django__django-10880_step_7,swebench,code_swe,django__django-10880,7,7,last_message_text,138,35,False,0.0
swebench_django__django-10880_step_7,swebench,code_swe,django__django-10880,7,7,full_context_text,19243,4811,False,0.0
swebench_django__django-10880_step_7,swebench,code_swe,django__django-10880,7,7,acu_head_tail_context,19243,4811,False,0.0
swebench_django__django-10973_step_1,swebench,code_swe,django__django-10973,1,9,last_message_text,4855,1214,False,0.0
swebench_django__django-10973_step_1,swebench,code_swe,django__django-10973,1,9,full_context_text,4961,1241,False,0.0
swebench_django__django-10973_step_1,swebench,code_swe,django__django-10973,1,9,acu_head_tail_context,4961,1241,False,0.0
swebench_django__django-10973_step_2,swebench,code_swe,django__django-10973,2,9,last_message_text,881,221,False,0.0
swebench_django__django-10973_step_2,swebench,code_swe,django__django-10973,2,9,full_context_text,6130,1533,False,0.0
swebench_django__django-10973_step_2,swebench,code_swe,django__django-10973,2,9,acu_head_tail_context,6130,1533,False,0.0
swebench_django__django-10973_step_3,swebench,code_swe,django__django-10973,3,9,last_message_text,1338,335,False,0.0
swebench_django__django-10973_step_3,swebench,code_swe,django__django-10973,3,9,full_context_text,10788,2697,False,0.0
swebench_django__django-10973_step_3,swebench,code_swe,django__django-10973,3,9,acu_head_tail_context,10788,2697,False,0.0
swebench_django__django-10973_step_4,swebench,code_swe,django__django-10973,4,9,last_message_text,378,95,False,0.0
swebench_django__django-10973_step_4,swebench,code_swe,django__django-10973,4,9,full_context_text,11927,2982,False,0.0
swebench_django__django-10973_step_4,swebench,code_swe,django__django-10973,4,9,acu_head_tail_context,11927,2982,False,0.0
swebench_django__django-10973_step_5,swebench,code_swe,django__django-10973,5,9,last_message_text,76,19,False,0.0
swebench_django__django-10973_step_5,swebench,code_swe,django__django-10973,5,9,full_context_text,12494,3124,False,0.0
swebench_django__django-10973_step_5,swebench,code_swe,django__django-10973,5,9,acu_head_tail_context,12494,3124,False,0.0
swebench_django__django-10973_step_6,swebench,code_swe,django__django-10973,6,9,last_message_text,1331,333,False,0.0
swebench_django__django-10973_step_6,swebench,code_swe,django__django-10973,6,9,full_context_text,15718,3930,False,0.0
swebench_django__django-10973_step_6,swebench,code_swe,django__django-10973,6,9,acu_head_tail_context,15718,3930,False,0.0
swebench_django__django-10973_step_7,swebench,code_swe,django__django-10973,7,9,last_message_text,2729,683,False,0.0
swebench_django__django-10973_step_7,swebench,code_swe,django__django-10973,7,9,full_context_text,18629,4658,False,0.0
swebench_django__django-10973_step_7,swebench,code_swe,django__django-10973,7,9,acu_head_tail_context,18629,4658,False,0.0
swebench_django__django-10973_step_8,swebench,code_swe,django__django-10973,8,9,last_message_text,62,16,False,0.0
swebench_django__django-10973_step_8,swebench,code_swe,django__django-10973,8,9,full_context_text,18821,4706,False,0.0
swebench_django__django-10973_step_8,swebench,code_swe,django__django-10973,8,9,acu_head_tail_context,18821,4706,False,0.0
swebench_django__django-10973_step_9,swebench,code_swe,django__django-10973,9,9,last_message_text,2729,683,False,0.0
swebench_django__django-10973_step_9,swebench,code_swe,django__django-10973,9,9,full_context_text,21642,5411,False,0.0
swebench_django__django-10973_step_9,swebench,code_swe,django__django-10973,9,9,acu_head_tail_context,21642,5411,False,0.0
swebench_django__django-10999_step_1,swebench,code_swe,django__django-10999,1,8,last_message_text,5114,1279,False,0.0
swebench_django__django-10999_step_1,swebench,code_swe,django__django-10999,1,8,full_context_text,5220,1305,False,0.0
swebench_django__django-10999_step_1,swebench,code_swe,django__django-10999,1,8,acu_head_tail_context,5220,1305,False,0.0
swebench_django__django-10999_step_2,swebench,code_swe,django__django-10999,2,8,last_message_text,142,36,False,0.0
swebench_django__django-10999_step_2,swebench,code_swe,django__django-10999,2,8,full_context_text,5611,1403,False,0.0
swebench_django__django-10999_step_2,swebench,code_swe,django__django-10999,2,8,acu_head_tail_context,5611,1403,False,0.0
swebench_django__django-10999_step_3,swebench,code_swe,django__django-10999,3,8,last_message_text,1244,311,False,0.0
swebench_django__django-10999_step_3,swebench,code_swe,django__django-10999,3,8,full_context_text,12073,3019,False,0.0
swebench_django__django-10999_step_3,swebench,code_swe,django__django-10999,3,8,acu_head_tail_context,12073,3019,False,0.0
swebench_django__django-10999_step_4,swebench,code_swe,django__django-10999,4,8,last_message_text,388,97,False,0.0
swebench_django__django-10999_step_4,swebench,code_swe,django__django-10999,4,8,full_context_text,12693,3174,False,0.0
swebench_django__django-10999_step_4,swebench,code_swe,django__django-10999,4,8,acu_head_tail_context,12693,3174,False,0.0
swebench_django__django-10999_step_5,swebench,code_swe,django__django-10999,5,8,last_message_text,1360,340,False,0.0
swebench_django__django-10999_step_5,swebench,code_swe,django__django-10999,5,8,full_context_text,15597,3900,False,0.0
swebench_django__django-10999_step_5,swebench,code_swe,django__django-10999,5,8,acu_head_tail_context,15597,3900,False,0.0
swebench_django__django-10999_step_6,swebench,code_swe,django__django-10999,6,8,last_message_text,113,29,False,0.0
swebench_django__django-10999_step_6,swebench,code_swe,django__django-10999,6,8,full_context_text,16264,4066,False,0.0
swebench_django__django-10999_step_6,swebench,code_swe,django__django-10999,6,8,acu_head_tail_context,16264,4066,False,0.0
swebench_django__django-10999_step_7,swebench,code_swe,django__django-10999,7,8,last_message_text,62,16,False,0.0
swebench_django__django-10999_step_7,swebench,code_swe,django__django-10999,7,8,full_context_text,16442,4111,False,0.0
swebench_django__django-10999_step_7,swebench,code_swe,django__django-10999,7,8,acu_head_tail_context,16442,4111,False,0.0
swebench_django__django-10999_step_8,swebench,code_swe,django__django-10999,8,8,last_message_text,559,140,False,0.0
swebench_django__django-10999_step_8,swebench,code_swe,django__django-10999,8,8,full_context_text,17082,4271,False,0.0
swebench_django__django-10999_step_8,swebench,code_swe,django__django-10999,8,8,acu_head_tail_context,17082,4271,False,0.0
swebench_django__django-11066_step_1,swebench,code_swe,django__django-11066,1,7,last_message_text,6365,1592,False,0.0
swebench_django__django-11066_step_1,swebench,code_swe,django__django-11066,1,7,full_context_text,6471,1618,False,0.0
swebench_django__django-11066_step_1,swebench,code_swe,django__django-11066,1,7,acu_head_tail_context,6471,1618,False,0.0
swebench_django__django-11066_step_2,swebench,code_swe,django__django-11066,2,7,last_message_text,1190,298,False,0.0
swebench_django__django-11066_step_2,swebench,code_swe,django__django-11066,2,7,full_context_text,7908,1977,False,0.0
swebench_django__django-11066_step_2,swebench,code_swe,django__django-11066,2,7,acu_head_tail_context,7908,1977,False,0.0
swebench_django__django-11066_step_3,swebench,code_swe,django__django-11066,3,7,last_message_text,179,45,False,0.0
swebench_django__django-11066_step_3,swebench,code_swe,django__django-11066,3,7,full_context_text,13048,3262,False,0.0
swebench_django__django-11066_step_3,swebench,code_swe,django__django-11066,3,7,acu_head_tail_context,13048,3262,False,0.0
swebench_django__django-11066_step_4,swebench,code_swe,django__django-11066,4,7,last_message_text,62,16,False,0.0
swebench_django__django-11066_step_4,swebench,code_swe,django__django-11066,4,7,full_context_text,13735,3434,False,0.0
swebench_django__django-11066_step_4,swebench,code_swe,django__django-11066,4,7,acu_head_tail_context,13735,3434,False,0.0
swebench_django__django-11066_step_5,swebench,code_swe,django__django-11066,5,7,last_message_text,85,22,False,0.0
swebench_django__django-11066_step_5,swebench,code_swe,django__django-11066,5,7,full_context_text,15265,3817,False,0.0
swebench_django__django-11066_step_5,swebench,code_swe,django__django-11066,5,7,acu_head_tail_context,15265,3817,False,0.0
swebench_django__django-11066_step_6,swebench,code_swe,django__django-11066,6,7,last_message_text,62,16,False,0.0
swebench_django__django-11066_step_6,swebench,code_swe,django__django-11066,6,7,full_context_text,15468,3867,False,0.0
swebench_django__django-11066_step_6,swebench,code_swe,django__django-11066,6,7,acu_head_tail_context,15468,3867,False,0.0
swebench_django__django-11066_step_7,swebench,code_swe,django__django-11066,7,7,last_message_text,829,208,False,0.0
swebench_django__django-11066_step_7,swebench,code_swe,django__django-11066,7,7,full_context_text,16377,4095,False,0.0
swebench_django__django-11066_step_7,swebench,code_swe,django__django-11066,7,7,acu_head_tail_context,16377,4095,False,0.0
swebench_django__django-11087_step_1,swebench,code_swe,django__django-11087,1,9,last_message_text,13750,3438,False,0.0
swebench_django__django-11087_step_1,swebench,code_swe,django__django-11087,1,9,full_context_text,13856,3464,False,0.0
swebench_django__django-11087_step_1,swebench,code_swe,django__django-11087,1,9,acu_head_tail_context,13856,3464,False,0.0
swebench_django__django-11087_step_2,swebench,code_swe,django__django-11087,2,9,last_message_text,147,37,False,0.0
swebench_django__django-11087_step_2,swebench,code_swe,django__django-11087,2,9,full_context_text,14140,3535,False,0.0
swebench_django__django-11087_step_2,swebench,code_swe,django__django-11087,2,9,acu_head_tail_context,14140,3535,False,0.0
swebench_django__django-11087_step_3,swebench,code_swe,django__django-11087,3,9,last_message_text,9024,2256,False,0.0
swebench_django__django-11087_step_3,swebench,code_swe,django__django-11087,3,9,full_context_text,34215,8554,False,0.0
swebench_django__django-11087_step_3,swebench,code_swe,django__django-11087,3,9,acu_head_tail_context,26502,6626,True,0.22542744410346338
swebench_django__django-11087_step_4,swebench,code_swe,django__django-11087,4,9,last_message_text,313,79,False,0.0
swebench_django__django-11087_step_4,swebench,code_swe,django__django-11087,4,9,full_context_text,46548,11637,False,0.0
swebench_django__django-11087_step_4,swebench,code_swe,django__django-11087,4,9,acu_head_tail_context,28204,7051,True,0.3940878233221621
swebench_django__django-11087_step_5,swebench,code_swe,django__django-11087,5,9,last_message_text,2781,696,False,0.0
swebench_django__django-11087_step_5,swebench,code_swe,django__django-11087,5,9,full_context_text,49445,12362,False,0.0
swebench_django__django-11087_step_5,swebench,code_swe,django__django-11087,5,9,acu_head_tail_context,31101,7776,True,0.3709980786732733
swebench_django__django-11087_step_6,swebench,code_swe,django__django-11087,6,9,last_message_text,1076,269,False,0.0
swebench_django__django-11087_step_6,swebench,code_swe,django__django-11087,6,9,full_context_text,51889,12973,False,0.0
swebench_django__django-11087_step_6,swebench,code_swe,django__django-11087,6,9,acu_head_tail_context,24519,6130,True,0.5274721039141244
swebench_django__django-11087_step_7,swebench,code_swe,django__django-11087,7,9,last_message_text,516,129,False,0.0
swebench_django__django-11087_step_7,swebench,code_swe,django__django-11087,7,9,full_context_text,52742,13186,False,0.0
swebench_django__django-11087_step_7,swebench,code_swe,django__django-11087,7,9,acu_head_tail_context,25372,6343,True,0.5189412612339313
swebench_django__django-11087_step_8,swebench,code_swe,django__django-11087,8,9,last_message_text,1076,269,False,0.0
swebench_django__django-11087_step_8,swebench,code_swe,django__django-11087,8,9,full_context_text,53966,13492,False,0.0
swebench_django__django-11087_step_8,swebench,code_swe,django__django-11087,8,9,acu_head_tail_context,26596,6649,True,0.5071711818552422
swebench_django__django-11087_step_9,swebench,code_swe,django__django-11087,9,9,last_message_text,1076,269,False,0.0
swebench_django__django-11087_step_9,swebench,code_swe,django__django-11087,9,9,full_context_text,55122,13781,False,0.0
swebench_django__django-11087_step_9,swebench,code_swe,django__django-11087,9,9,acu_head_tail_context,27752,6938,True,0.49653495881862053
swebench_sympy__sympy-12096_step_1,swebench,code_swe,sympy__sympy-12096,1,13,last_message_text,5096,1274,False,0.0
swebench_sympy__sympy-12096_step_1,swebench,code_swe,sympy__sympy-12096,1,13,full_context_text,5202,1301,False,0.0
swebench_sympy__sympy-12096_step_1,swebench,code_swe,sympy__sympy-12096,1,13,acu_head_tail_context,5202,1301,False,0.0
swebench_sympy__sympy-12096_step_2,swebench,code_swe,sympy__sympy-12096,2,13,last_message_text,917,230,False,0.0
swebench_sympy__sympy-12096_step_2,swebench,code_swe,sympy__sympy-12096,2,13,full_context_text,6399,1600,False,0.0
swebench_sympy__sympy-12096_step_2,swebench,code_swe,sympy__sympy-12096,2,13,acu_head_tail_context,6399,1600,False,0.0
swebench_sympy__sympy-12096_step_3,swebench,code_swe,sympy__sympy-12096,3,13,last_message_text,168,42,False,0.0
swebench_sympy__sympy-12096_step_3,swebench,code_swe,sympy__sympy-12096,3,13,full_context_text,6686,1672,False,0.0
swebench_sympy__sympy-12096_step_3,swebench,code_swe,sympy__sympy-12096,3,13,acu_head_tail_context,6686,1672,False,0.0
swebench_sympy__sympy-12096_step_4,swebench,code_swe,sympy__sympy-12096,4,13,last_message_text,2658,665,False,0.0
swebench_sympy__sympy-12096_step_4,swebench,code_swe,sympy__sympy-12096,4,13,full_context_text,9445,2362,False,0.0
swebench_sympy__sympy-12096_step_4,swebench,code_swe,sympy__sympy-12096,4,13,acu_head_tail_context,9445,2362,False,0.0
swebench_sympy__sympy-12096_step_5,swebench,code_swe,sympy__sympy-12096,5,13,last_message_text,2742,686,False,0.0
swebench_sympy__sympy-12096_step_5,swebench,code_swe,sympy__sympy-12096,5,13,full_context_text,12288,3072,False,0.0
swebench_sympy__sympy-12096_step_5,swebench,code_swe,sympy__sympy-12096,5,13,acu_head_tail_context,12288,3072,False,0.0
swebench_sympy__sympy-12096_step_6,swebench,code_swe,sympy__sympy-12096,6,13,last_message_text,3106,777,False,0.0
swebench_sympy__sympy-12096_step_6,swebench,code_swe,sympy__sympy-12096,6,13,full_context_text,15579,3895,False,0.0
swebench_sympy__sympy-12096_step_6,swebench,code_swe,sympy__sympy-12096,6,13,acu_head_tail_context,15579,3895,False,0.0
swebench_sympy__sympy-12096_step_7,swebench,code_swe,sympy__sympy-12096,7,13,last_message_text,637,160,False,0.0
swebench_sympy__sympy-12096_step_7,swebench,code_swe,sympy__sympy-12096,7,13,full_context_text,17019,4255,False,0.0
swebench_sympy__sympy-12096_step_7,swebench,code_swe,sympy__sympy-12096,7,13,acu_head_tail_context,17019,4255,False,0.0
swebench_sympy__sympy-12096_step_8,swebench,code_swe,sympy__sympy-12096,8,13,last_message_text,284,71,False,0.0
swebench_sympy__sympy-12096_step_8,swebench,code_swe,sympy__sympy-12096,8,13,full_context_text,17380,4345,False,0.0
swebench_sympy__sympy-12096_step_8,swebench,code_swe,sympy__sympy-12096,8,13,acu_head_tail_context,17380,4345,False,0.0
swebench_sympy__sympy-12096_step_9,swebench,code_swe,sympy__sympy-12096,9,13,last_message_text,547,137,False,0.0
swebench_sympy__sympy-12096_step_9,swebench,code_swe,sympy__sympy-12096,9,13,full_context_text,18295,4574,False,0.0
swebench_sympy__sympy-12096_step_9,swebench,code_swe,sympy__sympy-12096,9,13,acu_head_tail_context,18295,4574,False,0.0
swebench_sympy__sympy-12096_step_10,swebench,code_swe,sympy__sympy-12096,10,13,last_message_text,62,16,False,0.0
swebench_sympy__sympy-12096_step_10,swebench,code_swe,sympy__sympy-12096,10,13,full_context_text,19109,4778,False,0.0
swebench_sympy__sympy-12096_step_10,swebench,code_swe,sympy__sympy-12096,10,13,acu_head_tail_context,19109,4778,False,0.0
swebench_sympy__sympy-12096_step_11,swebench,code_swe,sympy__sympy-12096,11,13,last_message_text,1463,366,False,0.0
swebench_sympy__sympy-12096_step_11,swebench,code_swe,sympy__sympy-12096,11,13,full_context_text,20726,5182,False,0.0
swebench_sympy__sympy-12096_step_11,swebench,code_swe,sympy__sympy-12096,11,13,acu_head_tail_context,20726,5182,False,0.0
swebench_sympy__sympy-12096_step_12,swebench,code_swe,sympy__sympy-12096,12,13,last_message_text,62,16,False,0.0
swebench_sympy__sympy-12096_step_12,swebench,code_swe,sympy__sympy-12096,12,13,full_context_text,20901,5226,False,0.0
swebench_sympy__sympy-12096_step_12,swebench,code_swe,sympy__sympy-12096,12,13,acu_head_tail_context,20901,5226,False,0.0
swebench_sympy__sympy-12096_step_13,swebench,code_swe,sympy__sympy-12096,13,13,last_message_text,575,144,False,0.0
swebench_sympy__sympy-12096_step_13,swebench,code_swe,sympy__sympy-12096,13,13,full_context_text,21556,5389,False,0.0
swebench_sympy__sympy-12096_step_13,swebench,code_swe,sympy__sympy-12096,13,13,acu_head_tail_context,21556,5389,False,0.0
swebench_sympy__sympy-12419_step_1,swebench,code_swe,sympy__sympy-12419,1,7,last_message_text,5639,1410,False,0.0
swebench_sympy__sympy-12419_step_1,swebench,code_swe,sympy__sympy-12419,1,7,full_context_text,5745,1437,False,0.0
swebench_sympy__sympy-12419_step_1,swebench,code_swe,sympy__sympy-12419,1,7,acu_head_tail_context,5745,1437,False,0.0
swebench_sympy__sympy-12419_step_2,swebench,code_swe,sympy__sympy-12419,2,7,last_message_text,1319,330,False,0.0
swebench_sympy__sympy-12419_step_2,swebench,code_swe,sympy__sympy-12419,2,7,full_context_text,9154,2289,False,0.0
swebench_sympy__sympy-12419_step_2,swebench,code_swe,sympy__sympy-12419,2,7,acu_head_tail_context,9154,2289,False,0.0
swebench_sympy__sympy-12419_step_3,swebench,code_swe,sympy__sympy-12419,3,7,last_message_text,62,16,False,0.0
swebench_sympy__sympy-12419_step_3,swebench,code_swe,sympy__sympy-12419,3,7,full_context_text,12848,3212,False,0.0
swebench_sympy__sympy-12419_step_3,swebench,code_swe,sympy__sympy-12419,3,7,acu_head_tail_context,12848,3212,False,0.0
swebench_sympy__sympy-12419_step_4,swebench,code_swe,sympy__sympy-12419,4,7,last_message_text,1970,493,False,0.0
swebench_sympy__sympy-12419_step_4,swebench,code_swe,sympy__sympy-12419,4,7,full_context_text,20211,5053,False,0.0
swebench_sympy__sympy-12419_step_4,swebench,code_swe,sympy__sympy-12419,4,7,acu_head_tail_context,20211,5053,False,0.0
swebench_sympy__sympy-12419_step_5,swebench,code_swe,sympy__sympy-12419,5,7,last_message_text,2072,518,False,0.0
swebench_sympy__sympy-12419_step_5,swebench,code_swe,sympy__sympy-12419,5,7,full_context_text,22636,5659,False,0.0
swebench_sympy__sympy-12419_step_5,swebench,code_swe,sympy__sympy-12419,5,7,acu_head_tail_context,22636,5659,False,0.0
swebench_sympy__sympy-12419_step_6,swebench,code_swe,sympy__sympy-12419,6,7,last_message_text,1318,330,False,0.0
swebench_sympy__sympy-12419_step_6,swebench,code_swe,sympy__sympy-12419,6,7,full_context_text,25067,6267,False,0.0
swebench_sympy__sympy-12419_step_6,swebench,code_swe,sympy__sympy-12419,6,7,acu_head_tail_context,25067,6267,False,0.0
swebench_sympy__sympy-12419_step_7,swebench,code_swe,sympy__sympy-12419,7,7,last_message_text,547,137,False,0.0
swebench_sympy__sympy-12419_step_7,swebench,code_swe,sympy__sympy-12419,7,7,full_context_text,27737,6935,False,0.0
swebench_sympy__sympy-12419_step_7,swebench,code_swe,sympy__sympy-12419,7,7,acu_head_tail_context,27737,6935,False,0.0
swebench_sympy__sympy-12481_step_1,swebench,code_swe,sympy__sympy-12481,1,9,last_message_text,4905,1227,False,0.0
swebench_sympy__sympy-12481_step_1,swebench,code_swe,sympy__sympy-12481,1,9,full_context_text,5011,1253,False,0.0
swebench_sympy__sympy-12481_step_1,swebench,code_swe,sympy__sympy-12481,1,9,acu_head_tail_context,5011,1253,False,0.0
swebench_sympy__sympy-12481_step_2,swebench,code_swe,sympy__sympy-12481,2,9,last_message_text,149,38,False,0.0
swebench_sympy__sympy-12481_step_2,swebench,code_swe,sympy__sympy-12481,2,9,full_context_text,5388,1347,False,0.0
swebench_sympy__sympy-12481_step_2,swebench,code_swe,sympy__sympy-12481,2,9,acu_head_tail_context,5388,1347,False,0.0
swebench_sympy__sympy-12481_step_3,swebench,code_swe,sympy__sympy-12481,3,9,last_message_text,637,160,False,0.0
swebench_sympy__sympy-12481_step_3,swebench,code_swe,sympy__sympy-12481,3,9,full_context_text,10629,2658,False,0.0
swebench_sympy__sympy-12481_step_3,swebench,code_swe,sympy__sympy-12481,3,9,acu_head_tail_context,10629,2658,False,0.0
swebench_sympy__sympy-12481_step_4,swebench,code_swe,sympy__sympy-12481,4,9,last_message_text,4781,1196,False,0.0
swebench_sympy__sympy-12481_step_4,swebench,code_swe,sympy__sympy-12481,4,9,full_context_text,15530,3883,False,0.0
swebench_sympy__sympy-12481_step_4,swebench,code_swe,sympy__sympy-12481,4,9,acu_head_tail_context,15530,3883,False,0.0
swebench_sympy__sympy-12481_step_5,swebench,code_swe,sympy__sympy-12481,5,9,last_message_text,7449,1863,False,0.0
swebench_sympy__sympy-12481_step_5,swebench,code_swe,sympy__sympy-12481,5,9,full_context_text,23099,5775,False,0.0
swebench_sympy__sympy-12481_step_5,swebench,code_swe,sympy__sympy-12481,5,9,acu_head_tail_context,23099,5775,False,0.0
swebench_sympy__sympy-12481_step_6,swebench,code_swe,sympy__sympy-12481,6,9,last_message_text,1247,312,False,0.0
swebench_sympy__sympy-12481_step_6,swebench,code_swe,sympy__sympy-12481,6,9,full_context_text,25271,6318,False,0.0
swebench_sympy__sympy-12481_step_6,swebench,code_swe,sympy__sympy-12481,6,9,acu_head_tail_context,25271,6318,False,0.0
swebench_sympy__sympy-12481_step_7,swebench,code_swe,sympy__sympy-12481,7,9,last_message_text,769,193,False,0.0
swebench_sympy__sympy-12481_step_7,swebench,code_swe,sympy__sympy-12481,7,9,full_context_text,26494,6624,False,0.0
swebench_sympy__sympy-12481_step_7,swebench,code_swe,sympy__sympy-12481,7,9,acu_head_tail_context,26494,6624,False,0.0
swebench_sympy__sympy-12481_step_8,swebench,code_swe,sympy__sympy-12481,8,9,last_message_text,62,16,False,0.0
swebench_sympy__sympy-12481_step_8,swebench,code_swe,sympy__sympy-12481,8,9,full_context_text,26682,6671,False,0.0
swebench_sympy__sympy-12481_step_8,swebench,code_swe,sympy__sympy-12481,8,9,acu_head_tail_context,26682,6671,False,0.0
swebench_sympy__sympy-12481_step_9,swebench,code_swe,sympy__sympy-12481,9,9,last_message_text,856,214,False,0.0
swebench_sympy__sympy-12481_step_9,swebench,code_swe,sympy__sympy-12481,9,9,full_context_text,27618,6905,False,0.0
swebench_sympy__sympy-12481_step_9,swebench,code_swe,sympy__sympy-12481,9,9,acu_head_tail_context,27618,6905,False,0.0
swebench_sphinx-doc__sphinx-10435_step_1,swebench,code_swe,sphinx-doc__sphinx-10435,1,9,last_message_text,6680,1670,False,0.0
swebench_sphinx-doc__sphinx-10435_step_1,swebench,code_swe,sphinx-doc__sphinx-10435,1,9,full_context_text,6786,1697,False,0.0
swebench_sphinx-doc__sphinx-10435_step_1,swebench,code_swe,sphinx-doc__sphinx-10435,1,9,acu_head_tail_context,6786,1697,False,0.0
swebench_sphinx-doc__sphinx-10435_step_2,swebench,code_swe,sphinx-doc__sphinx-10435,2,9,last_message_text,62,16,False,0.0
swebench_sphinx-doc__sphinx-10435_step_2,swebench,code_swe,sphinx-doc__sphinx-10435,2,9,full_context_text,7223,1806,False,0.0
swebench_sphinx-doc__sphinx-10435_step_2,swebench,code_swe,sphinx-doc__sphinx-10435,2,9,acu_head_tail_context,7223,1806,False,0.0
swebench_sphinx-doc__sphinx-10435_step_3,swebench,code_swe,sphinx-doc__sphinx-10435,3,9,last_message_text,3383,846,False,0.0
swebench_sphinx-doc__sphinx-10435_step_3,swebench,code_swe,sphinx-doc__sphinx-10435,3,9,full_context_text,16719,4180,False,0.0
swebench_sphinx-doc__sphinx-10435_step_3,swebench,code_swe,sphinx-doc__sphinx-10435,3,9,acu_head_tail_context,16719,4180,False,0.0
swebench_sphinx-doc__sphinx-10435_step_4,swebench,code_swe,sphinx-doc__sphinx-10435,4,9,last_message_text,7945,1987,False,0.0
swebench_sphinx-doc__sphinx-10435_step_4,swebench,code_swe,sphinx-doc__sphinx-10435,4,9,full_context_text,24838,6210,False,0.0
swebench_sphinx-doc__sphinx-10435_step_4,swebench,code_swe,sphinx-doc__sphinx-10435,4,9,acu_head_tail_context,24838,6210,False,0.0
swebench_sphinx-doc__sphinx-10435_step_5,swebench,code_swe,sphinx-doc__sphinx-10435,5,9,last_message_text,301,76,False,0.0
swebench_sphinx-doc__sphinx-10435_step_5,swebench,code_swe,sphinx-doc__sphinx-10435,5,9,full_context_text,25414,6354,False,0.0
swebench_sphinx-doc__sphinx-10435_step_5,swebench,code_swe,sphinx-doc__sphinx-10435,5,9,acu_head_tail_context,25414,6354,False,0.0
swebench_sphinx-doc__sphinx-10435_step_6,swebench,code_swe,sphinx-doc__sphinx-10435,6,9,last_message_text,1959,490,False,0.0
swebench_sphinx-doc__sphinx-10435_step_6,swebench,code_swe,sphinx-doc__sphinx-10435,6,9,full_context_text,27483,6871,False,0.0
swebench_sphinx-doc__sphinx-10435_step_6,swebench,code_swe,sphinx-doc__sphinx-10435,6,9,acu_head_tail_context,27483,6871,False,0.0
swebench_sphinx-doc__sphinx-10435_step_7,swebench,code_swe,sphinx-doc__sphinx-10435,7,9,last_message_text,1009,253,False,0.0
swebench_sphinx-doc__sphinx-10435_step_7,swebench,code_swe,sphinx-doc__sphinx-10435,7,9,full_context_text,29502,7376,False,0.0
swebench_sphinx-doc__sphinx-10435_step_7,swebench,code_swe,sphinx-doc__sphinx-10435,7,9,acu_head_tail_context,29502,7376,False,0.0
swebench_sphinx-doc__sphinx-10435_step_8,swebench,code_swe,sphinx-doc__sphinx-10435,8,9,last_message_text,1034,259,False,0.0
swebench_sphinx-doc__sphinx-10435_step_8,swebench,code_swe,sphinx-doc__sphinx-10435,8,9,full_context_text,30638,7660,False,0.0
swebench_sphinx-doc__sphinx-10435_step_8,swebench,code_swe,sphinx-doc__sphinx-10435,8,9,acu_head_tail_context,30638,7660,False,0.0
swebench_sphinx-doc__sphinx-10435_step_9,swebench,code_swe,sphinx-doc__sphinx-10435,9,9,last_message_text,1034,259,False,0.0
swebench_sphinx-doc__sphinx-10435_step_9,swebench,code_swe,sphinx-doc__sphinx-10435,9,9,full_context_text,31815,7954,False,0.0
swebench_sphinx-doc__sphinx-10435_step_9,swebench,code_swe,sphinx-doc__sphinx-10435,9,9,acu_head_tail_context,31815,7954,False,0.0
swebench_sphinx-doc__sphinx-10449_step_1,swebench,code_swe,sphinx-doc__sphinx-10449,1,9,last_message_text,8976,2244,False,0.0
swebench_sphinx-doc__sphinx-10449_step_1,swebench,code_swe,sphinx-doc__sphinx-10449,1,9,full_context_text,9082,2271,False,0.0
swebench_sphinx-doc__sphinx-10449_step_1,swebench,code_swe,sphinx-doc__sphinx-10449,1,9,acu_head_tail_context,9082,2271,False,0.0
swebench_sphinx-doc__sphinx-10449_step_2,swebench,code_swe,sphinx-doc__sphinx-10449,2,9,last_message_text,847,212,False,0.0
swebench_sphinx-doc__sphinx-10449_step_2,swebench,code_swe,sphinx-doc__sphinx-10449,2,9,full_context_text,10344,2586,False,0.0
swebench_sphinx-doc__sphinx-10449_step_2,swebench,code_swe,sphinx-doc__sphinx-10449,2,9,acu_head_tail_context,10344,2586,False,0.0
swebench_sphinx-doc__sphinx-10449_step_3,swebench,code_swe,sphinx-doc__sphinx-10449,3,9,last_message_text,10629,2658,False,0.0
swebench_sphinx-doc__sphinx-10449_step_3,swebench,code_swe,sphinx-doc__sphinx-10449,3,9,full_context_text,28703,7176,False,0.0
swebench_sphinx-doc__sphinx-10449_step_3,swebench,code_swe,sphinx-doc__sphinx-10449,3,9,acu_head_tail_context,28703,7176,False,0.0
swebench_sphinx-doc__sphinx-10449_step_4,swebench,code_swe,sphinx-doc__sphinx-10449,4,9,last_message_text,67,17,False,0.0
swebench_sphinx-doc__sphinx-10449_step_4,swebench,code_swe,sphinx-doc__sphinx-10449,4,9,full_context_text,35872,8968,False,0.0
swebench_sphinx-doc__sphinx-10449_step_4,swebench,code_swe,sphinx-doc__sphinx-10449,4,9,acu_head_tail_context,32520,8130,True,0.09344335414808203
swebench_sphinx-doc__sphinx-10449_step_5,swebench,code_swe,sphinx-doc__sphinx-10449,5,9,last_message_text,2301,576,False,0.0
swebench_sphinx-doc__sphinx-10449_step_5,swebench,code_swe,sphinx-doc__sphinx-10449,5,9,full_context_text,39914,9979,False,0.0
swebench_sphinx-doc__sphinx-10449_step_5,swebench,code_swe,sphinx-doc__sphinx-10449,5,9,acu_head_tail_context,29878,7470,True,0.2514405972841609
swebench_sphinx-doc__sphinx-10449_step_6,swebench,code_swe,sphinx-doc__sphinx-10449,6,9,last_message_text,192,48,False,0.0
swebench_sphinx-doc__sphinx-10449_step_6,swebench,code_swe,sphinx-doc__sphinx-10449,6,9,full_context_text,41120,10280,False,0.0
swebench_sphinx-doc__sphinx-10449_step_6,swebench,code_swe,sphinx-doc__sphinx-10449,6,9,acu_head_tail_context,31084,7771,True,0.2440661478599222
swebench_sphinx-doc__sphinx-10449_step_7,swebench,code_swe,sphinx-doc__sphinx-10449,7,9,last_message_text,891,223,False,0.0
swebench_sphinx-doc__sphinx-10449_step_7,swebench,code_swe,sphinx-doc__sphinx-10449,7,9,full_context_text,42187,10547,False,0.0
swebench_sphinx-doc__sphinx-10449_step_7,swebench,code_swe,sphinx-doc__sphinx-10449,7,9,acu_head_tail_context,32151,8038,True,0.23789318984521302
swebench_sphinx-doc__sphinx-10449_step_8,swebench,code_swe,sphinx-doc__sphinx-10449,8,9,last_message_text,939,235,False,0.0
swebench_sphinx-doc__sphinx-10449_step_8,swebench,code_swe,sphinx-doc__sphinx-10449,8,9,full_context_text,43258,10815,False,0.0
swebench_sphinx-doc__sphinx-10449_step_8,swebench,code_swe,sphinx-doc__sphinx-10449,8,9,acu_head_tail_context,32373,8094,True,0.251629756345647
swebench_sphinx-doc__sphinx-10449_step_9,swebench,code_swe,sphinx-doc__sphinx-10449,9,9,last_message_text,96,24,False,0.0
swebench_sphinx-doc__sphinx-10449_step_9,swebench,code_swe,sphinx-doc__sphinx-10449,9,9,full_context_text,43504,10876,False,0.0
swebench_sphinx-doc__sphinx-10449_step_9,swebench,code_swe,sphinx-doc__sphinx-10449,9,9,acu_head_tail_context,32619,8155,True,0.2502068775285031
swebench_matplotlib__matplotlib-14623_step_1,swebench,code_swe,matplotlib__matplotlib-14623,1,11,last_message_text,5615,1404,False,0.0
swebench_matplotlib__matplotlib-14623_step_1,swebench,code_swe,matplotlib__matplotlib-14623,1,11,full_context_text,5721,1431,False,0.0
swebench_matplotlib__matplotlib-14623_step_1,swebench,code_swe,matplotlib__matplotlib-14623,1,11,acu_head_tail_context,5721,1431,False,0.0
swebench_matplotlib__matplotlib-14623_step_2,swebench,code_swe,matplotlib__matplotlib-14623,2,11,last_message_text,1584,396,False,0.0
swebench_matplotlib__matplotlib-14623_step_2,swebench,code_swe,matplotlib__matplotlib-14623,2,11,full_context_text,7588,1897,False,0.0
swebench_matplotlib__matplotlib-14623_step_2,swebench,code_swe,matplotlib__matplotlib-14623,2,11,acu_head_tail_context,7588,1897,False,0.0
swebench_matplotlib__matplotlib-14623_step_3,swebench,code_swe,matplotlib__matplotlib-14623,3,11,last_message_text,5819,1455,False,0.0
swebench_matplotlib__matplotlib-14623_step_3,swebench,code_swe,matplotlib__matplotlib-14623,3,11,full_context_text,20654,5164,False,0.0
swebench_matplotlib__matplotlib-14623_step_3,swebench,code_swe,matplotlib__matplotlib-14623,3,11,acu_head_tail_context,20654,5164,False,0.0
swebench_matplotlib__matplotlib-14623_step_4,swebench,code_swe,matplotlib__matplotlib-14623,4,11,last_message_text,1401,351,False,0.0
swebench_matplotlib__matplotlib-14623_step_4,swebench,code_swe,matplotlib__matplotlib-14623,4,11,full_context_text,27973,6994,False,0.0
swebench_matplotlib__matplotlib-14623_step_4,swebench,code_swe,matplotlib__matplotlib-14623,4,11,acu_head_tail_context,27973,6994,False,0.0
swebench_matplotlib__matplotlib-14623_step_5,swebench,code_swe,matplotlib__matplotlib-14623,5,11,last_message_text,185,47,False,0.0
swebench_matplotlib__matplotlib-14623_step_5,swebench,code_swe,matplotlib__matplotlib-14623,5,11,full_context_text,28612,7153,False,0.0
swebench_matplotlib__matplotlib-14623_step_5,swebench,code_swe,matplotlib__matplotlib-14623,5,11,acu_head_tail_context,28612,7153,False,0.0
swebench_matplotlib__matplotlib-14623_step_6,swebench,code_swe,matplotlib__matplotlib-14623,6,11,last_message_text,377,95,False,0.0
swebench_matplotlib__matplotlib-14623_step_6,swebench,code_swe,matplotlib__matplotlib-14623,6,11,full_context_text,29458,7365,False,0.0
swebench_matplotlib__matplotlib-14623_step_6,swebench,code_swe,matplotlib__matplotlib-14623,6,11,acu_head_tail_context,29458,7365,False,0.0
swebench_matplotlib__matplotlib-14623_step_7,swebench,code_swe,matplotlib__matplotlib-14623,7,11,last_message_text,3571,893,False,0.0
swebench_matplotlib__matplotlib-14623_step_7,swebench,code_swe,matplotlib__matplotlib-14623,7,11,full_context_text,33188,8297,False,0.0
swebench_matplotlib__matplotlib-14623_step_7,swebench,code_swe,matplotlib__matplotlib-14623,7,11,acu_head_tail_context,31639,7910,True,0.04667349644449803
swebench_matplotlib__matplotlib-14623_step_8,swebench,code_swe,matplotlib__matplotlib-14623,8,11,last_message_text,2274,569,False,0.0
swebench_matplotlib__matplotlib-14623_step_8,swebench,code_swe,matplotlib__matplotlib-14623,8,11,full_context_text,37903,9476,False,0.0
swebench_matplotlib__matplotlib-14623_step_8,swebench,code_swe,matplotlib__matplotlib-14623,8,11,acu_head_tail_context,31230,7808,True,0.17605466585758378
swebench_matplotlib__matplotlib-14623_step_9,swebench,code_swe,matplotlib__matplotlib-14623,9,11,last_message_text,1361,341,False,0.0
swebench_matplotlib__matplotlib-14623_step_9,swebench,code_swe,matplotlib__matplotlib-14623,9,11,full_context_text,39371,9843,False,0.0
swebench_matplotlib__matplotlib-14623_step_9,swebench,code_swe,matplotlib__matplotlib-14623,9,11,acu_head_tail_context,32698,8175,True,0.16949023392852602
swebench_matplotlib__matplotlib-14623_step_10,swebench,code_swe,matplotlib__matplotlib-14623,10,11,last_message_text,62,16,False,0.0
swebench_matplotlib__matplotlib-14623_step_10,swebench,code_swe,matplotlib__matplotlib-14623,10,11,full_context_text,39537,9885,False,0.0
swebench_matplotlib__matplotlib-14623_step_10,swebench,code_swe,matplotlib__matplotlib-14623,10,11,acu_head_tail_context,32583,8146,True,0.17588587905000375
swebench_matplotlib__matplotlib-14623_step_11,swebench,code_swe,matplotlib__matplotlib-14623,11,11,last_message_text,1361,341,False,0.0
swebench_matplotlib__matplotlib-14623_step_11,swebench,code_swe,matplotlib__matplotlib-14623,11,11,full_context_text,40990,10248,False,0.0
swebench_matplotlib__matplotlib-14623_step_11,swebench,code_swe,matplotlib__matplotlib-14623,11,11,acu_head_tail_context,32731,8183,True,0.20148816784581602
swebench_matplotlib__matplotlib-20488_step_1,swebench,code_swe,matplotlib__matplotlib-20488,1,6,last_message_text,6450,1613,False,0.0
swebench_matplotlib__matplotlib-20488_step_1,swebench,code_swe,matplotlib__matplotlib-20488,1,6,full_context_text,6556,1639,False,0.0
swebench_matplotlib__matplotlib-20488_step_1,swebench,code_swe,matplotlib__matplotlib-20488,1,6,acu_head_tail_context,6556,1639,False,0.0
swebench_matplotlib__matplotlib-20488_step_2,swebench,code_swe,matplotlib__matplotlib-20488,2,6,last_message_text,185,47,False,0.0
swebench_matplotlib__matplotlib-20488_step_2,swebench,code_swe,matplotlib__matplotlib-20488,2,6,full_context_text,13640,3410,False,0.0
swebench_matplotlib__matplotlib-20488_step_2,swebench,code_swe,matplotlib__matplotlib-20488,2,6,acu_head_tail_context,13640,3410,False,0.0
swebench_matplotlib__matplotlib-20488_step_3,swebench,code_swe,matplotlib__matplotlib-20488,3,6,last_message_text,963,241,False,0.0
swebench_matplotlib__matplotlib-20488_step_3,swebench,code_swe,matplotlib__matplotlib-20488,3,6,full_context_text,17492,4373,False,0.0
swebench_matplotlib__matplotlib-20488_step_3,swebench,code_swe,matplotlib__matplotlib-20488,3,6,acu_head_tail_context,17492,4373,False,0.0
swebench_matplotlib__matplotlib-20488_step_4,swebench,code_swe,matplotlib__matplotlib-20488,4,6,last_message_text,1430,358,False,0.0
swebench_matplotlib__matplotlib-20488_step_4,swebench,code_swe,matplotlib__matplotlib-20488,4,6,full_context_text,20442,5111,False,0.0
swebench_matplotlib__matplotlib-20488_step_4,swebench,code_swe,matplotlib__matplotlib-20488,4,6,acu_head_tail_context,20442,5111,False,0.0
swebench_matplotlib__matplotlib-20488_step_5,swebench,code_swe,matplotlib__matplotlib-20488,5,6,last_message_text,185,47,False,0.0
swebench_matplotlib__matplotlib-20488_step_5,swebench,code_swe,matplotlib__matplotlib-20488,5,6,full_context_text,21286,5322,False,0.0
swebench_matplotlib__matplotlib-20488_step_5,swebench,code_swe,matplotlib__matplotlib-20488,5,6,acu_head_tail_context,21286,5322,False,0.0
swebench_matplotlib__matplotlib-20488_step_6,swebench,code_swe,matplotlib__matplotlib-20488,6,6,last_message_text,1991,498,False,0.0
swebench_matplotlib__matplotlib-20488_step_6,swebench,code_swe,matplotlib__matplotlib-20488,6,6,full_context_text,23462,5866,False,0.0
swebench_matplotlib__matplotlib-20488_step_6,swebench,code_swe,matplotlib__matplotlib-20488,6,6,acu_head_tail_context,23462,5866,False,0.0
swebench_astropy__astropy-13033_step_1,swebench,code_swe,astropy__astropy-13033,1,7,last_message_text,7288,1822,False,0.0
swebench_astropy__astropy-13033_step_1,swebench,code_swe,astropy__astropy-13033,1,7,full_context_text,7394,1849,False,0.0
swebench_astropy__astropy-13033_step_1,swebench,code_swe,astropy__astropy-13033,1,7,acu_head_tail_context,7394,1849,False,0.0
swebench_astropy__astropy-13033_step_2,swebench,code_swe,astropy__astropy-13033,2,7,last_message_text,1325,332,False,0.0
swebench_astropy__astropy-13033_step_2,swebench,code_swe,astropy__astropy-13033,2,7,full_context_text,8953,2239,False,0.0
swebench_astropy__astropy-13033_step_2,swebench,code_swe,astropy__astropy-13033,2,7,acu_head_tail_context,8953,2239,False,0.0
swebench_astropy__astropy-13033_step_3,swebench,code_swe,astropy__astropy-13033,3,7,last_message_text,2429,608,False,0.0
swebench_astropy__astropy-13033_step_3,swebench,code_swe,astropy__astropy-13033,3,7,full_context_text,11850,2963,False,0.0
swebench_astropy__astropy-13033_step_3,swebench,code_swe,astropy__astropy-13033,3,7,acu_head_tail_context,11850,2963,False,0.0
swebench_astropy__astropy-13033_step_4,swebench,code_swe,astropy__astropy-13033,4,7,last_message_text,3986,997,False,0.0
swebench_astropy__astropy-13033_step_4,swebench,code_swe,astropy__astropy-13033,4,7,full_context_text,15937,3985,False,0.0
swebench_astropy__astropy-13033_step_4,swebench,code_swe,astropy__astropy-13033,4,7,acu_head_tail_context,15937,3985,False,0.0
swebench_astropy__astropy-13033_step_5,swebench,code_swe,astropy__astropy-13033,5,7,last_message_text,180,45,False,0.0
swebench_astropy__astropy-13033_step_5,swebench,code_swe,astropy__astropy-13033,5,7,full_context_text,17036,4259,False,0.0
swebench_astropy__astropy-13033_step_5,swebench,code_swe,astropy__astropy-13033,5,7,acu_head_tail_context,17036,4259,False,0.0
swebench_astropy__astropy-13033_step_6,swebench,code_swe,astropy__astropy-13033,6,7,last_message_text,2649,663,False,0.0
swebench_astropy__astropy-13033_step_6,swebench,code_swe,astropy__astropy-13033,6,7,full_context_text,21789,5448,False,0.0
swebench_astropy__astropy-13033_step_6,swebench,code_swe,astropy__astropy-13033,6,7,acu_head_tail_context,21789,5448,False,0.0
swebench_astropy__astropy-13033_step_7,swebench,code_swe,astropy__astropy-13033,7,7,last_message_text,1071,268,False,0.0
swebench_astropy__astropy-13033_step_7,swebench,code_swe,astropy__astropy-13033,7,7,full_context_text,23528,5882,False,0.0
swebench_astropy__astropy-13033_step_7,swebench,code_swe,astropy__astropy-13033,7,7,acu_head_tail_context,23528,5882,False,0.0
swebench_pydata__xarray-3095_step_1,swebench,code_swe,pydata__xarray-3095,1,10,last_message_text,7309,1828,False,0.0
swebench_pydata__xarray-3095_step_1,swebench,code_swe,pydata__xarray-3095,1,10,full_context_text,7415,1854,False,0.0
swebench_pydata__xarray-3095_step_1,swebench,code_swe,pydata__xarray-3095,1,10,acu_head_tail_context,7415,1854,False,0.0
swebench_pydata__xarray-3095_step_2,swebench,code_swe,pydata__xarray-3095,2,10,last_message_text,383,96,False,0.0
swebench_pydata__xarray-3095_step_2,swebench,code_swe,pydata__xarray-3095,2,10,full_context_text,8206,2052,False,0.0
swebench_pydata__xarray-3095_step_2,swebench,code_swe,pydata__xarray-3095,2,10,acu_head_tail_context,8206,2052,False,0.0
swebench_pydata__xarray-3095_step_3,swebench,code_swe,pydata__xarray-3095,3,10,last_message_text,1105,277,False,0.0
swebench_pydata__xarray-3095_step_3,swebench,code_swe,pydata__xarray-3095,3,10,full_context_text,9983,2496,False,0.0
swebench_pydata__xarray-3095_step_3,swebench,code_swe,pydata__xarray-3095,3,10,acu_head_tail_context,9983,2496,False,0.0
swebench_pydata__xarray-3095_step_4,swebench,code_swe,pydata__xarray-3095,4,10,last_message_text,8085,2022,False,0.0
swebench_pydata__xarray-3095_step_4,swebench,code_swe,pydata__xarray-3095,4,10,full_context_text,24533,6134,False,0.0
swebench_pydata__xarray-3095_step_4,swebench,code_swe,pydata__xarray-3095,4,10,acu_head_tail_context,24533,6134,False,0.0
swebench_pydata__xarray-3095_step_5,swebench,code_swe,pydata__xarray-3095,5,10,last_message_text,4503,1126,False,0.0
swebench_pydata__xarray-3095_step_5,swebench,code_swe,pydata__xarray-3095,5,10,full_context_text,35823,8956,False,0.0
swebench_pydata__xarray-3095_step_5,swebench,code_swe,pydata__xarray-3095,5,10,acu_head_tail_context,32653,8164,True,0.08849063450855599
swebench_pydata__xarray-3095_step_6,swebench,code_swe,pydata__xarray-3095,6,10,last_message_text,3556,889,False,0.0
swebench_pydata__xarray-3095_step_6,swebench,code_swe,pydata__xarray-3095,6,10,full_context_text,41552,10388,False,0.0
swebench_pydata__xarray-3095_step_6,swebench,code_swe,pydata__xarray-3095,6,10,acu_head_tail_context,32620,8155,True,0.2149595687331537
swebench_pydata__xarray-3095_step_7,swebench,code_swe,pydata__xarray-3095,7,10,last_message_text,1319,330,False,0.0
swebench_pydata__xarray-3095_step_7,swebench,code_swe,pydata__xarray-3095,7,10,full_context_text,42981,10746,False,0.0
swebench_pydata__xarray-3095_step_7,swebench,code_swe,pydata__xarray-3095,7,10,acu_head_tail_context,32678,8170,True,0.23971056978664995
swebench_pydata__xarray-3095_step_8,swebench,code_swe,pydata__xarray-3095,8,10,last_message_text,1017,255,False,0.0
swebench_pydata__xarray-3095_step_8,swebench,code_swe,pydata__xarray-3095,8,10,full_context_text,46071,11518,False,0.0
swebench_pydata__xarray-3095_step_8,swebench,code_swe,pydata__xarray-3095,8,10,acu_head_tail_context,32676,8169,True,0.29074689066875037
swebench_pydata__xarray-3095_step_9,swebench,code_swe,pydata__xarray-3095,9,10,last_message_text,1017,255,False,0.0
swebench_pydata__xarray-3095_step_9,swebench,code_swe,pydata__xarray-3095,9,10,full_context_text,47231,11808,False,0.0
swebench_pydata__xarray-3095_step_9,swebench,code_swe,pydata__xarray-3095,9,10,acu_head_tail_context,32729,8183,True,0.30704410239037916
swebench_pydata__xarray-3095_step_10,swebench,code_swe,pydata__xarray-3095,10,10,last_message_text,2602,651,False,0.0
swebench_pydata__xarray-3095_step_10,swebench,code_swe,pydata__xarray-3095,10,10,full_context_text,53032,13258,False,0.0
swebench_pydata__xarray-3095_step_10,swebench,code_swe,pydata__xarray-3095,10,10,acu_head_tail_context,32622,8156,True,0.38486197013124146
swebench_scikit-learn__scikit-learn-10844_step_1,swebench,code_swe,scikit-learn__scikit-learn-10844,1,6,last_message_text,6897,1725,False,0.0
swebench_scikit-learn__scikit-learn-10844_step_1,swebench,code_swe,scikit-learn__scikit-learn-10844,1,6,full_context_text,7003,1751,False,0.0
swebench_scikit-learn__scikit-learn-10844_step_1,swebench,code_swe,scikit-learn__scikit-learn-10844,1,6,acu_head_tail_context,7003,1751,False,0.0
swebench_scikit-learn__scikit-learn-10844_step_2,swebench,code_swe,scikit-learn__scikit-learn-10844,2,6,last_message_text,830,208,False,0.0
swebench_scikit-learn__scikit-learn-10844_step_2,swebench,code_swe,scikit-learn__scikit-learn-10844,2,6,full_context_text,8083,2021,False,0.0
swebench_scikit-learn__scikit-learn-10844_step_2,swebench,code_swe,scikit-learn__scikit-learn-10844,2,6,acu_head_tail_context,8083,2021,False,0.0
swebench_scikit-learn__scikit-learn-10844_step_3,swebench,code_swe,scikit-learn__scikit-learn-10844,3,6,last_message_text,180,45,False,0.0
swebench_scikit-learn__scikit-learn-10844_step_3,swebench,code_swe,scikit-learn__scikit-learn-10844,3,6,full_context_text,10759,2690,False,0.0
swebench_scikit-learn__scikit-learn-10844_step_3,swebench,code_swe,scikit-learn__scikit-learn-10844,3,6,acu_head_tail_context,10759,2690,False,0.0
swebench_scikit-learn__scikit-learn-10844_step_4,swebench,code_swe,scikit-learn__scikit-learn-10844,4,6,last_message_text,1522,381,False,0.0
swebench_scikit-learn__scikit-learn-10844_step_4,swebench,code_swe,scikit-learn__scikit-learn-10844,4,6,full_context_text,13257,3315,False,0.0
swebench_scikit-learn__scikit-learn-10844_step_4,swebench,code_swe,scikit-learn__scikit-learn-10844,4,6,acu_head_tail_context,13257,3315,False,0.0
swebench_scikit-learn__scikit-learn-10844_step_5,swebench,code_swe,scikit-learn__scikit-learn-10844,5,6,last_message_text,62,16,False,0.0
swebench_scikit-learn__scikit-learn-10844_step_5,swebench,code_swe,scikit-learn__scikit-learn-10844,5,6,full_context_text,13447,3362,False,0.0
swebench_scikit-learn__scikit-learn-10844_step_5,swebench,code_swe,scikit-learn__scikit-learn-10844,5,6,acu_head_tail_context,13447,3362,False,0.0
swebench_scikit-learn__scikit-learn-10844_step_6,swebench,code_swe,scikit-learn__scikit-learn-10844,6,6,last_message_text,693,174,False,0.0
swebench_scikit-learn__scikit-learn-10844_step_6,swebench,code_swe,scikit-learn__scikit-learn-10844,6,6,full_context_text,14220,3555,False,0.0
swebench_scikit-learn__scikit-learn-10844_step_6,swebench,code_swe,scikit-learn__scikit-learn-10844,6,6,acu_head_tail_context,14220,3555,False,0.0
swebench_pytest-dev__pytest-10081_step_1,swebench,code_swe,pytest-dev__pytest-10081,1,10,last_message_text,7403,1851,False,0.0
swebench_pytest-dev__pytest-10081_step_1,swebench,code_swe,pytest-dev__pytest-10081,1,10,full_context_text,7509,1878,False,0.0
swebench_pytest-dev__pytest-10081_step_1,swebench,code_swe,pytest-dev__pytest-10081,1,10,acu_head_tail_context,7509,1878,False,0.0
swebench_pytest-dev__pytest-10081_step_2,swebench,code_swe,pytest-dev__pytest-10081,2,10,last_message_text,740,185,False,0.0
swebench_pytest-dev__pytest-10081_step_2,swebench,code_swe,pytest-dev__pytest-10081,2,10,full_context_text,8483,2121,False,0.0
swebench_pytest-dev__pytest-10081_step_2,swebench,code_swe,pytest-dev__pytest-10081,2,10,acu_head_tail_context,8483,2121,False,0.0
swebench_pytest-dev__pytest-10081_step_3,swebench,code_swe,pytest-dev__pytest-10081,3,10,last_message_text,86,22,False,0.0
swebench_pytest-dev__pytest-10081_step_3,swebench,code_swe,pytest-dev__pytest-10081,3,10,full_context_text,16201,4051,False,0.0
swebench_pytest-dev__pytest-10081_step_3,swebench,code_swe,pytest-dev__pytest-10081,3,10,acu_head_tail_context,16201,4051,False,0.0
swebench_pytest-dev__pytest-10081_step_4,swebench,code_swe,pytest-dev__pytest-10081,4,10,last_message_text,103,26,False,0.0
swebench_pytest-dev__pytest-10081_step_4,swebench,code_swe,pytest-dev__pytest-10081,4,10,full_context_text,19614,4904,False,0.0
swebench_pytest-dev__pytest-10081_step_4,swebench,code_swe,pytest-dev__pytest-10081,4,10,acu_head_tail_context,19614,4904,False,0.0
swebench_pytest-dev__pytest-10081_step_5,swebench,code_swe,pytest-dev__pytest-10081,5,10,last_message_text,596,149,False,0.0
swebench_pytest-dev__pytest-10081_step_5,swebench,code_swe,pytest-dev__pytest-10081,5,10,full_context_text,20396,5099,False,0.0
swebench_pytest-dev__pytest-10081_step_5,swebench,code_swe,pytest-dev__pytest-10081,5,10,acu_head_tail_context,20396,5099,False,0.0
swebench_pytest-dev__pytest-10081_step_6,swebench,code_swe,pytest-dev__pytest-10081,6,10,last_message_text,114,29,False,0.0
swebench_pytest-dev__pytest-10081_step_6,swebench,code_swe,pytest-dev__pytest-10081,6,10,full_context_text,20901,5226,False,0.0
swebench_pytest-dev__pytest-10081_step_6,swebench,code_swe,pytest-dev__pytest-10081,6,10,acu_head_tail_context,20901,5226,False,0.0
swebench_pytest-dev__pytest-10081_step_7,swebench,code_swe,pytest-dev__pytest-10081,7,10,last_message_text,4466,1117,False,0.0
swebench_pytest-dev__pytest-10081_step_7,swebench,code_swe,pytest-dev__pytest-10081,7,10,full_context_text,25473,6369,False,0.0
swebench_pytest-dev__pytest-10081_step_7,swebench,code_swe,pytest-dev__pytest-10081,7,10,acu_head_tail_context,25473,6369,False,0.0
swebench_pytest-dev__pytest-10081_step_8,swebench,code_swe,pytest-dev__pytest-10081,8,10,last_message_text,1237,310,False,0.0
swebench_pytest-dev__pytest-10081_step_8,swebench,code_swe,pytest-dev__pytest-10081,8,10,full_context_text,27581,6896,False,0.0
swebench_pytest-dev__pytest-10081_step_8,swebench,code_swe,pytest-dev__pytest-10081,8,10,acu_head_tail_context,27581,6896,False,0.0
swebench_pytest-dev__pytest-10081_step_9,swebench,code_swe,pytest-dev__pytest-10081,9,10,last_message_text,869,218,False,0.0
swebench_pytest-dev__pytest-10081_step_9,swebench,code_swe,pytest-dev__pytest-10081,9,10,full_context_text,28581,7146,False,0.0
swebench_pytest-dev__pytest-10081_step_9,swebench,code_swe,pytest-dev__pytest-10081,9,10,acu_head_tail_context,28581,7146,False,0.0
swebench_pytest-dev__pytest-10081_step_10,swebench,code_swe,pytest-dev__pytest-10081,10,10,last_message_text,933,234,False,0.0
swebench_pytest-dev__pytest-10081_step_10,swebench,code_swe,pytest-dev__pytest-10081,10,10,full_context_text,29646,7412,False,0.0
swebench_pytest-dev__pytest-10081_step_10,swebench,code_swe,pytest-dev__pytest-10081,10,10,acu_head_tail_context,29646,7412,False,0.0
swebench_pylint-dev__pylint-4604_step_1,swebench,code_swe,pylint-dev__pylint-4604,1,8,last_message_text,5183,1296,False,0.0
swebench_pylint-dev__pylint-4604_step_1,swebench,code_swe,pylint-dev__pylint-4604,1,8,full_context_text,5289,1323,False,0.0
swebench_pylint-dev__pylint-4604_step_1,swebench,code_swe,pylint-dev__pylint-4604,1,8,acu_head_tail_context,5289,1323,False,0.0
swebench_pylint-dev__pylint-4604_step_2,swebench,code_swe,pylint-dev__pylint-4604,2,8,last_message_text,919,230,False,0.0
swebench_pylint-dev__pylint-4604_step_2,swebench,code_swe,pylint-dev__pylint-4604,2,8,full_context_text,6472,1618,False,0.0
swebench_pylint-dev__pylint-4604_step_2,swebench,code_swe,pylint-dev__pylint-4604,2,8,acu_head_tail_context,6472,1618,False,0.0
swebench_pylint-dev__pylint-4604_step_3,swebench,code_swe,pylint-dev__pylint-4604,3,8,last_message_text,7156,1789,False,0.0
swebench_pylint-dev__pylint-4604_step_3,swebench,code_swe,pylint-dev__pylint-4604,3,8,full_context_text,14275,3569,False,0.0
swebench_pylint-dev__pylint-4604_step_3,swebench,code_swe,pylint-dev__pylint-4604,3,8,acu_head_tail_context,14275,3569,False,0.0
swebench_pylint-dev__pylint-4604_step_4,swebench,code_swe,pylint-dev__pylint-4604,4,8,last_message_text,182,46,False,0.0
swebench_pylint-dev__pylint-4604_step_4,swebench,code_swe,pylint-dev__pylint-4604,4,8,full_context_text,26128,6532,False,0.0
swebench_pylint-dev__pylint-4604_step_4,swebench,code_swe,pylint-dev__pylint-4604,4,8,acu_head_tail_context,26128,6532,False,0.0
swebench_pylint-dev__pylint-4604_step_5,swebench,code_swe,pylint-dev__pylint-4604,5,8,last_message_text,1373,344,False,0.0
swebench_pylint-dev__pylint-4604_step_5,swebench,code_swe,pylint-dev__pylint-4604,5,8,full_context_text,29972,7493,False,0.0
swebench_pylint-dev__pylint-4604_step_5,swebench,code_swe,pylint-dev__pylint-4604,5,8,acu_head_tail_context,29972,7493,False,0.0
swebench_pylint-dev__pylint-4604_step_6,swebench,code_swe,pylint-dev__pylint-4604,6,8,last_message_text,703,176,False,0.0
swebench_pylint-dev__pylint-4604_step_6,swebench,code_swe,pylint-dev__pylint-4604,6,8,full_context_text,30838,7710,False,0.0
swebench_pylint-dev__pylint-4604_step_6,swebench,code_swe,pylint-dev__pylint-4604,6,8,acu_head_tail_context,30838,7710,False,0.0
swebench_pylint-dev__pylint-4604_step_7,swebench,code_swe,pylint-dev__pylint-4604,7,8,last_message_text,62,16,False,0.0
swebench_pylint-dev__pylint-4604_step_7,swebench,code_swe,pylint-dev__pylint-4604,7,8,full_context_text,31019,7755,False,0.0
swebench_pylint-dev__pylint-4604_step_7,swebench,code_swe,pylint-dev__pylint-4604,7,8,acu_head_tail_context,31019,7755,False,0.0
swebench_pylint-dev__pylint-4604_step_8,swebench,code_swe,pylint-dev__pylint-4604,8,8,last_message_text,703,176,False,0.0
swebench_pylint-dev__pylint-4604_step_8,swebench,code_swe,pylint-dev__pylint-4604,8,8,full_context_text,31802,7951,False,0.0
swebench_pylint-dev__pylint-4604_step_8,swebench,code_swe,pylint-dev__pylint-4604,8,8,acu_head_tail_context,31802,7951,False,0.0
swebench_psf__requests-1724_step_1,swebench,code_swe,psf__requests-1724,1,10,last_message_text,11974,2994,False,0.0
swebench_psf__requests-1724_step_1,swebench,code_swe,psf__requests-1724,1,10,full_context_text,12080,3020,False,0.0
swebench_psf__requests-1724_step_1,swebench,code_swe,psf__requests-1724,1,10,acu_head_tail_context,12080,3020,False,0.0
swebench_psf__requests-1724_step_2,swebench,code_swe,psf__requests-1724,2,10,last_message_text,813,204,False,0.0
swebench_psf__requests-1724_step_2,swebench,code_swe,psf__requests-1724,2,10,full_context_text,13153,3289,False,0.0
swebench_psf__requests-1724_step_2,swebench,code_swe,psf__requests-1724,2,10,acu_head_tail_context,13153,3289,False,0.0
swebench_psf__requests-1724_step_3,swebench,code_swe,psf__requests-1724,3,10,last_message_text,799,200,False,0.0
swebench_psf__requests-1724_step_3,swebench,code_swe,psf__requests-1724,3,10,full_context_text,17963,4491,False,0.0
swebench_psf__requests-1724_step_3,swebench,code_swe,psf__requests-1724,3,10,acu_head_tail_context,17963,4491,False,0.0
swebench_psf__requests-1724_step_4,swebench,code_swe,psf__requests-1724,4,10,last_message_text,660,165,False,0.0
swebench_psf__requests-1724_step_4,swebench,code_swe,psf__requests-1724,4,10,full_context_text,23316,5829,False,0.0
swebench_psf__requests-1724_step_4,swebench,code_swe,psf__requests-1724,4,10,acu_head_tail_context,23316,5829,False,0.0
swebench_psf__requests-1724_step_5,swebench,code_swe,psf__requests-1724,5,10,last_message_text,1576,394,False,0.0
swebench_psf__requests-1724_step_5,swebench,code_swe,psf__requests-1724,5,10,full_context_text,28688,7172,False,0.0
swebench_psf__requests-1724_step_5,swebench,code_swe,psf__requests-1724,5,10,acu_head_tail_context,28688,7172,False,0.0
swebench_psf__requests-1724_step_6,swebench,code_swe,psf__requests-1724,6,10,last_message_text,417,105,False,0.0
swebench_psf__requests-1724_step_6,swebench,code_swe,psf__requests-1724,6,10,full_context_text,30326,7582,False,0.0
swebench_psf__requests-1724_step_6,swebench,code_swe,psf__requests-1724,6,10,acu_head_tail_context,30326,7582,False,0.0
swebench_psf__requests-1724_step_7,swebench,code_swe,psf__requests-1724,7,10,last_message_text,428,107,False,0.0
swebench_psf__requests-1724_step_7,swebench,code_swe,psf__requests-1724,7,10,full_context_text,32855,8214,False,0.0
swebench_psf__requests-1724_step_7,swebench,code_swe,psf__requests-1724,7,10,acu_head_tail_context,26918,6730,True,0.18070308933191292
swebench_psf__requests-1724_step_8,swebench,code_swe,psf__requests-1724,8,10,last_message_text,601,151,False,0.0
swebench_psf__requests-1724_step_8,swebench,code_swe,psf__requests-1724,8,10,full_context_text,33553,8389,False,0.0
swebench_psf__requests-1724_step_8,swebench,code_swe,psf__requests-1724,8,10,acu_head_tail_context,27616,6904,True,0.17694393943909636
swebench_psf__requests-1724_step_9,swebench,code_swe,psf__requests-1724,9,10,last_message_text,62,16,False,0.0
swebench_psf__requests-1724_step_9,swebench,code_swe,psf__requests-1724,9,10,full_context_text,33724,8431,False,0.0
swebench_psf__requests-1724_step_9,swebench,code_swe,psf__requests-1724,9,10,acu_head_tail_context,27787,6947,True,0.17604673229747358
swebench_psf__requests-1724_step_10,swebench,code_swe,psf__requests-1724,10,10,last_message_text,601,151,False,0.0
swebench_psf__requests-1724_step_10,swebench,code_swe,psf__requests-1724,10,10,full_context_text,34405,8602,False,0.0
swebench_psf__requests-1724_step_10,swebench,code_swe,psf__requests-1724,10,10,acu_head_tail_context,28468,7117,True,0.17256212759773293
pinchbench_task_01_calendar_step_1,pinchbench,general_agent,task_01_calendar,1,4,last_message_text,352,88,False,0.0
pinchbench_task_01_calendar_step_1,pinchbench,general_agent,task_01_calendar,1,4,full_context_text,35792,8948,False,0.0
pinchbench_task_01_calendar_step_1,pinchbench,general_agent,task_01_calendar,1,4,acu_head_tail_context,6391,1598,True,0.8214405453732678
pinchbench_task_01_calendar_step_2,pinchbench,general_agent,task_01_calendar,2,4,last_message_text,38,10,False,0.0
pinchbench_task_01_calendar_step_2,pinchbench,general_agent,task_01_calendar,2,4,full_context_text,36109,9028,False,0.0
pinchbench_task_01_calendar_step_2,pinchbench,general_agent,task_01_calendar,2,4,acu_head_tail_context,6708,1677,True,0.8142291395496968
pinchbench_task_01_calendar_step_3,pinchbench,general_agent,task_01_calendar,3,4,last_message_text,74,19,False,0.0
pinchbench_task_01_calendar_step_3,pinchbench,general_agent,task_01_calendar,3,4,full_context_text,36644,9161,False,0.0
pinchbench_task_01_calendar_step_3,pinchbench,general_agent,task_01_calendar,3,4,acu_head_tail_context,7243,1811,True,0.8023414474402357
pinchbench_task_01_calendar_step_4,pinchbench,general_agent,task_01_calendar,4,4,last_message_text,177,45,False,0.0
pinchbench_task_01_calendar_step_4,pinchbench,general_agent,task_01_calendar,4,4,full_context_text,37545,9387,False,0.0
pinchbench_task_01_calendar_step_4,pinchbench,general_agent,task_01_calendar,4,4,acu_head_tail_context,8144,2036,True,0.7830869623118923
pinchbench_task_03_blog_step_1,pinchbench,general_agent,task_03_blog,1,2,last_message_text,117,30,False,0.0
pinchbench_task_03_blog_step_1,pinchbench,general_agent,task_03_blog,1,2,full_context_text,35517,8880,False,0.0
pinchbench_task_03_blog_step_1,pinchbench,general_agent,task_03_blog,1,2,acu_head_tail_context,6156,1539,True,0.8266745502153898
pinchbench_task_03_blog_step_2,pinchbench,general_agent,task_03_blog,2,2,last_message_text,63,16,False,0.0
pinchbench_task_03_blog_step_2,pinchbench,general_agent,task_03_blog,2,2,full_context_text,39902,9976,False,0.0
pinchbench_task_03_blog_step_2,pinchbench,general_agent,task_03_blog,2,2,acu_head_tail_context,10541,2636,True,0.7358277780562378
pinchbench_task_04_weather_step_1,pinchbench,general_agent,task_04_weather,1,6,last_message_text,135,34,False,0.0
pinchbench_task_04_weather_step_1,pinchbench,general_agent,task_04_weather,1,6,full_context_text,35565,8892,False,0.0
pinchbench_task_04_weather_step_1,pinchbench,general_agent,task_04_weather,1,6,acu_head_tail_context,6174,1544,True,0.8264023618726276
pinchbench_task_04_weather_step_2,pinchbench,general_agent,task_04_weather,2,6,last_message_text,120,30,False,0.0
pinchbench_task_04_weather_step_2,pinchbench,general_agent,task_04_weather,2,6,full_context_text,37591,9398,False,0.0
pinchbench_task_04_weather_step_2,pinchbench,general_agent,task_04_weather,2,6,acu_head_tail_context,8200,2050,True,0.7818626798967838
pinchbench_task_04_weather_step_3,pinchbench,general_agent,task_04_weather,3,6,last_message_text,196,49,False,0.0
pinchbench_task_04_weather_step_3,pinchbench,general_agent,task_04_weather,3,6,full_context_text,39805,9952,False,0.0
pinchbench_task_04_weather_step_3,pinchbench,general_agent,task_04_weather,3,6,acu_head_tail_context,10414,2604,True,0.7383745760582842
pinchbench_task_04_weather_step_4,pinchbench,general_agent,task_04_weather,4,6,last_message_text,117,30,False,0.0
pinchbench_task_04_weather_step_4,pinchbench,general_agent,task_04_weather,4,6,full_context_text,40410,10103,False,0.0
pinchbench_task_04_weather_step_4,pinchbench,general_agent,task_04_weather,4,6,acu_head_tail_context,11019,2755,True,0.7273199703043801
pinchbench_task_04_weather_step_5,pinchbench,general_agent,task_04_weather,5,6,last_message_text,141,36,False,0.0
pinchbench_task_04_weather_step_5,pinchbench,general_agent,task_04_weather,5,6,full_context_text,42257,10565,False,0.0
pinchbench_task_04_weather_step_5,pinchbench,general_agent,task_04_weather,5,6,acu_head_tail_context,12866,3217,True,0.6955297347185081
pinchbench_task_04_weather_step_6,pinchbench,general_agent,task_04_weather,6,6,last_message_text,178,45,False,0.0
pinchbench_task_04_weather_step_6,pinchbench,general_agent,task_04_weather,6,6,full_context_text,63302,15826,False,0.0
pinchbench_task_04_weather_step_6,pinchbench,general_agent,task_04_weather,6,6,acu_head_tail_context,32760,8190,True,0.48248080629364
pinchbench_task_05_summary_step_1,pinchbench,general_agent,task_05_summary,1,4,last_message_text,109,28,False,0.0
pinchbench_task_05_summary_step_1,pinchbench,general_agent,task_05_summary,1,4,full_context_text,35539,8885,False,0.0
pinchbench_task_05_summary_step_1,pinchbench,general_agent,task_05_summary,1,4,acu_head_tail_context,6148,1537,True,0.8270069501111454
pinchbench_task_05_summary_step_2,pinchbench,general_agent,task_05_summary,2,4,last_message_text,4097,1025,False,0.0
pinchbench_task_05_summary_step_2,pinchbench,general_agent,task_05_summary,2,4,full_context_text,39762,9941,False,0.0
pinchbench_task_05_summary_step_2,pinchbench,general_agent,task_05_summary,2,4,acu_head_tail_context,10371,2593,True,0.7391730798249585
pinchbench_task_05_summary_step_3,pinchbench,general_agent,task_05_summary,3,4,last_message_text,219,55,False,0.0
pinchbench_task_05_summary_step_3,pinchbench,general_agent,task_05_summary,3,4,full_context_text,40108,10027,False,0.0
pinchbench_task_05_summary_step_3,pinchbench,general_agent,task_05_summary,3,4,acu_head_tail_context,10717,2680,True,0.7327964495861174
pinchbench_task_05_summary_step_4,pinchbench,general_agent,task_05_summary,4,4,last_message_text,128,32,False,0.0
pinchbench_task_05_summary_step_4,pinchbench,general_agent,task_05_summary,4,4,full_context_text,41848,10462,False,0.0
pinchbench_task_05_summary_step_4,pinchbench,general_agent,task_05_summary,4,4,acu_head_tail_context,12457,3115,True,0.7023274708468744
pinchbench_task_07_email_step_1,pinchbench,general_agent,task_07_email,1,2,last_message_text,116,29,False,0.0
pinchbench_task_07_email_step_1,pinchbench,general_agent,task_07_email,1,2,full_context_text,35526,8882,False,0.0
pinchbench_task_07_email_step_1,pinchbench,general_agent,task_07_email,1,2,acu_head_tail_context,6155,1539,True,0.826746608117998
pinchbench_task_07_email_step_2,pinchbench,general_agent,task_07_email,2,2,last_message_text,65,17,False,0.0
pinchbench_task_07_email_step_2,pinchbench,general_agent,task_07_email,2,2,full_context_text,36620,9155,False,0.0
pinchbench_task_07_email_step_2,pinchbench,general_agent,task_07_email,2,2,acu_head_tail_context,7249,1813,True,0.8020480611687603
pinchbench_task_09_files_step_1,pinchbench,general_agent,task_09_files,1,3,last_message_text,152,38,False,0.0
pinchbench_task_09_files_step_1,pinchbench,general_agent,task_09_files,1,3,full_context_text,35562,8891,False,0.0
pinchbench_task_09_files_step_1,pinchbench,general_agent,task_09_files,1,3,acu_head_tail_context,6191,1548,True,0.8259096788707047
pinchbench_task_09_files_step_2,pinchbench,general_agent,task_09_files,2,3,last_message_text,853,214,False,0.0
pinchbench_task_09_files_step_2,pinchbench,general_agent,task_09_files,2,3,full_context_text,37083,9271,False,0.0
pinchbench_task_09_files_step_2,pinchbench,general_agent,task_09_files,2,3,acu_head_tail_context,7712,1928,True,0.7920340856996467
pinchbench_task_09_files_step_3,pinchbench,general_agent,task_09_files,3,3,last_message_text,70,18,False,0.0
pinchbench_task_09_files_step_3,pinchbench,general_agent,task_09_files,3,3,full_context_text,37212,9303,False,0.0
pinchbench_task_09_files_step_3,pinchbench,general_agent,task_09_files,3,3,acu_head_tail_context,7841,1961,True,0.7892884015908846
pinchbench_task_11_clawdhub_step_1,pinchbench,general_agent,task_11_clawdhub,1,4,last_message_text,443,111,False,0.0
pinchbench_task_11_clawdhub_step_1,pinchbench,general_agent,task_11_clawdhub,1,4,full_context_text,35883,8971,False,0.0
pinchbench_task_11_clawdhub_step_1,pinchbench,general_agent,task_11_clawdhub,1,4,acu_head_tail_context,6482,1621,True,0.81935735585096
pinchbench_task_11_clawdhub_step_2,pinchbench,general_agent,task_11_clawdhub,2,4,last_message_text,28,7,False,0.0
pinchbench_task_11_clawdhub_step_2,pinchbench,general_agent,task_11_clawdhub,2,4,full_context_text,37191,9298,False,0.0
pinchbench_task_11_clawdhub_step_2,pinchbench,general_agent,task_11_clawdhub,2,4,acu_head_tail_context,7790,1948,True,0.7905407222177409
pinchbench_task_11_clawdhub_step_3,pinchbench,general_agent,task_11_clawdhub,3,4,last_message_text,133,34,False,0.0
pinchbench_task_11_clawdhub_step_3,pinchbench,general_agent,task_11_clawdhub,3,4,full_context_text,38766,9692,False,0.0
pinchbench_task_11_clawdhub_step_3,pinchbench,general_agent,task_11_clawdhub,3,4,acu_head_tail_context,9365,2342,True,0.758422328844864
pinchbench_task_11_clawdhub_step_4,pinchbench,general_agent,task_11_clawdhub,4,4,last_message_text,322,81,False,0.0
pinchbench_task_11_clawdhub_step_4,pinchbench,general_agent,task_11_clawdhub,4,4,full_context_text,39220,9805,False,0.0
pinchbench_task_11_clawdhub_step_4,pinchbench,general_agent,task_11_clawdhub,4,4,acu_head_tail_context,9819,2455,True,0.7496430392656808
pinchbench_task_12_skill_search_step_1,pinchbench,general_agent,task_12_skill_search,1,6,last_message_text,509,128,False,0.0
pinchbench_task_12_skill_search_step_1,pinchbench,general_agent,task_12_skill_search,1,6,full_context_text,35989,8998,False,0.0
pinchbench_task_12_skill_search_step_1,pinchbench,general_agent,task_12_skill_search,1,6,acu_head_tail_context,6548,1637,True,0.8180555169635166
pinchbench_task_12_skill_search_step_2,pinchbench,general_agent,task_12_skill_search,2,6,last_message_text,185,47,False,0.0
pinchbench_task_12_skill_search_step_2,pinchbench,general_agent,task_12_skill_search,2,6,full_context_text,36546,9137,False,0.0
pinchbench_task_12_skill_search_step_2,pinchbench,general_agent,task_12_skill_search,2,6,acu_head_tail_context,7105,1777,True,0.8055874787938488
pinchbench_task_12_skill_search_step_3,pinchbench,general_agent,task_12_skill_search,3,6,last_message_text,285,72,False,0.0
pinchbench_task_12_skill_search_step_3,pinchbench,general_agent,task_12_skill_search,3,6,full_context_text,36604,9151,False,0.0
pinchbench_task_12_skill_search_step_3,pinchbench,general_agent,task_12_skill_search,3,6,acu_head_tail_context,7163,1791,True,0.8043110042618293
pinchbench_task_12_skill_search_step_4,pinchbench,general_agent,task_12_skill_search,4,6,last_message_text,320,80,False,0.0
pinchbench_task_12_skill_search_step_4,pinchbench,general_agent,task_12_skill_search,4,6,full_context_text,37228,9307,False,0.0
pinchbench_task_12_skill_search_step_4,pinchbench,general_agent,task_12_skill_search,4,6,acu_head_tail_context,7787,1947,True,0.7908294831846997
pinchbench_task_12_skill_search_step_5,pinchbench,general_agent,task_12_skill_search,5,6,last_message_text,67,17,False,0.0
pinchbench_task_12_skill_search_step_5,pinchbench,general_agent,task_12_skill_search,5,6,full_context_text,38068,9517,False,0.0
pinchbench_task_12_skill_search_step_5,pinchbench,general_agent,task_12_skill_search,5,6,acu_head_tail_context,8627,2157,True,0.7733792161395397
pinchbench_task_12_skill_search_step_6,pinchbench,general_agent,task_12_skill_search,6,6,last_message_text,328,82,False,0.0
pinchbench_task_12_skill_search_step_6,pinchbench,general_agent,task_12_skill_search,6,6,full_context_text,45004,11251,False,0.0
pinchbench_task_12_skill_search_step_6,pinchbench,general_agent,task_12_skill_search,6,6,acu_head_tail_context,15563,3891,True,0.6541862945515955
pinchbench_task_14_humanizer_step_1,pinchbench,general_agent,task_14_humanizer,1,3,last_message_text,380,95,False,0.0
pinchbench_task_14_humanizer_step_1,pinchbench,general_agent,task_14_humanizer,1,3,full_context_text,35830,8958,False,0.0
pinchbench_task_14_humanizer_step_1,pinchbench,general_agent,task_14_humanizer,1,3,acu_head_tail_context,6419,1605,True,0.8208484510186994
pinchbench_task_14_humanizer_step_2,pinchbench,general_agent,task_14_humanizer,2,3,last_message_text,81,21,False,0.0
pinchbench_task_14_humanizer_step_2,pinchbench,general_agent,task_14_humanizer,2,3,full_context_text,40611,10153,False,0.0
pinchbench_task_14_humanizer_step_2,pinchbench,general_agent,task_14_humanizer,2,3,acu_head_tail_context,11200,2800,True,0.7242126517446013
pinchbench_task_14_humanizer_step_3,pinchbench,general_agent,task_14_humanizer,3,3,last_message_text,69,18,False,0.0
pinchbench_task_14_humanizer_step_3,pinchbench,general_agent,task_14_humanizer,3,3,full_context_text,44276,11069,False,0.0
pinchbench_task_14_humanizer_step_3,pinchbench,general_agent,task_14_humanizer,3,3,acu_head_tail_context,14865,3717,True,0.6642650645948143
pinchbench_task_15_daily_summary_step_1,pinchbench,general_agent,task_15_daily_summary,1,5,last_message_text,305,77,False,0.0
pinchbench_task_15_daily_summary_step_1,pinchbench,general_agent,task_15_daily_summary,1,5,full_context_text,35795,8949,False,0.0
pinchbench_task_15_daily_summary_step_1,pinchbench,general_agent,task_15_daily_summary,1,5,acu_head_tail_context,6344,1586,True,0.8227685430926107
pinchbench_task_15_daily_summary_step_2,pinchbench,general_agent,task_15_daily_summary,2,5,last_message_text,425,107,False,0.0
pinchbench_task_15_daily_summary_step_2,pinchbench,general_agent,task_15_daily_summary,2,5,full_context_text,36288,9072,False,0.0
pinchbench_task_15_daily_summary_step_2,pinchbench,general_agent,task_15_daily_summary,2,5,acu_head_tail_context,6837,1710,True,0.8115906084656085
pinchbench_task_15_daily_summary_step_3,pinchbench,general_agent,task_15_daily_summary,3,5,last_message_text,1232,308,False,0.0
pinchbench_task_15_daily_summary_step_3,pinchbench,general_agent,task_15_daily_summary,3,5,full_context_text,37605,9402,False,0.0
pinchbench_task_15_daily_summary_step_3,pinchbench,general_agent,task_15_daily_summary,3,5,acu_head_tail_context,8154,2039,True,0.7831671320303151
pinchbench_task_15_daily_summary_step_4,pinchbench,general_agent,task_15_daily_summary,4,5,last_message_text,1256,314,False,0.0
pinchbench_task_15_daily_summary_step_4,pinchbench,general_agent,task_15_daily_summary,4,5,full_context_text,38940,9735,False,0.0
pinchbench_task_15_daily_summary_step_4,pinchbench,general_agent,task_15_daily_summary,4,5,acu_head_tail_context,9489,2373,True,0.7563174114021571
pinchbench_task_15_daily_summary_step_5,pinchbench,general_agent,task_15_daily_summary,5,5,last_message_text,1197,300,False,0.0
pinchbench_task_15_daily_summary_step_5,pinchbench,general_agent,task_15_daily_summary,5,5,full_context_text,40212,10053,False,0.0
pinchbench_task_15_daily_summary_step_5,pinchbench,general_agent,task_15_daily_summary,5,5,acu_head_tail_context,10761,2691,True,0.7323933154282304
pinchbench_task_16_email_triage_step_1,pinchbench,general_agent,task_16_email_triage,1,3,last_message_text,800,200,False,0.0
pinchbench_task_16_email_triage_step_1,pinchbench,general_agent,task_16_email_triage,1,3,full_context_text,36280,9070,False,0.0
pinchbench_task_16_email_triage_step_1,pinchbench,general_agent,task_16_email_triage,1,3,acu_head_tail_context,6839,1710,True,0.8114939360529217
pinchbench_task_16_email_triage_step_2,pinchbench,general_agent,task_16_email_triage,2,3,last_message_text,682,171,False,0.0
pinchbench_task_16_email_triage_step_2,pinchbench,general_agent,task_16_email_triage,2,3,full_context_text,44934,11234,False,0.0
pinchbench_task_16_email_triage_step_2,pinchbench,general_agent,task_16_email_triage,2,3,acu_head_tail_context,15493,3874,True,0.6552054123826057
pinchbench_task_16_email_triage_step_3,pinchbench,general_agent,task_16_email_triage,3,3,last_message_text,67,17,False,0.0
pinchbench_task_16_email_triage_step_3,pinchbench,general_agent,task_16_email_triage,3,3,full_context_text,49834,12459,False,0.0
pinchbench_task_16_email_triage_step_3,pinchbench,general_agent,task_16_email_triage,3,3,acu_head_tail_context,20393,5099,True,0.5907813942288398
pinchbench_task_19_spreadsheet_summary_step_1,pinchbench,general_agent,task_19_spreadsheet_summary,1,6,last_message_text,960,240,False,0.0
pinchbench_task_19_spreadsheet_summary_step_1,pinchbench,general_agent,task_19_spreadsheet_summary,1,6,full_context_text,36510,9128,False,0.0
pinchbench_task_19_spreadsheet_summary_step_1,pinchbench,general_agent,task_19_spreadsheet_summary,1,6,acu_head_tail_context,6999,1750,True,0.8082990961380444
pinchbench_task_19_spreadsheet_summary_step_2,pinchbench,general_agent,task_19_spreadsheet_summary,2,6,last_message_text,5706,1427,False,0.0
pinchbench_task_19_spreadsheet_summary_step_2,pinchbench,general_agent,task_19_spreadsheet_summary,2,6,full_context_text,43721,10931,False,0.0
pinchbench_task_19_spreadsheet_summary_step_2,pinchbench,general_agent,task_19_spreadsheet_summary,2,6,acu_head_tail_context,14210,3553,True,0.6749845611948492
pinchbench_task_19_spreadsheet_summary_step_3,pinchbench,general_agent,task_19_spreadsheet_summary,3,6,last_message_text,132,33,False,0.0
pinchbench_task_19_spreadsheet_summary_step_3,pinchbench,general_agent,task_19_spreadsheet_summary,3,6,full_context_text,44296,11074,False,0.0
pinchbench_task_19_spreadsheet_summary_step_3,pinchbench,general_agent,task_19_spreadsheet_summary,3,6,acu_head_tail_context,14785,3697,True,0.666222683763771
pinchbench_task_19_spreadsheet_summary_step_4,pinchbench,general_agent,task_19_spreadsheet_summary,4,6,last_message_text,1410,353,False,0.0
pinchbench_task_19_spreadsheet_summary_step_4,pinchbench,general_agent,task_19_spreadsheet_summary,4,6,full_context_text,46968,11742,False,0.0
pinchbench_task_19_spreadsheet_summary_step_4,pinchbench,general_agent,task_19_spreadsheet_summary,4,6,acu_head_tail_context,17457,4365,True,0.6283214103219212
pinchbench_task_19_spreadsheet_summary_step_5,pinchbench,general_agent,task_19_spreadsheet_summary,5,6,last_message_text,899,225,False,0.0
pinchbench_task_19_spreadsheet_summary_step_5,pinchbench,general_agent,task_19_spreadsheet_summary,5,6,full_context_text,46378,11595,False,0.0
pinchbench_task_19_spreadsheet_summary_step_5,pinchbench,general_agent,task_19_spreadsheet_summary,5,6,acu_head_tail_context,16867,4217,True,0.6363146319375566
pinchbench_task_19_spreadsheet_summary_step_6,pinchbench,general_agent,task_19_spreadsheet_summary,6,6,last_message_text,645,162,False,0.0
pinchbench_task_19_spreadsheet_summary_step_6,pinchbench,general_agent,task_19_spreadsheet_summary,6,6,full_context_text,57005,14252,False,0.0
pinchbench_task_19_spreadsheet_summary_step_6,pinchbench,general_agent,task_19_spreadsheet_summary,6,6,acu_head_tail_context,27494,6874,True,0.5176914305762652
mtrag_b4614daadceeecb400f7baf0aa48dcb8_turn_8_step_1,mtrag,rag_multiturn,b4614daadceeecb400f7baf0aa48dcb8_turn_8,1,1,last_message_text,103,26,False,0.0
mtrag_b4614daadceeecb400f7baf0aa48dcb8_turn_8_step_1,mtrag,rag_multiturn,b4614daadceeecb400f7baf0aa48dcb8_turn_8,1,1,full_context_text,9259,2315,False,0.0
mtrag_b4614daadceeecb400f7baf0aa48dcb8_turn_8_step_1,mtrag,rag_multiturn,b4614daadceeecb400f7baf0aa48dcb8_turn_8,1,1,acu_head_tail_context,9259,2315,False,0.0
mtrag_2cc753bcef23767c18aedad06c4405c4_turn_4_step_1,mtrag,rag_multiturn,2cc753bcef23767c18aedad06c4405c4_turn_4,1,1,last_message_text,26,7,False,0.0
mtrag_2cc753bcef23767c18aedad06c4405c4_turn_4_step_1,mtrag,rag_multiturn,2cc753bcef23767c18aedad06c4405c4_turn_4,1,1,full_context_text,8384,2096,False,0.0
mtrag_2cc753bcef23767c18aedad06c4405c4_turn_4_step_1,mtrag,rag_multiturn,2cc753bcef23767c18aedad06c4405c4_turn_4,1,1,acu_head_tail_context,8384,2096,False,0.0
mtrag_5503c6e98c54d4901332d0f1c6030bd9_turn_3_step_1,mtrag,rag_multiturn,5503c6e98c54d4901332d0f1c6030bd9_turn_3,1,1,last_message_text,20,5,False,0.0
mtrag_5503c6e98c54d4901332d0f1c6030bd9_turn_3_step_1,mtrag,rag_multiturn,5503c6e98c54d4901332d0f1c6030bd9_turn_3,1,1,full_context_text,9626,2407,False,0.0
mtrag_5503c6e98c54d4901332d0f1c6030bd9_turn_3_step_1,mtrag,rag_multiturn,5503c6e98c54d4901332d0f1c6030bd9_turn_3,1,1,acu_head_tail_context,9626,2407,False,0.0
mtrag_1c74814752c3f9d4ed0b99c16e1ed192_turn_5_step_1,mtrag,rag_multiturn,1c74814752c3f9d4ed0b99c16e1ed192_turn_5,1,1,last_message_text,23,6,False,0.0
mtrag_1c74814752c3f9d4ed0b99c16e1ed192_turn_5_step_1,mtrag,rag_multiturn,1c74814752c3f9d4ed0b99c16e1ed192_turn_5,1,1,full_context_text,7122,1781,False,0.0
mtrag_1c74814752c3f9d4ed0b99c16e1ed192_turn_5_step_1,mtrag,rag_multiturn,1c74814752c3f9d4ed0b99c16e1ed192_turn_5,1,1,acu_head_tail_context,7122,1781,False,0.0
mtrag_a2698b2973ea7db1ee5adb5e70ec02e4_turn_8_step_1,mtrag,rag_multiturn,a2698b2973ea7db1ee5adb5e70ec02e4_turn_8,1,1,last_message_text,109,28,False,0.0
mtrag_a2698b2973ea7db1ee5adb5e70ec02e4_turn_8_step_1,mtrag,rag_multiturn,a2698b2973ea7db1ee5adb5e70ec02e4_turn_8,1,1,full_context_text,10719,2680,False,0.0
mtrag_a2698b2973ea7db1ee5adb5e70ec02e4_turn_8_step_1,mtrag,rag_multiturn,a2698b2973ea7db1ee5adb5e70ec02e4_turn_8,1,1,acu_head_tail_context,10719,2680,False,0.0
mtrag_72ba19c38518da1fc894fc638a2802f7_turn_6_step_1,mtrag,rag_multiturn,72ba19c38518da1fc894fc638a2802f7_turn_6,1,1,last_message_text,19,5,False,0.0
mtrag_72ba19c38518da1fc894fc638a2802f7_turn_6_step_1,mtrag,rag_multiturn,72ba19c38518da1fc894fc638a2802f7_turn_6,1,1,full_context_text,11097,2775,False,0.0
mtrag_72ba19c38518da1fc894fc638a2802f7_turn_6_step_1,mtrag,rag_multiturn,72ba19c38518da1fc894fc638a2802f7_turn_6,1,1,acu_head_tail_context,11097,2775,False,0.0
mtrag_1c74814752c3f9d4ed0b99c16e1ed192_turn_6_step_1,mtrag,rag_multiturn,1c74814752c3f9d4ed0b99c16e1ed192_turn_6,1,1,last_message_text,56,14,False,0.0
mtrag_1c74814752c3f9d4ed0b99c16e1ed192_turn_6_step_1,mtrag,rag_multiturn,1c74814752c3f9d4ed0b99c16e1ed192_turn_6,1,1,full_context_text,6566,1642,False,0.0
mtrag_1c74814752c3f9d4ed0b99c16e1ed192_turn_6_step_1,mtrag,rag_multiturn,1c74814752c3f9d4ed0b99c16e1ed192_turn_6,1,1,acu_head_tail_context,6566,1642,False,0.0
mtrag_0208bf26ec357a803445290fa88a2e9e_turn_6_step_1,mtrag,rag_multiturn,0208bf26ec357a803445290fa88a2e9e_turn_6,1,1,last_message_text,23,6,False,0.0
mtrag_0208bf26ec357a803445290fa88a2e9e_turn_6_step_1,mtrag,rag_multiturn,0208bf26ec357a803445290fa88a2e9e_turn_6,1,1,full_context_text,4414,1104,False,0.0
mtrag_0208bf26ec357a803445290fa88a2e9e_turn_6_step_1,mtrag,rag_multiturn,0208bf26ec357a803445290fa88a2e9e_turn_6,1,1,acu_head_tail_context,4414,1104,False,0.0
mtrag_6528deeee4180c1b2b770a2929482e82_turn_3_step_1,mtrag,rag_multiturn,6528deeee4180c1b2b770a2929482e82_turn_3,1,1,last_message_text,52,13,False,0.0
mtrag_6528deeee4180c1b2b770a2929482e82_turn_3_step_1,mtrag,rag_multiturn,6528deeee4180c1b2b770a2929482e82_turn_3,1,1,full_context_text,4728,1182,False,0.0
mtrag_6528deeee4180c1b2b770a2929482e82_turn_3_step_1,mtrag,rag_multiturn,6528deeee4180c1b2b770a2929482e82_turn_3,1,1,acu_head_tail_context,4728,1182,False,0.0
mtrag_f5a8ca2f2bc12180940167fb920bb018_turn_5_step_1,mtrag,rag_multiturn,f5a8ca2f2bc12180940167fb920bb018_turn_5,1,1,last_message_text,37,10,False,0.0
mtrag_f5a8ca2f2bc12180940167fb920bb018_turn_5_step_1,mtrag,rag_multiturn,f5a8ca2f2bc12180940167fb920bb018_turn_5,1,1,full_context_text,8535,2134,False,0.0
mtrag_f5a8ca2f2bc12180940167fb920bb018_turn_5_step_1,mtrag,rag_multiturn,f5a8ca2f2bc12180940167fb920bb018_turn_5,1,1,acu_head_tail_context,8535,2134,False,0.0
mtrag_adf9b1f61c73d715809bc7b37ac02724_turn_8_step_1,mtrag,rag_multiturn,adf9b1f61c73d715809bc7b37ac02724_turn_8,1,1,last_message_text,34,9,False,0.0
mtrag_adf9b1f61c73d715809bc7b37ac02724_turn_8_step_1,mtrag,rag_multiturn,adf9b1f61c73d715809bc7b37ac02724_turn_8,1,1,full_context_text,14287,3572,False,0.0
mtrag_adf9b1f61c73d715809bc7b37ac02724_turn_8_step_1,mtrag,rag_multiturn,adf9b1f61c73d715809bc7b37ac02724_turn_8,1,1,acu_head_tail_context,14287,3572,False,0.0
mtrag_be461bfeda2d4826cdb663dcaa7d1ced_turn_3_step_1,mtrag,rag_multiturn,be461bfeda2d4826cdb663dcaa7d1ced_turn_3,1,1,last_message_text,27,7,False,0.0
mtrag_be461bfeda2d4826cdb663dcaa7d1ced_turn_3_step_1,mtrag,rag_multiturn,be461bfeda2d4826cdb663dcaa7d1ced_turn_3,1,1,full_context_text,8604,2151,False,0.0
mtrag_be461bfeda2d4826cdb663dcaa7d1ced_turn_3_step_1,mtrag,rag_multiturn,be461bfeda2d4826cdb663dcaa7d1ced_turn_3,1,1,acu_head_tail_context,8604,2151,False,0.0
mtrag_e1b602e47ded79a35d8df4eefe194e39_turn_5_step_1,mtrag,rag_multiturn,e1b602e47ded79a35d8df4eefe194e39_turn_5,1,1,last_message_text,47,12,False,0.0
mtrag_e1b602e47ded79a35d8df4eefe194e39_turn_5_step_1,mtrag,rag_multiturn,e1b602e47ded79a35d8df4eefe194e39_turn_5,1,1,full_context_text,7574,1894,False,0.0
mtrag_e1b602e47ded79a35d8df4eefe194e39_turn_5_step_1,mtrag,rag_multiturn,e1b602e47ded79a35d8df4eefe194e39_turn_5,1,1,acu_head_tail_context,7574,1894,False,0.0
mtrag_af57ff6995d958858fc451e606fdb54d_turn_7_step_1,mtrag,rag_multiturn,af57ff6995d958858fc451e606fdb54d_turn_7,1,1,last_message_text,82,21,False,0.0
mtrag_af57ff6995d958858fc451e606fdb54d_turn_7_step_1,mtrag,rag_multiturn,af57ff6995d958858fc451e606fdb54d_turn_7,1,1,full_context_text,4624,1156,False,0.0
mtrag_af57ff6995d958858fc451e606fdb54d_turn_7_step_1,mtrag,rag_multiturn,af57ff6995d958858fc451e606fdb54d_turn_7,1,1,acu_head_tail_context,4624,1156,False,0.0
mtrag_a6eab3f851684c4ba01ae141ce590342_turn_1_step_1,mtrag,rag_multiturn,a6eab3f851684c4ba01ae141ce590342_turn_1,1,1,last_message_text,47,12,False,0.0
mtrag_a6eab3f851684c4ba01ae141ce590342_turn_1_step_1,mtrag,rag_multiturn,a6eab3f851684c4ba01ae141ce590342_turn_1,1,1,full_context_text,3353,839,False,0.0
mtrag_a6eab3f851684c4ba01ae141ce590342_turn_1_step_1,mtrag,rag_multiturn,a6eab3f851684c4ba01ae141ce590342_turn_1,1,1,acu_head_tail_context,3353,839,False,0.0
mtrag_47b2471404382af6e973013ab1cf96b9_turn_1_step_1,mtrag,rag_multiturn,47b2471404382af6e973013ab1cf96b9_turn_1,1,1,last_message_text,79,20,False,0.0
mtrag_47b2471404382af6e973013ab1cf96b9_turn_1_step_1,mtrag,rag_multiturn,47b2471404382af6e973013ab1cf96b9_turn_1,1,1,full_context_text,4139,1035,False,0.0
mtrag_47b2471404382af6e973013ab1cf96b9_turn_1_step_1,mtrag,rag_multiturn,47b2471404382af6e973013ab1cf96b9_turn_1,1,1,acu_head_tail_context,4139,1035,False,0.0
mtrag_5600fe1c05a1fc415416d9dee6347000_turn_6_step_1,mtrag,rag_multiturn,5600fe1c05a1fc415416d9dee6347000_turn_6,1,1,last_message_text,36,9,False,0.0
mtrag_5600fe1c05a1fc415416d9dee6347000_turn_6_step_1,mtrag,rag_multiturn,5600fe1c05a1fc415416d9dee6347000_turn_6,1,1,full_context_text,8108,2027,False,0.0
mtrag_5600fe1c05a1fc415416d9dee6347000_turn_6_step_1,mtrag,rag_multiturn,5600fe1c05a1fc415416d9dee6347000_turn_6,1,1,acu_head_tail_context,8108,2027,False,0.0
mtrag_61374b240d5742f957706d00f9ed0dd6_turn_2_step_1,mtrag,rag_multiturn,61374b240d5742f957706d00f9ed0dd6_turn_2,1,1,last_message_text,44,11,False,0.0
mtrag_61374b240d5742f957706d00f9ed0dd6_turn_2_step_1,mtrag,rag_multiturn,61374b240d5742f957706d00f9ed0dd6_turn_2,1,1,full_context_text,5673,1419,False,0.0
mtrag_61374b240d5742f957706d00f9ed0dd6_turn_2_step_1,mtrag,rag_multiturn,61374b240d5742f957706d00f9ed0dd6_turn_2,1,1,acu_head_tail_context,5673,1419,False,0.0
mtrag_2cc753bcef23767c18aedad06c4405c4_turn_6_step_1,mtrag,rag_multiturn,2cc753bcef23767c18aedad06c4405c4_turn_6,1,1,last_message_text,57,15,False,0.0
mtrag_2cc753bcef23767c18aedad06c4405c4_turn_6_step_1,mtrag,rag_multiturn,2cc753bcef23767c18aedad06c4405c4_turn_6,1,1,full_context_text,9981,2496,False,0.0
mtrag_2cc753bcef23767c18aedad06c4405c4_turn_6_step_1,mtrag,rag_multiturn,2cc753bcef23767c18aedad06c4405c4_turn_6,1,1,acu_head_tail_context,9981,2496,False,0.0
mtrag_5e79e465134d923edf68580733a81c68_turn_3_step_1,mtrag,rag_multiturn,5e79e465134d923edf68580733a81c68_turn_3,1,1,last_message_text,22,6,False,0.0
mtrag_5e79e465134d923edf68580733a81c68_turn_3_step_1,mtrag,rag_multiturn,5e79e465134d923edf68580733a81c68_turn_3,1,1,full_context_text,5119,1280,False,0.0
mtrag_5e79e465134d923edf68580733a81c68_turn_3_step_1,mtrag,rag_multiturn,5e79e465134d923edf68580733a81c68_turn_3,1,1,acu_head_tail_context,5119,1280,False,0.0
mtrag_717ca9138f07b4621887812f47499d74_turn_8_step_1,mtrag,rag_multiturn,717ca9138f07b4621887812f47499d74_turn_8,1,1,last_message_text,109,28,False,0.0
mtrag_717ca9138f07b4621887812f47499d74_turn_8_step_1,mtrag,rag_multiturn,717ca9138f07b4621887812f47499d74_turn_8,1,1,full_context_text,7963,1991,False,0.0
mtrag_717ca9138f07b4621887812f47499d74_turn_8_step_1,mtrag,rag_multiturn,717ca9138f07b4621887812f47499d74_turn_8,1,1,acu_head_tail_context,7963,1991,False,0.0
mtrag_7cb06b3f8068674fce61a11e9777f708_turn_4_step_1,mtrag,rag_multiturn,7cb06b3f8068674fce61a11e9777f708_turn_4,1,1,last_message_text,33,9,False,0.0
mtrag_7cb06b3f8068674fce61a11e9777f708_turn_4_step_1,mtrag,rag_multiturn,7cb06b3f8068674fce61a11e9777f708_turn_4,1,1,full_context_text,7582,1896,False,0.0
mtrag_7cb06b3f8068674fce61a11e9777f708_turn_4_step_1,mtrag,rag_multiturn,7cb06b3f8068674fce61a11e9777f708_turn_4,1,1,acu_head_tail_context,7582,1896,False,0.0
mtrag_ddbbbe7ea13560c5768639207e1ca604_turn_1_step_1,mtrag,rag_multiturn,ddbbbe7ea13560c5768639207e1ca604_turn_1,1,1,last_message_text,62,16,False,0.0
mtrag_ddbbbe7ea13560c5768639207e1ca604_turn_1_step_1,mtrag,rag_multiturn,ddbbbe7ea13560c5768639207e1ca604_turn_1,1,1,full_context_text,4810,1203,False,0.0
mtrag_ddbbbe7ea13560c5768639207e1ca604_turn_1_step_1,mtrag,rag_multiturn,ddbbbe7ea13560c5768639207e1ca604_turn_1,1,1,acu_head_tail_context,4810,1203,False,0.0
mtrag_717ca9138f07b4621887812f47499d74_turn_3_step_1,mtrag,rag_multiturn,717ca9138f07b4621887812f47499d74_turn_3,1,1,last_message_text,69,18,False,0.0
mtrag_717ca9138f07b4621887812f47499d74_turn_3_step_1,mtrag,rag_multiturn,717ca9138f07b4621887812f47499d74_turn_3,1,1,full_context_text,3702,926,False,0.0
mtrag_717ca9138f07b4621887812f47499d74_turn_3_step_1,mtrag,rag_multiturn,717ca9138f07b4621887812f47499d74_turn_3,1,1,acu_head_tail_context,3702,926,False,0.0
mtrag_be461bfeda2d4826cdb663dcaa7d1ced_turn_2_step_1,mtrag,rag_multiturn,be461bfeda2d4826cdb663dcaa7d1ced_turn_2,1,1,last_message_text,46,12,False,0.0
mtrag_be461bfeda2d4826cdb663dcaa7d1ced_turn_2_step_1,mtrag,rag_multiturn,be461bfeda2d4826cdb663dcaa7d1ced_turn_2,1,1,full_context_text,7533,1884,False,0.0
mtrag_be461bfeda2d4826cdb663dcaa7d1ced_turn_2_step_1,mtrag,rag_multiturn,be461bfeda2d4826cdb663dcaa7d1ced_turn_2,1,1,acu_head_tail_context,7533,1884,False,0.0
mtrag_4751cd8210b4adb8bce5cbc3fe913096_turn_1_step_1,mtrag,rag_multiturn,4751cd8210b4adb8bce5cbc3fe913096_turn_1,1,1,last_message_text,128,32,False,0.0
mtrag_4751cd8210b4adb8bce5cbc3fe913096_turn_1_step_1,mtrag,rag_multiturn,4751cd8210b4adb8bce5cbc3fe913096_turn_1,1,1,full_context_text,2900,725,False,0.0
mtrag_4751cd8210b4adb8bce5cbc3fe913096_turn_1_step_1,mtrag,rag_multiturn,4751cd8210b4adb8bce5cbc3fe913096_turn_1,1,1,acu_head_tail_context,2900,725,False,0.0
mtrag_258193fc88e0e73322e288aa03719260_turn_6_step_1,mtrag,rag_multiturn,258193fc88e0e73322e288aa03719260_turn_6,1,1,last_message_text,74,19,False,0.0
mtrag_258193fc88e0e73322e288aa03719260_turn_6_step_1,mtrag,rag_multiturn,258193fc88e0e73322e288aa03719260_turn_6,1,1,full_context_text,7481,1871,False,0.0
mtrag_258193fc88e0e73322e288aa03719260_turn_6_step_1,mtrag,rag_multiturn,258193fc88e0e73322e288aa03719260_turn_6,1,1,acu_head_tail_context,7481,1871,False,0.0
mtrag_20c2cbd18c16c12c9c2bbead6aef1a21_turn_6_step_1,mtrag,rag_multiturn,20c2cbd18c16c12c9c2bbead6aef1a21_turn_6,1,1,last_message_text,80,20,False,0.0
mtrag_20c2cbd18c16c12c9c2bbead6aef1a21_turn_6_step_1,mtrag,rag_multiturn,20c2cbd18c16c12c9c2bbead6aef1a21_turn_6,1,1,full_context_text,5442,1361,False,0.0
mtrag_20c2cbd18c16c12c9c2bbead6aef1a21_turn_6_step_1,mtrag,rag_multiturn,20c2cbd18c16c12c9c2bbead6aef1a21_turn_6,1,1,acu_head_tail_context,5442,1361,False,0.0
mtrag_cfbcfa3e382f12aed450b10f87a72aeb_turn_2_step_1,mtrag,rag_multiturn,cfbcfa3e382f12aed450b10f87a72aeb_turn_2,1,1,last_message_text,98,25,False,0.0
mtrag_cfbcfa3e382f12aed450b10f87a72aeb_turn_2_step_1,mtrag,rag_multiturn,cfbcfa3e382f12aed450b10f87a72aeb_turn_2,1,1,full_context_text,3070,768,False,0.0
mtrag_cfbcfa3e382f12aed450b10f87a72aeb_turn_2_step_1,mtrag,rag_multiturn,cfbcfa3e382f12aed450b10f87a72aeb_turn_2,1,1,acu_head_tail_context,3070,768,False,0.0
mtrag_f0d30863222ebd30fc68c43ac3ae94bb_turn_1_step_1,mtrag,rag_multiturn,f0d30863222ebd30fc68c43ac3ae94bb_turn_1,1,1,last_message_text,51,13,False,0.0
mtrag_f0d30863222ebd30fc68c43ac3ae94bb_turn_1_step_1,mtrag,rag_multiturn,f0d30863222ebd30fc68c43ac3ae94bb_turn_1,1,1,full_context_text,2719,680,False,0.0
mtrag_f0d30863222ebd30fc68c43ac3ae94bb_turn_1_step_1,mtrag,rag_multiturn,f0d30863222ebd30fc68c43ac3ae94bb_turn_1,1,1,acu_head_tail_context,2719,680,False,0.0
mtrag_3f5fa378239f7475baac89fa40288aaa_turn_1_step_1,mtrag,rag_multiturn,3f5fa378239f7475baac89fa40288aaa_turn_1,1,1,last_message_text,50,13,False,0.0
mtrag_3f5fa378239f7475baac89fa40288aaa_turn_1_step_1,mtrag,rag_multiturn,3f5fa378239f7475baac89fa40288aaa_turn_1,1,1,full_context_text,4517,1130,False,0.0
mtrag_3f5fa378239f7475baac89fa40288aaa_turn_1_step_1,mtrag,rag_multiturn,3f5fa378239f7475baac89fa40288aaa_turn_1,1,1,acu_head_tail_context,4517,1130,False,0.0
mtrag_5b2404d71f9ff7edabddb3b1a8b329e7_turn_7_step_1,mtrag,rag_multiturn,5b2404d71f9ff7edabddb3b1a8b329e7_turn_7,1,1,last_message_text,52,13,False,0.0
mtrag_5b2404d71f9ff7edabddb3b1a8b329e7_turn_7_step_1,mtrag,rag_multiturn,5b2404d71f9ff7edabddb3b1a8b329e7_turn_7,1,1,full_context_text,8905,2227,False,0.0
mtrag_5b2404d71f9ff7edabddb3b1a8b329e7_turn_7_step_1,mtrag,rag_multiturn,5b2404d71f9ff7edabddb3b1a8b329e7_turn_7,1,1,acu_head_tail_context,8905,2227,False,0.0
mtrag_f05ba9633e1b377f9c4d64afd3da3c45_turn_2_step_1,mtrag,rag_multiturn,f05ba9633e1b377f9c4d64afd3da3c45_turn_2,1,1,last_message_text,51,13,False,0.0
mtrag_f05ba9633e1b377f9c4d64afd3da3c45_turn_2_step_1,mtrag,rag_multiturn,f05ba9633e1b377f9c4d64afd3da3c45_turn_2,1,1,full_context_text,5494,1374,False,0.0
mtrag_f05ba9633e1b377f9c4d64afd3da3c45_turn_2_step_1,mtrag,rag_multiturn,f05ba9633e1b377f9c4d64afd3da3c45_turn_2,1,1,acu_head_tail_context,5494,1374,False,0.0
mtrag_d2432696b32af73cf3dabd7090997afb_turn_7_step_1,mtrag,rag_multiturn,d2432696b32af73cf3dabd7090997afb_turn_7,1,1,last_message_text,105,27,False,0.0
mtrag_d2432696b32af73cf3dabd7090997afb_turn_7_step_1,mtrag,rag_multiturn,d2432696b32af73cf3dabd7090997afb_turn_7,1,1,full_context_text,19005,4752,False,0.0
mtrag_d2432696b32af73cf3dabd7090997afb_turn_7_step_1,mtrag,rag_multiturn,d2432696b32af73cf3dabd7090997afb_turn_7,1,1,acu_head_tail_context,19005,4752,False,0.0
mtrag_f5a8ca2f2bc12180940167fb920bb018_turn_6_step_1,mtrag,rag_multiturn,f5a8ca2f2bc12180940167fb920bb018_turn_6,1,1,last_message_text,51,13,False,0.0
mtrag_f5a8ca2f2bc12180940167fb920bb018_turn_6_step_1,mtrag,rag_multiturn,f5a8ca2f2bc12180940167fb920bb018_turn_6,1,1,full_context_text,9041,2261,False,0.0
mtrag_f5a8ca2f2bc12180940167fb920bb018_turn_6_step_1,mtrag,rag_multiturn,f5a8ca2f2bc12180940167fb920bb018_turn_6,1,1,acu_head_tail_context,9041,2261,False,0.0
mtrag_13a398b30067d58d179fa8cbc2592449_turn_6_step_1,mtrag,rag_multiturn,13a398b30067d58d179fa8cbc2592449_turn_6,1,1,last_message_text,78,20,False,0.0
mtrag_13a398b30067d58d179fa8cbc2592449_turn_6_step_1,mtrag,rag_multiturn,13a398b30067d58d179fa8cbc2592449_turn_6,1,1,full_context_text,9024,2256,False,0.0
mtrag_13a398b30067d58d179fa8cbc2592449_turn_6_step_1,mtrag,rag_multiturn,13a398b30067d58d179fa8cbc2592449_turn_6,1,1,acu_head_tail_context,9024,2256,False,0.0
mtrag_6af5334fbd010b919d7fa174823abd12_turn_2_step_1,mtrag,rag_multiturn,6af5334fbd010b919d7fa174823abd12_turn_2,1,1,last_message_text,53,14,False,0.0
mtrag_6af5334fbd010b919d7fa174823abd12_turn_2_step_1,mtrag,rag_multiturn,6af5334fbd010b919d7fa174823abd12_turn_2,1,1,full_context_text,6365,1592,False,0.0
mtrag_6af5334fbd010b919d7fa174823abd12_turn_2_step_1,mtrag,rag_multiturn,6af5334fbd010b919d7fa174823abd12_turn_2,1,1,acu_head_tail_context,6365,1592,False,0.0
mtrag_af5e45e59e1254e0b7869cb477674d02_turn_2_step_1,mtrag,rag_multiturn,af5e45e59e1254e0b7869cb477674d02_turn_2,1,1,last_message_text,65,17,False,0.0
mtrag_af5e45e59e1254e0b7869cb477674d02_turn_2_step_1,mtrag,rag_multiturn,af5e45e59e1254e0b7869cb477674d02_turn_2,1,1,full_context_text,2389,598,False,0.0
mtrag_af5e45e59e1254e0b7869cb477674d02_turn_2_step_1,mtrag,rag_multiturn,af5e45e59e1254e0b7869cb477674d02_turn_2,1,1,acu_head_tail_context,2389,598,False,0.0
mtrag_7cb06b3f8068674fce61a11e9777f708_turn_7_step_1,mtrag,rag_multiturn,7cb06b3f8068674fce61a11e9777f708_turn_7,1,1,last_message_text,82,21,False,0.0
mtrag_7cb06b3f8068674fce61a11e9777f708_turn_7_step_1,mtrag,rag_multiturn,7cb06b3f8068674fce61a11e9777f708_turn_7,1,1,full_context_text,8861,2216,False,0.0
mtrag_7cb06b3f8068674fce61a11e9777f708_turn_7_step_1,mtrag,rag_multiturn,7cb06b3f8068674fce61a11e9777f708_turn_7,1,1,acu_head_tail_context,8861,2216,False,0.0
mtrag_6495c82abb6bef2d8efd06020cde3adf_turn_2_step_1,mtrag,rag_multiturn,6495c82abb6bef2d8efd06020cde3adf_turn_2,1,1,last_message_text,62,16,False,0.0
mtrag_6495c82abb6bef2d8efd06020cde3adf_turn_2_step_1,mtrag,rag_multiturn,6495c82abb6bef2d8efd06020cde3adf_turn_2,1,1,full_context_text,8625,2157,False,0.0
mtrag_6495c82abb6bef2d8efd06020cde3adf_turn_2_step_1,mtrag,rag_multiturn,6495c82abb6bef2d8efd06020cde3adf_turn_2,1,1,acu_head_tail_context,8625,2157,False,0.0
mtrag_5e79e465134d923edf68580733a81c68_turn_2_step_1,mtrag,rag_multiturn,5e79e465134d923edf68580733a81c68_turn_2,1,1,last_message_text,91,23,False,0.0
mtrag_5e79e465134d923edf68580733a81c68_turn_2_step_1,mtrag,rag_multiturn,5e79e465134d923edf68580733a81c68_turn_2,1,1,full_context_text,4972,1243,False,0.0
mtrag_5e79e465134d923edf68580733a81c68_turn_2_step_1,mtrag,rag_multiturn,5e79e465134d923edf68580733a81c68_turn_2,1,1,acu_head_tail_context,4972,1243,False,0.0
mtrag_91204c45fc829e328f9a3643d9dd4c2b_turn_8_step_1,mtrag,rag_multiturn,91204c45fc829e328f9a3643d9dd4c2b_turn_8,1,1,last_message_text,87,22,False,0.0
mtrag_91204c45fc829e328f9a3643d9dd4c2b_turn_8_step_1,mtrag,rag_multiturn,91204c45fc829e328f9a3643d9dd4c2b_turn_8,1,1,full_context_text,4540,1135,False,0.0
mtrag_91204c45fc829e328f9a3643d9dd4c2b_turn_8_step_1,mtrag,rag_multiturn,91204c45fc829e328f9a3643d9dd4c2b_turn_8,1,1,acu_head_tail_context,4540,1135,False,0.0
mtrag_c6c3b02ca32795af64c903dd76700517_turn_2_step_1,mtrag,rag_multiturn,c6c3b02ca32795af64c903dd76700517_turn_2,1,1,last_message_text,75,19,False,0.0
mtrag_c6c3b02ca32795af64c903dd76700517_turn_2_step_1,mtrag,rag_multiturn,c6c3b02ca32795af64c903dd76700517_turn_2,1,1,full_context_text,11510,2878,False,0.0
mtrag_c6c3b02ca32795af64c903dd76700517_turn_2_step_1,mtrag,rag_multiturn,c6c3b02ca32795af64c903dd76700517_turn_2,1,1,acu_head_tail_context,11510,2878,False,0.0
mtrag_41a4006bfa6841516188c1695ebaf16c_turn_6_step_1,mtrag,rag_multiturn,41a4006bfa6841516188c1695ebaf16c_turn_6,1,1,last_message_text,59,15,False,0.0
mtrag_41a4006bfa6841516188c1695ebaf16c_turn_6_step_1,mtrag,rag_multiturn,41a4006bfa6841516188c1695ebaf16c_turn_6,1,1,full_context_text,3084,771,False,0.0
mtrag_41a4006bfa6841516188c1695ebaf16c_turn_6_step_1,mtrag,rag_multiturn,41a4006bfa6841516188c1695ebaf16c_turn_6,1,1,acu_head_tail_context,3084,771,False,0.0
mtrag_95a0893567c7519c090ecbcdd14daccd_turn_2_step_1,mtrag,rag_multiturn,95a0893567c7519c090ecbcdd14daccd_turn_2,1,1,last_message_text,28,7,False,0.0
mtrag_95a0893567c7519c090ecbcdd14daccd_turn_2_step_1,mtrag,rag_multiturn,95a0893567c7519c090ecbcdd14daccd_turn_2,1,1,full_context_text,6306,1577,False,0.0
mtrag_95a0893567c7519c090ecbcdd14daccd_turn_2_step_1,mtrag,rag_multiturn,95a0893567c7519c090ecbcdd14daccd_turn_2,1,1,acu_head_tail_context,6306,1577,False,0.0
mtrag_0ef145e49938dfb9b6eefe781d21dca8_turn_7_step_1,mtrag,rag_multiturn,0ef145e49938dfb9b6eefe781d21dca8_turn_7,1,1,last_message_text,23,6,False,0.0
mtrag_0ef145e49938dfb9b6eefe781d21dca8_turn_7_step_1,mtrag,rag_multiturn,0ef145e49938dfb9b6eefe781d21dca8_turn_7,1,1,full_context_text,12019,3005,False,0.0
mtrag_0ef145e49938dfb9b6eefe781d21dca8_turn_7_step_1,mtrag,rag_multiturn,0ef145e49938dfb9b6eefe781d21dca8_turn_7,1,1,acu_head_tail_context,12019,3005,False,0.0
mtrag_04f83f1199c7ce4d7bef50be70f2db73_turn_3_step_1,mtrag,rag_multiturn,04f83f1199c7ce4d7bef50be70f2db73_turn_3,1,1,last_message_text,68,17,False,0.0
mtrag_04f83f1199c7ce4d7bef50be70f2db73_turn_3_step_1,mtrag,rag_multiturn,04f83f1199c7ce4d7bef50be70f2db73_turn_3,1,1,full_context_text,5461,1366,False,0.0
mtrag_04f83f1199c7ce4d7bef50be70f2db73_turn_3_step_1,mtrag,rag_multiturn,04f83f1199c7ce4d7bef50be70f2db73_turn_3,1,1,acu_head_tail_context,5461,1366,False,0.0
mtrag_fdee20f7fd677e420742b09989623d68_turn_5_step_1,mtrag,rag_multiturn,fdee20f7fd677e420742b09989623d68_turn_5,1,1,last_message_text,75,19,False,0.0
mtrag_fdee20f7fd677e420742b09989623d68_turn_5_step_1,mtrag,rag_multiturn,fdee20f7fd677e420742b09989623d68_turn_5,1,1,full_context_text,8387,2097,False,0.0
mtrag_fdee20f7fd677e420742b09989623d68_turn_5_step_1,mtrag,rag_multiturn,fdee20f7fd677e420742b09989623d68_turn_5,1,1,acu_head_tail_context,8387,2097,False,0.0
mtrag_41a4006bfa6841516188c1695ebaf16c_turn_4_step_1,mtrag,rag_multiturn,41a4006bfa6841516188c1695ebaf16c_turn_4,1,1,last_message_text,36,9,False,0.0
mtrag_41a4006bfa6841516188c1695ebaf16c_turn_4_step_1,mtrag,rag_multiturn,41a4006bfa6841516188c1695ebaf16c_turn_4,1,1,full_context_text,1627,407,False,0.0
mtrag_41a4006bfa6841516188c1695ebaf16c_turn_4_step_1,mtrag,rag_multiturn,41a4006bfa6841516188c1695ebaf16c_turn_4,1,1,acu_head_tail_context,1627,407,False,0.0
mtrag_72ba19c38518da1fc894fc638a2802f7_turn_4_step_1,mtrag,rag_multiturn,72ba19c38518da1fc894fc638a2802f7_turn_4,1,1,last_message_text,37,10,False,0.0
mtrag_72ba19c38518da1fc894fc638a2802f7_turn_4_step_1,mtrag,rag_multiturn,72ba19c38518da1fc894fc638a2802f7_turn_4,1,1,full_context_text,8237,2060,False,0.0
mtrag_72ba19c38518da1fc894fc638a2802f7_turn_4_step_1,mtrag,rag_multiturn,72ba19c38518da1fc894fc638a2802f7_turn_4,1,1,acu_head_tail_context,8237,2060,False,0.0
mtrag_13a398b30067d58d179fa8cbc2592449_turn_2_step_1,mtrag,rag_multiturn,13a398b30067d58d179fa8cbc2592449_turn_2,1,1,last_message_text,153,39,False,0.0
mtrag_13a398b30067d58d179fa8cbc2592449_turn_2_step_1,mtrag,rag_multiturn,13a398b30067d58d179fa8cbc2592449_turn_2,1,1,full_context_text,3795,949,False,0.0
mtrag_13a398b30067d58d179fa8cbc2592449_turn_2_step_1,mtrag,rag_multiturn,13a398b30067d58d179fa8cbc2592449_turn_2,1,1,acu_head_tail_context,3795,949,False,0.0
mtrag_af5e45e59e1254e0b7869cb477674d02_turn_3_step_1,mtrag,rag_multiturn,af5e45e59e1254e0b7869cb477674d02_turn_3,1,1,last_message_text,33,9,False,0.0
mtrag_af5e45e59e1254e0b7869cb477674d02_turn_3_step_1,mtrag,rag_multiturn,af5e45e59e1254e0b7869cb477674d02_turn_3,1,1,full_context_text,3354,839,False,0.0
mtrag_af5e45e59e1254e0b7869cb477674d02_turn_3_step_1,mtrag,rag_multiturn,af5e45e59e1254e0b7869cb477674d02_turn_3,1,1,acu_head_tail_context,3354,839,False,0.0
mtrag_4a8369b7403e54df94d7fa495a4eff27_turn_2_step_1,mtrag,rag_multiturn,4a8369b7403e54df94d7fa495a4eff27_turn_2,1,1,last_message_text,46,12,False,0.0
mtrag_4a8369b7403e54df94d7fa495a4eff27_turn_2_step_1,mtrag,rag_multiturn,4a8369b7403e54df94d7fa495a4eff27_turn_2,1,1,full_context_text,5093,1274,False,0.0
mtrag_4a8369b7403e54df94d7fa495a4eff27_turn_2_step_1,mtrag,rag_multiturn,4a8369b7403e54df94d7fa495a4eff27_turn_2,1,1,acu_head_tail_context,5093,1274,False,0.0
mtrag_2f94b6fb4c6f941decd0609eb126610b_turn_2_step_1,mtrag,rag_multiturn,2f94b6fb4c6f941decd0609eb126610b_turn_2,1,1,last_message_text,33,9,False,0.0
mtrag_2f94b6fb4c6f941decd0609eb126610b_turn_2_step_1,mtrag,rag_multiturn,2f94b6fb4c6f941decd0609eb126610b_turn_2,1,1,full_context_text,4148,1037,False,0.0
mtrag_2f94b6fb4c6f941decd0609eb126610b_turn_2_step_1,mtrag,rag_multiturn,2f94b6fb4c6f941decd0609eb126610b_turn_2,1,1,acu_head_tail_context,4148,1037,False,0.0
mtrag_c6c3b02ca32795af64c903dd76700517_turn_5_step_1,mtrag,rag_multiturn,c6c3b02ca32795af64c903dd76700517_turn_5,1,1,last_message_text,80,20,False,0.0
mtrag_c6c3b02ca32795af64c903dd76700517_turn_5_step_1,mtrag,rag_multiturn,c6c3b02ca32795af64c903dd76700517_turn_5,1,1,full_context_text,8657,2165,False,0.0
mtrag_c6c3b02ca32795af64c903dd76700517_turn_5_step_1,mtrag,rag_multiturn,c6c3b02ca32795af64c903dd76700517_turn_5,1,1,acu_head_tail_context,8657,2165,False,0.0
mtrag_a277cf5022616282aa819ee76c9343de_turn_1_step_1,mtrag,rag_multiturn,a277cf5022616282aa819ee76c9343de_turn_1,1,1,last_message_text,45,12,False,0.0
mtrag_a277cf5022616282aa819ee76c9343de_turn_1_step_1,mtrag,rag_multiturn,a277cf5022616282aa819ee76c9343de_turn_1,1,1,full_context_text,2271,568,False,0.0
mtrag_a277cf5022616282aa819ee76c9343de_turn_1_step_1,mtrag,rag_multiturn,a277cf5022616282aa819ee76c9343de_turn_1,1,1,acu_head_tail_context,2271,568,False,0.0
mtrag_fc3e765d7ffc28ffc7ee7ea38fd3c73a_turn_4_step_1,mtrag,rag_multiturn,fc3e765d7ffc28ffc7ee7ea38fd3c73a_turn_4,1,1,last_message_text,44,11,False,0.0
mtrag_fc3e765d7ffc28ffc7ee7ea38fd3c73a_turn_4_step_1,mtrag,rag_multiturn,fc3e765d7ffc28ffc7ee7ea38fd3c73a_turn_4,1,1,full_context_text,7181,1796,False,0.0
mtrag_fc3e765d7ffc28ffc7ee7ea38fd3c73a_turn_4_step_1,mtrag,rag_multiturn,fc3e765d7ffc28ffc7ee7ea38fd3c73a_turn_4,1,1,acu_head_tail_context,7181,1796,False,0.0
mtrag_41a4006bfa6841516188c1695ebaf16c_turn_1_step_1,mtrag,rag_multiturn,41a4006bfa6841516188c1695ebaf16c_turn_1,1,1,last_message_text,44,11,False,0.0
mtrag_41a4006bfa6841516188c1695ebaf16c_turn_1_step_1,mtrag,rag_multiturn,41a4006bfa6841516188c1695ebaf16c_turn_1,1,1,full_context_text,1706,427,False,0.0
mtrag_41a4006bfa6841516188c1695ebaf16c_turn_1_step_1,mtrag,rag_multiturn,41a4006bfa6841516188c1695ebaf16c_turn_1,1,1,acu_head_tail_context,1706,427,False,0.0
mtrag_aea2634b0e5f1c2444550d31c41adc94_turn_3_step_1,mtrag,rag_multiturn,aea2634b0e5f1c2444550d31c41adc94_turn_3,1,1,last_message_text,35,9,False,0.0
mtrag_aea2634b0e5f1c2444550d31c41adc94_turn_3_step_1,mtrag,rag_multiturn,aea2634b0e5f1c2444550d31c41adc94_turn_3,1,1,full_context_text,4399,1100,False,0.0
mtrag_aea2634b0e5f1c2444550d31c41adc94_turn_3_step_1,mtrag,rag_multiturn,aea2634b0e5f1c2444550d31c41adc94_turn_3,1,1,acu_head_tail_context,4399,1100,False,0.0
mtrag_e0f8a53d3ab93e7900633fc8fa40631e_turn_4_step_1,mtrag,rag_multiturn,e0f8a53d3ab93e7900633fc8fa40631e_turn_4,1,1,last_message_text,28,7,False,0.0
mtrag_e0f8a53d3ab93e7900633fc8fa40631e_turn_4_step_1,mtrag,rag_multiturn,e0f8a53d3ab93e7900633fc8fa40631e_turn_4,1,1,full_context_text,5271,1318,False,0.0
mtrag_e0f8a53d3ab93e7900633fc8fa40631e_turn_4_step_1,mtrag,rag_multiturn,e0f8a53d3ab93e7900633fc8fa40631e_turn_4,1,1,acu_head_tail_context,5271,1318,False,0.0
mtrag_20c2cbd18c16c12c9c2bbead6aef1a21_turn_4_step_1,mtrag,rag_multiturn,20c2cbd18c16c12c9c2bbead6aef1a21_turn_4,1,1,last_message_text,47,12,False,0.0
mtrag_20c2cbd18c16c12c9c2bbead6aef1a21_turn_4_step_1,mtrag,rag_multiturn,20c2cbd18c16c12c9c2bbead6aef1a21_turn_4,1,1,full_context_text,3697,925,False,0.0
mtrag_20c2cbd18c16c12c9c2bbead6aef1a21_turn_4_step_1,mtrag,rag_multiturn,20c2cbd18c16c12c9c2bbead6aef1a21_turn_4,1,1,acu_head_tail_context,3697,925,False,0.0
mtrag_ca6f0197d2c0c4d6e3be090c3f8bf30f_turn_5_step_1,mtrag,rag_multiturn,ca6f0197d2c0c4d6e3be090c3f8bf30f_turn_5,1,1,last_message_text,40,10,False,0.0
mtrag_ca6f0197d2c0c4d6e3be090c3f8bf30f_turn_5_step_1,mtrag,rag_multiturn,ca6f0197d2c0c4d6e3be090c3f8bf30f_turn_5,1,1,full_context_text,5024,1256,False,0.0
mtrag_ca6f0197d2c0c4d6e3be090c3f8bf30f_turn_5_step_1,mtrag,rag_multiturn,ca6f0197d2c0c4d6e3be090c3f8bf30f_turn_5,1,1,acu_head_tail_context,5024,1256,False,0.0
mtrag_91715ec6ec7e9a11925e58e707b6626e_turn_6_step_1,mtrag,rag_multiturn,91715ec6ec7e9a11925e58e707b6626e_turn_6,1,1,last_message_text,115,29,False,0.0
mtrag_91715ec6ec7e9a11925e58e707b6626e_turn_6_step_1,mtrag,rag_multiturn,91715ec6ec7e9a11925e58e707b6626e_turn_6,1,1,full_context_text,7528,1882,False,0.0
mtrag_91715ec6ec7e9a11925e58e707b6626e_turn_6_step_1,mtrag,rag_multiturn,91715ec6ec7e9a11925e58e707b6626e_turn_6,1,1,acu_head_tail_context,7528,1882,False,0.0
mtrag_13a398b30067d58d179fa8cbc2592449_turn_3_step_1,mtrag,rag_multiturn,13a398b30067d58d179fa8cbc2592449_turn_3,1,1,last_message_text,91,23,False,0.0
mtrag_13a398b30067d58d179fa8cbc2592449_turn_3_step_1,mtrag,rag_multiturn,13a398b30067d58d179fa8cbc2592449_turn_3,1,1,full_context_text,5387,1347,False,0.0
mtrag_13a398b30067d58d179fa8cbc2592449_turn_3_step_1,mtrag,rag_multiturn,13a398b30067d58d179fa8cbc2592449_turn_3,1,1,acu_head_tail_context,5387,1347,False,0.0
mtrag_04f83f1199c7ce4d7bef50be70f2db73_turn_2_step_1,mtrag,rag_multiturn,04f83f1199c7ce4d7bef50be70f2db73_turn_2,1,1,last_message_text,64,16,False,0.0
mtrag_04f83f1199c7ce4d7bef50be70f2db73_turn_2_step_1,mtrag,rag_multiturn,04f83f1199c7ce4d7bef50be70f2db73_turn_2,1,1,full_context_text,7343,1836,False,0.0
mtrag_04f83f1199c7ce4d7bef50be70f2db73_turn_2_step_1,mtrag,rag_multiturn,04f83f1199c7ce4d7bef50be70f2db73_turn_2,1,1,acu_head_tail_context,7343,1836,False,0.0
mtrag_2cc753bcef23767c18aedad06c4405c4_turn_7_step_1,mtrag,rag_multiturn,2cc753bcef23767c18aedad06c4405c4_turn_7,1,1,last_message_text,30,8,False,0.0
mtrag_2cc753bcef23767c18aedad06c4405c4_turn_7_step_1,mtrag,rag_multiturn,2cc753bcef23767c18aedad06c4405c4_turn_7,1,1,full_context_text,6371,1593,False,0.0
mtrag_2cc753bcef23767c18aedad06c4405c4_turn_7_step_1,mtrag,rag_multiturn,2cc753bcef23767c18aedad06c4405c4_turn_7,1,1,acu_head_tail_context,6371,1593,False,0.0
mtrag_2f013337236ea4635ad106813275dab7_turn_8_step_1,mtrag,rag_multiturn,2f013337236ea4635ad106813275dab7_turn_8,1,1,last_message_text,72,18,False,0.0
mtrag_2f013337236ea4635ad106813275dab7_turn_8_step_1,mtrag,rag_multiturn,2f013337236ea4635ad106813275dab7_turn_8,1,1,full_context_text,10643,2661,False,0.0
mtrag_2f013337236ea4635ad106813275dab7_turn_8_step_1,mtrag,rag_multiturn,2f013337236ea4635ad106813275dab7_turn_8,1,1,acu_head_tail_context,10643,2661,False,0.0
mtrag_2b34f5e7861ca9b1b3eab65ad6d6b4b0_turn_4_step_1,mtrag,rag_multiturn,2b34f5e7861ca9b1b3eab65ad6d6b4b0_turn_4,1,1,last_message_text,42,11,False,0.0
mtrag_2b34f5e7861ca9b1b3eab65ad6d6b4b0_turn_4_step_1,mtrag,rag_multiturn,2b34f5e7861ca9b1b3eab65ad6d6b4b0_turn_4,1,1,full_context_text,4372,1093,False,0.0
mtrag_2b34f5e7861ca9b1b3eab65ad6d6b4b0_turn_4_step_1,mtrag,rag_multiturn,2b34f5e7861ca9b1b3eab65ad6d6b4b0_turn_4,1,1,acu_head_tail_context,4372,1093,False,0.0
mtrag_d4d8edb3e0c456d11033b14b28e99470_turn_7_step_1,mtrag,rag_multiturn,d4d8edb3e0c456d11033b14b28e99470_turn_7,1,1,last_message_text,57,15,False,0.0
mtrag_d4d8edb3e0c456d11033b14b28e99470_turn_7_step_1,mtrag,rag_multiturn,d4d8edb3e0c456d11033b14b28e99470_turn_7,1,1,full_context_text,11593,2899,False,0.0
mtrag_d4d8edb3e0c456d11033b14b28e99470_turn_7_step_1,mtrag,rag_multiturn,d4d8edb3e0c456d11033b14b28e99470_turn_7,1,1,acu_head_tail_context,11593,2899,False,0.0
mtrag_5f9ccf0a4ff691fc482432af64cc3c9d_turn_5_step_1,mtrag,rag_multiturn,5f9ccf0a4ff691fc482432af64cc3c9d_turn_5,1,1,last_message_text,57,15,False,0.0
mtrag_5f9ccf0a4ff691fc482432af64cc3c9d_turn_5_step_1,mtrag,rag_multiturn,5f9ccf0a4ff691fc482432af64cc3c9d_turn_5,1,1,full_context_text,11333,2834,False,0.0
mtrag_5f9ccf0a4ff691fc482432af64cc3c9d_turn_5_step_1,mtrag,rag_multiturn,5f9ccf0a4ff691fc482432af64cc3c9d_turn_5,1,1,acu_head_tail_context,11333,2834,False,0.0
mtrag_dd6b6ffd177f2b311abe676261279d2f_turn_4_step_1,mtrag,rag_multiturn,dd6b6ffd177f2b311abe676261279d2f_turn_4,1,1,last_message_text,37,10,False,0.0
mtrag_dd6b6ffd177f2b311abe676261279d2f_turn_4_step_1,mtrag,rag_multiturn,dd6b6ffd177f2b311abe676261279d2f_turn_4,1,1,full_context_text,2411,603,False,0.0
mtrag_dd6b6ffd177f2b311abe676261279d2f_turn_4_step_1,mtrag,rag_multiturn,dd6b6ffd177f2b311abe676261279d2f_turn_4,1,1,acu_head_tail_context,2411,603,False,0.0
mtrag_c6c3b02ca32795af64c903dd76700517_turn_9_step_1,mtrag,rag_multiturn,c6c3b02ca32795af64c903dd76700517_turn_9,1,1,last_message_text,49,13,False,0.0
mtrag_c6c3b02ca32795af64c903dd76700517_turn_9_step_1,mtrag,rag_multiturn,c6c3b02ca32795af64c903dd76700517_turn_9,1,1,full_context_text,8683,2171,False,0.0
mtrag_c6c3b02ca32795af64c903dd76700517_turn_9_step_1,mtrag,rag_multiturn,c6c3b02ca32795af64c903dd76700517_turn_9,1,1,acu_head_tail_context,8683,2171,False,0.0
mtrag_ddbbbe7ea13560c5768639207e1ca604_turn_7_step_1,mtrag,rag_multiturn,ddbbbe7ea13560c5768639207e1ca604_turn_7,1,1,last_message_text,30,8,False,0.0
mtrag_ddbbbe7ea13560c5768639207e1ca604_turn_7_step_1,mtrag,rag_multiturn,ddbbbe7ea13560c5768639207e1ca604_turn_7,1,1,full_context_text,16364,4091,False,0.0
mtrag_ddbbbe7ea13560c5768639207e1ca604_turn_7_step_1,mtrag,rag_multiturn,ddbbbe7ea13560c5768639207e1ca604_turn_7,1,1,acu_head_tail_context,16364,4091,False,0.0
mtrag_5815bb4a99e2a0d8a986348da4c49083_turn_4_step_1,mtrag,rag_multiturn,5815bb4a99e2a0d8a986348da4c49083_turn_4,1,1,last_message_text,33,9,False,0.0
mtrag_5815bb4a99e2a0d8a986348da4c49083_turn_4_step_1,mtrag,rag_multiturn,5815bb4a99e2a0d8a986348da4c49083_turn_4,1,1,full_context_text,10828,2707,False,0.0
mtrag_5815bb4a99e2a0d8a986348da4c49083_turn_4_step_1,mtrag,rag_multiturn,5815bb4a99e2a0d8a986348da4c49083_turn_4,1,1,acu_head_tail_context,10828,2707,False,0.0
mtrag_251e29286cef45d899d7889e94ae25d5_turn_5_step_1,mtrag,rag_multiturn,251e29286cef45d899d7889e94ae25d5_turn_5,1,1,last_message_text,33,9,False,0.0
mtrag_251e29286cef45d899d7889e94ae25d5_turn_5_step_1,mtrag,rag_multiturn,251e29286cef45d899d7889e94ae25d5_turn_5,1,1,full_context_text,7038,1760,False,0.0
mtrag_251e29286cef45d899d7889e94ae25d5_turn_5_step_1,mtrag,rag_multiturn,251e29286cef45d899d7889e94ae25d5_turn_5,1,1,acu_head_tail_context,7038,1760,False,0.0
mtrag_e9dd465e8dd63a80dda8f3ce9cba6848_turn_6_step_1,mtrag,rag_multiturn,e9dd465e8dd63a80dda8f3ce9cba6848_turn_6,1,1,last_message_text,43,11,False,0.0
mtrag_e9dd465e8dd63a80dda8f3ce9cba6848_turn_6_step_1,mtrag,rag_multiturn,e9dd465e8dd63a80dda8f3ce9cba6848_turn_6,1,1,full_context_text,4024,1006,False,0.0
mtrag_e9dd465e8dd63a80dda8f3ce9cba6848_turn_6_step_1,mtrag,rag_multiturn,e9dd465e8dd63a80dda8f3ce9cba6848_turn_6,1,1,acu_head_tail_context,4024,1006,False,0.0
mtrag_81afaf82a0d9a5fad6eaa196f8d9641c_turn_8_step_1,mtrag,rag_multiturn,81afaf82a0d9a5fad6eaa196f8d9641c_turn_8,1,1,last_message_text,15,4,False,0.0
mtrag_81afaf82a0d9a5fad6eaa196f8d9641c_turn_8_step_1,mtrag,rag_multiturn,81afaf82a0d9a5fad6eaa196f8d9641c_turn_8,1,1,full_context_text,14173,3544,False,0.0
mtrag_81afaf82a0d9a5fad6eaa196f8d9641c_turn_8_step_1,mtrag,rag_multiturn,81afaf82a0d9a5fad6eaa196f8d9641c_turn_8,1,1,acu_head_tail_context,14173,3544,False,0.0
mtrag_fc3e765d7ffc28ffc7ee7ea38fd3c73a_turn_5_step_1,mtrag,rag_multiturn,fc3e765d7ffc28ffc7ee7ea38fd3c73a_turn_5,1,1,last_message_text,58,15,False,0.0
mtrag_fc3e765d7ffc28ffc7ee7ea38fd3c73a_turn_5_step_1,mtrag,rag_multiturn,fc3e765d7ffc28ffc7ee7ea38fd3c73a_turn_5,1,1,full_context_text,6721,1681,False,0.0
mtrag_fc3e765d7ffc28ffc7ee7ea38fd3c73a_turn_5_step_1,mtrag,rag_multiturn,fc3e765d7ffc28ffc7ee7ea38fd3c73a_turn_5,1,1,acu_head_tail_context,6721,1681,False,0.0
mtrag_94d04f2cd47fee9a0aaa13fa3ae1de53_turn_1_step_1,mtrag,rag_multiturn,94d04f2cd47fee9a0aaa13fa3ae1de53_turn_1,1,1,last_message_text,56,14,False,0.0
mtrag_94d04f2cd47fee9a0aaa13fa3ae1de53_turn_1_step_1,mtrag,rag_multiturn,94d04f2cd47fee9a0aaa13fa3ae1de53_turn_1,1,1,full_context_text,2927,732,False,0.0
mtrag_94d04f2cd47fee9a0aaa13fa3ae1de53_turn_1_step_1,mtrag,rag_multiturn,94d04f2cd47fee9a0aaa13fa3ae1de53_turn_1,1,1,acu_head_tail_context,2927,732,False,0.0
mtrag_5600fe1c05a1fc415416d9dee6347000_turn_2_step_1,mtrag,rag_multiturn,5600fe1c05a1fc415416d9dee6347000_turn_2,1,1,last_message_text,19,5,False,0.0
mtrag_5600fe1c05a1fc415416d9dee6347000_turn_2_step_1,mtrag,rag_multiturn,5600fe1c05a1fc415416d9dee6347000_turn_2,1,1,full_context_text,2775,694,False,0.0
mtrag_5600fe1c05a1fc415416d9dee6347000_turn_2_step_1,mtrag,rag_multiturn,5600fe1c05a1fc415416d9dee6347000_turn_2,1,1,acu_head_tail_context,2775,694,False,0.0
mtrag_d7b4f863baa92fd08c1db2b1a95170dd_turn_5_step_1,mtrag,rag_multiturn,d7b4f863baa92fd08c1db2b1a95170dd_turn_5,1,1,last_message_text,21,6,False,0.0
mtrag_d7b4f863baa92fd08c1db2b1a95170dd_turn_5_step_1,mtrag,rag_multiturn,d7b4f863baa92fd08c1db2b1a95170dd_turn_5,1,1,full_context_text,6091,1523,False,0.0
mtrag_d7b4f863baa92fd08c1db2b1a95170dd_turn_5_step_1,mtrag,rag_multiturn,d7b4f863baa92fd08c1db2b1a95170dd_turn_5,1,1,acu_head_tail_context,6091,1523,False,0.0
mtrag_47b2471404382af6e973013ab1cf96b9_turn_9_step_1,mtrag,rag_multiturn,47b2471404382af6e973013ab1cf96b9_turn_9,1,1,last_message_text,14,4,False,0.0
mtrag_47b2471404382af6e973013ab1cf96b9_turn_9_step_1,mtrag,rag_multiturn,47b2471404382af6e973013ab1cf96b9_turn_9,1,1,full_context_text,12022,3006,False,0.0
mtrag_47b2471404382af6e973013ab1cf96b9_turn_9_step_1,mtrag,rag_multiturn,47b2471404382af6e973013ab1cf96b9_turn_9,1,1,acu_head_tail_context,12022,3006,False,0.0
mtrag_d2432696b32af73cf3dabd7090997afb_turn_9_step_1,mtrag,rag_multiturn,d2432696b32af73cf3dabd7090997afb_turn_9,1,1,last_message_text,109,28,False,0.0
mtrag_d2432696b32af73cf3dabd7090997afb_turn_9_step_1,mtrag,rag_multiturn,d2432696b32af73cf3dabd7090997afb_turn_9,1,1,full_context_text,17189,4298,False,0.0
mtrag_d2432696b32af73cf3dabd7090997afb_turn_9_step_1,mtrag,rag_multiturn,d2432696b32af73cf3dabd7090997afb_turn_9,1,1,acu_head_tail_context,17189,4298,False,0.0
mtrag_b2805ee4c478194c234e2384ffb0a6bf_turn_4_step_1,mtrag,rag_multiturn,b2805ee4c478194c234e2384ffb0a6bf_turn_4,1,1,last_message_text,88,22,False,0.0
mtrag_b2805ee4c478194c234e2384ffb0a6bf_turn_4_step_1,mtrag,rag_multiturn,b2805ee4c478194c234e2384ffb0a6bf_turn_4,1,1,full_context_text,4731,1183,False,0.0
mtrag_b2805ee4c478194c234e2384ffb0a6bf_turn_4_step_1,mtrag,rag_multiturn,b2805ee4c478194c234e2384ffb0a6bf_turn_4,1,1,acu_head_tail_context,4731,1183,False,0.0
mtrag_e52ab8d5f61ccdfc3712a2608d8c2aba_turn_2_step_1,mtrag,rag_multiturn,e52ab8d5f61ccdfc3712a2608d8c2aba_turn_2,1,1,last_message_text,45,12,False,0.0
mtrag_e52ab8d5f61ccdfc3712a2608d8c2aba_turn_2_step_1,mtrag,rag_multiturn,e52ab8d5f61ccdfc3712a2608d8c2aba_turn_2,1,1,full_context_text,2942,736,False,0.0
mtrag_e52ab8d5f61ccdfc3712a2608d8c2aba_turn_2_step_1,mtrag,rag_multiturn,e52ab8d5f61ccdfc3712a2608d8c2aba_turn_2,1,1,acu_head_tail_context,2942,736,False,0.0
mtrag_5815bb4a99e2a0d8a986348da4c49083_turn_3_step_1,mtrag,rag_multiturn,5815bb4a99e2a0d8a986348da4c49083_turn_3,1,1,last_message_text,35,9,False,0.0
mtrag_5815bb4a99e2a0d8a986348da4c49083_turn_3_step_1,mtrag,rag_multiturn,5815bb4a99e2a0d8a986348da4c49083_turn_3,1,1,full_context_text,9975,2494,False,0.0
mtrag_5815bb4a99e2a0d8a986348da4c49083_turn_3_step_1,mtrag,rag_multiturn,5815bb4a99e2a0d8a986348da4c49083_turn_3,1,1,acu_head_tail_context,9975,2494,False,0.0
mtrag_29e3ec96a6e8916a0326ebcdab78abae_turn_8_step_1,mtrag,rag_multiturn,29e3ec96a6e8916a0326ebcdab78abae_turn_8,1,1,last_message_text,69,18,False,0.0
mtrag_29e3ec96a6e8916a0326ebcdab78abae_turn_8_step_1,mtrag,rag_multiturn,29e3ec96a6e8916a0326ebcdab78abae_turn_8,1,1,full_context_text,7248,1812,False,0.0
mtrag_29e3ec96a6e8916a0326ebcdab78abae_turn_8_step_1,mtrag,rag_multiturn,29e3ec96a6e8916a0326ebcdab78abae_turn_8,1,1,acu_head_tail_context,7248,1812,False,0.0
mtrag_2cc753bcef23767c18aedad06c4405c4_turn_9_step_1,mtrag,rag_multiturn,2cc753bcef23767c18aedad06c4405c4_turn_9,1,1,last_message_text,114,29,False,0.0
mtrag_2cc753bcef23767c18aedad06c4405c4_turn_9_step_1,mtrag,rag_multiturn,2cc753bcef23767c18aedad06c4405c4_turn_9,1,1,full_context_text,8724,2181,False,0.0
mtrag_2cc753bcef23767c18aedad06c4405c4_turn_9_step_1,mtrag,rag_multiturn,2cc753bcef23767c18aedad06c4405c4_turn_9,1,1,acu_head_tail_context,8724,2181,False,0.0
mtrag_674aa142d92a6b4262de254df0c3f7b2_turn_2_step_1,mtrag,rag_multiturn,674aa142d92a6b4262de254df0c3f7b2_turn_2,1,1,last_message_text,38,10,False,0.0
mtrag_674aa142d92a6b4262de254df0c3f7b2_turn_2_step_1,mtrag,rag_multiturn,674aa142d92a6b4262de254df0c3f7b2_turn_2,1,1,full_context_text,6985,1747,False,0.0
mtrag_674aa142d92a6b4262de254df0c3f7b2_turn_2_step_1,mtrag,rag_multiturn,674aa142d92a6b4262de254df0c3f7b2_turn_2,1,1,acu_head_tail_context,6985,1747,False,0.0
mtrag_fd99b316e5e64f19ff938598aea9b285_turn_5_step_1,mtrag,rag_multiturn,fd99b316e5e64f19ff938598aea9b285_turn_5,1,1,last_message_text,36,9,False,0.0
mtrag_fd99b316e5e64f19ff938598aea9b285_turn_5_step_1,mtrag,rag_multiturn,fd99b316e5e64f19ff938598aea9b285_turn_5,1,1,full_context_text,4164,1041,False,0.0
mtrag_fd99b316e5e64f19ff938598aea9b285_turn_5_step_1,mtrag,rag_multiturn,fd99b316e5e64f19ff938598aea9b285_turn_5,1,1,acu_head_tail_context,4164,1041,False,0.0
mtrag_747a810abfd6da4a9c37cdb74feec95e_turn_2_step_1,mtrag,rag_multiturn,747a810abfd6da4a9c37cdb74feec95e_turn_2,1,1,last_message_text,29,8,False,0.0
mtrag_747a810abfd6da4a9c37cdb74feec95e_turn_2_step_1,mtrag,rag_multiturn,747a810abfd6da4a9c37cdb74feec95e_turn_2,1,1,full_context_text,7351,1838,False,0.0
mtrag_747a810abfd6da4a9c37cdb74feec95e_turn_2_step_1,mtrag,rag_multiturn,747a810abfd6da4a9c37cdb74feec95e_turn_2,1,1,acu_head_tail_context,7351,1838,False,0.0
mtrag_8040ccdfc0a0ffb8e3f82d94f92ddb5c_turn_3_step_1,mtrag,rag_multiturn,8040ccdfc0a0ffb8e3f82d94f92ddb5c_turn_3,1,1,last_message_text,83,21,False,0.0
mtrag_8040ccdfc0a0ffb8e3f82d94f92ddb5c_turn_3_step_1,mtrag,rag_multiturn,8040ccdfc0a0ffb8e3f82d94f92ddb5c_turn_3,1,1,full_context_text,2849,713,False,0.0
mtrag_8040ccdfc0a0ffb8e3f82d94f92ddb5c_turn_3_step_1,mtrag,rag_multiturn,8040ccdfc0a0ffb8e3f82d94f92ddb5c_turn_3,1,1,acu_head_tail_context,2849,713,False,0.0
mtrag_258193fc88e0e73322e288aa03719260_turn_8_step_1,mtrag,rag_multiturn,258193fc88e0e73322e288aa03719260_turn_8,1,1,last_message_text,38,10,False,0.0
mtrag_258193fc88e0e73322e288aa03719260_turn_8_step_1,mtrag,rag_multiturn,258193fc88e0e73322e288aa03719260_turn_8,1,1,full_context_text,10411,2603,False,0.0
mtrag_258193fc88e0e73322e288aa03719260_turn_8_step_1,mtrag,rag_multiturn,258193fc88e0e73322e288aa03719260_turn_8,1,1,acu_head_tail_context,10411,2603,False,0.0
mtrag_258193fc88e0e73322e288aa03719260_turn_3_step_1,mtrag,rag_multiturn,258193fc88e0e73322e288aa03719260_turn_3,1,1,last_message_text,93,24,False,0.0
mtrag_258193fc88e0e73322e288aa03719260_turn_3_step_1,mtrag,rag_multiturn,258193fc88e0e73322e288aa03719260_turn_3,1,1,full_context_text,6382,1596,False,0.0
mtrag_258193fc88e0e73322e288aa03719260_turn_3_step_1,mtrag,rag_multiturn,258193fc88e0e73322e288aa03719260_turn_3,1,1,acu_head_tail_context,6382,1596,False,0.0
mtrag_d5b1e735a040853ed361a3dfde1b8ef0_turn_3_step_1,mtrag,rag_multiturn,d5b1e735a040853ed361a3dfde1b8ef0_turn_3,1,1,last_message_text,63,16,False,0.0
mtrag_d5b1e735a040853ed361a3dfde1b8ef0_turn_3_step_1,mtrag,rag_multiturn,d5b1e735a040853ed361a3dfde1b8ef0_turn_3,1,1,full_context_text,3537,885,False,0.0
mtrag_d5b1e735a040853ed361a3dfde1b8ef0_turn_3_step_1,mtrag,rag_multiturn,d5b1e735a040853ed361a3dfde1b8ef0_turn_3,1,1,acu_head_tail_context,3537,885,False,0.0
mtrag_c6c3b02ca32795af64c903dd76700517_turn_1_step_1,mtrag,rag_multiturn,c6c3b02ca32795af64c903dd76700517_turn_1,1,1,last_message_text,57,15,False,0.0
mtrag_c6c3b02ca32795af64c903dd76700517_turn_1_step_1,mtrag,rag_multiturn,c6c3b02ca32795af64c903dd76700517_turn_1,1,1,full_context_text,5299,1325,False,0.0
mtrag_c6c3b02ca32795af64c903dd76700517_turn_1_step_1,mtrag,rag_multiturn,c6c3b02ca32795af64c903dd76700517_turn_1,1,1,acu_head_tail_context,5299,1325,False,0.0
mtrag_1c74814752c3f9d4ed0b99c16e1ed192_turn_9_step_1,mtrag,rag_multiturn,1c74814752c3f9d4ed0b99c16e1ed192_turn_9,1,1,last_message_text,23,6,False,0.0
mtrag_1c74814752c3f9d4ed0b99c16e1ed192_turn_9_step_1,mtrag,rag_multiturn,1c74814752c3f9d4ed0b99c16e1ed192_turn_9,1,1,full_context_text,12956,3239,False,0.0
mtrag_1c74814752c3f9d4ed0b99c16e1ed192_turn_9_step_1,mtrag,rag_multiturn,1c74814752c3f9d4ed0b99c16e1ed192_turn_9,1,1,acu_head_tail_context,12956,3239,False,0.0
mtrag_747a810abfd6da4a9c37cdb74feec95e_turn_7_step_1,mtrag,rag_multiturn,747a810abfd6da4a9c37cdb74feec95e_turn_7,1,1,last_message_text,44,11,False,0.0
mtrag_747a810abfd6da4a9c37cdb74feec95e_turn_7_step_1,mtrag,rag_multiturn,747a810abfd6da4a9c37cdb74feec95e_turn_7,1,1,full_context_text,10737,2685,False,0.0
mtrag_747a810abfd6da4a9c37cdb74feec95e_turn_7_step_1,mtrag,rag_multiturn,747a810abfd6da4a9c37cdb74feec95e_turn_7,1,1,acu_head_tail_context,10737,2685,False,0.0
mtrag_be461bfeda2d4826cdb663dcaa7d1ced_turn_6_step_1,mtrag,rag_multiturn,be461bfeda2d4826cdb663dcaa7d1ced_turn_6,1,1,last_message_text,15,4,False,0.0
mtrag_be461bfeda2d4826cdb663dcaa7d1ced_turn_6_step_1,mtrag,rag_multiturn,be461bfeda2d4826cdb663dcaa7d1ced_turn_6,1,1,full_context_text,7721,1931,False,0.0
mtrag_be461bfeda2d4826cdb663dcaa7d1ced_turn_6_step_1,mtrag,rag_multiturn,be461bfeda2d4826cdb663dcaa7d1ced_turn_6,1,1,acu_head_tail_context,7721,1931,False,0.0
mtrag_ccdfb6b6f98c55047ae81b705104dbd6_turn_3_step_1,mtrag,rag_multiturn,ccdfb6b6f98c55047ae81b705104dbd6_turn_3,1,1,last_message_text,52,13,False,0.0
mtrag_ccdfb6b6f98c55047ae81b705104dbd6_turn_3_step_1,mtrag,rag_multiturn,ccdfb6b6f98c55047ae81b705104dbd6_turn_3,1,1,full_context_text,6048,1512,False,0.0
mtrag_ccdfb6b6f98c55047ae81b705104dbd6_turn_3_step_1,mtrag,rag_multiturn,ccdfb6b6f98c55047ae81b705104dbd6_turn_3,1,1,acu_head_tail_context,6048,1512,False,0.0
mtrag_f1121a39d8a9e36eaef4c2367bd43532_turn_3_step_1,mtrag,rag_multiturn,f1121a39d8a9e36eaef4c2367bd43532_turn_3,1,1,last_message_text,51,13,False,0.0
mtrag_f1121a39d8a9e36eaef4c2367bd43532_turn_3_step_1,mtrag,rag_multiturn,f1121a39d8a9e36eaef4c2367bd43532_turn_3,1,1,full_context_text,5708,1427,False,0.0
mtrag_f1121a39d8a9e36eaef4c2367bd43532_turn_3_step_1,mtrag,rag_multiturn,f1121a39d8a9e36eaef4c2367bd43532_turn_3,1,1,acu_head_tail_context,5708,1427,False,0.0
mtrag_91204c45fc829e328f9a3643d9dd4c2b_turn_1_step_1,mtrag,rag_multiturn,91204c45fc829e328f9a3643d9dd4c2b_turn_1,1,1,last_message_text,52,13,False,0.0
mtrag_91204c45fc829e328f9a3643d9dd4c2b_turn_1_step_1,mtrag,rag_multiturn,91204c45fc829e328f9a3643d9dd4c2b_turn_1,1,1,full_context_text,2800,700,False,0.0
mtrag_91204c45fc829e328f9a3643d9dd4c2b_turn_1_step_1,mtrag,rag_multiturn,91204c45fc829e328f9a3643d9dd4c2b_turn_1,1,1,acu_head_tail_context,2800,700,False,0.0
mtrag_d5f0e7023ab90fe0240b7fc46cf00c26_turn_3_step_1,mtrag,rag_multiturn,d5f0e7023ab90fe0240b7fc46cf00c26_turn_3,1,1,last_message_text,51,13,False,0.0
mtrag_d5f0e7023ab90fe0240b7fc46cf00c26_turn_3_step_1,mtrag,rag_multiturn,d5f0e7023ab90fe0240b7fc46cf00c26_turn_3,1,1,full_context_text,2782,696,False,0.0
mtrag_d5f0e7023ab90fe0240b7fc46cf00c26_turn_3_step_1,mtrag,rag_multiturn,d5f0e7023ab90fe0240b7fc46cf00c26_turn_3,1,1,acu_head_tail_context,2782,696,False,0.0
mtrag_674aa142d92a6b4262de254df0c3f7b2_turn_3_step_1,mtrag,rag_multiturn,674aa142d92a6b4262de254df0c3f7b2_turn_3,1,1,last_message_text,62,16,False,0.0
mtrag_674aa142d92a6b4262de254df0c3f7b2_turn_3_step_1,mtrag,rag_multiturn,674aa142d92a6b4262de254df0c3f7b2_turn_3,1,1,full_context_text,4946,1237,False,0.0
mtrag_674aa142d92a6b4262de254df0c3f7b2_turn_3_step_1,mtrag,rag_multiturn,674aa142d92a6b4262de254df0c3f7b2_turn_3,1,1,acu_head_tail_context,4946,1237,False,0.0
mtrag_a277cf5022616282aa819ee76c9343de_turn_2_step_1,mtrag,rag_multiturn,a277cf5022616282aa819ee76c9343de_turn_2,1,1,last_message_text,94,24,False,0.0
mtrag_a277cf5022616282aa819ee76c9343de_turn_2_step_1,mtrag,rag_multiturn,a277cf5022616282aa819ee76c9343de_turn_2,1,1,full_context_text,4623,1156,False,0.0
mtrag_a277cf5022616282aa819ee76c9343de_turn_2_step_1,mtrag,rag_multiturn,a277cf5022616282aa819ee76c9343de_turn_2,1,1,acu_head_tail_context,4623,1156,False,0.0
mtrag_5815bb4a99e2a0d8a986348da4c49083_turn_8_step_1,mtrag,rag_multiturn,5815bb4a99e2a0d8a986348da4c49083_turn_8,1,1,last_message_text,29,8,False,0.0
mtrag_5815bb4a99e2a0d8a986348da4c49083_turn_8_step_1,mtrag,rag_multiturn,5815bb4a99e2a0d8a986348da4c49083_turn_8,1,1,full_context_text,9333,2334,False,0.0
mtrag_5815bb4a99e2a0d8a986348da4c49083_turn_8_step_1,mtrag,rag_multiturn,5815bb4a99e2a0d8a986348da4c49083_turn_8,1,1,acu_head_tail_context,9333,2334,False,0.0
mtrag_95a0893567c7519c090ecbcdd14daccd_turn_6_step_1,mtrag,rag_multiturn,95a0893567c7519c090ecbcdd14daccd_turn_6,1,1,last_message_text,62,16,False,0.0
mtrag_95a0893567c7519c090ecbcdd14daccd_turn_6_step_1,mtrag,rag_multiturn,95a0893567c7519c090ecbcdd14daccd_turn_6,1,1,full_context_text,6108,1527,False,0.0
mtrag_95a0893567c7519c090ecbcdd14daccd_turn_6_step_1,mtrag,rag_multiturn,95a0893567c7519c090ecbcdd14daccd_turn_6,1,1,acu_head_tail_context,6108,1527,False,0.0
mtrag_dc1aaac0b33553d8c897d4150955d803_turn_4_step_1,mtrag,rag_multiturn,dc1aaac0b33553d8c897d4150955d803_turn_4,1,1,last_message_text,81,21,False,0.0
mtrag_dc1aaac0b33553d8c897d4150955d803_turn_4_step_1,mtrag,rag_multiturn,dc1aaac0b33553d8c897d4150955d803_turn_4,1,1,full_context_text,7456,1864,False,0.0
mtrag_dc1aaac0b33553d8c897d4150955d803_turn_4_step_1,mtrag,rag_multiturn,dc1aaac0b33553d8c897d4150955d803_turn_4,1,1,acu_head_tail_context,7456,1864,False,0.0
mtrag_79f0d0539d9ec0acbf90cb3388b30c17_turn_1_step_1,mtrag,rag_multiturn,79f0d0539d9ec0acbf90cb3388b30c17_turn_1,1,1,last_message_text,72,18,False,0.0
mtrag_79f0d0539d9ec0acbf90cb3388b30c17_turn_1_step_1,mtrag,rag_multiturn,79f0d0539d9ec0acbf90cb3388b30c17_turn_1,1,1,full_context_text,1870,468,False,0.0
mtrag_79f0d0539d9ec0acbf90cb3388b30c17_turn_1_step_1,mtrag,rag_multiturn,79f0d0539d9ec0acbf90cb3388b30c17_turn_1,1,1,acu_head_tail_context,1870,468,False,0.0
mtrag_c1e53df98a28f19448f4af244304b89a_turn_5_step_1,mtrag,rag_multiturn,c1e53df98a28f19448f4af244304b89a_turn_5,1,1,last_message_text,54,14,False,0.0
mtrag_c1e53df98a28f19448f4af244304b89a_turn_5_step_1,mtrag,rag_multiturn,c1e53df98a28f19448f4af244304b89a_turn_5,1,1,full_context_text,2953,739,False,0.0
mtrag_c1e53df98a28f19448f4af244304b89a_turn_5_step_1,mtrag,rag_multiturn,c1e53df98a28f19448f4af244304b89a_turn_5,1,1,acu_head_tail_context,2953,739,False,0.0
mtrag_124e27c3861eff7dadd17993719a0beb_turn_1_step_1,mtrag,rag_multiturn,124e27c3861eff7dadd17993719a0beb_turn_1,1,1,last_message_text,48,12,False,0.0
mtrag_124e27c3861eff7dadd17993719a0beb_turn_1_step_1,mtrag,rag_multiturn,124e27c3861eff7dadd17993719a0beb_turn_1,1,1,full_context_text,6231,1558,False,0.0
mtrag_124e27c3861eff7dadd17993719a0beb_turn_1_step_1,mtrag,rag_multiturn,124e27c3861eff7dadd17993719a0beb_turn_1,1,1,acu_head_tail_context,6231,1558,False,0.0
mtrag_251e29286cef45d899d7889e94ae25d5_turn_3_step_1,mtrag,rag_multiturn,251e29286cef45d899d7889e94ae25d5_turn_3,1,1,last_message_text,67,17,False,0.0
mtrag_251e29286cef45d899d7889e94ae25d5_turn_3_step_1,mtrag,rag_multiturn,251e29286cef45d899d7889e94ae25d5_turn_3,1,1,full_context_text,7300,1825,False,0.0
mtrag_251e29286cef45d899d7889e94ae25d5_turn_3_step_1,mtrag,rag_multiturn,251e29286cef45d899d7889e94ae25d5_turn_3,1,1,acu_head_tail_context,7300,1825,False,0.0
mtrag_a3f07e9ed5f257db6aecd30511f03af1_turn_5_step_1,mtrag,rag_multiturn,a3f07e9ed5f257db6aecd30511f03af1_turn_5,1,1,last_message_text,48,12,False,0.0
mtrag_a3f07e9ed5f257db6aecd30511f03af1_turn_5_step_1,mtrag,rag_multiturn,a3f07e9ed5f257db6aecd30511f03af1_turn_5,1,1,full_context_text,3835,959,False,0.0
mtrag_a3f07e9ed5f257db6aecd30511f03af1_turn_5_step_1,mtrag,rag_multiturn,a3f07e9ed5f257db6aecd30511f03af1_turn_5,1,1,acu_head_tail_context,3835,959,False,0.0
mtrag_ccdfb6b6f98c55047ae81b705104dbd6_turn_9_step_1,mtrag,rag_multiturn,ccdfb6b6f98c55047ae81b705104dbd6_turn_9,1,1,last_message_text,86,22,False,0.0
mtrag_ccdfb6b6f98c55047ae81b705104dbd6_turn_9_step_1,mtrag,rag_multiturn,ccdfb6b6f98c55047ae81b705104dbd6_turn_9,1,1,full_context_text,13926,3482,False,0.0
mtrag_ccdfb6b6f98c55047ae81b705104dbd6_turn_9_step_1,mtrag,rag_multiturn,ccdfb6b6f98c55047ae81b705104dbd6_turn_9,1,1,acu_head_tail_context,13926,3482,False,0.0
mtrag_dc1aaac0b33553d8c897d4150955d803_turn_3_step_1,mtrag,rag_multiturn,dc1aaac0b33553d8c897d4150955d803_turn_3,1,1,last_message_text,67,17,False,0.0
mtrag_dc1aaac0b33553d8c897d4150955d803_turn_3_step_1,mtrag,rag_multiturn,dc1aaac0b33553d8c897d4150955d803_turn_3,1,1,full_context_text,12353,3089,False,0.0
mtrag_dc1aaac0b33553d8c897d4150955d803_turn_3_step_1,mtrag,rag_multiturn,dc1aaac0b33553d8c897d4150955d803_turn_3,1,1,acu_head_tail_context,12353,3089,False,0.0
mtrag_e9dd465e8dd63a80dda8f3ce9cba6848_turn_3_step_1,mtrag,rag_multiturn,e9dd465e8dd63a80dda8f3ce9cba6848_turn_3,1,1,last_message_text,23,6,False,0.0
mtrag_e9dd465e8dd63a80dda8f3ce9cba6848_turn_3_step_1,mtrag,rag_multiturn,e9dd465e8dd63a80dda8f3ce9cba6848_turn_3,1,1,full_context_text,2556,639,False,0.0
mtrag_e9dd465e8dd63a80dda8f3ce9cba6848_turn_3_step_1,mtrag,rag_multiturn,e9dd465e8dd63a80dda8f3ce9cba6848_turn_3,1,1,acu_head_tail_context,2556,639,False,0.0
mtrag_35e6be0f2049527ae17cf77169cc4f70_turn_4_step_1,mtrag,rag_multiturn,35e6be0f2049527ae17cf77169cc4f70_turn_4,1,1,last_message_text,38,10,False,0.0
mtrag_35e6be0f2049527ae17cf77169cc4f70_turn_4_step_1,mtrag,rag_multiturn,35e6be0f2049527ae17cf77169cc4f70_turn_4,1,1,full_context_text,7345,1837,False,0.0
mtrag_35e6be0f2049527ae17cf77169cc4f70_turn_4_step_1,mtrag,rag_multiturn,35e6be0f2049527ae17cf77169cc4f70_turn_4,1,1,acu_head_tail_context,7345,1837,False,0.0
mtrag_4c86c8740c3d49e06b7aca9d308119fa_turn_3_step_1,mtrag,rag_multiturn,4c86c8740c3d49e06b7aca9d308119fa_turn_3,1,1,last_message_text,68,17,False,0.0
mtrag_4c86c8740c3d49e06b7aca9d308119fa_turn_3_step_1,mtrag,rag_multiturn,4c86c8740c3d49e06b7aca9d308119fa_turn_3,1,1,full_context_text,6003,1501,False,0.0
mtrag_4c86c8740c3d49e06b7aca9d308119fa_turn_3_step_1,mtrag,rag_multiturn,4c86c8740c3d49e06b7aca9d308119fa_turn_3,1,1,acu_head_tail_context,6003,1501,False,0.0
mtrag_d7b4f863baa92fd08c1db2b1a95170dd_turn_9_step_1,mtrag,rag_multiturn,d7b4f863baa92fd08c1db2b1a95170dd_turn_9,1,1,last_message_text,25,7,False,0.0
mtrag_d7b4f863baa92fd08c1db2b1a95170dd_turn_9_step_1,mtrag,rag_multiturn,d7b4f863baa92fd08c1db2b1a95170dd_turn_9,1,1,full_context_text,10386,2597,False,0.0
mtrag_d7b4f863baa92fd08c1db2b1a95170dd_turn_9_step_1,mtrag,rag_multiturn,d7b4f863baa92fd08c1db2b1a95170dd_turn_9,1,1,acu_head_tail_context,10386,2597,False,0.0
mtrag_4751cd8210b4adb8bce5cbc3fe913096_turn_6_step_1,mtrag,rag_multiturn,4751cd8210b4adb8bce5cbc3fe913096_turn_6,1,1,last_message_text,24,6,False,0.0
mtrag_4751cd8210b4adb8bce5cbc3fe913096_turn_6_step_1,mtrag,rag_multiturn,4751cd8210b4adb8bce5cbc3fe913096_turn_6,1,1,full_context_text,9110,2278,False,0.0
mtrag_4751cd8210b4adb8bce5cbc3fe913096_turn_6_step_1,mtrag,rag_multiturn,4751cd8210b4adb8bce5cbc3fe913096_turn_6,1,1,acu_head_tail_context,9110,2278,False,0.0
mtrag_d7b4f863baa92fd08c1db2b1a95170dd_turn_2_step_1,mtrag,rag_multiturn,d7b4f863baa92fd08c1db2b1a95170dd_turn_2,1,1,last_message_text,40,10,False,0.0
mtrag_d7b4f863baa92fd08c1db2b1a95170dd_turn_2_step_1,mtrag,rag_multiturn,d7b4f863baa92fd08c1db2b1a95170dd_turn_2,1,1,full_context_text,4980,1245,False,0.0
mtrag_d7b4f863baa92fd08c1db2b1a95170dd_turn_2_step_1,mtrag,rag_multiturn,d7b4f863baa92fd08c1db2b1a95170dd_turn_2,1,1,acu_head_tail_context,4980,1245,False,0.0
mtrag_ca6f0197d2c0c4d6e3be090c3f8bf30f_turn_1_step_1,mtrag,rag_multiturn,ca6f0197d2c0c4d6e3be090c3f8bf30f_turn_1,1,1,last_message_text,78,20,False,0.0
mtrag_ca6f0197d2c0c4d6e3be090c3f8bf30f_turn_1_step_1,mtrag,rag_multiturn,ca6f0197d2c0c4d6e3be090c3f8bf30f_turn_1,1,1,full_context_text,2660,665,False,0.0
mtrag_ca6f0197d2c0c4d6e3be090c3f8bf30f_turn_1_step_1,mtrag,rag_multiturn,ca6f0197d2c0c4d6e3be090c3f8bf30f_turn_1,1,1,acu_head_tail_context,2660,665,False,0.0
mtrag_3a07680acfb0f951fc3210a8c1a282c9_turn_7_step_1,mtrag,rag_multiturn,3a07680acfb0f951fc3210a8c1a282c9_turn_7,1,1,last_message_text,60,15,False,0.0
mtrag_3a07680acfb0f951fc3210a8c1a282c9_turn_7_step_1,mtrag,rag_multiturn,3a07680acfb0f951fc3210a8c1a282c9_turn_7,1,1,full_context_text,7312,1828,False,0.0
mtrag_3a07680acfb0f951fc3210a8c1a282c9_turn_7_step_1,mtrag,rag_multiturn,3a07680acfb0f951fc3210a8c1a282c9_turn_7,1,1,acu_head_tail_context,7312,1828,False,0.0
mtrag_c1e53df98a28f19448f4af244304b89a_turn_1_step_1,mtrag,rag_multiturn,c1e53df98a28f19448f4af244304b89a_turn_1,1,1,last_message_text,56,14,False,0.0
mtrag_c1e53df98a28f19448f4af244304b89a_turn_1_step_1,mtrag,rag_multiturn,c1e53df98a28f19448f4af244304b89a_turn_1,1,1,full_context_text,1077,270,False,0.0
mtrag_c1e53df98a28f19448f4af244304b89a_turn_1_step_1,mtrag,rag_multiturn,c1e53df98a28f19448f4af244304b89a_turn_1,1,1,acu_head_tail_context,1077,270,False,0.0
mtrag_d5b1e735a040853ed361a3dfde1b8ef0_turn_9_step_1,mtrag,rag_multiturn,d5b1e735a040853ed361a3dfde1b8ef0_turn_9,1,1,last_message_text,88,22,False,0.0
mtrag_d5b1e735a040853ed361a3dfde1b8ef0_turn_9_step_1,mtrag,rag_multiturn,d5b1e735a040853ed361a3dfde1b8ef0_turn_9,1,1,full_context_text,8168,2042,False,0.0
mtrag_d5b1e735a040853ed361a3dfde1b8ef0_turn_9_step_1,mtrag,rag_multiturn,d5b1e735a040853ed361a3dfde1b8ef0_turn_9,1,1,acu_head_tail_context,8168,2042,False,0.0
mtrag_4751cd8210b4adb8bce5cbc3fe913096_turn_7_step_1,mtrag,rag_multiturn,4751cd8210b4adb8bce5cbc3fe913096_turn_7,1,1,last_message_text,21,6,False,0.0
mtrag_4751cd8210b4adb8bce5cbc3fe913096_turn_7_step_1,mtrag,rag_multiturn,4751cd8210b4adb8bce5cbc3fe913096_turn_7,1,1,full_context_text,5994,1499,False,0.0
mtrag_4751cd8210b4adb8bce5cbc3fe913096_turn_7_step_1,mtrag,rag_multiturn,4751cd8210b4adb8bce5cbc3fe913096_turn_7,1,1,acu_head_tail_context,5994,1499,False,0.0
mtrag_1c74814752c3f9d4ed0b99c16e1ed192_turn_4_step_1,mtrag,rag_multiturn,1c74814752c3f9d4ed0b99c16e1ed192_turn_4,1,1,last_message_text,17,5,False,0.0
mtrag_1c74814752c3f9d4ed0b99c16e1ed192_turn_4_step_1,mtrag,rag_multiturn,1c74814752c3f9d4ed0b99c16e1ed192_turn_4,1,1,full_context_text,6207,1552,False,0.0
mtrag_1c74814752c3f9d4ed0b99c16e1ed192_turn_4_step_1,mtrag,rag_multiturn,1c74814752c3f9d4ed0b99c16e1ed192_turn_4,1,1,acu_head_tail_context,6207,1552,False,0.0
mtrag_4a8369b7403e54df94d7fa495a4eff27_turn_5_step_1,mtrag,rag_multiturn,4a8369b7403e54df94d7fa495a4eff27_turn_5,1,1,last_message_text,80,20,False,0.0
mtrag_4a8369b7403e54df94d7fa495a4eff27_turn_5_step_1,mtrag,rag_multiturn,4a8369b7403e54df94d7fa495a4eff27_turn_5,1,1,full_context_text,11058,2765,False,0.0
mtrag_4a8369b7403e54df94d7fa495a4eff27_turn_5_step_1,mtrag,rag_multiturn,4a8369b7403e54df94d7fa495a4eff27_turn_5,1,1,acu_head_tail_context,11058,2765,False,0.0
mtrag_d5b1e735a040853ed361a3dfde1b8ef0_turn_8_step_1,mtrag,rag_multiturn,d5b1e735a040853ed361a3dfde1b8ef0_turn_8,1,1,last_message_text,95,24,False,0.0
mtrag_d5b1e735a040853ed361a3dfde1b8ef0_turn_8_step_1,mtrag,rag_multiturn,d5b1e735a040853ed361a3dfde1b8ef0_turn_8,1,1,full_context_text,10320,2580,False,0.0
mtrag_d5b1e735a040853ed361a3dfde1b8ef0_turn_8_step_1,mtrag,rag_multiturn,d5b1e735a040853ed361a3dfde1b8ef0_turn_8,1,1,acu_head_tail_context,10320,2580,False,0.0
mtrag_79f0d0539d9ec0acbf90cb3388b30c17_turn_5_step_1,mtrag,rag_multiturn,79f0d0539d9ec0acbf90cb3388b30c17_turn_5,1,1,last_message_text,74,19,False,0.0
mtrag_79f0d0539d9ec0acbf90cb3388b30c17_turn_5_step_1,mtrag,rag_multiturn,79f0d0539d9ec0acbf90cb3388b30c17_turn_5,1,1,full_context_text,6316,1579,False,0.0
mtrag_79f0d0539d9ec0acbf90cb3388b30c17_turn_5_step_1,mtrag,rag_multiturn,79f0d0539d9ec0acbf90cb3388b30c17_turn_5,1,1,acu_head_tail_context,6316,1579,False,0.0
mtrag_5600fe1c05a1fc415416d9dee6347000_turn_5_step_1,mtrag,rag_multiturn,5600fe1c05a1fc415416d9dee6347000_turn_5,1,1,last_message_text,37,10,False,0.0
mtrag_5600fe1c05a1fc415416d9dee6347000_turn_5_step_1,mtrag,rag_multiturn,5600fe1c05a1fc415416d9dee6347000_turn_5,1,1,full_context_text,20713,5179,False,0.0
mtrag_5600fe1c05a1fc415416d9dee6347000_turn_5_step_1,mtrag,rag_multiturn,5600fe1c05a1fc415416d9dee6347000_turn_5,1,1,acu_head_tail_context,20713,5179,False,0.0
mtrag_9c52934a9aea1c3647d4b558d8afdf1c_turn_9_step_1,mtrag,rag_multiturn,9c52934a9aea1c3647d4b558d8afdf1c_turn_9,1,1,last_message_text,49,13,False,0.0
mtrag_9c52934a9aea1c3647d4b558d8afdf1c_turn_9_step_1,mtrag,rag_multiturn,9c52934a9aea1c3647d4b558d8afdf1c_turn_9,1,1,full_context_text,9838,2460,False,0.0
mtrag_9c52934a9aea1c3647d4b558d8afdf1c_turn_9_step_1,mtrag,rag_multiturn,9c52934a9aea1c3647d4b558d8afdf1c_turn_9,1,1,acu_head_tail_context,9838,2460,False,0.0
mtrag_af5e45e59e1254e0b7869cb477674d02_turn_9_step_1,mtrag,rag_multiturn,af5e45e59e1254e0b7869cb477674d02_turn_9,1,1,last_message_text,29,8,False,0.0
mtrag_af5e45e59e1254e0b7869cb477674d02_turn_9_step_1,mtrag,rag_multiturn,af5e45e59e1254e0b7869cb477674d02_turn_9,1,1,full_context_text,6819,1705,False,0.0
mtrag_af5e45e59e1254e0b7869cb477674d02_turn_9_step_1,mtrag,rag_multiturn,af5e45e59e1254e0b7869cb477674d02_turn_9,1,1,acu_head_tail_context,6819,1705,False,0.0
mtrag_5503c6e98c54d4901332d0f1c6030bd9_turn_6_step_1,mtrag,rag_multiturn,5503c6e98c54d4901332d0f1c6030bd9_turn_6,1,1,last_message_text,68,17,False,0.0
mtrag_5503c6e98c54d4901332d0f1c6030bd9_turn_6_step_1,mtrag,rag_multiturn,5503c6e98c54d4901332d0f1c6030bd9_turn_6,1,1,full_context_text,10548,2637,False,0.0
mtrag_5503c6e98c54d4901332d0f1c6030bd9_turn_6_step_1,mtrag,rag_multiturn,5503c6e98c54d4901332d0f1c6030bd9_turn_6,1,1,acu_head_tail_context,10548,2637,False,0.0
mtrag_aea2634b0e5f1c2444550d31c41adc94_turn_2_step_1,mtrag,rag_multiturn,aea2634b0e5f1c2444550d31c41adc94_turn_2,1,1,last_message_text,31,8,False,0.0
mtrag_aea2634b0e5f1c2444550d31c41adc94_turn_2_step_1,mtrag,rag_multiturn,aea2634b0e5f1c2444550d31c41adc94_turn_2,1,1,full_context_text,4406,1102,False,0.0
mtrag_aea2634b0e5f1c2444550d31c41adc94_turn_2_step_1,mtrag,rag_multiturn,aea2634b0e5f1c2444550d31c41adc94_turn_2,1,1,acu_head_tail_context,4406,1102,False,0.0
mtrag_5815bb4a99e2a0d8a986348da4c49083_turn_2_step_1,mtrag,rag_multiturn,5815bb4a99e2a0d8a986348da4c49083_turn_2,1,1,last_message_text,52,13,False,0.0
mtrag_5815bb4a99e2a0d8a986348da4c49083_turn_2_step_1,mtrag,rag_multiturn,5815bb4a99e2a0d8a986348da4c49083_turn_2,1,1,full_context_text,3047,762,False,0.0
mtrag_5815bb4a99e2a0d8a986348da4c49083_turn_2_step_1,mtrag,rag_multiturn,5815bb4a99e2a0d8a986348da4c49083_turn_2,1,1,acu_head_tail_context,3047,762,False,0.0
mtrag_13a398b30067d58d179fa8cbc2592449_turn_1_step_1,mtrag,rag_multiturn,13a398b30067d58d179fa8cbc2592449_turn_1,1,1,last_message_text,53,14,False,0.0
mtrag_13a398b30067d58d179fa8cbc2592449_turn_1_step_1,mtrag,rag_multiturn,13a398b30067d58d179fa8cbc2592449_turn_1,1,1,full_context_text,4558,1140,False,0.0
mtrag_13a398b30067d58d179fa8cbc2592449_turn_1_step_1,mtrag,rag_multiturn,13a398b30067d58d179fa8cbc2592449_turn_1,1,1,acu_head_tail_context,4558,1140,False,0.0
mtrag_3f5fa378239f7475baac89fa40288aaa_turn_3_step_1,mtrag,rag_multiturn,3f5fa378239f7475baac89fa40288aaa_turn_3,1,1,last_message_text,27,7,False,0.0
mtrag_3f5fa378239f7475baac89fa40288aaa_turn_3_step_1,mtrag,rag_multiturn,3f5fa378239f7475baac89fa40288aaa_turn_3,1,1,full_context_text,3402,851,False,0.0
mtrag_3f5fa378239f7475baac89fa40288aaa_turn_3_step_1,mtrag,rag_multiturn,3f5fa378239f7475baac89fa40288aaa_turn_3,1,1,acu_head_tail_context,3402,851,False,0.0
mtrag_91204c45fc829e328f9a3643d9dd4c2b_turn_6_step_1,mtrag,rag_multiturn,91204c45fc829e328f9a3643d9dd4c2b_turn_6,1,1,last_message_text,35,9,False,0.0
mtrag_91204c45fc829e328f9a3643d9dd4c2b_turn_6_step_1,mtrag,rag_multiturn,91204c45fc829e328f9a3643d9dd4c2b_turn_6,1,1,full_context_text,3456,864,False,0.0
mtrag_91204c45fc829e328f9a3643d9dd4c2b_turn_6_step_1,mtrag,rag_multiturn,91204c45fc829e328f9a3643d9dd4c2b_turn_6,1,1,acu_head_tail_context,3456,864,False,0.0
mtrag_9c52934a9aea1c3647d4b558d8afdf1c_turn_3_step_1,mtrag,rag_multiturn,9c52934a9aea1c3647d4b558d8afdf1c_turn_3,1,1,last_message_text,31,8,False,0.0
mtrag_9c52934a9aea1c3647d4b558d8afdf1c_turn_3_step_1,mtrag,rag_multiturn,9c52934a9aea1c3647d4b558d8afdf1c_turn_3,1,1,full_context_text,6228,1557,False,0.0
mtrag_9c52934a9aea1c3647d4b558d8afdf1c_turn_3_step_1,mtrag,rag_multiturn,9c52934a9aea1c3647d4b558d8afdf1c_turn_3,1,1,acu_head_tail_context,6228,1557,False,0.0
mtrag_95a0893567c7519c090ecbcdd14daccd_turn_1_step_1,mtrag,rag_multiturn,95a0893567c7519c090ecbcdd14daccd_turn_1,1,1,last_message_text,51,13,False,0.0
mtrag_95a0893567c7519c090ecbcdd14daccd_turn_1_step_1,mtrag,rag_multiturn,95a0893567c7519c090ecbcdd14daccd_turn_1,1,1,full_context_text,5005,1252,False,0.0
mtrag_95a0893567c7519c090ecbcdd14daccd_turn_1_step_1,mtrag,rag_multiturn,95a0893567c7519c090ecbcdd14daccd_turn_1,1,1,acu_head_tail_context,5005,1252,False,0.0
mtrag_ccdfb6b6f98c55047ae81b705104dbd6_turn_5_step_1,mtrag,rag_multiturn,ccdfb6b6f98c55047ae81b705104dbd6_turn_5,1,1,last_message_text,68,17,False,0.0
mtrag_ccdfb6b6f98c55047ae81b705104dbd6_turn_5_step_1,mtrag,rag_multiturn,ccdfb6b6f98c55047ae81b705104dbd6_turn_5,1,1,full_context_text,7381,1846,False,0.0
mtrag_ccdfb6b6f98c55047ae81b705104dbd6_turn_5_step_1,mtrag,rag_multiturn,ccdfb6b6f98c55047ae81b705104dbd6_turn_5,1,1,acu_head_tail_context,7381,1846,False,0.0
mtrag_0ef145e49938dfb9b6eefe781d21dca8_turn_1_step_1,mtrag,rag_multiturn,0ef145e49938dfb9b6eefe781d21dca8_turn_1,1,1,last_message_text,95,24,False,0.0
mtrag_0ef145e49938dfb9b6eefe781d21dca8_turn_1_step_1,mtrag,rag_multiturn,0ef145e49938dfb9b6eefe781d21dca8_turn_1,1,1,full_context_text,5649,1413,False,0.0
mtrag_0ef145e49938dfb9b6eefe781d21dca8_turn_1_step_1,mtrag,rag_multiturn,0ef145e49938dfb9b6eefe781d21dca8_turn_1,1,1,acu_head_tail_context,5649,1413,False,0.0
mtrag_5b9edac124aea30a2256705d27226d7f_turn_3_step_1,mtrag,rag_multiturn,5b9edac124aea30a2256705d27226d7f_turn_3,1,1,last_message_text,35,9,False,0.0
mtrag_5b9edac124aea30a2256705d27226d7f_turn_3_step_1,mtrag,rag_multiturn,5b9edac124aea30a2256705d27226d7f_turn_3,1,1,full_context_text,6080,1520,False,0.0
mtrag_5b9edac124aea30a2256705d27226d7f_turn_3_step_1,mtrag,rag_multiturn,5b9edac124aea30a2256705d27226d7f_turn_3,1,1,acu_head_tail_context,6080,1520,False,0.0
mtrag_5e79e465134d923edf68580733a81c68_turn_4_step_1,mtrag,rag_multiturn,5e79e465134d923edf68580733a81c68_turn_4,1,1,last_message_text,23,6,False,0.0
mtrag_5e79e465134d923edf68580733a81c68_turn_4_step_1,mtrag,rag_multiturn,5e79e465134d923edf68580733a81c68_turn_4,1,1,full_context_text,7611,1903,False,0.0
mtrag_5e79e465134d923edf68580733a81c68_turn_4_step_1,mtrag,rag_multiturn,5e79e465134d923edf68580733a81c68_turn_4,1,1,acu_head_tail_context,7611,1903,False,0.0
mtrag_a2698b2973ea7db1ee5adb5e70ec02e4_turn_9_step_1,mtrag,rag_multiturn,a2698b2973ea7db1ee5adb5e70ec02e4_turn_9,1,1,last_message_text,115,29,False,0.0
mtrag_a2698b2973ea7db1ee5adb5e70ec02e4_turn_9_step_1,mtrag,rag_multiturn,a2698b2973ea7db1ee5adb5e70ec02e4_turn_9,1,1,full_context_text,14061,3516,False,0.0
mtrag_a2698b2973ea7db1ee5adb5e70ec02e4_turn_9_step_1,mtrag,rag_multiturn,a2698b2973ea7db1ee5adb5e70ec02e4_turn_9,1,1,acu_head_tail_context,14061,3516,False,0.0
mtrag_61374b240d5742f957706d00f9ed0dd6_turn_7_step_1,mtrag,rag_multiturn,61374b240d5742f957706d00f9ed0dd6_turn_7,1,1,last_message_text,46,12,False,0.0
mtrag_61374b240d5742f957706d00f9ed0dd6_turn_7_step_1,mtrag,rag_multiturn,61374b240d5742f957706d00f9ed0dd6_turn_7,1,1,full_context_text,6326,1582,False,0.0
mtrag_61374b240d5742f957706d00f9ed0dd6_turn_7_step_1,mtrag,rag_multiturn,61374b240d5742f957706d00f9ed0dd6_turn_7,1,1,acu_head_tail_context,6326,1582,False,0.0
mtrag_717ca9138f07b4621887812f47499d74_turn_2_step_1,mtrag,rag_multiturn,717ca9138f07b4621887812f47499d74_turn_2,1,1,last_message_text,87,22,False,0.0
mtrag_717ca9138f07b4621887812f47499d74_turn_2_step_1,mtrag,rag_multiturn,717ca9138f07b4621887812f47499d74_turn_2,1,1,full_context_text,3783,946,False,0.0
mtrag_717ca9138f07b4621887812f47499d74_turn_2_step_1,mtrag,rag_multiturn,717ca9138f07b4621887812f47499d74_turn_2,1,1,acu_head_tail_context,3783,946,False,0.0
mtrag_4751cd8210b4adb8bce5cbc3fe913096_turn_3_step_1,mtrag,rag_multiturn,4751cd8210b4adb8bce5cbc3fe913096_turn_3,1,1,last_message_text,34,9,False,0.0
mtrag_4751cd8210b4adb8bce5cbc3fe913096_turn_3_step_1,mtrag,rag_multiturn,4751cd8210b4adb8bce5cbc3fe913096_turn_3,1,1,full_context_text,3014,754,False,0.0
mtrag_4751cd8210b4adb8bce5cbc3fe913096_turn_3_step_1,mtrag,rag_multiturn,4751cd8210b4adb8bce5cbc3fe913096_turn_3,1,1,acu_head_tail_context,3014,754,False,0.0
mtrag_251e29286cef45d899d7889e94ae25d5_turn_1_step_1,mtrag,rag_multiturn,251e29286cef45d899d7889e94ae25d5_turn_1,1,1,last_message_text,51,13,False,0.0
mtrag_251e29286cef45d899d7889e94ae25d5_turn_1_step_1,mtrag,rag_multiturn,251e29286cef45d899d7889e94ae25d5_turn_1,1,1,full_context_text,2562,641,False,0.0
mtrag_251e29286cef45d899d7889e94ae25d5_turn_1_step_1,mtrag,rag_multiturn,251e29286cef45d899d7889e94ae25d5_turn_1,1,1,acu_head_tail_context,2562,641,False,0.0
mtrag_e9dd465e8dd63a80dda8f3ce9cba6848_turn_4_step_1,mtrag,rag_multiturn,e9dd465e8dd63a80dda8f3ce9cba6848_turn_4,1,1,last_message_text,28,7,False,0.0
mtrag_e9dd465e8dd63a80dda8f3ce9cba6848_turn_4_step_1,mtrag,rag_multiturn,e9dd465e8dd63a80dda8f3ce9cba6848_turn_4,1,1,full_context_text,3307,827,False,0.0
mtrag_e9dd465e8dd63a80dda8f3ce9cba6848_turn_4_step_1,mtrag,rag_multiturn,e9dd465e8dd63a80dda8f3ce9cba6848_turn_4,1,1,acu_head_tail_context,3307,827,False,0.0
mtrag_1c041ce47a81941c26899fdf08bde961_turn_5_step_1,mtrag,rag_multiturn,1c041ce47a81941c26899fdf08bde961_turn_5,1,1,last_message_text,78,20,False,0.0
mtrag_1c041ce47a81941c26899fdf08bde961_turn_5_step_1,mtrag,rag_multiturn,1c041ce47a81941c26899fdf08bde961_turn_5,1,1,full_context_text,6354,1589,False,0.0
mtrag_1c041ce47a81941c26899fdf08bde961_turn_5_step_1,mtrag,rag_multiturn,1c041ce47a81941c26899fdf08bde961_turn_5,1,1,acu_head_tail_context,6354,1589,False,0.0
mtrag_6a738cc02c5aa0b74319acd0e8a809dd_turn_8_step_1,mtrag,rag_multiturn,6a738cc02c5aa0b74319acd0e8a809dd_turn_8,1,1,last_message_text,33,9,False,0.0
mtrag_6a738cc02c5aa0b74319acd0e8a809dd_turn_8_step_1,mtrag,rag_multiturn,6a738cc02c5aa0b74319acd0e8a809dd_turn_8,1,1,full_context_text,5588,1397,False,0.0
mtrag_6a738cc02c5aa0b74319acd0e8a809dd_turn_8_step_1,mtrag,rag_multiturn,6a738cc02c5aa0b74319acd0e8a809dd_turn_8,1,1,acu_head_tail_context,5588,1397,False,0.0
mtrag_5815bb4a99e2a0d8a986348da4c49083_turn_1_step_1,mtrag,rag_multiturn,5815bb4a99e2a0d8a986348da4c49083_turn_1,1,1,last_message_text,51,13,False,0.0
mtrag_5815bb4a99e2a0d8a986348da4c49083_turn_1_step_1,mtrag,rag_multiturn,5815bb4a99e2a0d8a986348da4c49083_turn_1,1,1,full_context_text,4486,1122,False,0.0
mtrag_5815bb4a99e2a0d8a986348da4c49083_turn_1_step_1,mtrag,rag_multiturn,5815bb4a99e2a0d8a986348da4c49083_turn_1,1,1,acu_head_tail_context,4486,1122,False,0.0
mtrag_f1121a39d8a9e36eaef4c2367bd43532_turn_1_step_1,mtrag,rag_multiturn,f1121a39d8a9e36eaef4c2367bd43532_turn_1,1,1,last_message_text,62,16,False,0.0
mtrag_f1121a39d8a9e36eaef4c2367bd43532_turn_1_step_1,mtrag,rag_multiturn,f1121a39d8a9e36eaef4c2367bd43532_turn_1,1,1,full_context_text,2872,718,False,0.0
mtrag_f1121a39d8a9e36eaef4c2367bd43532_turn_1_step_1,mtrag,rag_multiturn,f1121a39d8a9e36eaef4c2367bd43532_turn_1,1,1,acu_head_tail_context,2872,718,False,0.0
mtrag_0ef145e49938dfb9b6eefe781d21dca8_turn_5_step_1,mtrag,rag_multiturn,0ef145e49938dfb9b6eefe781d21dca8_turn_5,1,1,last_message_text,25,7,False,0.0
mtrag_0ef145e49938dfb9b6eefe781d21dca8_turn_5_step_1,mtrag,rag_multiturn,0ef145e49938dfb9b6eefe781d21dca8_turn_5,1,1,full_context_text,10390,2598,False,0.0
mtrag_0ef145e49938dfb9b6eefe781d21dca8_turn_5_step_1,mtrag,rag_multiturn,0ef145e49938dfb9b6eefe781d21dca8_turn_5,1,1,acu_head_tail_context,10390,2598,False,0.0
mtrag_20c2cbd18c16c12c9c2bbead6aef1a21_turn_7_step_1,mtrag,rag_multiturn,20c2cbd18c16c12c9c2bbead6aef1a21_turn_7,1,1,last_message_text,36,9,False,0.0
mtrag_20c2cbd18c16c12c9c2bbead6aef1a21_turn_7_step_1,mtrag,rag_multiturn,20c2cbd18c16c12c9c2bbead6aef1a21_turn_7,1,1,full_context_text,7718,1930,False,0.0
mtrag_20c2cbd18c16c12c9c2bbead6aef1a21_turn_7_step_1,mtrag,rag_multiturn,20c2cbd18c16c12c9c2bbead6aef1a21_turn_7,1,1,acu_head_tail_context,7718,1930,False,0.0
mtrag_e1b602e47ded79a35d8df4eefe194e39_turn_4_step_1,mtrag,rag_multiturn,e1b602e47ded79a35d8df4eefe194e39_turn_4,1,1,last_message_text,25,7,False,0.0
mtrag_e1b602e47ded79a35d8df4eefe194e39_turn_4_step_1,mtrag,rag_multiturn,e1b602e47ded79a35d8df4eefe194e39_turn_4,1,1,full_context_text,12730,3183,False,0.0
mtrag_e1b602e47ded79a35d8df4eefe194e39_turn_4_step_1,mtrag,rag_multiturn,e1b602e47ded79a35d8df4eefe194e39_turn_4,1,1,acu_head_tail_context,12730,3183,False,0.0
mtrag_4c86c8740c3d49e06b7aca9d308119fa_turn_1_step_1,mtrag,rag_multiturn,4c86c8740c3d49e06b7aca9d308119fa_turn_1,1,1,last_message_text,43,11,False,0.0
mtrag_4c86c8740c3d49e06b7aca9d308119fa_turn_1_step_1,mtrag,rag_multiturn,4c86c8740c3d49e06b7aca9d308119fa_turn_1,1,1,full_context_text,4887,1222,False,0.0
mtrag_4c86c8740c3d49e06b7aca9d308119fa_turn_1_step_1,mtrag,rag_multiturn,4c86c8740c3d49e06b7aca9d308119fa_turn_1,1,1,acu_head_tail_context,4887,1222,False,0.0
mtrag_cfbcfa3e382f12aed450b10f87a72aeb_turn_3_step_1,mtrag,rag_multiturn,cfbcfa3e382f12aed450b10f87a72aeb_turn_3,1,1,last_message_text,47,12,False,0.0
mtrag_cfbcfa3e382f12aed450b10f87a72aeb_turn_3_step_1,mtrag,rag_multiturn,cfbcfa3e382f12aed450b10f87a72aeb_turn_3,1,1,full_context_text,2812,703,False,0.0
mtrag_cfbcfa3e382f12aed450b10f87a72aeb_turn_3_step_1,mtrag,rag_multiturn,cfbcfa3e382f12aed450b10f87a72aeb_turn_3,1,1,acu_head_tail_context,2812,703,False,0.0
mtrag_7cb06b3f8068674fce61a11e9777f708_turn_5_step_1,mtrag,rag_multiturn,7cb06b3f8068674fce61a11e9777f708_turn_5,1,1,last_message_text,12,3,False,0.0
mtrag_7cb06b3f8068674fce61a11e9777f708_turn_5_step_1,mtrag,rag_multiturn,7cb06b3f8068674fce61a11e9777f708_turn_5,1,1,full_context_text,9220,2305,False,0.0
mtrag_7cb06b3f8068674fce61a11e9777f708_turn_5_step_1,mtrag,rag_multiturn,7cb06b3f8068674fce61a11e9777f708_turn_5,1,1,acu_head_tail_context,9220,2305,False,0.0
mtrag_94d04f2cd47fee9a0aaa13fa3ae1de53_turn_6_step_1,mtrag,rag_multiturn,94d04f2cd47fee9a0aaa13fa3ae1de53_turn_6,1,1,last_message_text,28,7,False,0.0
mtrag_94d04f2cd47fee9a0aaa13fa3ae1de53_turn_6_step_1,mtrag,rag_multiturn,94d04f2cd47fee9a0aaa13fa3ae1de53_turn_6,1,1,full_context_text,7075,1769,False,0.0
mtrag_94d04f2cd47fee9a0aaa13fa3ae1de53_turn_6_step_1,mtrag,rag_multiturn,94d04f2cd47fee9a0aaa13fa3ae1de53_turn_6,1,1,acu_head_tail_context,7075,1769,False,0.0
mtrag_b4614daadceeecb400f7baf0aa48dcb8_turn_1_step_1,mtrag,rag_multiturn,b4614daadceeecb400f7baf0aa48dcb8_turn_1,1,1,last_message_text,80,20,False,0.0
mtrag_b4614daadceeecb400f7baf0aa48dcb8_turn_1_step_1,mtrag,rag_multiturn,b4614daadceeecb400f7baf0aa48dcb8_turn_1,1,1,full_context_text,6632,1658,False,0.0
mtrag_b4614daadceeecb400f7baf0aa48dcb8_turn_1_step_1,mtrag,rag_multiturn,b4614daadceeecb400f7baf0aa48dcb8_turn_1,1,1,acu_head_tail_context,6632,1658,False,0.0
mtrag_adf9b1f61c73d715809bc7b37ac02724_turn_3_step_1,mtrag,rag_multiturn,adf9b1f61c73d715809bc7b37ac02724_turn_3,1,1,last_message_text,57,15,False,0.0
mtrag_adf9b1f61c73d715809bc7b37ac02724_turn_3_step_1,mtrag,rag_multiturn,adf9b1f61c73d715809bc7b37ac02724_turn_3,1,1,full_context_text,9140,2285,False,0.0
mtrag_adf9b1f61c73d715809bc7b37ac02724_turn_3_step_1,mtrag,rag_multiturn,adf9b1f61c73d715809bc7b37ac02724_turn_3,1,1,acu_head_tail_context,9140,2285,False,0.0
mtrag_c5518952b78b171de2d5b9317103ba62_turn_8_step_1,mtrag,rag_multiturn,c5518952b78b171de2d5b9317103ba62_turn_8,1,1,last_message_text,58,15,False,0.0
mtrag_c5518952b78b171de2d5b9317103ba62_turn_8_step_1,mtrag,rag_multiturn,c5518952b78b171de2d5b9317103ba62_turn_8,1,1,full_context_text,7041,1761,False,0.0
mtrag_c5518952b78b171de2d5b9317103ba62_turn_8_step_1,mtrag,rag_multiturn,c5518952b78b171de2d5b9317103ba62_turn_8,1,1,acu_head_tail_context,7041,1761,False,0.0
mtrag_62a5aee8a497bee6fc467df13bf23cfc_turn_4_step_1,mtrag,rag_multiturn,62a5aee8a497bee6fc467df13bf23cfc_turn_4,1,1,last_message_text,43,11,False,0.0
mtrag_62a5aee8a497bee6fc467df13bf23cfc_turn_4_step_1,mtrag,rag_multiturn,62a5aee8a497bee6fc467df13bf23cfc_turn_4,1,1,full_context_text,6363,1591,False,0.0
mtrag_62a5aee8a497bee6fc467df13bf23cfc_turn_4_step_1,mtrag,rag_multiturn,62a5aee8a497bee6fc467df13bf23cfc_turn_4,1,1,acu_head_tail_context,6363,1591,False,0.0
mtrag_2cc753bcef23767c18aedad06c4405c4_turn_1_step_1,mtrag,rag_multiturn,2cc753bcef23767c18aedad06c4405c4_turn_1,1,1,last_message_text,78,20,False,0.0
mtrag_2cc753bcef23767c18aedad06c4405c4_turn_1_step_1,mtrag,rag_multiturn,2cc753bcef23767c18aedad06c4405c4_turn_1,1,1,full_context_text,2650,663,False,0.0
mtrag_2cc753bcef23767c18aedad06c4405c4_turn_1_step_1,mtrag,rag_multiturn,2cc753bcef23767c18aedad06c4405c4_turn_1,1,1,acu_head_tail_context,2650,663,False,0.0
mtrag_1dcbbeb35d4d25ba1ffb787a9f2080e2_turn_2_step_1,mtrag,rag_multiturn,1dcbbeb35d4d25ba1ffb787a9f2080e2_turn_2,1,1,last_message_text,62,16,False,0.0
mtrag_1dcbbeb35d4d25ba1ffb787a9f2080e2_turn_2_step_1,mtrag,rag_multiturn,1dcbbeb35d4d25ba1ffb787a9f2080e2_turn_2,1,1,full_context_text,5118,1280,False,0.0
mtrag_1dcbbeb35d4d25ba1ffb787a9f2080e2_turn_2_step_1,mtrag,rag_multiturn,1dcbbeb35d4d25ba1ffb787a9f2080e2_turn_2,1,1,acu_head_tail_context,5118,1280,False,0.0
mtrag_747a810abfd6da4a9c37cdb74feec95e_turn_1_step_1,mtrag,rag_multiturn,747a810abfd6da4a9c37cdb74feec95e_turn_1,1,1,last_message_text,65,17,False,0.0
mtrag_747a810abfd6da4a9c37cdb74feec95e_turn_1_step_1,mtrag,rag_multiturn,747a810abfd6da4a9c37cdb74feec95e_turn_1,1,1,full_context_text,5362,1341,False,0.0
mtrag_747a810abfd6da4a9c37cdb74feec95e_turn_1_step_1,mtrag,rag_multiturn,747a810abfd6da4a9c37cdb74feec95e_turn_1,1,1,acu_head_tail_context,5362,1341,False,0.0
mtrag_adf9b1f61c73d715809bc7b37ac02724_turn_6_step_1,mtrag,rag_multiturn,adf9b1f61c73d715809bc7b37ac02724_turn_6,1,1,last_message_text,52,13,False,0.0
mtrag_adf9b1f61c73d715809bc7b37ac02724_turn_6_step_1,mtrag,rag_multiturn,adf9b1f61c73d715809bc7b37ac02724_turn_6,1,1,full_context_text,7467,1867,False,0.0
mtrag_adf9b1f61c73d715809bc7b37ac02724_turn_6_step_1,mtrag,rag_multiturn,adf9b1f61c73d715809bc7b37ac02724_turn_6,1,1,acu_head_tail_context,7467,1867,False,0.0
mtrag_251e29286cef45d899d7889e94ae25d5_turn_2_step_1,mtrag,rag_multiturn,251e29286cef45d899d7889e94ae25d5_turn_2,1,1,last_message_text,67,17,False,0.0
mtrag_251e29286cef45d899d7889e94ae25d5_turn_2_step_1,mtrag,rag_multiturn,251e29286cef45d899d7889e94ae25d5_turn_2,1,1,full_context_text,6970,1743,False,0.0
mtrag_251e29286cef45d899d7889e94ae25d5_turn_2_step_1,mtrag,rag_multiturn,251e29286cef45d899d7889e94ae25d5_turn_2,1,1,acu_head_tail_context,6970,1743,False,0.0
mtrag_d5b1e735a040853ed361a3dfde1b8ef0_turn_6_step_1,mtrag,rag_multiturn,d5b1e735a040853ed361a3dfde1b8ef0_turn_6,1,1,last_message_text,84,21,False,0.0
mtrag_d5b1e735a040853ed361a3dfde1b8ef0_turn_6_step_1,mtrag,rag_multiturn,d5b1e735a040853ed361a3dfde1b8ef0_turn_6,1,1,full_context_text,4556,1139,False,0.0
mtrag_d5b1e735a040853ed361a3dfde1b8ef0_turn_6_step_1,mtrag,rag_multiturn,d5b1e735a040853ed361a3dfde1b8ef0_turn_6,1,1,acu_head_tail_context,4556,1139,False,0.0
mtrag_5c13daa9432149f6243aa1115629cd1a_turn_1_step_1,mtrag,rag_multiturn,5c13daa9432149f6243aa1115629cd1a_turn_1,1,1,last_message_text,62,16,False,0.0
mtrag_5c13daa9432149f6243aa1115629cd1a_turn_1_step_1,mtrag,rag_multiturn,5c13daa9432149f6243aa1115629cd1a_turn_1,1,1,full_context_text,2596,649,False,0.0
mtrag_5c13daa9432149f6243aa1115629cd1a_turn_1_step_1,mtrag,rag_multiturn,5c13daa9432149f6243aa1115629cd1a_turn_1,1,1,acu_head_tail_context,2596,649,False,0.0
mtrag_91204c45fc829e328f9a3643d9dd4c2b_turn_2_step_1,mtrag,rag_multiturn,91204c45fc829e328f9a3643d9dd4c2b_turn_2,1,1,last_message_text,53,14,False,0.0
mtrag_91204c45fc829e328f9a3643d9dd4c2b_turn_2_step_1,mtrag,rag_multiturn,91204c45fc829e328f9a3643d9dd4c2b_turn_2,1,1,full_context_text,3008,752,False,0.0
mtrag_91204c45fc829e328f9a3643d9dd4c2b_turn_2_step_1,mtrag,rag_multiturn,91204c45fc829e328f9a3643d9dd4c2b_turn_2,1,1,acu_head_tail_context,3008,752,False,0.0
mtrag_1be66272113492407e814eaf21a761d4_turn_6_step_1,mtrag,rag_multiturn,1be66272113492407e814eaf21a761d4_turn_6,1,1,last_message_text,20,5,False,0.0
mtrag_1be66272113492407e814eaf21a761d4_turn_6_step_1,mtrag,rag_multiturn,1be66272113492407e814eaf21a761d4_turn_6,1,1,full_context_text,7857,1965,False,0.0
mtrag_1be66272113492407e814eaf21a761d4_turn_6_step_1,mtrag,rag_multiturn,1be66272113492407e814eaf21a761d4_turn_6,1,1,acu_head_tail_context,7857,1965,False,0.0
mtrag_20c2cbd18c16c12c9c2bbead6aef1a21_turn_1_step_1,mtrag,rag_multiturn,20c2cbd18c16c12c9c2bbead6aef1a21_turn_1,1,1,last_message_text,72,18,False,0.0
mtrag_20c2cbd18c16c12c9c2bbead6aef1a21_turn_1_step_1,mtrag,rag_multiturn,20c2cbd18c16c12c9c2bbead6aef1a21_turn_1,1,1,full_context_text,4947,1237,False,0.0
mtrag_20c2cbd18c16c12c9c2bbead6aef1a21_turn_1_step_1,mtrag,rag_multiturn,20c2cbd18c16c12c9c2bbead6aef1a21_turn_1,1,1,acu_head_tail_context,4947,1237,False,0.0
mtrag_d5f0e7023ab90fe0240b7fc46cf00c26_turn_5_step_1,mtrag,rag_multiturn,d5f0e7023ab90fe0240b7fc46cf00c26_turn_5,1,1,last_message_text,59,15,False,0.0
mtrag_d5f0e7023ab90fe0240b7fc46cf00c26_turn_5_step_1,mtrag,rag_multiturn,d5f0e7023ab90fe0240b7fc46cf00c26_turn_5,1,1,full_context_text,5359,1340,False,0.0
mtrag_d5f0e7023ab90fe0240b7fc46cf00c26_turn_5_step_1,mtrag,rag_multiturn,d5f0e7023ab90fe0240b7fc46cf00c26_turn_5,1,1,acu_head_tail_context,5359,1340,False,0.0
mtrag_41a4006bfa6841516188c1695ebaf16c_turn_7_step_1,mtrag,rag_multiturn,41a4006bfa6841516188c1695ebaf16c_turn_7,1,1,last_message_text,47,12,False,0.0
mtrag_41a4006bfa6841516188c1695ebaf16c_turn_7_step_1,mtrag,rag_multiturn,41a4006bfa6841516188c1695ebaf16c_turn_7,1,1,full_context_text,5425,1357,False,0.0
mtrag_41a4006bfa6841516188c1695ebaf16c_turn_7_step_1,mtrag,rag_multiturn,41a4006bfa6841516188c1695ebaf16c_turn_7,1,1,acu_head_tail_context,5425,1357,False,0.0
mtrag_29e3ec96a6e8916a0326ebcdab78abae_turn_2_step_1,mtrag,rag_multiturn,29e3ec96a6e8916a0326ebcdab78abae_turn_2,1,1,last_message_text,22,6,False,0.0
mtrag_29e3ec96a6e8916a0326ebcdab78abae_turn_2_step_1,mtrag,rag_multiturn,29e3ec96a6e8916a0326ebcdab78abae_turn_2,1,1,full_context_text,2967,742,False,0.0
mtrag_29e3ec96a6e8916a0326ebcdab78abae_turn_2_step_1,mtrag,rag_multiturn,29e3ec96a6e8916a0326ebcdab78abae_turn_2,1,1,acu_head_tail_context,2967,742,False,0.0
mtrag_5815bb4a99e2a0d8a986348da4c49083_turn_6_step_1,mtrag,rag_multiturn,5815bb4a99e2a0d8a986348da4c49083_turn_6,1,1,last_message_text,38,10,False,0.0
mtrag_5815bb4a99e2a0d8a986348da4c49083_turn_6_step_1,mtrag,rag_multiturn,5815bb4a99e2a0d8a986348da4c49083_turn_6,1,1,full_context_text,11599,2900,False,0.0
mtrag_5815bb4a99e2a0d8a986348da4c49083_turn_6_step_1,mtrag,rag_multiturn,5815bb4a99e2a0d8a986348da4c49083_turn_6,1,1,acu_head_tail_context,11599,2900,False,0.0
mtrag_2f94b6fb4c6f941decd0609eb126610b_turn_3_step_1,mtrag,rag_multiturn,2f94b6fb4c6f941decd0609eb126610b_turn_3,1,1,last_message_text,31,8,False,0.0
mtrag_2f94b6fb4c6f941decd0609eb126610b_turn_3_step_1,mtrag,rag_multiturn,2f94b6fb4c6f941decd0609eb126610b_turn_3,1,1,full_context_text,6167,1542,False,0.0
mtrag_2f94b6fb4c6f941decd0609eb126610b_turn_3_step_1,mtrag,rag_multiturn,2f94b6fb4c6f941decd0609eb126610b_turn_3,1,1,acu_head_tail_context,6167,1542,False,0.0
mtrag_4da5a7f42f3b2dc4d875dcfa2fcdefef_turn_5_step_1,mtrag,rag_multiturn,4da5a7f42f3b2dc4d875dcfa2fcdefef_turn_5,1,1,last_message_text,66,17,False,0.0
mtrag_4da5a7f42f3b2dc4d875dcfa2fcdefef_turn_5_step_1,mtrag,rag_multiturn,4da5a7f42f3b2dc4d875dcfa2fcdefef_turn_5,1,1,full_context_text,5554,1389,False,0.0
mtrag_4da5a7f42f3b2dc4d875dcfa2fcdefef_turn_5_step_1,mtrag,rag_multiturn,4da5a7f42f3b2dc4d875dcfa2fcdefef_turn_5,1,1,acu_head_tail_context,5554,1389,False,0.0
mtrag_a3f07e9ed5f257db6aecd30511f03af1_turn_1_step_1,mtrag,rag_multiturn,a3f07e9ed5f257db6aecd30511f03af1_turn_1,1,1,last_message_text,51,13,False,0.0
mtrag_a3f07e9ed5f257db6aecd30511f03af1_turn_1_step_1,mtrag,rag_multiturn,a3f07e9ed5f257db6aecd30511f03af1_turn_1,1,1,full_context_text,2377,595,False,0.0
mtrag_a3f07e9ed5f257db6aecd30511f03af1_turn_1_step_1,mtrag,rag_multiturn,a3f07e9ed5f257db6aecd30511f03af1_turn_1,1,1,acu_head_tail_context,2377,595,False,0.0
mtrag_cfbcfa3e382f12aed450b10f87a72aeb_turn_1_step_1,mtrag,rag_multiturn,cfbcfa3e382f12aed450b10f87a72aeb_turn_1,1,1,last_message_text,46,12,False,0.0
mtrag_cfbcfa3e382f12aed450b10f87a72aeb_turn_1_step_1,mtrag,rag_multiturn,cfbcfa3e382f12aed450b10f87a72aeb_turn_1,1,1,full_context_text,1881,471,False,0.0
mtrag_cfbcfa3e382f12aed450b10f87a72aeb_turn_1_step_1,mtrag,rag_multiturn,cfbcfa3e382f12aed450b10f87a72aeb_turn_1,1,1,acu_head_tail_context,1881,471,False,0.0
mtrag_5600fe1c05a1fc415416d9dee6347000_turn_1_step_1,mtrag,rag_multiturn,5600fe1c05a1fc415416d9dee6347000_turn_1,1,1,last_message_text,67,17,False,0.0
mtrag_5600fe1c05a1fc415416d9dee6347000_turn_1_step_1,mtrag,rag_multiturn,5600fe1c05a1fc415416d9dee6347000_turn_1,1,1,full_context_text,6813,1704,False,0.0
mtrag_5600fe1c05a1fc415416d9dee6347000_turn_1_step_1,mtrag,rag_multiturn,5600fe1c05a1fc415416d9dee6347000_turn_1,1,1,acu_head_tail_context,6813,1704,False,0.0
mtrag_5c13daa9432149f6243aa1115629cd1a_turn_2_step_1,mtrag,rag_multiturn,5c13daa9432149f6243aa1115629cd1a_turn_2,1,1,last_message_text,45,12,False,0.0
mtrag_5c13daa9432149f6243aa1115629cd1a_turn_2_step_1,mtrag,rag_multiturn,5c13daa9432149f6243aa1115629cd1a_turn_2,1,1,full_context_text,3030,758,False,0.0
mtrag_5c13daa9432149f6243aa1115629cd1a_turn_2_step_1,mtrag,rag_multiturn,5c13daa9432149f6243aa1115629cd1a_turn_2,1,1,acu_head_tail_context,3030,758,False,0.0
mtrag_34ac6bedd4b35167cc59e289893e206a_turn_9_step_1,mtrag,rag_multiturn,34ac6bedd4b35167cc59e289893e206a_turn_9,1,1,last_message_text,15,4,False,0.0
mtrag_34ac6bedd4b35167cc59e289893e206a_turn_9_step_1,mtrag,rag_multiturn,34ac6bedd4b35167cc59e289893e206a_turn_9,1,1,full_context_text,12003,3001,False,0.0
mtrag_34ac6bedd4b35167cc59e289893e206a_turn_9_step_1,mtrag,rag_multiturn,34ac6bedd4b35167cc59e289893e206a_turn_9,1,1,acu_head_tail_context,12003,3001,False,0.0
mtrag_a277cf5022616282aa819ee76c9343de_turn_7_step_1,mtrag,rag_multiturn,a277cf5022616282aa819ee76c9343de_turn_7,1,1,last_message_text,105,27,False,0.0
mtrag_a277cf5022616282aa819ee76c9343de_turn_7_step_1,mtrag,rag_multiturn,a277cf5022616282aa819ee76c9343de_turn_7,1,1,full_context_text,8496,2124,False,0.0
mtrag_a277cf5022616282aa819ee76c9343de_turn_7_step_1,mtrag,rag_multiturn,a277cf5022616282aa819ee76c9343de_turn_7,1,1,acu_head_tail_context,8496,2124,False,0.0
mtrag_dd82f0f978316e73618cf0addd369cd8_turn_6_step_1,mtrag,rag_multiturn,dd82f0f978316e73618cf0addd369cd8_turn_6,1,1,last_message_text,76,19,False,0.0
mtrag_dd82f0f978316e73618cf0addd369cd8_turn_6_step_1,mtrag,rag_multiturn,dd82f0f978316e73618cf0addd369cd8_turn_6,1,1,full_context_text,6121,1531,False,0.0
mtrag_dd82f0f978316e73618cf0addd369cd8_turn_6_step_1,mtrag,rag_multiturn,dd82f0f978316e73618cf0addd369cd8_turn_6,1,1,acu_head_tail_context,6121,1531,False,0.0
mtrag_7cb06b3f8068674fce61a11e9777f708_turn_2_step_1,mtrag,rag_multiturn,7cb06b3f8068674fce61a11e9777f708_turn_2,1,1,last_message_text,144,36,False,0.0
mtrag_7cb06b3f8068674fce61a11e9777f708_turn_2_step_1,mtrag,rag_multiturn,7cb06b3f8068674fce61a11e9777f708_turn_2,1,1,full_context_text,3652,913,False,0.0
mtrag_7cb06b3f8068674fce61a11e9777f708_turn_2_step_1,mtrag,rag_multiturn,7cb06b3f8068674fce61a11e9777f708_turn_2,1,1,acu_head_tail_context,3652,913,False,0.0
mtrag_5c13daa9432149f6243aa1115629cd1a_turn_4_step_1,mtrag,rag_multiturn,5c13daa9432149f6243aa1115629cd1a_turn_4,1,1,last_message_text,23,6,False,0.0
mtrag_5c13daa9432149f6243aa1115629cd1a_turn_4_step_1,mtrag,rag_multiturn,5c13daa9432149f6243aa1115629cd1a_turn_4,1,1,full_context_text,5179,1295,False,0.0
mtrag_5c13daa9432149f6243aa1115629cd1a_turn_4_step_1,mtrag,rag_multiturn,5c13daa9432149f6243aa1115629cd1a_turn_4,1,1,acu_head_tail_context,5179,1295,False,0.0
mtrag_5503c6e98c54d4901332d0f1c6030bd9_turn_4_step_1,mtrag,rag_multiturn,5503c6e98c54d4901332d0f1c6030bd9_turn_4,1,1,last_message_text,102,26,False,0.0
mtrag_5503c6e98c54d4901332d0f1c6030bd9_turn_4_step_1,mtrag,rag_multiturn,5503c6e98c54d4901332d0f1c6030bd9_turn_4,1,1,full_context_text,4005,1002,False,0.0
mtrag_5503c6e98c54d4901332d0f1c6030bd9_turn_4_step_1,mtrag,rag_multiturn,5503c6e98c54d4901332d0f1c6030bd9_turn_4,1,1,acu_head_tail_context,4005,1002,False,0.0
mtrag_0208bf26ec357a803445290fa88a2e9e_turn_5_step_1,mtrag,rag_multiturn,0208bf26ec357a803445290fa88a2e9e_turn_5,1,1,last_message_text,75,19,False,0.0
mtrag_0208bf26ec357a803445290fa88a2e9e_turn_5_step_1,mtrag,rag_multiturn,0208bf26ec357a803445290fa88a2e9e_turn_5,1,1,full_context_text,5364,1341,False,0.0
mtrag_0208bf26ec357a803445290fa88a2e9e_turn_5_step_1,mtrag,rag_multiturn,0208bf26ec357a803445290fa88a2e9e_turn_5,1,1,acu_head_tail_context,5364,1341,False,0.0
qmsum_IS1003b_gen_0_step_1,qmsum,meeting_query_summarization,IS1003b_gen_0,1,1,last_message_text,29344,7336,False,0.0
qmsum_IS1003b_gen_0_step_1,qmsum,meeting_query_summarization,IS1003b_gen_0,1,1,full_context_text,29565,7392,False,0.0
qmsum_IS1003b_gen_0_step_1,qmsum,meeting_query_summarization,IS1003b_gen_0,1,1,acu_head_tail_context,29565,7392,False,0.0
qmsum_IS1003c_spec_3_step_1,qmsum,meeting_query_summarization,IS1003c_spec_3,1,1,last_message_text,5669,1418,False,0.0
qmsum_IS1003c_spec_3_step_1,qmsum,meeting_query_summarization,IS1003c_spec_3,1,1,full_context_text,5890,1473,False,0.0
qmsum_IS1003c_spec_3_step_1,qmsum,meeting_query_summarization,IS1003c_spec_3,1,1,acu_head_tail_context,5890,1473,False,0.0
qmsum_ES2004b_spec_1_step_1,qmsum,meeting_query_summarization,ES2004b_spec_1,1,1,last_message_text,2813,704,False,0.0
qmsum_ES2004b_spec_1_step_1,qmsum,meeting_query_summarization,ES2004b_spec_1,1,1,full_context_text,3034,759,False,0.0
qmsum_ES2004b_spec_1_step_1,qmsum,meeting_query_summarization,ES2004b_spec_1,1,1,acu_head_tail_context,3034,759,False,0.0
qmsum_TS3004b_spec_1_step_1,qmsum,meeting_query_summarization,TS3004b_spec_1,1,1,last_message_text,1859,465,False,0.0
qmsum_TS3004b_spec_1_step_1,qmsum,meeting_query_summarization,TS3004b_spec_1,1,1,full_context_text,2080,520,False,0.0
qmsum_TS3004b_spec_1_step_1,qmsum,meeting_query_summarization,TS3004b_spec_1,1,1,acu_head_tail_context,2080,520,False,0.0
qmsum_TS3004d_gen_0_step_1,qmsum,meeting_query_summarization,TS3004d_gen_0,1,1,last_message_text,53411,13353,False,0.0
qmsum_TS3004d_gen_0_step_1,qmsum,meeting_query_summarization,TS3004d_gen_0,1,1,full_context_text,53632,13408,False,0.0
qmsum_TS3004d_gen_0_step_1,qmsum,meeting_query_summarization,TS3004d_gen_0,1,1,acu_head_tail_context,6258,1565,True,0.8833159307875895
qmsum_TS3004c_gen_0_step_1,qmsum,meeting_query_summarization,TS3004c_gen_0,1,1,last_message_text,54428,13607,False,0.0
qmsum_TS3004c_gen_0_step_1,qmsum,meeting_query_summarization,TS3004c_gen_0,1,1,full_context_text,54649,13663,False,0.0
qmsum_TS3004c_gen_0_step_1,qmsum,meeting_query_summarization,TS3004c_gen_0,1,1,acu_head_tail_context,6258,1565,True,0.8854873831177149
qmsum_IS1003a_gen_0_step_1,qmsum,meeting_query_summarization,IS1003a_gen_0,1,1,last_message_text,15285,3822,False,0.0
qmsum_IS1003a_gen_0_step_1,qmsum,meeting_query_summarization,IS1003a_gen_0,1,1,full_context_text,15506,3877,False,0.0
qmsum_IS1003a_gen_0_step_1,qmsum,meeting_query_summarization,IS1003a_gen_0,1,1,acu_head_tail_context,15506,3877,False,0.0
qmsum_ES2004d_spec_5_step_1,qmsum,meeting_query_summarization,ES2004d_spec_5,1,1,last_message_text,3401,851,False,0.0
qmsum_ES2004d_spec_5_step_1,qmsum,meeting_query_summarization,ES2004d_spec_5,1,1,full_context_text,3622,906,False,0.0
qmsum_ES2004d_spec_5_step_1,qmsum,meeting_query_summarization,ES2004d_spec_5,1,1,acu_head_tail_context,3622,906,False,0.0
qmsum_IS1003c_spec_5_step_1,qmsum,meeting_query_summarization,IS1003c_spec_5,1,1,last_message_text,1995,499,False,0.0
qmsum_IS1003c_spec_5_step_1,qmsum,meeting_query_summarization,IS1003c_spec_5,1,1,full_context_text,2216,554,False,0.0
qmsum_IS1003c_spec_5_step_1,qmsum,meeting_query_summarization,IS1003c_spec_5,1,1,acu_head_tail_context,2216,554,False,0.0
qmsum_TS3011a_spec_2_step_1,qmsum,meeting_query_summarization,TS3011a_spec_2,1,1,last_message_text,1801,451,False,0.0
qmsum_TS3011a_spec_2_step_1,qmsum,meeting_query_summarization,TS3011a_spec_2,1,1,full_context_text,2022,506,False,0.0
qmsum_TS3011a_spec_2_step_1,qmsum,meeting_query_summarization,TS3011a_spec_2,1,1,acu_head_tail_context,2022,506,False,0.0
qmsum_ES2011a_gen_0_step_1,qmsum,meeting_query_summarization,ES2011a_gen_0,1,1,last_message_text,20297,5075,False,0.0
qmsum_ES2011a_gen_0_step_1,qmsum,meeting_query_summarization,ES2011a_gen_0,1,1,full_context_text,20518,5130,False,0.0
qmsum_ES2011a_gen_0_step_1,qmsum,meeting_query_summarization,ES2011a_gen_0,1,1,acu_head_tail_context,20518,5130,False,0.0
qmsum_TS3004b_spec_3_step_1,qmsum,meeting_query_summarization,TS3004b_spec_3,1,1,last_message_text,11196,2799,False,0.0
qmsum_TS3004b_spec_3_step_1,qmsum,meeting_query_summarization,TS3004b_spec_3,1,1,full_context_text,11417,2855,False,0.0
qmsum_TS3004b_spec_3_step_1,qmsum,meeting_query_summarization,TS3004b_spec_3,1,1,acu_head_tail_context,11417,2855,False,0.0
qmsum_TS3011d_gen_0_step_1,qmsum,meeting_query_summarization,TS3011d_gen_0,1,1,last_message_text,41325,10332,False,0.0
qmsum_TS3011d_gen_0_step_1,qmsum,meeting_query_summarization,TS3011d_gen_0,1,1,full_context_text,41546,10387,False,0.0
qmsum_TS3011d_gen_0_step_1,qmsum,meeting_query_summarization,TS3011d_gen_0,1,1,acu_head_tail_context,6258,1565,True,0.8493717806768402
qmsum_ES2011d_spec_5_step_1,qmsum,meeting_query_summarization,ES2011d_spec_5,1,1,last_message_text,3356,839,False,0.0
qmsum_ES2011d_spec_5_step_1,qmsum,meeting_query_summarization,ES2011d_spec_5,1,1,full_context_text,3577,895,False,0.0
qmsum_ES2011d_spec_5_step_1,qmsum,meeting_query_summarization,ES2011d_spec_5,1,1,acu_head_tail_context,3577,895,False,0.0
qmsum_IS1003b_spec_0_step_1,qmsum,meeting_query_summarization,IS1003b_spec_0,1,1,last_message_text,8283,2071,False,0.0
qmsum_IS1003b_spec_0_step_1,qmsum,meeting_query_summarization,IS1003b_spec_0,1,1,full_context_text,8504,2126,False,0.0
qmsum_IS1003b_spec_0_step_1,qmsum,meeting_query_summarization,IS1003b_spec_0,1,1,acu_head_tail_context,8504,2126,False,0.0
qmsum_IS1003d_spec_6_step_1,qmsum,meeting_query_summarization,IS1003d_spec_6,1,1,last_message_text,20570,5143,False,0.0
qmsum_IS1003d_spec_6_step_1,qmsum,meeting_query_summarization,IS1003d_spec_6,1,1,full_context_text,20791,5198,False,0.0
qmsum_IS1003d_spec_6_step_1,qmsum,meeting_query_summarization,IS1003d_spec_6,1,1,acu_head_tail_context,20791,5198,False,0.0
qmsum_ES2011a_spec_5_step_1,qmsum,meeting_query_summarization,ES2011a_spec_5,1,1,last_message_text,1234,309,False,0.0
qmsum_ES2011a_spec_5_step_1,qmsum,meeting_query_summarization,ES2011a_spec_5,1,1,full_context_text,1455,364,False,0.0
qmsum_ES2011a_spec_5_step_1,qmsum,meeting_query_summarization,ES2011a_spec_5,1,1,acu_head_tail_context,1455,364,False,0.0
qmsum_IS1003a_spec_0_step_1,qmsum,meeting_query_summarization,IS1003a_spec_0,1,1,last_message_text,3173,794,False,0.0
qmsum_IS1003a_spec_0_step_1,qmsum,meeting_query_summarization,IS1003a_spec_0,1,1,full_context_text,3394,849,False,0.0
qmsum_IS1003a_spec_0_step_1,qmsum,meeting_query_summarization,IS1003a_spec_0,1,1,acu_head_tail_context,3394,849,False,0.0
qmsum_ES2011d_spec_3_step_1,qmsum,meeting_query_summarization,ES2011d_spec_3,1,1,last_message_text,10163,2541,False,0.0
qmsum_ES2011d_spec_3_step_1,qmsum,meeting_query_summarization,ES2011d_spec_3,1,1,full_context_text,10384,2596,False,0.0
qmsum_ES2011d_spec_3_step_1,qmsum,meeting_query_summarization,ES2011d_spec_3,1,1,acu_head_tail_context,10384,2596,False,0.0
qmsum_IS1003a_spec_1_step_1,qmsum,meeting_query_summarization,IS1003a_spec_1,1,1,last_message_text,1195,299,False,0.0
qmsum_IS1003a_spec_1_step_1,qmsum,meeting_query_summarization,IS1003a_spec_1,1,1,full_context_text,1416,354,False,0.0
qmsum_IS1003a_spec_1_step_1,qmsum,meeting_query_summarization,IS1003a_spec_1,1,1,acu_head_tail_context,1416,354,False,0.0
qmsum_IS1003c_spec_0_step_1,qmsum,meeting_query_summarization,IS1003c_spec_0,1,1,last_message_text,23693,5924,False,0.0
qmsum_IS1003c_spec_0_step_1,qmsum,meeting_query_summarization,IS1003c_spec_0,1,1,full_context_text,23914,5979,False,0.0
qmsum_IS1003c_spec_0_step_1,qmsum,meeting_query_summarization,IS1003c_spec_0,1,1,acu_head_tail_context,23914,5979,False,0.0
qmsum_TS3004a_spec_0_step_1,qmsum,meeting_query_summarization,TS3004a_spec_0,1,1,last_message_text,9079,2270,False,0.0
qmsum_TS3004a_spec_0_step_1,qmsum,meeting_query_summarization,TS3004a_spec_0,1,1,full_context_text,9300,2325,False,0.0
qmsum_TS3004a_spec_0_step_1,qmsum,meeting_query_summarization,TS3004a_spec_0,1,1,acu_head_tail_context,9300,2325,False,0.0
qmsum_ES2011d_spec_4_step_1,qmsum,meeting_query_summarization,ES2011d_spec_4,1,1,last_message_text,1517,380,False,0.0
qmsum_ES2011d_spec_4_step_1,qmsum,meeting_query_summarization,ES2011d_spec_4,1,1,full_context_text,1738,435,False,0.0
qmsum_ES2011d_spec_4_step_1,qmsum,meeting_query_summarization,ES2011d_spec_4,1,1,acu_head_tail_context,1738,435,False,0.0
qmsum_TS3004d_spec_1_step_1,qmsum,meeting_query_summarization,TS3004d_spec_1,1,1,last_message_text,2909,728,False,0.0
qmsum_TS3004d_spec_1_step_1,qmsum,meeting_query_summarization,TS3004d_spec_1,1,1,full_context_text,3130,783,False,0.0
qmsum_TS3004d_spec_1_step_1,qmsum,meeting_query_summarization,TS3004d_spec_1,1,1,acu_head_tail_context,3130,783,False,0.0
qmsum_ES2004c_gen_0_step_1,qmsum,meeting_query_summarization,ES2004c_gen_0,1,1,last_message_text,50207,12552,False,0.0
qmsum_ES2004c_gen_0_step_1,qmsum,meeting_query_summarization,ES2004c_gen_0,1,1,full_context_text,50428,12607,False,0.0
qmsum_ES2004c_gen_0_step_1,qmsum,meeting_query_summarization,ES2004c_gen_0,1,1,acu_head_tail_context,6258,1565,True,0.8759022765130483
qmsum_IS1003c_spec_7_step_1,qmsum,meeting_query_summarization,IS1003c_spec_7,1,1,last_message_text,3529,883,False,0.0
qmsum_IS1003c_spec_7_step_1,qmsum,meeting_query_summarization,IS1003c_spec_7,1,1,full_context_text,3750,938,False,0.0
qmsum_IS1003c_spec_7_step_1,qmsum,meeting_query_summarization,IS1003c_spec_7,1,1,acu_head_tail_context,3750,938,False,0.0
qmsum_IS1003d_spec_8_step_1,qmsum,meeting_query_summarization,IS1003d_spec_8,1,1,last_message_text,2689,673,False,0.0
qmsum_IS1003d_spec_8_step_1,qmsum,meeting_query_summarization,IS1003d_spec_8,1,1,full_context_text,2910,728,False,0.0
qmsum_IS1003d_spec_8_step_1,qmsum,meeting_query_summarization,IS1003d_spec_8,1,1,acu_head_tail_context,2910,728,False,0.0
qmsum_TS3004a_spec_3_step_1,qmsum,meeting_query_summarization,TS3004a_spec_3,1,1,last_message_text,2376,594,False,0.0
qmsum_TS3004a_spec_3_step_1,qmsum,meeting_query_summarization,TS3004a_spec_3,1,1,full_context_text,2597,650,False,0.0
qmsum_TS3004a_spec_3_step_1,qmsum,meeting_query_summarization,TS3004a_spec_3,1,1,acu_head_tail_context,2597,650,False,0.0
qmsum_ES2004a_gen_0_step_1,qmsum,meeting_query_summarization,ES2004a_gen_0,1,1,last_message_text,20937,5235,False,0.0
qmsum_ES2004a_gen_0_step_1,qmsum,meeting_query_summarization,ES2004a_gen_0,1,1,full_context_text,21158,5290,False,0.0
qmsum_ES2004a_gen_0_step_1,qmsum,meeting_query_summarization,ES2004a_gen_0,1,1,acu_head_tail_context,21158,5290,False,0.0
qmsum_TS3004c_spec_3_step_1,qmsum,meeting_query_summarization,TS3004c_spec_3,1,1,last_message_text,28627,7157,False,0.0
qmsum_TS3004c_spec_3_step_1,qmsum,meeting_query_summarization,TS3004c_spec_3,1,1,full_context_text,28848,7212,False,0.0
qmsum_TS3004c_spec_3_step_1,qmsum,meeting_query_summarization,TS3004c_spec_3,1,1,acu_head_tail_context,28848,7212,False,0.0
qmsum_IS1003a_spec_3_step_1,qmsum,meeting_query_summarization,IS1003a_spec_3,1,1,last_message_text,4200,1050,False,0.0
qmsum_IS1003a_spec_3_step_1,qmsum,meeting_query_summarization,IS1003a_spec_3,1,1,full_context_text,4421,1106,False,0.0
qmsum_IS1003a_spec_3_step_1,qmsum,meeting_query_summarization,IS1003a_spec_3,1,1,acu_head_tail_context,4421,1106,False,0.0
qmsum_ES2011a_spec_0_step_1,qmsum,meeting_query_summarization,ES2011a_spec_0,1,1,last_message_text,7475,1869,False,0.0
qmsum_ES2011a_spec_0_step_1,qmsum,meeting_query_summarization,ES2011a_spec_0,1,1,full_context_text,7696,1924,False,0.0
qmsum_ES2011a_spec_0_step_1,qmsum,meeting_query_summarization,ES2011a_spec_0,1,1,acu_head_tail_context,7696,1924,False,0.0
qmsum_ES2011a_spec_2_step_1,qmsum,meeting_query_summarization,ES2011a_spec_2,1,1,last_message_text,1851,463,False,0.0
qmsum_ES2011a_spec_2_step_1,qmsum,meeting_query_summarization,ES2011a_spec_2,1,1,full_context_text,2072,518,False,0.0
qmsum_ES2011a_spec_2_step_1,qmsum,meeting_query_summarization,ES2011a_spec_2,1,1,acu_head_tail_context,2072,518,False,0.0
qmsum_IS1003a_spec_2_step_1,qmsum,meeting_query_summarization,IS1003a_spec_2,1,1,last_message_text,1109,278,False,0.0
qmsum_IS1003a_spec_2_step_1,qmsum,meeting_query_summarization,IS1003a_spec_2,1,1,full_context_text,1330,333,False,0.0
qmsum_IS1003a_spec_2_step_1,qmsum,meeting_query_summarization,IS1003a_spec_2,1,1,acu_head_tail_context,1330,333,False,0.0
qmsum_TS3004c_spec_2_step_1,qmsum,meeting_query_summarization,TS3004c_spec_2,1,1,last_message_text,1320,330,False,0.0
qmsum_TS3004c_spec_2_step_1,qmsum,meeting_query_summarization,TS3004c_spec_2,1,1,full_context_text,1541,386,False,0.0
qmsum_TS3004c_spec_2_step_1,qmsum,meeting_query_summarization,TS3004c_spec_2,1,1,acu_head_tail_context,1541,386,False,0.0
qmsum_ES2011c_spec_1_step_1,qmsum,meeting_query_summarization,ES2011c_spec_1,1,1,last_message_text,2312,578,False,0.0
qmsum_ES2011c_spec_1_step_1,qmsum,meeting_query_summarization,ES2011c_spec_1,1,1,full_context_text,2533,634,False,0.0
qmsum_ES2011c_spec_1_step_1,qmsum,meeting_query_summarization,ES2011c_spec_1,1,1,acu_head_tail_context,2533,634,False,0.0
qmsum_ES2004c_spec_0_step_1,qmsum,meeting_query_summarization,ES2004c_spec_0,1,1,last_message_text,1110,278,False,0.0
qmsum_ES2004c_spec_0_step_1,qmsum,meeting_query_summarization,ES2004c_spec_0,1,1,full_context_text,1331,333,False,0.0
qmsum_ES2004c_spec_0_step_1,qmsum,meeting_query_summarization,ES2004c_spec_0,1,1,acu_head_tail_context,1331,333,False,0.0
qmsum_TS3011d_spec_5_step_1,qmsum,meeting_query_summarization,TS3011d_spec_5,1,1,last_message_text,1361,341,False,0.0
qmsum_TS3011d_spec_5_step_1,qmsum,meeting_query_summarization,TS3011d_spec_5,1,1,full_context_text,1582,396,False,0.0
qmsum_TS3011d_spec_5_step_1,qmsum,meeting_query_summarization,TS3011d_spec_5,1,1,acu_head_tail_context,1582,396,False,0.0
qmsum_TS3004c_spec_0_step_1,qmsum,meeting_query_summarization,TS3004c_spec_0,1,1,last_message_text,8152,2038,False,0.0
qmsum_TS3004c_spec_0_step_1,qmsum,meeting_query_summarization,TS3004c_spec_0,1,1,full_context_text,8373,2094,False,0.0
qmsum_TS3004c_spec_0_step_1,qmsum,meeting_query_summarization,TS3004c_spec_0,1,1,acu_head_tail_context,8373,2094,False,0.0
qmsum_ES2004c_spec_9_step_1,qmsum,meeting_query_summarization,ES2004c_spec_9,1,1,last_message_text,7439,1860,False,0.0
qmsum_ES2004c_spec_9_step_1,qmsum,meeting_query_summarization,ES2004c_spec_9,1,1,full_context_text,7660,1915,False,0.0
qmsum_ES2004c_spec_9_step_1,qmsum,meeting_query_summarization,ES2004c_spec_9,1,1,acu_head_tail_context,7660,1915,False,0.0
qmsum_IS1003b_spec_6_step_1,qmsum,meeting_query_summarization,IS1003b_spec_6,1,1,last_message_text,5584,1396,False,0.0
qmsum_IS1003b_spec_6_step_1,qmsum,meeting_query_summarization,IS1003b_spec_6,1,1,full_context_text,5805,1452,False,0.0
qmsum_IS1003b_spec_6_step_1,qmsum,meeting_query_summarization,IS1003b_spec_6,1,1,acu_head_tail_context,5805,1452,False,0.0
qmsum_ES2011c_spec_0_step_1,qmsum,meeting_query_summarization,ES2011c_spec_0,1,1,last_message_text,6910,1728,False,0.0
qmsum_ES2011c_spec_0_step_1,qmsum,meeting_query_summarization,ES2011c_spec_0,1,1,full_context_text,7131,1783,False,0.0
qmsum_ES2011c_spec_0_step_1,qmsum,meeting_query_summarization,ES2011c_spec_0,1,1,acu_head_tail_context,7131,1783,False,0.0
qmsum_IS1003b_spec_1_step_1,qmsum,meeting_query_summarization,IS1003b_spec_1,1,1,last_message_text,3022,756,False,0.0
qmsum_IS1003b_spec_1_step_1,qmsum,meeting_query_summarization,IS1003b_spec_1,1,1,full_context_text,3243,811,False,0.0
qmsum_IS1003b_spec_1_step_1,qmsum,meeting_query_summarization,IS1003b_spec_1,1,1,acu_head_tail_context,3243,811,False,0.0
qmsum_TS3004a_spec_2_step_1,qmsum,meeting_query_summarization,TS3004a_spec_2,1,1,last_message_text,1145,287,False,0.0
qmsum_TS3004a_spec_2_step_1,qmsum,meeting_query_summarization,TS3004a_spec_2,1,1,full_context_text,1366,342,False,0.0
qmsum_TS3004a_spec_2_step_1,qmsum,meeting_query_summarization,TS3004a_spec_2,1,1,acu_head_tail_context,1366,342,False,0.0
qmsum_ES2004d_spec_3_step_1,qmsum,meeting_query_summarization,ES2004d_spec_3,1,1,last_message_text,12106,3027,False,0.0
qmsum_ES2004d_spec_3_step_1,qmsum,meeting_query_summarization,ES2004d_spec_3,1,1,full_context_text,12327,3082,False,0.0
qmsum_ES2004d_spec_3_step_1,qmsum,meeting_query_summarization,ES2004d_spec_3,1,1,acu_head_tail_context,12327,3082,False,0.0
qmsum_TS3011d_spec_4_step_1,qmsum,meeting_query_summarization,TS3011d_spec_4,1,1,last_message_text,5693,1424,False,0.0
qmsum_TS3011d_spec_4_step_1,qmsum,meeting_query_summarization,TS3011d_spec_4,1,1,full_context_text,5914,1479,False,0.0
qmsum_TS3011d_spec_4_step_1,qmsum,meeting_query_summarization,TS3011d_spec_4,1,1,acu_head_tail_context,5914,1479,False,0.0
qmsum_TS3004c_spec_5_step_1,qmsum,meeting_query_summarization,TS3004c_spec_5,1,1,last_message_text,1832,458,False,0.0
qmsum_TS3004c_spec_5_step_1,qmsum,meeting_query_summarization,TS3004c_spec_5,1,1,full_context_text,2053,514,False,0.0
qmsum_TS3004c_spec_5_step_1,qmsum,meeting_query_summarization,TS3004c_spec_5,1,1,acu_head_tail_context,2053,514,False,0.0
qmsum_ES2011a_spec_1_step_1,qmsum,meeting_query_summarization,ES2011a_spec_1,1,1,last_message_text,3071,768,False,0.0
qmsum_ES2011a_spec_1_step_1,qmsum,meeting_query_summarization,ES2011a_spec_1,1,1,full_context_text,3292,823,False,0.0
qmsum_ES2011a_spec_1_step_1,qmsum,meeting_query_summarization,ES2011a_spec_1,1,1,acu_head_tail_context,3292,823,False,0.0
qmsum_ES2011b_spec_2_step_1,qmsum,meeting_query_summarization,ES2011b_spec_2,1,1,last_message_text,1844,461,False,0.0
qmsum_ES2011b_spec_2_step_1,qmsum,meeting_query_summarization,ES2011b_spec_2,1,1,full_context_text,2065,517,False,0.0
qmsum_ES2011b_spec_2_step_1,qmsum,meeting_query_summarization,ES2011b_spec_2,1,1,acu_head_tail_context,2065,517,False,0.0
qmsum_TS3011d_spec_0_step_1,qmsum,meeting_query_summarization,TS3011d_spec_0,1,1,last_message_text,16758,4190,False,0.0
qmsum_TS3011d_spec_0_step_1,qmsum,meeting_query_summarization,TS3011d_spec_0,1,1,full_context_text,16979,4245,False,0.0
qmsum_TS3011d_spec_0_step_1,qmsum,meeting_query_summarization,TS3011d_spec_0,1,1,acu_head_tail_context,16979,4245,False,0.0
qmsum_TS3011d_spec_3_step_1,qmsum,meeting_query_summarization,TS3011d_spec_3,1,1,last_message_text,8466,2117,False,0.0
qmsum_TS3011d_spec_3_step_1,qmsum,meeting_query_summarization,TS3011d_spec_3,1,1,full_context_text,8687,2172,False,0.0
qmsum_TS3011d_spec_3_step_1,qmsum,meeting_query_summarization,TS3011d_spec_3,1,1,acu_head_tail_context,8687,2172,False,0.0
qmsum_IS1003d_spec_1_step_1,qmsum,meeting_query_summarization,IS1003d_spec_1,1,1,last_message_text,1208,302,False,0.0
qmsum_IS1003d_spec_1_step_1,qmsum,meeting_query_summarization,IS1003d_spec_1,1,1,full_context_text,1429,358,False,0.0
qmsum_IS1003d_spec_1_step_1,qmsum,meeting_query_summarization,IS1003d_spec_1,1,1,acu_head_tail_context,1429,358,False,0.0
qmsum_ES2011c_spec_2_step_1,qmsum,meeting_query_summarization,ES2011c_spec_2,1,1,last_message_text,9209,2303,False,0.0
qmsum_ES2011c_spec_2_step_1,qmsum,meeting_query_summarization,ES2011c_spec_2,1,1,full_context_text,9430,2358,False,0.0
qmsum_ES2011c_spec_2_step_1,qmsum,meeting_query_summarization,ES2011c_spec_2,1,1,acu_head_tail_context,9430,2358,False,0.0
qmsum_ES2011d_spec_1_step_1,qmsum,meeting_query_summarization,ES2011d_spec_1,1,1,last_message_text,10144,2536,False,0.0
qmsum_ES2011d_spec_1_step_1,qmsum,meeting_query_summarization,ES2011d_spec_1,1,1,full_context_text,10365,2592,False,0.0
qmsum_ES2011d_spec_1_step_1,qmsum,meeting_query_summarization,ES2011d_spec_1,1,1,acu_head_tail_context,10365,2592,False,0.0
qmsum_ES2011c_gen_0_step_1,qmsum,meeting_query_summarization,ES2011c_gen_0,1,1,last_message_text,38475,9619,False,0.0
qmsum_ES2011c_gen_0_step_1,qmsum,meeting_query_summarization,ES2011c_gen_0,1,1,full_context_text,38696,9674,False,0.0
qmsum_ES2011c_gen_0_step_1,qmsum,meeting_query_summarization,ES2011c_gen_0,1,1,acu_head_tail_context,6258,1565,True,0.8382778581765558
qmsum_ES2004a_spec_5_step_1,qmsum,meeting_query_summarization,ES2004a_spec_5,1,1,last_message_text,986,247,False,0.0
qmsum_ES2004a_spec_5_step_1,qmsum,meeting_query_summarization,ES2004a_spec_5,1,1,full_context_text,1207,302,False,0.0
qmsum_ES2004a_spec_5_step_1,qmsum,meeting_query_summarization,ES2004a_spec_5,1,1,acu_head_tail_context,1207,302,False,0.0
qmsum_TS3011a_spec_0_step_1,qmsum,meeting_query_summarization,TS3011a_spec_0,1,1,last_message_text,5623,1406,False,0.0
qmsum_TS3011a_spec_0_step_1,qmsum,meeting_query_summarization,TS3011a_spec_0,1,1,full_context_text,5844,1461,False,0.0
qmsum_TS3011a_spec_0_step_1,qmsum,meeting_query_summarization,TS3011a_spec_0,1,1,acu_head_tail_context,5844,1461,False,0.0
qmsum_ES2004c_spec_2_step_1,qmsum,meeting_query_summarization,ES2004c_spec_2,1,1,last_message_text,2020,505,False,0.0
qmsum_ES2004c_spec_2_step_1,qmsum,meeting_query_summarization,ES2004c_spec_2,1,1,full_context_text,2241,561,False,0.0
qmsum_ES2004c_spec_2_step_1,qmsum,meeting_query_summarization,ES2004c_spec_2,1,1,acu_head_tail_context,2241,561,False,0.0
qmsum_TS3011c_spec_4_step_1,qmsum,meeting_query_summarization,TS3011c_spec_4,1,1,last_message_text,4682,1171,False,0.0
qmsum_TS3011c_spec_4_step_1,qmsum,meeting_query_summarization,TS3011c_spec_4,1,1,full_context_text,4903,1226,False,0.0
qmsum_TS3011c_spec_4_step_1,qmsum,meeting_query_summarization,TS3011c_spec_4,1,1,acu_head_tail_context,4903,1226,False,0.0
qmsum_TS3011c_spec_2_step_1,qmsum,meeting_query_summarization,TS3011c_spec_2,1,1,last_message_text,1942,486,False,0.0
qmsum_TS3011c_spec_2_step_1,qmsum,meeting_query_summarization,TS3011c_spec_2,1,1,full_context_text,2163,541,False,0.0
qmsum_TS3011c_spec_2_step_1,qmsum,meeting_query_summarization,TS3011c_spec_2,1,1,acu_head_tail_context,2163,541,False,0.0
qmsum_IS1003d_spec_5_step_1,qmsum,meeting_query_summarization,IS1003d_spec_5,1,1,last_message_text,13434,3359,False,0.0
qmsum_IS1003d_spec_5_step_1,qmsum,meeting_query_summarization,IS1003d_spec_5,1,1,full_context_text,13655,3414,False,0.0
qmsum_IS1003d_spec_5_step_1,qmsum,meeting_query_summarization,IS1003d_spec_5,1,1,acu_head_tail_context,13655,3414,False,0.0
qmsum_ES2011c_spec_5_step_1,qmsum,meeting_query_summarization,ES2011c_spec_5,1,1,last_message_text,1031,258,False,0.0
qmsum_ES2011c_spec_5_step_1,qmsum,meeting_query_summarization,ES2011c_spec_5,1,1,full_context_text,1252,313,False,0.0
qmsum_ES2011c_spec_5_step_1,qmsum,meeting_query_summarization,ES2011c_spec_5,1,1,acu_head_tail_context,1252,313,False,0.0
qmsum_IS1003d_spec_3_step_1,qmsum,meeting_query_summarization,IS1003d_spec_3,1,1,last_message_text,21948,5487,False,0.0
qmsum_IS1003d_spec_3_step_1,qmsum,meeting_query_summarization,IS1003d_spec_3,1,1,full_context_text,22169,5543,False,0.0
qmsum_IS1003d_spec_3_step_1,qmsum,meeting_query_summarization,IS1003d_spec_3,1,1,acu_head_tail_context,22169,5543,False,0.0
qmsum_TS3004d_spec_4_step_1,qmsum,meeting_query_summarization,TS3004d_spec_4,1,1,last_message_text,1275,319,False,0.0
qmsum_TS3004d_spec_4_step_1,qmsum,meeting_query_summarization,TS3004d_spec_4,1,1,full_context_text,1496,374,False,0.0
qmsum_TS3004d_spec_4_step_1,qmsum,meeting_query_summarization,TS3004d_spec_4,1,1,acu_head_tail_context,1496,374,False,0.0
qmsum_IS1003b_spec_5_step_1,qmsum,meeting_query_summarization,IS1003b_spec_5,1,1,last_message_text,2160,540,False,0.0
qmsum_IS1003b_spec_5_step_1,qmsum,meeting_query_summarization,IS1003b_spec_5,1,1,full_context_text,2381,596,False,0.0
qmsum_IS1003b_spec_5_step_1,qmsum,meeting_query_summarization,IS1003b_spec_5,1,1,acu_head_tail_context,2381,596,False,0.0
qmsum_IS1003d_spec_7_step_1,qmsum,meeting_query_summarization,IS1003d_spec_7,1,1,last_message_text,2217,555,False,0.0
qmsum_IS1003d_spec_7_step_1,qmsum,meeting_query_summarization,IS1003d_spec_7,1,1,full_context_text,2438,610,False,0.0
qmsum_IS1003d_spec_7_step_1,qmsum,meeting_query_summarization,IS1003d_spec_7,1,1,acu_head_tail_context,2438,610,False,0.0
qmsum_ES2011b_gen_0_step_1,qmsum,meeting_query_summarization,ES2011b_gen_0,1,1,last_message_text,32332,8083,False,0.0
qmsum_ES2011b_gen_0_step_1,qmsum,meeting_query_summarization,ES2011b_gen_0,1,1,full_context_text,32553,8139,False,0.0
qmsum_ES2011b_gen_0_step_1,qmsum,meeting_query_summarization,ES2011b_gen_0,1,1,acu_head_tail_context,32553,8139,False,0.0
qmsum_IS1003c_spec_4_step_1,qmsum,meeting_query_summarization,IS1003c_spec_4,1,1,last_message_text,2086,522,False,0.0
qmsum_IS1003c_spec_4_step_1,qmsum,meeting_query_summarization,IS1003c_spec_4,1,1,full_context_text,2307,577,False,0.0
qmsum_IS1003c_spec_4_step_1,qmsum,meeting_query_summarization,IS1003c_spec_4,1,1,acu_head_tail_context,2307,577,False,0.0
qmsum_ES2004a_spec_2_step_1,qmsum,meeting_query_summarization,ES2004a_spec_2,1,1,last_message_text,1414,354,False,0.0
qmsum_ES2004a_spec_2_step_1,qmsum,meeting_query_summarization,ES2004a_spec_2,1,1,full_context_text,1635,409,False,0.0
qmsum_ES2004a_spec_2_step_1,qmsum,meeting_query_summarization,ES2004a_spec_2,1,1,acu_head_tail_context,1635,409,False,0.0
qmsum_IS1003a_spec_4_step_1,qmsum,meeting_query_summarization,IS1003a_spec_4,1,1,last_message_text,1134,284,False,0.0
qmsum_IS1003a_spec_4_step_1,qmsum,meeting_query_summarization,IS1003a_spec_4,1,1,full_context_text,1355,339,False,0.0
qmsum_IS1003a_spec_4_step_1,qmsum,meeting_query_summarization,IS1003a_spec_4,1,1,acu_head_tail_context,1355,339,False,0.0
qmsum_ES2004a_spec_0_step_1,qmsum,meeting_query_summarization,ES2004a_spec_0,1,1,last_message_text,10308,2577,False,0.0
qmsum_ES2004a_spec_0_step_1,qmsum,meeting_query_summarization,ES2004a_spec_0,1,1,full_context_text,10529,2633,False,0.0
qmsum_ES2004a_spec_0_step_1,qmsum,meeting_query_summarization,ES2004a_spec_0,1,1,acu_head_tail_context,10529,2633,False,0.0
qmsum_TS3011c_gen_1_step_1,qmsum,meeting_query_summarization,TS3011c_gen_1,1,1,last_message_text,46888,11722,False,0.0
qmsum_TS3011c_gen_1_step_1,qmsum,meeting_query_summarization,TS3011c_gen_1,1,1,full_context_text,47109,11778,False,0.0
qmsum_TS3011c_gen_1_step_1,qmsum,meeting_query_summarization,TS3011c_gen_1,1,1,acu_head_tail_context,6258,1565,True,0.8671591415653059
qmsum_ES2011c_spec_4_step_1,qmsum,meeting_query_summarization,ES2011c_spec_4,1,1,last_message_text,1161,291,False,0.0
qmsum_ES2011c_spec_4_step_1,qmsum,meeting_query_summarization,ES2011c_spec_4,1,1,full_context_text,1382,346,False,0.0
qmsum_ES2011c_spec_4_step_1,qmsum,meeting_query_summarization,ES2011c_spec_4,1,1,acu_head_tail_context,1382,346,False,0.0
qmsum_TS3011d_spec_2_step_1,qmsum,meeting_query_summarization,TS3011d_spec_2,1,1,last_message_text,3307,827,False,0.0
qmsum_TS3011d_spec_2_step_1,qmsum,meeting_query_summarization,TS3011d_spec_2,1,1,full_context_text,3528,882,False,0.0
qmsum_TS3011d_spec_2_step_1,qmsum,meeting_query_summarization,TS3011d_spec_2,1,1,acu_head_tail_context,3528,882,False,0.0
qmsum_IS1003d_spec_2_step_1,qmsum,meeting_query_summarization,IS1003d_spec_2,1,1,last_message_text,4153,1039,False,0.0
qmsum_IS1003d_spec_2_step_1,qmsum,meeting_query_summarization,IS1003d_spec_2,1,1,full_context_text,4374,1094,False,0.0
qmsum_IS1003d_spec_2_step_1,qmsum,meeting_query_summarization,IS1003d_spec_2,1,1,acu_head_tail_context,4374,1094,False,0.0
qmsum_TS3011b_spec_4_step_1,qmsum,meeting_query_summarization,TS3011b_spec_4,1,1,last_message_text,8676,2169,False,0.0
qmsum_TS3011b_spec_4_step_1,qmsum,meeting_query_summarization,TS3011b_spec_4,1,1,full_context_text,8897,2225,False,0.0
qmsum_TS3011b_spec_4_step_1,qmsum,meeting_query_summarization,TS3011b_spec_4,1,1,acu_head_tail_context,8897,2225,False,0.0
qmsum_ES2004b_spec_3_step_1,qmsum,meeting_query_summarization,ES2004b_spec_3,1,1,last_message_text,3379,845,False,0.0
qmsum_ES2004b_spec_3_step_1,qmsum,meeting_query_summarization,ES2004b_spec_3,1,1,full_context_text,3600,900,False,0.0
qmsum_ES2004b_spec_3_step_1,qmsum,meeting_query_summarization,ES2004b_spec_3,1,1,acu_head_tail_context,3600,900,False,0.0
qmsum_IS1003b_spec_8_step_1,qmsum,meeting_query_summarization,IS1003b_spec_8,1,1,last_message_text,2429,608,False,0.0
qmsum_IS1003b_spec_8_step_1,qmsum,meeting_query_summarization,IS1003b_spec_8,1,1,full_context_text,2650,663,False,0.0
qmsum_IS1003b_spec_8_step_1,qmsum,meeting_query_summarization,IS1003b_spec_8,1,1,acu_head_tail_context,2650,663,False,0.0
qmsum_IS1003b_spec_7_step_1,qmsum,meeting_query_summarization,IS1003b_spec_7,1,1,last_message_text,1512,378,False,0.0
qmsum_IS1003b_spec_7_step_1,qmsum,meeting_query_summarization,IS1003b_spec_7,1,1,full_context_text,1733,434,False,0.0
qmsum_IS1003b_spec_7_step_1,qmsum,meeting_query_summarization,IS1003b_spec_7,1,1,acu_head_tail_context,1733,434,False,0.0
qmsum_ES2004c_spec_4_step_1,qmsum,meeting_query_summarization,ES2004c_spec_4,1,1,last_message_text,4227,1057,False,0.0
qmsum_ES2004c_spec_4_step_1,qmsum,meeting_query_summarization,ES2004c_spec_4,1,1,full_context_text,4448,1112,False,0.0
qmsum_ES2004c_spec_4_step_1,qmsum,meeting_query_summarization,ES2004c_spec_4,1,1,acu_head_tail_context,4448,1112,False,0.0
qmsum_TS3011b_spec_1_step_1,qmsum,meeting_query_summarization,TS3011b_spec_1,1,1,last_message_text,5280,1320,False,0.0
qmsum_TS3011b_spec_1_step_1,qmsum,meeting_query_summarization,TS3011b_spec_1,1,1,full_context_text,5501,1376,False,0.0
qmsum_TS3011b_spec_1_step_1,qmsum,meeting_query_summarization,TS3011b_spec_1,1,1,acu_head_tail_context,5501,1376,False,0.0
qmsum_ES2011b_spec_3_step_1,qmsum,meeting_query_summarization,ES2011b_spec_3,1,1,last_message_text,2248,562,False,0.0
qmsum_ES2011b_spec_3_step_1,qmsum,meeting_query_summarization,ES2011b_spec_3,1,1,full_context_text,2469,618,False,0.0
qmsum_ES2011b_spec_3_step_1,qmsum,meeting_query_summarization,ES2011b_spec_3,1,1,acu_head_tail_context,2469,618,False,0.0
qmsum_TS3011b_spec_5_step_1,qmsum,meeting_query_summarization,TS3011b_spec_5,1,1,last_message_text,1663,416,False,0.0
qmsum_TS3011b_spec_5_step_1,qmsum,meeting_query_summarization,TS3011b_spec_5,1,1,full_context_text,1884,471,False,0.0
qmsum_TS3011b_spec_5_step_1,qmsum,meeting_query_summarization,TS3011b_spec_5,1,1,acu_head_tail_context,1884,471,False,0.0
qmsum_ES2004b_gen_0_step_1,qmsum,meeting_query_summarization,ES2004b_gen_0,1,1,last_message_text,47600,11900,False,0.0
qmsum_ES2004b_gen_0_step_1,qmsum,meeting_query_summarization,ES2004b_gen_0,1,1,full_context_text,47821,11956,False,0.0
qmsum_ES2004b_gen_0_step_1,qmsum,meeting_query_summarization,ES2004b_gen_0,1,1,acu_head_tail_context,6258,1565,True,0.8691369900253028
qmsum_ES2004d_spec_1_step_1,qmsum,meeting_query_summarization,ES2004d_spec_1,1,1,last_message_text,1828,457,False,0.0
qmsum_ES2004d_spec_1_step_1,qmsum,meeting_query_summarization,ES2004d_spec_1,1,1,full_context_text,2049,513,False,0.0
qmsum_ES2004d_spec_1_step_1,qmsum,meeting_query_summarization,ES2004d_spec_1,1,1,acu_head_tail_context,2049,513,False,0.0
qmsum_IS1003b_spec_2_step_1,qmsum,meeting_query_summarization,IS1003b_spec_2,1,1,last_message_text,1420,355,False,0.0
qmsum_IS1003b_spec_2_step_1,qmsum,meeting_query_summarization,IS1003b_spec_2,1,1,full_context_text,1641,411,False,0.0
qmsum_IS1003b_spec_2_step_1,qmsum,meeting_query_summarization,IS1003b_spec_2,1,1,acu_head_tail_context,1641,411,False,0.0
qmsum_ES2004d_spec_0_step_1,qmsum,meeting_query_summarization,ES2004d_spec_0,1,1,last_message_text,13523,3381,False,0.0
qmsum_ES2004d_spec_0_step_1,qmsum,meeting_query_summarization,ES2004d_spec_0,1,1,full_context_text,13744,3436,False,0.0
qmsum_ES2004d_spec_0_step_1,qmsum,meeting_query_summarization,ES2004d_spec_0,1,1,acu_head_tail_context,13744,3436,False,0.0
qmsum_ES2004b_spec_5_step_1,qmsum,meeting_query_summarization,ES2004b_spec_5,1,1,last_message_text,5476,1369,False,0.0
qmsum_ES2004b_spec_5_step_1,qmsum,meeting_query_summarization,ES2004b_spec_5,1,1,full_context_text,5697,1425,False,0.0
qmsum_ES2004b_spec_5_step_1,qmsum,meeting_query_summarization,ES2004b_spec_5,1,1,acu_head_tail_context,5697,1425,False,0.0
qmsum_TS3011d_spec_1_step_1,qmsum,meeting_query_summarization,TS3011d_spec_1,1,1,last_message_text,1991,498,False,0.0
qmsum_TS3011d_spec_1_step_1,qmsum,meeting_query_summarization,TS3011d_spec_1,1,1,full_context_text,2212,553,False,0.0
qmsum_TS3011d_spec_1_step_1,qmsum,meeting_query_summarization,TS3011d_spec_1,1,1,acu_head_tail_context,2212,553,False,0.0
qmsum_TS3011a_spec_4_step_1,qmsum,meeting_query_summarization,TS3011a_spec_4,1,1,last_message_text,1701,426,False,0.0
qmsum_TS3011a_spec_4_step_1,qmsum,meeting_query_summarization,TS3011a_spec_4,1,1,full_context_text,1922,481,False,0.0
qmsum_TS3011a_spec_4_step_1,qmsum,meeting_query_summarization,TS3011a_spec_4,1,1,acu_head_tail_context,1922,481,False,0.0
qmsum_IS1003c_spec_6_step_1,qmsum,meeting_query_summarization,IS1003c_spec_6,1,1,last_message_text,2897,725,False,0.0
qmsum_IS1003c_spec_6_step_1,qmsum,meeting_query_summarization,IS1003c_spec_6,1,1,full_context_text,3118,780,False,0.0
qmsum_IS1003c_spec_6_step_1,qmsum,meeting_query_summarization,IS1003c_spec_6,1,1,acu_head_tail_context,3118,780,False,0.0
qmsum_IS1003c_spec_8_step_1,qmsum,meeting_query_summarization,IS1003c_spec_8,1,1,last_message_text,2468,617,False,0.0
qmsum_IS1003c_spec_8_step_1,qmsum,meeting_query_summarization,IS1003c_spec_8,1,1,full_context_text,2689,673,False,0.0
qmsum_IS1003c_spec_8_step_1,qmsum,meeting_query_summarization,IS1003c_spec_8,1,1,acu_head_tail_context,2689,673,False,0.0
qmsum_TS3011b_spec_0_step_1,qmsum,meeting_query_summarization,TS3011b_spec_0,1,1,last_message_text,17750,4438,False,0.0
qmsum_TS3011b_spec_0_step_1,qmsum,meeting_query_summarization,TS3011b_spec_0,1,1,full_context_text,17971,4493,False,0.0
qmsum_TS3011b_spec_0_step_1,qmsum,meeting_query_summarization,TS3011b_spec_0,1,1,acu_head_tail_context,17971,4493,False,0.0
qmsum_ES2011a_spec_3_step_1,qmsum,meeting_query_summarization,ES2011a_spec_3,1,1,last_message_text,3686,922,False,0.0
qmsum_ES2011a_spec_3_step_1,qmsum,meeting_query_summarization,ES2011a_spec_3,1,1,full_context_text,3907,977,False,0.0
qmsum_ES2011a_spec_3_step_1,qmsum,meeting_query_summarization,ES2011a_spec_3,1,1,acu_head_tail_context,3907,977,False,0.0
qmsum_TS3011a_spec_5_step_1,qmsum,meeting_query_summarization,TS3011a_spec_5,1,1,last_message_text,1630,408,False,0.0
qmsum_TS3011a_spec_5_step_1,qmsum,meeting_query_summarization,TS3011a_spec_5,1,1,full_context_text,1851,463,False,0.0
qmsum_TS3011a_spec_5_step_1,qmsum,meeting_query_summarization,TS3011a_spec_5,1,1,acu_head_tail_context,1851,463,False,0.0
qmsum_TS3004b_spec_2_step_1,qmsum,meeting_query_summarization,TS3004b_spec_2,1,1,last_message_text,2179,545,False,0.0
qmsum_TS3004b_spec_2_step_1,qmsum,meeting_query_summarization,TS3004b_spec_2,1,1,full_context_text,2400,600,False,0.0
qmsum_TS3004b_spec_2_step_1,qmsum,meeting_query_summarization,TS3004b_spec_2,1,1,acu_head_tail_context,2400,600,False,0.0
qmsum_TS3011b_spec_2_step_1,qmsum,meeting_query_summarization,TS3011b_spec_2,1,1,last_message_text,2636,659,False,0.0
qmsum_TS3011b_spec_2_step_1,qmsum,meeting_query_summarization,TS3011b_spec_2,1,1,full_context_text,2857,715,False,0.0
qmsum_TS3011b_spec_2_step_1,qmsum,meeting_query_summarization,TS3011b_spec_2,1,1,acu_head_tail_context,2857,715,False,0.0
qmsum_TS3011a_spec_1_step_1,qmsum,meeting_query_summarization,TS3011a_spec_1,1,1,last_message_text,2711,678,False,0.0
qmsum_TS3011a_spec_1_step_1,qmsum,meeting_query_summarization,TS3011a_spec_1,1,1,full_context_text,2932,733,False,0.0
qmsum_TS3011a_spec_1_step_1,qmsum,meeting_query_summarization,TS3011a_spec_1,1,1,acu_head_tail_context,2932,733,False,0.0
qmsum_TS3004a_spec_5_step_1,qmsum,meeting_query_summarization,TS3004a_spec_5,1,1,last_message_text,1674,419,False,0.0
qmsum_TS3004a_spec_5_step_1,qmsum,meeting_query_summarization,TS3004a_spec_5,1,1,full_context_text,1895,474,False,0.0
qmsum_TS3004a_spec_5_step_1,qmsum,meeting_query_summarization,TS3004a_spec_5,1,1,acu_head_tail_context,1895,474,False,0.0
qmsum_TS3004a_spec_1_step_1,qmsum,meeting_query_summarization,TS3004a_spec_1,1,1,last_message_text,1984,496,False,0.0
qmsum_TS3004a_spec_1_step_1,qmsum,meeting_query_summarization,TS3004a_spec_1,1,1,full_context_text,2205,552,False,0.0
qmsum_TS3004a_spec_1_step_1,qmsum,meeting_query_summarization,TS3004a_spec_1,1,1,acu_head_tail_context,2205,552,False,0.0
qmsum_ES2004c_gen_1_step_1,qmsum,meeting_query_summarization,ES2004c_gen_1,1,1,last_message_text,50226,12557,False,0.0
qmsum_ES2004c_gen_1_step_1,qmsum,meeting_query_summarization,ES2004c_gen_1,1,1,full_context_text,50447,12612,False,0.0
qmsum_ES2004c_gen_1_step_1,qmsum,meeting_query_summarization,ES2004c_gen_1,1,1,acu_head_tail_context,6258,1565,True,0.8759490157987591
qmsum_IS1003d_spec_0_step_1,qmsum,meeting_query_summarization,IS1003d_spec_0,1,1,last_message_text,5047,1262,False,0.0
qmsum_IS1003d_spec_0_step_1,qmsum,meeting_query_summarization,IS1003d_spec_0,1,1,full_context_text,5268,1317,False,0.0
qmsum_IS1003d_spec_0_step_1,qmsum,meeting_query_summarization,IS1003d_spec_0,1,1,acu_head_tail_context,5268,1317,False,0.0
qmsum_ES2011d_spec_2_step_1,qmsum,meeting_query_summarization,ES2011d_spec_2,1,1,last_message_text,13525,3382,False,0.0
qmsum_ES2011d_spec_2_step_1,qmsum,meeting_query_summarization,ES2011d_spec_2,1,1,full_context_text,13746,3437,False,0.0
qmsum_ES2011d_spec_2_step_1,qmsum,meeting_query_summarization,ES2011d_spec_2,1,1,acu_head_tail_context,13746,3437,False,0.0
qmsum_ES2011d_gen_0_step_1,qmsum,meeting_query_summarization,ES2011d_gen_0,1,1,last_message_text,38759,9690,False,0.0
qmsum_ES2011d_gen_0_step_1,qmsum,meeting_query_summarization,ES2011d_gen_0,1,1,full_context_text,38980,9745,False,0.0
qmsum_ES2011d_gen_0_step_1,qmsum,meeting_query_summarization,ES2011d_gen_0,1,1,acu_head_tail_context,6258,1565,True,0.83945613134941
qmsum_ES2004c_spec_1_step_1,qmsum,meeting_query_summarization,ES2004c_spec_1,1,1,last_message_text,2681,671,False,0.0
qmsum_ES2004c_spec_1_step_1,qmsum,meeting_query_summarization,ES2004c_spec_1,1,1,full_context_text,2902,726,False,0.0
qmsum_ES2004c_spec_1_step_1,qmsum,meeting_query_summarization,ES2004c_spec_1,1,1,acu_head_tail_context,2902,726,False,0.0
qmsum_TS3011c_spec_5_step_1,qmsum,meeting_query_summarization,TS3011c_spec_5,1,1,last_message_text,2587,647,False,0.0
qmsum_TS3011c_spec_5_step_1,qmsum,meeting_query_summarization,TS3011c_spec_5,1,1,full_context_text,2808,702,False,0.0
qmsum_TS3011c_spec_5_step_1,qmsum,meeting_query_summarization,TS3011c_spec_5,1,1,acu_head_tail_context,2808,702,False,0.0
qmsum_TS3011b_spec_3_step_1,qmsum,meeting_query_summarization,TS3011b_spec_3,1,1,last_message_text,16820,4205,False,0.0
qmsum_TS3011b_spec_3_step_1,qmsum,meeting_query_summarization,TS3011b_spec_3,1,1,full_context_text,17041,4261,False,0.0
qmsum_TS3011b_spec_3_step_1,qmsum,meeting_query_summarization,TS3011b_spec_3,1,1,acu_head_tail_context,17041,4261,False,0.0
qmsum_TS3004d_spec_0_step_1,qmsum,meeting_query_summarization,TS3004d_spec_0,1,1,last_message_text,21889,5473,False,0.0
qmsum_TS3004d_spec_0_step_1,qmsum,meeting_query_summarization,TS3004d_spec_0,1,1,full_context_text,22110,5528,False,0.0
qmsum_TS3004d_spec_0_step_1,qmsum,meeting_query_summarization,TS3004d_spec_0,1,1,acu_head_tail_context,22110,5528,False,0.0
qmsum_TS3011c_spec_0_step_1,qmsum,meeting_query_summarization,TS3011c_spec_0,1,1,last_message_text,12584,3146,False,0.0
qmsum_TS3011c_spec_0_step_1,qmsum,meeting_query_summarization,TS3011c_spec_0,1,1,full_context_text,12805,3202,False,0.0
qmsum_TS3011c_spec_0_step_1,qmsum,meeting_query_summarization,TS3011c_spec_0,1,1,acu_head_tail_context,12805,3202,False,0.0
qmsum_IS1003b_spec_4_step_1,qmsum,meeting_query_summarization,IS1003b_spec_4,1,1,last_message_text,4171,1043,False,0.0
qmsum_IS1003b_spec_4_step_1,qmsum,meeting_query_summarization,IS1003b_spec_4,1,1,full_context_text,4392,1098,False,0.0
qmsum_IS1003b_spec_4_step_1,qmsum,meeting_query_summarization,IS1003b_spec_4,1,1,acu_head_tail_context,4392,1098,False,0.0
qmsum_ES2004b_spec_0_step_1,qmsum,meeting_query_summarization,ES2004b_spec_0,1,1,last_message_text,9855,2464,False,0.0
qmsum_ES2004b_spec_0_step_1,qmsum,meeting_query_summarization,ES2004b_spec_0,1,1,full_context_text,10076,2519,False,0.0
qmsum_ES2004b_spec_0_step_1,qmsum,meeting_query_summarization,ES2004b_spec_0,1,1,acu_head_tail_context,10076,2519,False,0.0
qmsum_TS3011a_spec_3_step_1,qmsum,meeting_query_summarization,TS3011a_spec_3,1,1,last_message_text,3111,778,False,0.0
qmsum_TS3011a_spec_3_step_1,qmsum,meeting_query_summarization,TS3011a_spec_3,1,1,full_context_text,3332,833,False,0.0
qmsum_TS3011a_spec_3_step_1,qmsum,meeting_query_summarization,TS3011a_spec_3,1,1,acu_head_tail_context,3332,833,False,0.0
qmsum_ES2004c_spec_8_step_1,qmsum,meeting_query_summarization,ES2004c_spec_8,1,1,last_message_text,25383,6346,False,0.0
qmsum_ES2004c_spec_8_step_1,qmsum,meeting_query_summarization,ES2004c_spec_8,1,1,full_context_text,25604,6401,False,0.0
qmsum_ES2004c_spec_8_step_1,qmsum,meeting_query_summarization,ES2004c_spec_8,1,1,acu_head_tail_context,25604,6401,False,0.0
qmsum_TS3004b_spec_0_step_1,qmsum,meeting_query_summarization,TS3004b_spec_0,1,1,last_message_text,10833,2709,False,0.0
qmsum_TS3004b_spec_0_step_1,qmsum,meeting_query_summarization,TS3004b_spec_0,1,1,full_context_text,11054,2764,False,0.0
qmsum_TS3004b_spec_0_step_1,qmsum,meeting_query_summarization,TS3004b_spec_0,1,1,acu_head_tail_context,11054,2764,False,0.0
qmsum_ES2004b_spec_2_step_1,qmsum,meeting_query_summarization,ES2004b_spec_2,1,1,last_message_text,30984,7746,False,0.0
qmsum_ES2004b_spec_2_step_1,qmsum,meeting_query_summarization,ES2004b_spec_2,1,1,full_context_text,31205,7802,False,0.0
qmsum_ES2004b_spec_2_step_1,qmsum,meeting_query_summarization,ES2004b_spec_2,1,1,acu_head_tail_context,31205,7802,False,0.0
qmsum_TS3004b_gen_0_step_1,qmsum,meeting_query_summarization,TS3004b_gen_0,1,1,last_message_text,48043,12011,False,0.0
qmsum_TS3004b_gen_0_step_1,qmsum,meeting_query_summarization,TS3004b_gen_0,1,1,full_context_text,48264,12066,False,0.0
qmsum_TS3004b_gen_0_step_1,qmsum,meeting_query_summarization,TS3004b_gen_0,1,1,acu_head_tail_context,6258,1565,True,0.8703381402287419
qmsum_TS3004a_spec_4_step_1,qmsum,meeting_query_summarization,TS3004a_spec_4,1,1,last_message_text,5561,1391,False,0.0
qmsum_TS3004a_spec_4_step_1,qmsum,meeting_query_summarization,TS3004a_spec_4,1,1,full_context_text,5782,1446,False,0.0
qmsum_TS3004a_spec_4_step_1,qmsum,meeting_query_summarization,TS3004a_spec_4,1,1,acu_head_tail_context,5782,1446,False,0.0
qmsum_ES2011b_spec_0_step_1,qmsum,meeting_query_summarization,ES2011b_spec_0,1,1,last_message_text,5716,1429,False,0.0
qmsum_ES2011b_spec_0_step_1,qmsum,meeting_query_summarization,ES2011b_spec_0,1,1,full_context_text,5937,1485,False,0.0
qmsum_ES2011b_spec_0_step_1,qmsum,meeting_query_summarization,ES2011b_spec_0,1,1,acu_head_tail_context,5937,1485,False,0.0
qmsum_ES2004c_spec_7_step_1,qmsum,meeting_query_summarization,ES2004c_spec_7,1,1,last_message_text,2284,571,False,0.0
qmsum_ES2004c_spec_7_step_1,qmsum,meeting_query_summarization,ES2004c_spec_7,1,1,full_context_text,2505,627,False,0.0
qmsum_ES2004c_spec_7_step_1,qmsum,meeting_query_summarization,ES2004c_spec_7,1,1,acu_head_tail_context,2505,627,False,0.0
qmsum_IS1003d_gen_0_step_1,qmsum,meeting_query_summarization,IS1003d_gen_0,1,1,last_message_text,56378,14095,False,0.0
qmsum_IS1003d_gen_0_step_1,qmsum,meeting_query_summarization,IS1003d_gen_0,1,1,full_context_text,56599,14150,False,0.0
qmsum_IS1003d_gen_0_step_1,qmsum,meeting_query_summarization,IS1003d_gen_0,1,1,acu_head_tail_context,6258,1565,True,0.8894326754889662
qmsum_ES2011b_spec_1_step_1,qmsum,meeting_query_summarization,ES2011b_spec_1,1,1,last_message_text,4857,1215,False,0.0
qmsum_ES2011b_spec_1_step_1,qmsum,meeting_query_summarization,ES2011b_spec_1,1,1,full_context_text,5078,1270,False,0.0
qmsum_ES2011b_spec_1_step_1,qmsum,meeting_query_summarization,ES2011b_spec_1,1,1,acu_head_tail_context,5078,1270,False,0.0
qmsum_ES2004c_spec_5_step_1,qmsum,meeting_query_summarization,ES2004c_spec_5,1,1,last_message_text,3285,822,False,0.0
qmsum_ES2004c_spec_5_step_1,qmsum,meeting_query_summarization,ES2004c_spec_5,1,1,full_context_text,3506,877,False,0.0
qmsum_ES2004c_spec_5_step_1,qmsum,meeting_query_summarization,ES2004c_spec_5,1,1,acu_head_tail_context,3506,877,False,0.0
qmsum_TS3004c_spec_1_step_1,qmsum,meeting_query_summarization,TS3004c_spec_1,1,1,last_message_text,1369,343,False,0.0
qmsum_TS3004c_spec_1_step_1,qmsum,meeting_query_summarization,TS3004c_spec_1,1,1,full_context_text,1590,398,False,0.0
qmsum_TS3004c_spec_1_step_1,qmsum,meeting_query_summarization,TS3004c_spec_1,1,1,acu_head_tail_context,1590,398,False,0.0
qmsum_ES2004d_spec_2_step_1,qmsum,meeting_query_summarization,ES2004d_spec_2,1,1,last_message_text,1982,496,False,0.0
qmsum_ES2004d_spec_2_step_1,qmsum,meeting_query_summarization,ES2004d_spec_2,1,1,full_context_text,2203,551,False,0.0
qmsum_ES2004d_spec_2_step_1,qmsum,meeting_query_summarization,ES2004d_spec_2,1,1,acu_head_tail_context,2203,551,False,0.0
qmsum_IS1003c_gen_0_step_1,qmsum,meeting_query_summarization,IS1003c_gen_0,1,1,last_message_text,41020,10255,False,0.0
qmsum_IS1003c_gen_0_step_1,qmsum,meeting_query_summarization,IS1003c_gen_0,1,1,full_context_text,41241,10311,False,0.0
qmsum_IS1003c_gen_0_step_1,qmsum,meeting_query_summarization,IS1003c_gen_0,1,1,acu_head_tail_context,6258,1565,True,0.8482578017021896
qmsum_IS1003c_spec_2_step_1,qmsum,meeting_query_summarization,IS1003c_spec_2,1,1,last_message_text,12246,3062,False,0.0
qmsum_IS1003c_spec_2_step_1,qmsum,meeting_query_summarization,IS1003c_spec_2,1,1,full_context_text,12467,3117,False,0.0
qmsum_IS1003c_spec_2_step_1,qmsum,meeting_query_summarization,IS1003c_spec_2,1,1,acu_head_tail_context,12467,3117,False,0.0
qmsum_TS3011c_gen_0_step_1,qmsum,meeting_query_summarization,TS3011c_gen_0,1,1,last_message_text,46875,11719,False,0.0
qmsum_TS3011c_gen_0_step_1,qmsum,meeting_query_summarization,TS3011c_gen_0,1,1,full_context_text,47096,11774,False,0.0
qmsum_TS3011c_gen_0_step_1,qmsum,meeting_query_summarization,TS3011c_gen_0,1,1,acu_head_tail_context,6258,1565,True,0.8671224732461356
qmsum_ES2004a_spec_1_step_1,qmsum,meeting_query_summarization,ES2004a_spec_1,1,1,last_message_text,3093,774,False,0.0
qmsum_ES2004a_spec_1_step_1,qmsum,meeting_query_summarization,ES2004a_spec_1,1,1,full_context_text,3314,829,False,0.0
qmsum_ES2004a_spec_1_step_1,qmsum,meeting_query_summarization,ES2004a_spec_1,1,1,acu_head_tail_context,3314,829,False,0.0
qmsum_TS3011c_spec_1_step_1,qmsum,meeting_query_summarization,TS3011c_spec_1,1,1,last_message_text,1929,483,False,0.0
qmsum_TS3011c_spec_1_step_1,qmsum,meeting_query_summarization,TS3011c_spec_1,1,1,full_context_text,2150,538,False,0.0
qmsum_TS3011c_spec_1_step_1,qmsum,meeting_query_summarization,TS3011c_spec_1,1,1,acu_head_tail_context,2150,538,False,0.0
qmsum_IS1003b_spec_3_step_1,qmsum,meeting_query_summarization,IS1003b_spec_3,1,1,last_message_text,11912,2978,False,0.0
qmsum_IS1003b_spec_3_step_1,qmsum,meeting_query_summarization,IS1003b_spec_3,1,1,full_context_text,12133,3034,False,0.0
qmsum_IS1003b_spec_3_step_1,qmsum,meeting_query_summarization,IS1003b_spec_3,1,1,acu_head_tail_context,12133,3034,False,0.0
qmsum_TS3011a_gen_0_step_1,qmsum,meeting_query_summarization,TS3011a_gen_0,1,1,last_message_text,25134,6284,False,0.0
qmsum_TS3011a_gen_0_step_1,qmsum,meeting_query_summarization,TS3011a_gen_0,1,1,full_context_text,25355,6339,False,0.0
qmsum_TS3011a_gen_0_step_1,qmsum,meeting_query_summarization,TS3011a_gen_0,1,1,acu_head_tail_context,25355,6339,False,0.0
qmsum_TS3004a_gen_0_step_1,qmsum,meeting_query_summarization,TS3004a_gen_0,1,1,last_message_text,25146,6287,False,0.0
qmsum_TS3004a_gen_0_step_1,qmsum,meeting_query_summarization,TS3004a_gen_0,1,1,full_context_text,25367,6342,False,0.0
qmsum_TS3004a_gen_0_step_1,qmsum,meeting_query_summarization,TS3004a_gen_0,1,1,acu_head_tail_context,25367,6342,False,0.0
qmsum_IS1003c_spec_1_step_1,qmsum,meeting_query_summarization,IS1003c_spec_1,1,1,last_message_text,5072,1268,False,0.0
qmsum_IS1003c_spec_1_step_1,qmsum,meeting_query_summarization,IS1003c_spec_1,1,1,full_context_text,5293,1324,False,0.0
qmsum_IS1003c_spec_1_step_1,qmsum,meeting_query_summarization,IS1003c_spec_1,1,1,acu_head_tail_context,5293,1324,False,0.0
qmsum_ES2004d_spec_4_step_1,qmsum,meeting_query_summarization,ES2004d_spec_4,1,1,last_message_text,2052,513,False,0.0
qmsum_ES2004d_spec_4_step_1,qmsum,meeting_query_summarization,ES2004d_spec_4,1,1,full_context_text,2273,569,False,0.0
qmsum_ES2004d_spec_4_step_1,qmsum,meeting_query_summarization,ES2004d_spec_4,1,1,acu_head_tail_context,2273,569,False,0.0
qmsum_ES2004b_spec_4_step_1,qmsum,meeting_query_summarization,ES2004b_spec_4,1,1,last_message_text,2032,508,False,0.0
qmsum_ES2004b_spec_4_step_1,qmsum,meeting_query_summarization,ES2004b_spec_4,1,1,full_context_text,2253,564,False,0.0
qmsum_ES2004b_spec_4_step_1,qmsum,meeting_query_summarization,ES2004b_spec_4,1,1,acu_head_tail_context,2253,564,False,0.0
qmsum_TS3004d_spec_3_step_1,qmsum,meeting_query_summarization,TS3004d_spec_3,1,1,last_message_text,12709,3178,False,0.0
qmsum_TS3004d_spec_3_step_1,qmsum,meeting_query_summarization,TS3004d_spec_3,1,1,full_context_text,12930,3233,False,0.0
qmsum_TS3004d_spec_3_step_1,qmsum,meeting_query_summarization,TS3004d_spec_3,1,1,acu_head_tail_context,12930,3233,False,0.0
qmsum_ES2004c_spec_3_step_1,qmsum,meeting_query_summarization,ES2004c_spec_3,1,1,last_message_text,11058,2765,False,0.0
qmsum_ES2004c_spec_3_step_1,qmsum,meeting_query_summarization,ES2004c_spec_3,1,1,full_context_text,11279,2820,False,0.0
qmsum_ES2004c_spec_3_step_1,qmsum,meeting_query_summarization,ES2004c_spec_3,1,1,acu_head_tail_context,11279,2820,False,0.0
qmsum_ES2011a_spec_4_step_1,qmsum,meeting_query_summarization,ES2011a_spec_4,1,1,last_message_text,1024,256,False,0.0
qmsum_ES2011a_spec_4_step_1,qmsum,meeting_query_summarization,ES2011a_spec_4,1,1,full_context_text,1245,312,False,0.0
qmsum_ES2011a_spec_4_step_1,qmsum,meeting_query_summarization,ES2011a_spec_4,1,1,acu_head_tail_context,1245,312,False,0.0
qmsum_ES2004d_gen_0_step_1,qmsum,meeting_query_summarization,ES2004d_gen_0,1,1,last_message_text,49254,12314,False,0.0
qmsum_ES2004d_gen_0_step_1,qmsum,meeting_query_summarization,ES2004d_gen_0,1,1,full_context_text,49475,12369,False,0.0
qmsum_ES2004d_gen_0_step_1,qmsum,meeting_query_summarization,ES2004d_gen_0,1,1,acu_head_tail_context,6258,1565,True,0.8735118746841839
qmsum_IS1003d_spec_4_step_1,qmsum,meeting_query_summarization,IS1003d_spec_4,1,1,last_message_text,2350,588,False,0.0
qmsum_IS1003d_spec_4_step_1,qmsum,meeting_query_summarization,IS1003d_spec_4,1,1,full_context_text,2571,643,False,0.0
qmsum_IS1003d_spec_4_step_1,qmsum,meeting_query_summarization,IS1003d_spec_4,1,1,acu_head_tail_context,2571,643,False,0.0
qmsum_ES2011d_spec_0_step_1,qmsum,meeting_query_summarization,ES2011d_spec_0,1,1,last_message_text,14704,3676,False,0.0
qmsum_ES2011d_spec_0_step_1,qmsum,meeting_query_summarization,ES2011d_spec_0,1,1,full_context_text,14925,3732,False,0.0
qmsum_ES2011d_spec_0_step_1,qmsum,meeting_query_summarization,ES2011d_spec_0,1,1,acu_head_tail_context,14925,3732,False,0.0
qmsum_TS3011c_spec_3_step_1,qmsum,meeting_query_summarization,TS3011c_spec_3,1,1,last_message_text,12422,3106,False,0.0
qmsum_TS3011c_spec_3_step_1,qmsum,meeting_query_summarization,TS3011c_spec_3,1,1,full_context_text,12643,3161,False,0.0
qmsum_TS3011c_spec_3_step_1,qmsum,meeting_query_summarization,TS3011c_spec_3,1,1,acu_head_tail_context,12643,3161,False,0.0
qmsum_ES2004a_spec_3_step_1,qmsum,meeting_query_summarization,ES2004a_spec_3,1,1,last_message_text,2404,601,False,0.0
qmsum_ES2004a_spec_3_step_1,qmsum,meeting_query_summarization,ES2004a_spec_3,1,1,full_context_text,2625,657,False,0.0
qmsum_ES2004a_spec_3_step_1,qmsum,meeting_query_summarization,ES2004a_spec_3,1,1,acu_head_tail_context,2625,657,False,0.0
qmsum_ES2004c_spec_6_step_1,qmsum,meeting_query_summarization,ES2004c_spec_6,1,1,last_message_text,1697,425,False,0.0
qmsum_ES2004c_spec_6_step_1,qmsum,meeting_query_summarization,ES2004c_spec_6,1,1,full_context_text,1918,480,False,0.0
qmsum_ES2004c_spec_6_step_1,qmsum,meeting_query_summarization,ES2004c_spec_6,1,1,acu_head_tail_context,1918,480,False,0.0
qmsum_TS3011b_gen_0_step_1,qmsum,meeting_query_summarization,TS3011b_gen_0,1,1,last_message_text,46057,11515,False,0.0
qmsum_TS3011b_gen_0_step_1,qmsum,meeting_query_summarization,TS3011b_gen_0,1,1,full_context_text,46278,11570,False,0.0
qmsum_TS3011b_gen_0_step_1,qmsum,meeting_query_summarization,TS3011b_gen_0,1,1,acu_head_tail_context,6258,1565,True,0.8647737585893945
bfcl_live_irrelevance_747-258-0_step_1,bfcl,bfcl_tool_use_single_turn,live_irrelevance_747-258-0,1,1,last_message_text,2766,692,False,0.0
bfcl_live_irrelevance_747-258-0_step_1,bfcl,bfcl_tool_use_single_turn,live_irrelevance_747-258-0,1,1,full_context_text,2824,706,False,0.0
bfcl_live_irrelevance_747-258-0_step_1,bfcl,bfcl_tool_use_single_turn,live_irrelevance_747-258-0,1,1,acu_head_tail_context,2824,706,False,0.0
bfcl_live_irrelevance_103-3-0_step_1,bfcl,bfcl_tool_use_single_turn,live_irrelevance_103-3-0,1,1,last_message_text,8,2,False,0.0
bfcl_live_irrelevance_103-3-0_step_1,bfcl,bfcl_tool_use_single_turn,live_irrelevance_103-3-0,1,1,full_context_text,218,55,False,0.0
bfcl_live_irrelevance_103-3-0_step_1,bfcl,bfcl_tool_use_single_turn,live_irrelevance_103-3-0,1,1,acu_head_tail_context,218,55,False,0.0
bfcl_live_irrelevance_731-246-0_step_1,bfcl,bfcl_tool_use_single_turn,live_irrelevance_731-246-0,1,1,last_message_text,83,21,False,0.0
bfcl_live_irrelevance_731-246-0_step_1,bfcl,bfcl_tool_use_single_turn,live_irrelevance_731-246-0,1,1,full_context_text,141,36,False,0.0
bfcl_live_irrelevance_731-246-0_step_1,bfcl,bfcl_tool_use_single_turn,live_irrelevance_731-246-0,1,1,acu_head_tail_context,141,36,False,0.0
bfcl_live_irrelevance_252-53-0_step_1,bfcl,bfcl_tool_use_single_turn,live_irrelevance_252-53-0,1,1,last_message_text,30,8,False,0.0
bfcl_live_irrelevance_252-53-0_step_1,bfcl,bfcl_tool_use_single_turn,live_irrelevance_252-53-0,1,1,full_context_text,88,22,False,0.0
bfcl_live_irrelevance_252-53-0_step_1,bfcl,bfcl_tool_use_single_turn,live_irrelevance_252-53-0,1,1,acu_head_tail_context,88,22,False,0.0
bfcl_live_irrelevance_253-53-1_step_1,bfcl,bfcl_tool_use_single_turn,live_irrelevance_253-53-1,1,1,last_message_text,27,7,False,0.0
bfcl_live_irrelevance_253-53-1_step_1,bfcl,bfcl_tool_use_single_turn,live_irrelevance_253-53-1,1,1,full_context_text,85,22,False,0.0
bfcl_live_irrelevance_253-53-1_step_1,bfcl,bfcl_tool_use_single_turn,live_irrelevance_253-53-1,1,1,acu_head_tail_context,85,22,False,0.0
bfcl_live_irrelevance_254-53-2_step_1,bfcl,bfcl_tool_use_single_turn,live_irrelevance_254-53-2,1,1,last_message_text,15,4,False,0.0
bfcl_live_irrelevance_254-53-2_step_1,bfcl,bfcl_tool_use_single_turn,live_irrelevance_254-53-2,1,1,full_context_text,73,19,False,0.0
bfcl_live_irrelevance_254-53-2_step_1,bfcl,bfcl_tool_use_single_turn,live_irrelevance_254-53-2,1,1,acu_head_tail_context,73,19,False,0.0
bfcl_live_irrelevance_417-96-0_step_1,bfcl,bfcl_tool_use_single_turn,live_irrelevance_417-96-0,1,1,last_message_text,71,18,False,0.0
bfcl_live_irrelevance_417-96-0_step_1,bfcl,bfcl_tool_use_single_turn,live_irrelevance_417-96-0,1,1,full_context_text,129,33,False,0.0
bfcl_live_irrelevance_417-96-0_step_1,bfcl,bfcl_tool_use_single_turn,live_irrelevance_417-96-0,1,1,acu_head_tail_context,129,33,False,0.0
bfcl_live_irrelevance_418-96-1_step_1,bfcl,bfcl_tool_use_single_turn,live_irrelevance_418-96-1,1,1,last_message_text,42,11,False,0.0
bfcl_live_irrelevance_418-96-1_step_1,bfcl,bfcl_tool_use_single_turn,live_irrelevance_418-96-1,1,1,full_context_text,100,25,False,0.0
bfcl_live_irrelevance_418-96-1_step_1,bfcl,bfcl_tool_use_single_turn,live_irrelevance_418-96-1,1,1,acu_head_tail_context,100,25,False,0.0
bfcl_live_irrelevance_660-211-0_step_1,bfcl,bfcl_tool_use_single_turn,live_irrelevance_660-211-0,1,1,last_message_text,200,50,False,0.0
bfcl_live_irrelevance_660-211-0_step_1,bfcl,bfcl_tool_use_single_turn,live_irrelevance_660-211-0,1,1,full_context_text,258,65,False,0.0
bfcl_live_irrelevance_660-211-0_step_1,bfcl,bfcl_tool_use_single_turn,live_irrelevance_660-211-0,1,1,acu_head_tail_context,258,65,False,0.0
bfcl_live_multiple_985-216-0_step_1,bfcl,bfcl_tool_use_single_turn,live_multiple_985-216-0,1,1,last_message_text,195,49,False,0.0
bfcl_live_multiple_985-216-0_step_1,bfcl,bfcl_tool_use_single_turn,live_multiple_985-216-0,1,1,full_context_text,253,64,False,0.0
bfcl_live_multiple_985-216-0_step_1,bfcl,bfcl_tool_use_single_turn,live_multiple_985-216-0,1,1,acu_head_tail_context,253,64,False,0.0
bfcl_live_multiple_217-93-0_step_1,bfcl,bfcl_tool_use_single_turn,live_multiple_217-93-0,1,1,last_message_text,51,13,False,0.0
bfcl_live_multiple_217-93-0_step_1,bfcl,bfcl_tool_use_single_turn,live_multiple_217-93-0,1,1,full_context_text,109,28,False,0.0
bfcl_live_multiple_217-93-0_step_1,bfcl,bfcl_tool_use_single_turn,live_multiple_217-93-0,1,1,acu_head_tail_context,109,28,False,0.0
bfcl_live_multiple_180-76-0_step_1,bfcl,bfcl_tool_use_single_turn,live_multiple_180-76-0,1,1,last_message_text,539,135,False,0.0
bfcl_live_multiple_180-76-0_step_1,bfcl,bfcl_tool_use_single_turn,live_multiple_180-76-0,1,1,full_context_text,597,150,False,0.0
bfcl_live_multiple_180-76-0_step_1,bfcl,bfcl_tool_use_single_turn,live_multiple_180-76-0,1,1,acu_head_tail_context,597,150,False,0.0
bfcl_live_multiple_181-76-1_step_1,bfcl,bfcl_tool_use_single_turn,live_multiple_181-76-1,1,1,last_message_text,106,27,False,0.0
bfcl_live_multiple_181-76-1_step_1,bfcl,bfcl_tool_use_single_turn,live_multiple_181-76-1,1,1,full_context_text,164,41,False,0.0
bfcl_live_multiple_181-76-1_step_1,bfcl,bfcl_tool_use_single_turn,live_multiple_181-76-1,1,1,acu_head_tail_context,164,41,False,0.0
bfcl_live_multiple_185-80-0_step_1,bfcl,bfcl_tool_use_single_turn,live_multiple_185-80-0,1,1,last_message_text,96,24,False,0.0
bfcl_live_multiple_185-80-0_step_1,bfcl,bfcl_tool_use_single_turn,live_multiple_185-80-0,1,1,full_context_text,154,39,False,0.0
bfcl_live_multiple_185-80-0_step_1,bfcl,bfcl_tool_use_single_turn,live_multiple_185-80-0,1,1,acu_head_tail_context,154,39,False,0.0
bfcl_live_multiple_25-6-0_step_1,bfcl,bfcl_tool_use_single_turn,live_multiple_25-6-0,1,1,last_message_text,51,13,False,0.0
bfcl_live_multiple_25-6-0_step_1,bfcl,bfcl_tool_use_single_turn,live_multiple_25-6-0,1,1,full_context_text,109,28,False,0.0
bfcl_live_multiple_25-6-0_step_1,bfcl,bfcl_tool_use_single_turn,live_multiple_25-6-0,1,1,acu_head_tail_context,109,28,False,0.0
bfcl_live_multiple_26-6-1_step_1,bfcl,bfcl_tool_use_single_turn,live_multiple_26-6-1,1,1,last_message_text,4745,1187,False,0.0
bfcl_live_multiple_26-6-1_step_1,bfcl,bfcl_tool_use_single_turn,live_multiple_26-6-1,1,1,full_context_text,4803,1201,False,0.0
bfcl_live_multiple_26-6-1_step_1,bfcl,bfcl_tool_use_single_turn,live_multiple_26-6-1,1,1,acu_head_tail_context,4803,1201,False,0.0
bfcl_live_multiple_44-17-0_step_1,bfcl,bfcl_tool_use_single_turn,live_multiple_44-17-0,1,1,last_message_text,396,99,False,0.0
bfcl_live_multiple_44-17-0_step_1,bfcl,bfcl_tool_use_single_turn,live_multiple_44-17-0,1,1,full_context_text,454,114,False,0.0
bfcl_live_multiple_44-17-0_step_1,bfcl,bfcl_tool_use_single_turn,live_multiple_44-17-0,1,1,acu_head_tail_context,454,114,False,0.0
bfcl_live_multiple_102-43-0_step_1,bfcl,bfcl_tool_use_single_turn,live_multiple_102-43-0,1,1,last_message_text,99,25,False,0.0
bfcl_live_multiple_102-43-0_step_1,bfcl,bfcl_tool_use_single_turn,live_multiple_102-43-0,1,1,full_context_text,157,40,False,0.0
bfcl_live_multiple_102-43-0_step_1,bfcl,bfcl_tool_use_single_turn,live_multiple_102-43-0,1,1,acu_head_tail_context,157,40,False,0.0
bfcl_live_multiple_103-43-1_step_1,bfcl,bfcl_tool_use_single_turn,live_multiple_103-43-1,1,1,last_message_text,263,66,False,0.0
bfcl_live_multiple_103-43-1_step_1,bfcl,bfcl_tool_use_single_turn,live_multiple_103-43-1,1,1,full_context_text,321,81,False,0.0
bfcl_live_multiple_103-43-1_step_1,bfcl,bfcl_tool_use_single_turn,live_multiple_103-43-1,1,1,acu_head_tail_context,321,81,False,0.0
bfcl_live_multiple_104-43-2_step_1,bfcl,bfcl_tool_use_single_turn,live_multiple_104-43-2,1,1,last_message_text,102,26,False,0.0
bfcl_live_multiple_104-43-2_step_1,bfcl,bfcl_tool_use_single_turn,live_multiple_104-43-2,1,1,full_context_text,160,40,False,0.0
bfcl_live_multiple_104-43-2_step_1,bfcl,bfcl_tool_use_single_turn,live_multiple_104-43-2,1,1,acu_head_tail_context,160,40,False,0.0
bfcl_live_multiple_105-43-3_step_1,bfcl,bfcl_tool_use_single_turn,live_multiple_105-43-3,1,1,last_message_text,89,23,False,0.0
bfcl_live_multiple_105-43-3_step_1,bfcl,bfcl_tool_use_single_turn,live_multiple_105-43-3,1,1,full_context_text,147,37,False,0.0
bfcl_live_multiple_105-43-3_step_1,bfcl,bfcl_tool_use_single_turn,live_multiple_105-43-3,1,1,acu_head_tail_context,147,37,False,0.0
bfcl_live_multiple_106-43-4_step_1,bfcl,bfcl_tool_use_single_turn,live_multiple_106-43-4,1,1,last_message_text,176,44,False,0.0
bfcl_live_multiple_106-43-4_step_1,bfcl,bfcl_tool_use_single_turn,live_multiple_106-43-4,1,1,full_context_text,234,59,False,0.0
bfcl_live_multiple_106-43-4_step_1,bfcl,bfcl_tool_use_single_turn,live_multiple_106-43-4,1,1,acu_head_tail_context,234,59,False,0.0
bfcl_live_multiple_107-43-5_step_1,bfcl,bfcl_tool_use_single_turn,live_multiple_107-43-5,1,1,last_message_text,124,31,False,0.0
bfcl_live_multiple_107-43-5_step_1,bfcl,bfcl_tool_use_single_turn,live_multiple_107-43-5,1,1,full_context_text,182,46,False,0.0
bfcl_live_multiple_107-43-5_step_1,bfcl,bfcl_tool_use_single_turn,live_multiple_107-43-5,1,1,acu_head_tail_context,182,46,False,0.0
bfcl_live_multiple_108-43-6_step_1,bfcl,bfcl_tool_use_single_turn,live_multiple_108-43-6,1,1,last_message_text,106,27,False,0.0
bfcl_live_multiple_108-43-6_step_1,bfcl,bfcl_tool_use_single_turn,live_multiple_108-43-6,1,1,full_context_text,164,41,False,0.0
bfcl_live_multiple_108-43-6_step_1,bfcl,bfcl_tool_use_single_turn,live_multiple_108-43-6,1,1,acu_head_tail_context,164,41,False,0.0
bfcl_live_multiple_109-43-7_step_1,bfcl,bfcl_tool_use_single_turn,live_multiple_109-43-7,1,1,last_message_text,57,15,False,0.0
bfcl_live_multiple_109-43-7_step_1,bfcl,bfcl_tool_use_single_turn,live_multiple_109-43-7,1,1,full_context_text,115,29,False,0.0
bfcl_live_multiple_109-43-7_step_1,bfcl,bfcl_tool_use_single_turn,live_multiple_109-43-7,1,1,acu_head_tail_context,115,29,False,0.0
bfcl_live_multiple_110-43-8_step_1,bfcl,bfcl_tool_use_single_turn,live_multiple_110-43-8,1,1,last_message_text,102,26,False,0.0
bfcl_live_multiple_110-43-8_step_1,bfcl,bfcl_tool_use_single_turn,live_multiple_110-43-8,1,1,full_context_text,160,40,False,0.0
bfcl_live_multiple_110-43-8_step_1,bfcl,bfcl_tool_use_single_turn,live_multiple_110-43-8,1,1,acu_head_tail_context,160,40,False,0.0
bfcl_live_multiple_111-43-9_step_1,bfcl,bfcl_tool_use_single_turn,live_multiple_111-43-9,1,1,last_message_text,147,37,False,0.0
bfcl_live_multiple_111-43-9_step_1,bfcl,bfcl_tool_use_single_turn,live_multiple_111-43-9,1,1,full_context_text,205,52,False,0.0
bfcl_live_multiple_111-43-9_step_1,bfcl,bfcl_tool_use_single_turn,live_multiple_111-43-9,1,1,acu_head_tail_context,205,52,False,0.0
bfcl_live_multiple_112-43-10_step_1,bfcl,bfcl_tool_use_single_turn,live_multiple_112-43-10,1,1,last_message_text,111,28,False,0.0
bfcl_live_multiple_112-43-10_step_1,bfcl,bfcl_tool_use_single_turn,live_multiple_112-43-10,1,1,full_context_text,169,43,False,0.0
bfcl_live_multiple_112-43-10_step_1,bfcl,bfcl_tool_use_single_turn,live_multiple_112-43-10,1,1,acu_head_tail_context,169,43,False,0.0
bfcl_live_multiple_96-42-0_step_1,bfcl,bfcl_tool_use_single_turn,live_multiple_96-42-0,1,1,last_message_text,95,24,False,0.0
bfcl_live_multiple_96-42-0_step_1,bfcl,bfcl_tool_use_single_turn,live_multiple_96-42-0,1,1,full_context_text,153,39,False,0.0
bfcl_live_multiple_96-42-0_step_1,bfcl,bfcl_tool_use_single_turn,live_multiple_96-42-0,1,1,acu_head_tail_context,153,39,False,0.0
bfcl_live_multiple_97-42-1_step_1,bfcl,bfcl_tool_use_single_turn,live_multiple_97-42-1,1,1,last_message_text,161,41,False,0.0
bfcl_live_multiple_97-42-1_step_1,bfcl,bfcl_tool_use_single_turn,live_multiple_97-42-1,1,1,full_context_text,219,55,False,0.0
bfcl_live_multiple_97-42-1_step_1,bfcl,bfcl_tool_use_single_turn,live_multiple_97-42-1,1,1,acu_head_tail_context,219,55,False,0.0
bfcl_live_multiple_98-42-2_step_1,bfcl,bfcl_tool_use_single_turn,live_multiple_98-42-2,1,1,last_message_text,84,21,False,0.0
bfcl_live_multiple_98-42-2_step_1,bfcl,bfcl_tool_use_single_turn,live_multiple_98-42-2,1,1,full_context_text,142,36,False,0.0
bfcl_live_multiple_98-42-2_step_1,bfcl,bfcl_tool_use_single_turn,live_multiple_98-42-2,1,1,acu_head_tail_context,142,36,False,0.0
bfcl_live_multiple_99-42-3_step_1,bfcl,bfcl_tool_use_single_turn,live_multiple_99-42-3,1,1,last_message_text,65,17,False,0.0
bfcl_live_multiple_99-42-3_step_1,bfcl,bfcl_tool_use_single_turn,live_multiple_99-42-3,1,1,full_context_text,123,31,False,0.0
bfcl_live_multiple_99-42-3_step_1,bfcl,bfcl_tool_use_single_turn,live_multiple_99-42-3,1,1,acu_head_tail_context,123,31,False,0.0
bfcl_live_multiple_100-42-4_step_1,bfcl,bfcl_tool_use_single_turn,live_multiple_100-42-4,1,1,last_message_text,109,28,False,0.0
bfcl_live_multiple_100-42-4_step_1,bfcl,bfcl_tool_use_single_turn,live_multiple_100-42-4,1,1,full_context_text,167,42,False,0.0
bfcl_live_multiple_100-42-4_step_1,bfcl,bfcl_tool_use_single_turn,live_multiple_100-42-4,1,1,acu_head_tail_context,167,42,False,0.0
bfcl_live_multiple_101-42-5_step_1,bfcl,bfcl_tool_use_single_turn,live_multiple_101-42-5,1,1,last_message_text,89,23,False,0.0
bfcl_live_multiple_101-42-5_step_1,bfcl,bfcl_tool_use_single_turn,live_multiple_101-42-5,1,1,full_context_text,147,37,False,0.0
bfcl_live_multiple_101-42-5_step_1,bfcl,bfcl_tool_use_single_turn,live_multiple_101-42-5,1,1,acu_head_tail_context,147,37,False,0.0
bfcl_live_parallel_multiple_0-0-0_step_1,bfcl,bfcl_tool_use_single_turn,live_parallel_multiple_0-0-0,1,1,last_message_text,193,49,False,0.0
bfcl_live_parallel_multiple_0-0-0_step_1,bfcl,bfcl_tool_use_single_turn,live_parallel_multiple_0-0-0,1,1,full_context_text,251,63,False,0.0
bfcl_live_parallel_multiple_0-0-0_step_1,bfcl,bfcl_tool_use_single_turn,live_parallel_multiple_0-0-0,1,1,acu_head_tail_context,251,63,False,0.0
bfcl_live_parallel_multiple_1-1-0_step_1,bfcl,bfcl_tool_use_single_turn,live_parallel_multiple_1-1-0,1,1,last_message_text,39,10,False,0.0
bfcl_live_parallel_multiple_1-1-0_step_1,bfcl,bfcl_tool_use_single_turn,live_parallel_multiple_1-1-0,1,1,full_context_text,97,25,False,0.0
bfcl_live_parallel_multiple_1-1-0_step_1,bfcl,bfcl_tool_use_single_turn,live_parallel_multiple_1-1-0,1,1,acu_head_tail_context,97,25,False,0.0
bfcl_live_parallel_multiple_2-2-0_step_1,bfcl,bfcl_tool_use_single_turn,live_parallel_multiple_2-2-0,1,1,last_message_text,38,10,False,0.0
bfcl_live_parallel_multiple_2-2-0_step_1,bfcl,bfcl_tool_use_single_turn,live_parallel_multiple_2-2-0,1,1,full_context_text,96,24,False,0.0
bfcl_live_parallel_multiple_2-2-0_step_1,bfcl,bfcl_tool_use_single_turn,live_parallel_multiple_2-2-0,1,1,acu_head_tail_context,96,24,False,0.0
bfcl_live_parallel_multiple_3-2-1_step_1,bfcl,bfcl_tool_use_single_turn,live_parallel_multiple_3-2-1,1,1,last_message_text,210,53,False,0.0
bfcl_live_parallel_multiple_3-2-1_step_1,bfcl,bfcl_tool_use_single_turn,live_parallel_multiple_3-2-1,1,1,full_context_text,268,67,False,0.0
bfcl_live_parallel_multiple_3-2-1_step_1,bfcl,bfcl_tool_use_single_turn,live_parallel_multiple_3-2-1,1,1,acu_head_tail_context,268,67,False,0.0
bfcl_live_parallel_multiple_4-3-0_step_1,bfcl,bfcl_tool_use_single_turn,live_parallel_multiple_4-3-0,1,1,last_message_text,166,42,False,0.0
bfcl_live_parallel_multiple_4-3-0_step_1,bfcl,bfcl_tool_use_single_turn,live_parallel_multiple_4-3-0,1,1,full_context_text,224,56,False,0.0
bfcl_live_parallel_multiple_4-3-0_step_1,bfcl,bfcl_tool_use_single_turn,live_parallel_multiple_4-3-0,1,1,acu_head_tail_context,224,56,False,0.0
bfcl_live_parallel_multiple_5-4-0_step_1,bfcl,bfcl_tool_use_single_turn,live_parallel_multiple_5-4-0,1,1,last_message_text,127,32,False,0.0
bfcl_live_parallel_multiple_5-4-0_step_1,bfcl,bfcl_tool_use_single_turn,live_parallel_multiple_5-4-0,1,1,full_context_text,185,47,False,0.0
bfcl_live_parallel_multiple_5-4-0_step_1,bfcl,bfcl_tool_use_single_turn,live_parallel_multiple_5-4-0,1,1,acu_head_tail_context,185,47,False,0.0
bfcl_live_parallel_multiple_6-5-0_step_1,bfcl,bfcl_tool_use_single_turn,live_parallel_multiple_6-5-0,1,1,last_message_text,44,11,False,0.0
bfcl_live_parallel_multiple_6-5-0_step_1,bfcl,bfcl_tool_use_single_turn,live_parallel_multiple_6-5-0,1,1,full_context_text,102,26,False,0.0
bfcl_live_parallel_multiple_6-5-0_step_1,bfcl,bfcl_tool_use_single_turn,live_parallel_multiple_6-5-0,1,1,acu_head_tail_context,102,26,False,0.0
bfcl_live_parallel_multiple_7-6-0_step_1,bfcl,bfcl_tool_use_single_turn,live_parallel_multiple_7-6-0,1,1,last_message_text,63,16,False,0.0
bfcl_live_parallel_multiple_7-6-0_step_1,bfcl,bfcl_tool_use_single_turn,live_parallel_multiple_7-6-0,1,1,full_context_text,121,31,False,0.0
bfcl_live_parallel_multiple_7-6-0_step_1,bfcl,bfcl_tool_use_single_turn,live_parallel_multiple_7-6-0,1,1,acu_head_tail_context,121,31,False,0.0
bfcl_live_parallel_multiple_9-8-0_step_1,bfcl,bfcl_tool_use_single_turn,live_parallel_multiple_9-8-0,1,1,last_message_text,489,123,False,0.0
bfcl_live_parallel_multiple_9-8-0_step_1,bfcl,bfcl_tool_use_single_turn,live_parallel_multiple_9-8-0,1,1,full_context_text,547,137,False,0.0
bfcl_live_parallel_multiple_9-8-0_step_1,bfcl,bfcl_tool_use_single_turn,live_parallel_multiple_9-8-0,1,1,acu_head_tail_context,547,137,False,0.0
bfcl_live_parallel_multiple_11-10-0_step_1,bfcl,bfcl_tool_use_single_turn,live_parallel_multiple_11-10-0,1,1,last_message_text,622,156,False,0.0
bfcl_live_parallel_multiple_11-10-0_step_1,bfcl,bfcl_tool_use_single_turn,live_parallel_multiple_11-10-0,1,1,full_context_text,680,170,False,0.0
bfcl_live_parallel_multiple_11-10-0_step_1,bfcl,bfcl_tool_use_single_turn,live_parallel_multiple_11-10-0,1,1,acu_head_tail_context,680,170,False,0.0
bfcl_live_parallel_multiple_12-10-1_step_1,bfcl,bfcl_tool_use_single_turn,live_parallel_multiple_12-10-1,1,1,last_message_text,273,69,False,0.0
bfcl_live_parallel_multiple_12-10-1_step_1,bfcl,bfcl_tool_use_single_turn,live_parallel_multiple_12-10-1,1,1,full_context_text,331,83,False,0.0
bfcl_live_parallel_multiple_12-10-1_step_1,bfcl,bfcl_tool_use_single_turn,live_parallel_multiple_12-10-1,1,1,acu_head_tail_context,331,83,False,0.0
bfcl_live_parallel_multiple_13-11-0_step_1,bfcl,bfcl_tool_use_single_turn,live_parallel_multiple_13-11-0,1,1,last_message_text,129,33,False,0.0
bfcl_live_parallel_multiple_13-11-0_step_1,bfcl,bfcl_tool_use_single_turn,live_parallel_multiple_13-11-0,1,1,full_context_text,187,47,False,0.0
bfcl_live_parallel_multiple_13-11-0_step_1,bfcl,bfcl_tool_use_single_turn,live_parallel_multiple_13-11-0,1,1,acu_head_tail_context,187,47,False,0.0
bfcl_live_parallel_multiple_14-12-0_step_1,bfcl,bfcl_tool_use_single_turn,live_parallel_multiple_14-12-0,1,1,last_message_text,163,41,False,0.0
bfcl_live_parallel_multiple_14-12-0_step_1,bfcl,bfcl_tool_use_single_turn,live_parallel_multiple_14-12-0,1,1,full_context_text,221,56,False,0.0
bfcl_live_parallel_multiple_14-12-0_step_1,bfcl,bfcl_tool_use_single_turn,live_parallel_multiple_14-12-0,1,1,acu_head_tail_context,221,56,False,0.0
bfcl_live_parallel_multiple_15-13-0_step_1,bfcl,bfcl_tool_use_single_turn,live_parallel_multiple_15-13-0,1,1,last_message_text,110,28,False,0.0
bfcl_live_parallel_multiple_15-13-0_step_1,bfcl,bfcl_tool_use_single_turn,live_parallel_multiple_15-13-0,1,1,full_context_text,168,42,False,0.0
bfcl_live_parallel_multiple_15-13-0_step_1,bfcl,bfcl_tool_use_single_turn,live_parallel_multiple_15-13-0,1,1,acu_head_tail_context,168,42,False,0.0
bfcl_live_parallel_multiple_16-14-0_step_1,bfcl,bfcl_tool_use_single_turn,live_parallel_multiple_16-14-0,1,1,last_message_text,108,27,False,0.0
bfcl_live_parallel_multiple_16-14-0_step_1,bfcl,bfcl_tool_use_single_turn,live_parallel_multiple_16-14-0,1,1,full_context_text,166,42,False,0.0
bfcl_live_parallel_multiple_16-14-0_step_1,bfcl,bfcl_tool_use_single_turn,live_parallel_multiple_16-14-0,1,1,acu_head_tail_context,166,42,False,0.0
bfcl_live_parallel_multiple_17-15-0_step_1,bfcl,bfcl_tool_use_single_turn,live_parallel_multiple_17-15-0,1,1,last_message_text,52,13,False,0.0
bfcl_live_parallel_multiple_17-15-0_step_1,bfcl,bfcl_tool_use_single_turn,live_parallel_multiple_17-15-0,1,1,full_context_text,110,28,False,0.0
bfcl_live_parallel_multiple_17-15-0_step_1,bfcl,bfcl_tool_use_single_turn,live_parallel_multiple_17-15-0,1,1,acu_head_tail_context,110,28,False,0.0
bfcl_live_parallel_multiple_18-16-0_step_1,bfcl,bfcl_tool_use_single_turn,live_parallel_multiple_18-16-0,1,1,last_message_text,85,22,False,0.0
bfcl_live_parallel_multiple_18-16-0_step_1,bfcl,bfcl_tool_use_single_turn,live_parallel_multiple_18-16-0,1,1,full_context_text,143,36,False,0.0
bfcl_live_parallel_multiple_18-16-0_step_1,bfcl,bfcl_tool_use_single_turn,live_parallel_multiple_18-16-0,1,1,acu_head_tail_context,143,36,False,0.0
bfcl_live_parallel_multiple_19-16-1_step_1,bfcl,bfcl_tool_use_single_turn,live_parallel_multiple_19-16-1,1,1,last_message_text,105,27,False,0.0
bfcl_live_parallel_multiple_19-16-1_step_1,bfcl,bfcl_tool_use_single_turn,live_parallel_multiple_19-16-1,1,1,full_context_text,163,41,False,0.0
bfcl_live_parallel_multiple_19-16-1_step_1,bfcl,bfcl_tool_use_single_turn,live_parallel_multiple_19-16-1,1,1,acu_head_tail_context,163,41,False,0.0
bfcl_live_parallel_multiple_20-17-0_step_1,bfcl,bfcl_tool_use_single_turn,live_parallel_multiple_20-17-0,1,1,last_message_text,328,82,False,0.0
bfcl_live_parallel_multiple_20-17-0_step_1,bfcl,bfcl_tool_use_single_turn,live_parallel_multiple_20-17-0,1,1,full_context_text,386,97,False,0.0
bfcl_live_parallel_multiple_20-17-0_step_1,bfcl,bfcl_tool_use_single_turn,live_parallel_multiple_20-17-0,1,1,acu_head_tail_context,386,97,False,0.0
bfcl_live_parallel_multiple_21-18-0_step_1,bfcl,bfcl_tool_use_single_turn,live_parallel_multiple_21-18-0,1,1,last_message_text,148,37,False,0.0
bfcl_live_parallel_multiple_21-18-0_step_1,bfcl,bfcl_tool_use_single_turn,live_parallel_multiple_21-18-0,1,1,full_context_text,206,52,False,0.0
bfcl_live_parallel_multiple_21-18-0_step_1,bfcl,bfcl_tool_use_single_turn,live_parallel_multiple_21-18-0,1,1,acu_head_tail_context,206,52,False,0.0
bfcl_live_parallel_multiple_22-19-0_step_1,bfcl,bfcl_tool_use_single_turn,live_parallel_multiple_22-19-0,1,1,last_message_text,104,26,False,0.0
bfcl_live_parallel_multiple_22-19-0_step_1,bfcl,bfcl_tool_use_single_turn,live_parallel_multiple_22-19-0,1,1,full_context_text,162,41,False,0.0
bfcl_live_parallel_multiple_22-19-0_step_1,bfcl,bfcl_tool_use_single_turn,live_parallel_multiple_22-19-0,1,1,acu_head_tail_context,162,41,False,0.0
bfcl_live_parallel_multiple_23-20-0_step_1,bfcl,bfcl_tool_use_single_turn,live_parallel_multiple_23-20-0,1,1,last_message_text,71,18,False,0.0
bfcl_live_parallel_multiple_23-20-0_step_1,bfcl,bfcl_tool_use_single_turn,live_parallel_multiple_23-20-0,1,1,full_context_text,129,33,False,0.0
bfcl_live_parallel_multiple_23-20-0_step_1,bfcl,bfcl_tool_use_single_turn,live_parallel_multiple_23-20-0,1,1,acu_head_tail_context,129,33,False,0.0
bfcl_multiple_98_step_1,bfcl,bfcl_tool_use_single_turn,multiple_98,1,1,last_message_text,60,15,False,0.0
bfcl_multiple_98_step_1,bfcl,bfcl_tool_use_single_turn,multiple_98,1,1,full_context_text,118,30,False,0.0
bfcl_multiple_98_step_1,bfcl,bfcl_tool_use_single_turn,multiple_98,1,1,acu_head_tail_context,118,30,False,0.0
bfcl_multiple_103_step_1,bfcl,bfcl_tool_use_single_turn,multiple_103,1,1,last_message_text,88,22,False,0.0
bfcl_multiple_103_step_1,bfcl,bfcl_tool_use_single_turn,multiple_103,1,1,full_context_text,146,37,False,0.0
bfcl_multiple_103_step_1,bfcl,bfcl_tool_use_single_turn,multiple_103,1,1,acu_head_tail_context,146,37,False,0.0
bfcl_multiple_104_step_1,bfcl,bfcl_tool_use_single_turn,multiple_104,1,1,last_message_text,83,21,False,0.0
bfcl_multiple_104_step_1,bfcl,bfcl_tool_use_single_turn,multiple_104,1,1,full_context_text,141,36,False,0.0
bfcl_multiple_104_step_1,bfcl,bfcl_tool_use_single_turn,multiple_104,1,1,acu_head_tail_context,141,36,False,0.0
bfcl_multiple_106_step_1,bfcl,bfcl_tool_use_single_turn,multiple_106,1,1,last_message_text,90,23,False,0.0
bfcl_multiple_106_step_1,bfcl,bfcl_tool_use_single_turn,multiple_106,1,1,full_context_text,148,37,False,0.0
bfcl_multiple_106_step_1,bfcl,bfcl_tool_use_single_turn,multiple_106,1,1,acu_head_tail_context,148,37,False,0.0
bfcl_multiple_113_step_1,bfcl,bfcl_tool_use_single_turn,multiple_113,1,1,last_message_text,201,51,False,0.0
bfcl_multiple_113_step_1,bfcl,bfcl_tool_use_single_turn,multiple_113,1,1,full_context_text,259,65,False,0.0
bfcl_multiple_113_step_1,bfcl,bfcl_tool_use_single_turn,multiple_113,1,1,acu_head_tail_context,259,65,False,0.0
bfcl_multiple_115_step_1,bfcl,bfcl_tool_use_single_turn,multiple_115,1,1,last_message_text,103,26,False,0.0
bfcl_multiple_115_step_1,bfcl,bfcl_tool_use_single_turn,multiple_115,1,1,full_context_text,161,41,False,0.0
bfcl_multiple_115_step_1,bfcl,bfcl_tool_use_single_turn,multiple_115,1,1,acu_head_tail_context,161,41,False,0.0
bfcl_multiple_119_step_1,bfcl,bfcl_tool_use_single_turn,multiple_119,1,1,last_message_text,97,25,False,0.0
bfcl_multiple_119_step_1,bfcl,bfcl_tool_use_single_turn,multiple_119,1,1,full_context_text,155,39,False,0.0
bfcl_multiple_119_step_1,bfcl,bfcl_tool_use_single_turn,multiple_119,1,1,acu_head_tail_context,155,39,False,0.0
bfcl_multiple_120_step_1,bfcl,bfcl_tool_use_single_turn,multiple_120,1,1,last_message_text,94,24,False,0.0
bfcl_multiple_120_step_1,bfcl,bfcl_tool_use_single_turn,multiple_120,1,1,full_context_text,152,38,False,0.0
bfcl_multiple_120_step_1,bfcl,bfcl_tool_use_single_turn,multiple_120,1,1,acu_head_tail_context,152,38,False,0.0
bfcl_multiple_122_step_1,bfcl,bfcl_tool_use_single_turn,multiple_122,1,1,last_message_text,162,41,False,0.0
bfcl_multiple_122_step_1,bfcl,bfcl_tool_use_single_turn,multiple_122,1,1,full_context_text,220,55,False,0.0
bfcl_multiple_122_step_1,bfcl,bfcl_tool_use_single_turn,multiple_122,1,1,acu_head_tail_context,220,55,False,0.0
bfcl_multiple_127_step_1,bfcl,bfcl_tool_use_single_turn,multiple_127,1,1,last_message_text,140,35,False,0.0
bfcl_multiple_127_step_1,bfcl,bfcl_tool_use_single_turn,multiple_127,1,1,full_context_text,198,50,False,0.0
bfcl_multiple_127_step_1,bfcl,bfcl_tool_use_single_turn,multiple_127,1,1,acu_head_tail_context,198,50,False,0.0
bfcl_multiple_128_step_1,bfcl,bfcl_tool_use_single_turn,multiple_128,1,1,last_message_text,152,38,False,0.0
bfcl_multiple_128_step_1,bfcl,bfcl_tool_use_single_turn,multiple_128,1,1,full_context_text,210,53,False,0.0
bfcl_multiple_128_step_1,bfcl,bfcl_tool_use_single_turn,multiple_128,1,1,acu_head_tail_context,210,53,False,0.0
bfcl_parallel_multiple_136_step_1,bfcl,bfcl_tool_use_single_turn,parallel_multiple_136,1,1,last_message_text,770,193,False,0.0
bfcl_parallel_multiple_136_step_1,bfcl,bfcl_tool_use_single_turn,parallel_multiple_136,1,1,full_context_text,828,207,False,0.0
bfcl_parallel_multiple_136_step_1,bfcl,bfcl_tool_use_single_turn,parallel_multiple_136,1,1,acu_head_tail_context,828,207,False,0.0
bfcl_parallel_multiple_137_step_1,bfcl,bfcl_tool_use_single_turn,parallel_multiple_137,1,1,last_message_text,387,97,False,0.0
bfcl_parallel_multiple_137_step_1,bfcl,bfcl_tool_use_single_turn,parallel_multiple_137,1,1,full_context_text,445,112,False,0.0
bfcl_parallel_multiple_137_step_1,bfcl,bfcl_tool_use_single_turn,parallel_multiple_137,1,1,acu_head_tail_context,445,112,False,0.0
bfcl_parallel_multiple_139_step_1,bfcl,bfcl_tool_use_single_turn,parallel_multiple_139,1,1,last_message_text,1213,304,False,0.0
bfcl_parallel_multiple_139_step_1,bfcl,bfcl_tool_use_single_turn,parallel_multiple_139,1,1,full_context_text,1271,318,False,0.0
bfcl_parallel_multiple_139_step_1,bfcl,bfcl_tool_use_single_turn,parallel_multiple_139,1,1,acu_head_tail_context,1271,318,False,0.0
bfcl_parallel_multiple_145_step_1,bfcl,bfcl_tool_use_single_turn,parallel_multiple_145,1,1,last_message_text,1017,255,False,0.0
bfcl_parallel_multiple_145_step_1,bfcl,bfcl_tool_use_single_turn,parallel_multiple_145,1,1,full_context_text,1075,269,False,0.0
bfcl_parallel_multiple_145_step_1,bfcl,bfcl_tool_use_single_turn,parallel_multiple_145,1,1,acu_head_tail_context,1075,269,False,0.0
bfcl_parallel_multiple_147_step_1,bfcl,bfcl_tool_use_single_turn,parallel_multiple_147,1,1,last_message_text,576,144,False,0.0
bfcl_parallel_multiple_147_step_1,bfcl,bfcl_tool_use_single_turn,parallel_multiple_147,1,1,full_context_text,634,159,False,0.0
bfcl_parallel_multiple_147_step_1,bfcl,bfcl_tool_use_single_turn,parallel_multiple_147,1,1,acu_head_tail_context,634,159,False,0.0
bfcl_parallel_multiple_151_step_1,bfcl,bfcl_tool_use_single_turn,parallel_multiple_151,1,1,last_message_text,841,211,False,0.0
bfcl_parallel_multiple_151_step_1,bfcl,bfcl_tool_use_single_turn,parallel_multiple_151,1,1,full_context_text,899,225,False,0.0
bfcl_parallel_multiple_151_step_1,bfcl,bfcl_tool_use_single_turn,parallel_multiple_151,1,1,acu_head_tail_context,899,225,False,0.0
bfcl_parallel_multiple_153_step_1,bfcl,bfcl_tool_use_single_turn,parallel_multiple_153,1,1,last_message_text,732,183,False,0.0
bfcl_parallel_multiple_153_step_1,bfcl,bfcl_tool_use_single_turn,parallel_multiple_153,1,1,full_context_text,790,198,False,0.0
bfcl_parallel_multiple_153_step_1,bfcl,bfcl_tool_use_single_turn,parallel_multiple_153,1,1,acu_head_tail_context,790,198,False,0.0
bfcl_parallel_multiple_158_step_1,bfcl,bfcl_tool_use_single_turn,parallel_multiple_158,1,1,last_message_text,669,168,False,0.0
bfcl_parallel_multiple_158_step_1,bfcl,bfcl_tool_use_single_turn,parallel_multiple_158,1,1,full_context_text,727,182,False,0.0
bfcl_parallel_multiple_158_step_1,bfcl,bfcl_tool_use_single_turn,parallel_multiple_158,1,1,acu_head_tail_context,727,182,False,0.0
bfcl_parallel_multiple_159_step_1,bfcl,bfcl_tool_use_single_turn,parallel_multiple_159,1,1,last_message_text,617,155,False,0.0
bfcl_parallel_multiple_159_step_1,bfcl,bfcl_tool_use_single_turn,parallel_multiple_159,1,1,full_context_text,675,169,False,0.0
bfcl_parallel_multiple_159_step_1,bfcl,bfcl_tool_use_single_turn,parallel_multiple_159,1,1,acu_head_tail_context,675,169,False,0.0
bfcl_parallel_multiple_167_step_1,bfcl,bfcl_tool_use_single_turn,parallel_multiple_167,1,1,last_message_text,510,128,False,0.0
bfcl_parallel_multiple_167_step_1,bfcl,bfcl_tool_use_single_turn,parallel_multiple_167,1,1,full_context_text,568,142,False,0.0
bfcl_parallel_multiple_167_step_1,bfcl,bfcl_tool_use_single_turn,parallel_multiple_167,1,1,acu_head_tail_context,568,142,False,0.0
bfcl_parallel_multiple_170_step_1,bfcl,bfcl_tool_use_single_turn,parallel_multiple_170,1,1,last_message_text,904,226,False,0.0
bfcl_parallel_multiple_170_step_1,bfcl,bfcl_tool_use_single_turn,parallel_multiple_170,1,1,full_context_text,962,241,False,0.0
bfcl_parallel_multiple_170_step_1,bfcl,bfcl_tool_use_single_turn,parallel_multiple_170,1,1,acu_head_tail_context,962,241,False,0.0
bfcl_parallel_multiple_179_step_1,bfcl,bfcl_tool_use_single_turn,parallel_multiple_179,1,1,last_message_text,634,159,False,0.0
bfcl_parallel_multiple_179_step_1,bfcl,bfcl_tool_use_single_turn,parallel_multiple_179,1,1,full_context_text,692,173,False,0.0
bfcl_parallel_multiple_179_step_1,bfcl,bfcl_tool_use_single_turn,parallel_multiple_179,1,1,acu_head_tail_context,692,173,False,0.0
bfcl_parallel_multiple_188_step_1,bfcl,bfcl_tool_use_single_turn,parallel_multiple_188,1,1,last_message_text,732,183,False,0.0
bfcl_parallel_multiple_188_step_1,bfcl,bfcl_tool_use_single_turn,parallel_multiple_188,1,1,full_context_text,790,198,False,0.0
bfcl_parallel_multiple_188_step_1,bfcl,bfcl_tool_use_single_turn,parallel_multiple_188,1,1,acu_head_tail_context,790,198,False,0.0
bfcl_parallel_multiple_189_step_1,bfcl,bfcl_tool_use_single_turn,parallel_multiple_189,1,1,last_message_text,488,122,False,0.0
bfcl_parallel_multiple_189_step_1,bfcl,bfcl_tool_use_single_turn,parallel_multiple_189,1,1,full_context_text,546,137,False,0.0
bfcl_parallel_multiple_189_step_1,bfcl,bfcl_tool_use_single_turn,parallel_multiple_189,1,1,acu_head_tail_context,546,137,False,0.0
bfcl_parallel_multiple_191_step_1,bfcl,bfcl_tool_use_single_turn,parallel_multiple_191,1,1,last_message_text,680,170,False,0.0
bfcl_parallel_multiple_191_step_1,bfcl,bfcl_tool_use_single_turn,parallel_multiple_191,1,1,full_context_text,738,185,False,0.0
bfcl_parallel_multiple_191_step_1,bfcl,bfcl_tool_use_single_turn,parallel_multiple_191,1,1,acu_head_tail_context,738,185,False,0.0
bfcl_parallel_multiple_193_step_1,bfcl,bfcl_tool_use_single_turn,parallel_multiple_193,1,1,last_message_text,470,118,False,0.0
bfcl_parallel_multiple_193_step_1,bfcl,bfcl_tool_use_single_turn,parallel_multiple_193,1,1,full_context_text,528,132,False,0.0
bfcl_parallel_multiple_193_step_1,bfcl,bfcl_tool_use_single_turn,parallel_multiple_193,1,1,acu_head_tail_context,528,132,False,0.0
bfcl_parallel_multiple_194_step_1,bfcl,bfcl_tool_use_single_turn,parallel_multiple_194,1,1,last_message_text,777,195,False,0.0
bfcl_parallel_multiple_194_step_1,bfcl,bfcl_tool_use_single_turn,parallel_multiple_194,1,1,full_context_text,835,209,False,0.0
bfcl_parallel_multiple_194_step_1,bfcl,bfcl_tool_use_single_turn,parallel_multiple_194,1,1,acu_head_tail_context,835,209,False,0.0
bfcl_parallel_multiple_195_step_1,bfcl,bfcl_tool_use_single_turn,parallel_multiple_195,1,1,last_message_text,614,154,False,0.0
bfcl_parallel_multiple_195_step_1,bfcl,bfcl_tool_use_single_turn,parallel_multiple_195,1,1,full_context_text,672,168,False,0.0
bfcl_parallel_multiple_195_step_1,bfcl,bfcl_tool_use_single_turn,parallel_multiple_195,1,1,acu_head_tail_context,672,168,False,0.0
bfcl_parallel_multiple_1_step_1,bfcl,bfcl_tool_use_single_turn,parallel_multiple_1,1,1,last_message_text,116,29,False,0.0
bfcl_parallel_multiple_1_step_1,bfcl,bfcl_tool_use_single_turn,parallel_multiple_1,1,1,full_context_text,174,44,False,0.0
bfcl_parallel_multiple_1_step_1,bfcl,bfcl_tool_use_single_turn,parallel_multiple_1,1,1,acu_head_tail_context,174,44,False,0.0
bfcl_parallel_multiple_2_step_1,bfcl,bfcl_tool_use_single_turn,parallel_multiple_2,1,1,last_message_text,130,33,False,0.0
bfcl_parallel_multiple_2_step_1,bfcl,bfcl_tool_use_single_turn,parallel_multiple_2,1,1,full_context_text,188,47,False,0.0
bfcl_parallel_multiple_2_step_1,bfcl,bfcl_tool_use_single_turn,parallel_multiple_2,1,1,acu_head_tail_context,188,47,False,0.0
bfcl_parallel_multiple_10_step_1,bfcl,bfcl_tool_use_single_turn,parallel_multiple_10,1,1,last_message_text,150,38,False,0.0
bfcl_parallel_multiple_10_step_1,bfcl,bfcl_tool_use_single_turn,parallel_multiple_10,1,1,full_context_text,208,52,False,0.0
bfcl_parallel_multiple_10_step_1,bfcl,bfcl_tool_use_single_turn,parallel_multiple_10,1,1,acu_head_tail_context,208,52,False,0.0
bfcl_parallel_multiple_14_step_1,bfcl,bfcl_tool_use_single_turn,parallel_multiple_14,1,1,last_message_text,188,47,False,0.0
bfcl_parallel_multiple_14_step_1,bfcl,bfcl_tool_use_single_turn,parallel_multiple_14,1,1,full_context_text,246,62,False,0.0
bfcl_parallel_multiple_14_step_1,bfcl,bfcl_tool_use_single_turn,parallel_multiple_14,1,1,acu_head_tail_context,246,62,False,0.0
bfcl_parallel_multiple_20_step_1,bfcl,bfcl_tool_use_single_turn,parallel_multiple_20,1,1,last_message_text,125,32,False,0.0
bfcl_parallel_multiple_20_step_1,bfcl,bfcl_tool_use_single_turn,parallel_multiple_20,1,1,full_context_text,183,46,False,0.0
bfcl_parallel_multiple_20_step_1,bfcl,bfcl_tool_use_single_turn,parallel_multiple_20,1,1,acu_head_tail_context,183,46,False,0.0
bfcl_parallel_multiple_22_step_1,bfcl,bfcl_tool_use_single_turn,parallel_multiple_22,1,1,last_message_text,133,34,False,0.0
bfcl_parallel_multiple_22_step_1,bfcl,bfcl_tool_use_single_turn,parallel_multiple_22,1,1,full_context_text,191,48,False,0.0
bfcl_parallel_multiple_22_step_1,bfcl,bfcl_tool_use_single_turn,parallel_multiple_22,1,1,acu_head_tail_context,191,48,False,0.0
bfcl_parallel_multiple_30_step_1,bfcl,bfcl_tool_use_single_turn,parallel_multiple_30,1,1,last_message_text,173,44,False,0.0
bfcl_parallel_multiple_30_step_1,bfcl,bfcl_tool_use_single_turn,parallel_multiple_30,1,1,full_context_text,231,58,False,0.0
bfcl_parallel_multiple_30_step_1,bfcl,bfcl_tool_use_single_turn,parallel_multiple_30,1,1,acu_head_tail_context,231,58,False,0.0
bfcl_parallel_multiple_40_step_1,bfcl,bfcl_tool_use_single_turn,parallel_multiple_40,1,1,last_message_text,141,36,False,0.0
bfcl_parallel_multiple_40_step_1,bfcl,bfcl_tool_use_single_turn,parallel_multiple_40,1,1,full_context_text,199,50,False,0.0
bfcl_parallel_multiple_40_step_1,bfcl,bfcl_tool_use_single_turn,parallel_multiple_40,1,1,acu_head_tail_context,199,50,False,0.0
bfcl_parallel_multiple_41_step_1,bfcl,bfcl_tool_use_single_turn,parallel_multiple_41,1,1,last_message_text,139,35,False,0.0
bfcl_parallel_multiple_41_step_1,bfcl,bfcl_tool_use_single_turn,parallel_multiple_41,1,1,full_context_text,197,50,False,0.0
bfcl_parallel_multiple_41_step_1,bfcl,bfcl_tool_use_single_turn,parallel_multiple_41,1,1,acu_head_tail_context,197,50,False,0.0
bfcl_parallel_multiple_42_step_1,bfcl,bfcl_tool_use_single_turn,parallel_multiple_42,1,1,last_message_text,197,50,False,0.0
bfcl_parallel_multiple_42_step_1,bfcl,bfcl_tool_use_single_turn,parallel_multiple_42,1,1,full_context_text,255,64,False,0.0
bfcl_parallel_multiple_42_step_1,bfcl,bfcl_tool_use_single_turn,parallel_multiple_42,1,1,acu_head_tail_context,255,64,False,0.0
bfcl_parallel_multiple_46_step_1,bfcl,bfcl_tool_use_single_turn,parallel_multiple_46,1,1,last_message_text,158,40,False,0.0
bfcl_parallel_multiple_46_step_1,bfcl,bfcl_tool_use_single_turn,parallel_multiple_46,1,1,full_context_text,216,54,False,0.0
bfcl_parallel_multiple_46_step_1,bfcl,bfcl_tool_use_single_turn,parallel_multiple_46,1,1,acu_head_tail_context,216,54,False,0.0
bfcl_parallel_multiple_59_step_1,bfcl,bfcl_tool_use_single_turn,parallel_multiple_59,1,1,last_message_text,759,190,False,0.0
bfcl_parallel_multiple_59_step_1,bfcl,bfcl_tool_use_single_turn,parallel_multiple_59,1,1,full_context_text,817,205,False,0.0
bfcl_parallel_multiple_59_step_1,bfcl,bfcl_tool_use_single_turn,parallel_multiple_59,1,1,acu_head_tail_context,817,205,False,0.0
bfcl_parallel_multiple_0_step_1,bfcl,bfcl_tool_use_single_turn,parallel_multiple_0,1,1,last_message_text,126,32,False,0.0
bfcl_parallel_multiple_0_step_1,bfcl,bfcl_tool_use_single_turn,parallel_multiple_0,1,1,full_context_text,184,46,False,0.0
bfcl_parallel_multiple_0_step_1,bfcl,bfcl_tool_use_single_turn,parallel_multiple_0,1,1,acu_head_tail_context,184,46,False,0.0
bfcl_parallel_multiple_3_step_1,bfcl,bfcl_tool_use_single_turn,parallel_multiple_3,1,1,last_message_text,99,25,False,0.0
bfcl_parallel_multiple_3_step_1,bfcl,bfcl_tool_use_single_turn,parallel_multiple_3,1,1,full_context_text,157,40,False,0.0
bfcl_parallel_multiple_3_step_1,bfcl,bfcl_tool_use_single_turn,parallel_multiple_3,1,1,acu_head_tail_context,157,40,False,0.0
bfcl_parallel_multiple_4_step_1,bfcl,bfcl_tool_use_single_turn,parallel_multiple_4,1,1,last_message_text,116,29,False,0.0
bfcl_parallel_multiple_4_step_1,bfcl,bfcl_tool_use_single_turn,parallel_multiple_4,1,1,full_context_text,174,44,False,0.0
bfcl_parallel_multiple_4_step_1,bfcl,bfcl_tool_use_single_turn,parallel_multiple_4,1,1,acu_head_tail_context,174,44,False,0.0
bfcl_multi_turn_base_97_step_1,bfcl,bfcl_tool_use_multi_turn,multi_turn_base_97,1,6,last_message_text,221,56,False,0.0
bfcl_multi_turn_base_97_step_1,bfcl,bfcl_tool_use_multi_turn,multi_turn_base_97,1,6,full_context_text,279,70,False,0.0
bfcl_multi_turn_base_97_step_1,bfcl,bfcl_tool_use_multi_turn,multi_turn_base_97,1,6,acu_head_tail_context,279,70,False,0.0
bfcl_multi_turn_base_97_step_2,bfcl,bfcl_tool_use_multi_turn,multi_turn_base_97,2,6,last_message_text,260,65,False,0.0
bfcl_multi_turn_base_97_step_2,bfcl,bfcl_tool_use_multi_turn,multi_turn_base_97,2,6,full_context_text,1468,367,False,0.0
bfcl_multi_turn_base_97_step_2,bfcl,bfcl_tool_use_multi_turn,multi_turn_base_97,2,6,acu_head_tail_context,1468,367,False,0.0
bfcl_multi_turn_base_97_step_3,bfcl,bfcl_tool_use_multi_turn,multi_turn_base_97,3,6,last_message_text,153,39,False,0.0
bfcl_multi_turn_base_97_step_3,bfcl,bfcl_tool_use_multi_turn,multi_turn_base_97,3,6,full_context_text,3512,878,False,0.0
bfcl_multi_turn_base_97_step_3,bfcl,bfcl_tool_use_multi_turn,multi_turn_base_97,3,6,acu_head_tail_context,3512,878,False,0.0
bfcl_multi_turn_base_97_step_4,bfcl,bfcl_tool_use_multi_turn,multi_turn_base_97,4,6,last_message_text,139,35,False,0.0
bfcl_multi_turn_base_97_step_4,bfcl,bfcl_tool_use_multi_turn,multi_turn_base_97,4,6,full_context_text,4109,1028,False,0.0
bfcl_multi_turn_base_97_step_4,bfcl,bfcl_tool_use_multi_turn,multi_turn_base_97,4,6,acu_head_tail_context,4109,1028,False,0.0
bfcl_multi_turn_base_97_step_5,bfcl,bfcl_tool_use_multi_turn,multi_turn_base_97,5,6,last_message_text,151,38,False,0.0
bfcl_multi_turn_base_97_step_5,bfcl,bfcl_tool_use_multi_turn,multi_turn_base_97,5,6,full_context_text,6056,1514,False,0.0
bfcl_multi_turn_base_97_step_5,bfcl,bfcl_tool_use_multi_turn,multi_turn_base_97,5,6,acu_head_tail_context,6056,1514,False,0.0
bfcl_multi_turn_base_97_step_6,bfcl,bfcl_tool_use_multi_turn,multi_turn_base_97,6,6,last_message_text,156,39,False,0.0
bfcl_multi_turn_base_97_step_6,bfcl,bfcl_tool_use_multi_turn,multi_turn_base_97,6,6,full_context_text,6792,1698,False,0.0
bfcl_multi_turn_base_97_step_6,bfcl,bfcl_tool_use_multi_turn,multi_turn_base_97,6,6,acu_head_tail_context,6792,1698,False,0.0
bfcl_multi_turn_base_131_step_1,bfcl,bfcl_tool_use_multi_turn,multi_turn_base_131,1,7,last_message_text,108,27,False,0.0
bfcl_multi_turn_base_131_step_1,bfcl,bfcl_tool_use_multi_turn,multi_turn_base_131,1,7,full_context_text,166,42,False,0.0
bfcl_multi_turn_base_131_step_1,bfcl,bfcl_tool_use_multi_turn,multi_turn_base_131,1,7,acu_head_tail_context,166,42,False,0.0
bfcl_multi_turn_base_131_step_2,bfcl,bfcl_tool_use_multi_turn,multi_turn_base_131,2,7,last_message_text,104,26,False,0.0
bfcl_multi_turn_base_131_step_2,bfcl,bfcl_tool_use_multi_turn,multi_turn_base_131,2,7,full_context_text,683,171,False,0.0
bfcl_multi_turn_base_131_step_2,bfcl,bfcl_tool_use_multi_turn,multi_turn_base_131,2,7,acu_head_tail_context,683,171,False,0.0
bfcl_multi_turn_base_131_step_3,bfcl,bfcl_tool_use_multi_turn,multi_turn_base_131,3,7,last_message_text,98,25,False,0.0
bfcl_multi_turn_base_131_step_3,bfcl,bfcl_tool_use_multi_turn,multi_turn_base_131,3,7,full_context_text,1402,351,False,0.0
bfcl_multi_turn_base_131_step_3,bfcl,bfcl_tool_use_multi_turn,multi_turn_base_131,3,7,acu_head_tail_context,1402,351,False,0.0
bfcl_multi_turn_base_131_step_4,bfcl,bfcl_tool_use_multi_turn,multi_turn_base_131,4,7,last_message_text,106,27,False,0.0
bfcl_multi_turn_base_131_step_4,bfcl,bfcl_tool_use_multi_turn,multi_turn_base_131,4,7,full_context_text,3073,769,False,0.0
bfcl_multi_turn_base_131_step_4,bfcl,bfcl_tool_use_multi_turn,multi_turn_base_131,4,7,acu_head_tail_context,3073,769,False,0.0
bfcl_multi_turn_base_131_step_5,bfcl,bfcl_tool_use_multi_turn,multi_turn_base_131,5,7,last_message_text,93,24,False,0.0
bfcl_multi_turn_base_131_step_5,bfcl,bfcl_tool_use_multi_turn,multi_turn_base_131,5,7,full_context_text,4132,1033,False,0.0
bfcl_multi_turn_base_131_step_5,bfcl,bfcl_tool_use_multi_turn,multi_turn_base_131,5,7,acu_head_tail_context,4132,1033,False,0.0
bfcl_multi_turn_base_131_step_6,bfcl,bfcl_tool_use_multi_turn,multi_turn_base_131,6,7,last_message_text,203,51,False,0.0
bfcl_multi_turn_base_131_step_6,bfcl,bfcl_tool_use_multi_turn,multi_turn_base_131,6,7,full_context_text,5350,1338,False,0.0
bfcl_multi_turn_base_131_step_6,bfcl,bfcl_tool_use_multi_turn,multi_turn_base_131,6,7,acu_head_tail_context,5350,1338,False,0.0
bfcl_multi_turn_base_131_step_7,bfcl,bfcl_tool_use_multi_turn,multi_turn_base_131,7,7,last_message_text,119,30,False,0.0
bfcl_multi_turn_base_131_step_7,bfcl,bfcl_tool_use_multi_turn,multi_turn_base_131,7,7,full_context_text,6486,1622,False,0.0
bfcl_multi_turn_base_131_step_7,bfcl,bfcl_tool_use_multi_turn,multi_turn_base_131,7,7,acu_head_tail_context,6486,1622,False,0.0
bfcl_multi_turn_base_110_step_1,bfcl,bfcl_tool_use_multi_turn,multi_turn_base_110,1,6,last_message_text,194,49,False,0.0
bfcl_multi_turn_base_110_step_1,bfcl,bfcl_tool_use_multi_turn,multi_turn_base_110,1,6,full_context_text,252,63,False,0.0
bfcl_multi_turn_base_110_step_1,bfcl,bfcl_tool_use_multi_turn,multi_turn_base_110,1,6,acu_head_tail_context,252,63,False,0.0
bfcl_multi_turn_base_110_step_2,bfcl,bfcl_tool_use_multi_turn,multi_turn_base_110,2,6,last_message_text,257,65,False,0.0
bfcl_multi_turn_base_110_step_2,bfcl,bfcl_tool_use_multi_turn,multi_turn_base_110,2,6,full_context_text,871,218,False,0.0
bfcl_multi_turn_base_110_step_2,bfcl,bfcl_tool_use_multi_turn,multi_turn_base_110,2,6,acu_head_tail_context,871,218,False,0.0
bfcl_multi_turn_base_110_step_3,bfcl,bfcl_tool_use_multi_turn,multi_turn_base_110,3,6,last_message_text,177,45,False,0.0
bfcl_multi_turn_base_110_step_3,bfcl,bfcl_tool_use_multi_turn,multi_turn_base_110,3,6,full_context_text,1936,484,False,0.0
bfcl_multi_turn_base_110_step_3,bfcl,bfcl_tool_use_multi_turn,multi_turn_base_110,3,6,acu_head_tail_context,1936,484,False,0.0
bfcl_multi_turn_base_110_step_4,bfcl,bfcl_tool_use_multi_turn,multi_turn_base_110,4,6,last_message_text,179,45,False,0.0
bfcl_multi_turn_base_110_step_4,bfcl,bfcl_tool_use_multi_turn,multi_turn_base_110,4,6,full_context_text,2804,701,False,0.0
bfcl_multi_turn_base_110_step_4,bfcl,bfcl_tool_use_multi_turn,multi_turn_base_110,4,6,acu_head_tail_context,2804,701,False,0.0
bfcl_multi_turn_base_110_step_5,bfcl,bfcl_tool_use_multi_turn,multi_turn_base_110,5,6,last_message_text,207,52,False,0.0
bfcl_multi_turn_base_110_step_5,bfcl,bfcl_tool_use_multi_turn,multi_turn_base_110,5,6,full_context_text,3497,875,False,0.0
bfcl_multi_turn_base_110_step_5,bfcl,bfcl_tool_use_multi_turn,multi_turn_base_110,5,6,acu_head_tail_context,3497,875,False,0.0
bfcl_multi_turn_base_110_step_6,bfcl,bfcl_tool_use_multi_turn,multi_turn_base_110,6,6,last_message_text,475,119,False,0.0
bfcl_multi_turn_base_110_step_6,bfcl,bfcl_tool_use_multi_turn,multi_turn_base_110,6,6,full_context_text,4481,1121,False,0.0
bfcl_multi_turn_base_110_step_6,bfcl,bfcl_tool_use_multi_turn,multi_turn_base_110,6,6,acu_head_tail_context,4481,1121,False,0.0
bfcl_multi_turn_base_170_step_1,bfcl,bfcl_tool_use_multi_turn,multi_turn_base_170,1,6,last_message_text,373,94,False,0.0
bfcl_multi_turn_base_170_step_1,bfcl,bfcl_tool_use_multi_turn,multi_turn_base_170,1,6,full_context_text,431,108,False,0.0
bfcl_multi_turn_base_170_step_1,bfcl,bfcl_tool_use_multi_turn,multi_turn_base_170,1,6,acu_head_tail_context,431,108,False,0.0
bfcl_multi_turn_base_170_step_2,bfcl,bfcl_tool_use_multi_turn,multi_turn_base_170,2,6,last_message_text,180,45,False,0.0
bfcl_multi_turn_base_170_step_2,bfcl,bfcl_tool_use_multi_turn,multi_turn_base_170,2,6,full_context_text,2872,718,False,0.0
bfcl_multi_turn_base_170_step_2,bfcl,bfcl_tool_use_multi_turn,multi_turn_base_170,2,6,acu_head_tail_context,2872,718,False,0.0
bfcl_multi_turn_base_170_step_3,bfcl,bfcl_tool_use_multi_turn,multi_turn_base_170,3,6,last_message_text,163,41,False,0.0
bfcl_multi_turn_base_170_step_3,bfcl,bfcl_tool_use_multi_turn,multi_turn_base_170,3,6,full_context_text,3853,964,False,0.0
bfcl_multi_turn_base_170_step_3,bfcl,bfcl_tool_use_multi_turn,multi_turn_base_170,3,6,acu_head_tail_context,3853,964,False,0.0
bfcl_multi_turn_base_170_step_4,bfcl,bfcl_tool_use_multi_turn,multi_turn_base_170,4,6,last_message_text,162,41,False,0.0
bfcl_multi_turn_base_170_step_4,bfcl,bfcl_tool_use_multi_turn,multi_turn_base_170,4,6,full_context_text,5267,1317,False,0.0
bfcl_multi_turn_base_170_step_4,bfcl,bfcl_tool_use_multi_turn,multi_turn_base_170,4,6,acu_head_tail_context,5267,1317,False,0.0
bfcl_multi_turn_base_170_step_5,bfcl,bfcl_tool_use_multi_turn,multi_turn_base_170,5,6,last_message_text,349,88,False,0.0
bfcl_multi_turn_base_170_step_5,bfcl,bfcl_tool_use_multi_turn,multi_turn_base_170,5,6,full_context_text,6490,1623,False,0.0
bfcl_multi_turn_base_170_step_5,bfcl,bfcl_tool_use_multi_turn,multi_turn_base_170,5,6,acu_head_tail_context,6490,1623,False,0.0
bfcl_multi_turn_base_170_step_6,bfcl,bfcl_tool_use_multi_turn,multi_turn_base_170,6,6,last_message_text,139,35,False,0.0
bfcl_multi_turn_base_170_step_6,bfcl,bfcl_tool_use_multi_turn,multi_turn_base_170,6,6,full_context_text,7712,1928,False,0.0
bfcl_multi_turn_base_170_step_6,bfcl,bfcl_tool_use_multi_turn,multi_turn_base_170,6,6,acu_head_tail_context,7712,1928,False,0.0
bfcl_multi_turn_base_183_step_1,bfcl,bfcl_tool_use_multi_turn,multi_turn_base_183,1,6,last_message_text,229,58,False,0.0
bfcl_multi_turn_base_183_step_1,bfcl,bfcl_tool_use_multi_turn,multi_turn_base_183,1,6,full_context_text,287,72,False,0.0
bfcl_multi_turn_base_183_step_1,bfcl,bfcl_tool_use_multi_turn,multi_turn_base_183,1,6,acu_head_tail_context,287,72,False,0.0
bfcl_multi_turn_base_183_step_2,bfcl,bfcl_tool_use_multi_turn,multi_turn_base_183,2,6,last_message_text,414,104,False,0.0
bfcl_multi_turn_base_183_step_2,bfcl,bfcl_tool_use_multi_turn,multi_turn_base_183,2,6,full_context_text,1312,328,False,0.0
bfcl_multi_turn_base_183_step_2,bfcl,bfcl_tool_use_multi_turn,multi_turn_base_183,2,6,acu_head_tail_context,1312,328,False,0.0
bfcl_multi_turn_base_183_step_3,bfcl,bfcl_tool_use_multi_turn,multi_turn_base_183,3,6,last_message_text,165,42,False,0.0
bfcl_multi_turn_base_183_step_3,bfcl,bfcl_tool_use_multi_turn,multi_turn_base_183,3,6,full_context_text,2910,728,False,0.0
bfcl_multi_turn_base_183_step_3,bfcl,bfcl_tool_use_multi_turn,multi_turn_base_183,3,6,acu_head_tail_context,2910,728,False,0.0
bfcl_multi_turn_base_183_step_4,bfcl,bfcl_tool_use_multi_turn,multi_turn_base_183,4,6,last_message_text,156,39,False,0.0
bfcl_multi_turn_base_183_step_4,bfcl,bfcl_tool_use_multi_turn,multi_turn_base_183,4,6,full_context_text,3793,949,False,0.0
bfcl_multi_turn_base_183_step_4,bfcl,bfcl_tool_use_multi_turn,multi_turn_base_183,4,6,acu_head_tail_context,3793,949,False,0.0
bfcl_multi_turn_base_183_step_5,bfcl,bfcl_tool_use_multi_turn,multi_turn_base_183,5,6,last_message_text,160,40,False,0.0
bfcl_multi_turn_base_183_step_5,bfcl,bfcl_tool_use_multi_turn,multi_turn_base_183,5,6,full_context_text,5066,1267,False,0.0
bfcl_multi_turn_base_183_step_5,bfcl,bfcl_tool_use_multi_turn,multi_turn_base_183,5,6,acu_head_tail_context,5066,1267,False,0.0
bfcl_multi_turn_base_183_step_6,bfcl,bfcl_tool_use_multi_turn,multi_turn_base_183,6,6,last_message_text,311,78,False,0.0
bfcl_multi_turn_base_183_step_6,bfcl,bfcl_tool_use_multi_turn,multi_turn_base_183,6,6,full_context_text,6095,1524,False,0.0
bfcl_multi_turn_base_183_step_6,bfcl,bfcl_tool_use_multi_turn,multi_turn_base_183,6,6,acu_head_tail_context,6095,1524,False,0.0
bfcl_multi_turn_base_55_step_1,bfcl,bfcl_tool_use_multi_turn,multi_turn_base_55,1,5,last_message_text,190,48,False,0.0
bfcl_multi_turn_base_55_step_1,bfcl,bfcl_tool_use_multi_turn,multi_turn_base_55,1,5,full_context_text,248,62,False,0.0
bfcl_multi_turn_base_55_step_1,bfcl,bfcl_tool_use_multi_turn,multi_turn_base_55,1,5,acu_head_tail_context,248,62,False,0.0
bfcl_multi_turn_base_55_step_2,bfcl,bfcl_tool_use_multi_turn,multi_turn_base_55,2,5,last_message_text,134,34,False,0.0
bfcl_multi_turn_base_55_step_2,bfcl,bfcl_tool_use_multi_turn,multi_turn_base_55,2,5,full_context_text,2734,684,False,0.0
bfcl_multi_turn_base_55_step_2,bfcl,bfcl_tool_use_multi_turn,multi_turn_base_55,2,5,acu_head_tail_context,2734,684,False,0.0
bfcl_multi_turn_base_55_step_3,bfcl,bfcl_tool_use_multi_turn,multi_turn_base_55,3,5,last_message_text,242,61,False,0.0
bfcl_multi_turn_base_55_step_3,bfcl,bfcl_tool_use_multi_turn,multi_turn_base_55,3,5,full_context_text,4168,1042,False,0.0
bfcl_multi_turn_base_55_step_3,bfcl,bfcl_tool_use_multi_turn,multi_turn_base_55,3,5,acu_head_tail_context,4168,1042,False,0.0
bfcl_multi_turn_base_55_step_4,bfcl,bfcl_tool_use_multi_turn,multi_turn_base_55,4,5,last_message_text,147,37,False,0.0
bfcl_multi_turn_base_55_step_4,bfcl,bfcl_tool_use_multi_turn,multi_turn_base_55,4,5,full_context_text,5232,1308,False,0.0
bfcl_multi_turn_base_55_step_4,bfcl,bfcl_tool_use_multi_turn,multi_turn_base_55,4,5,acu_head_tail_context,5232,1308,False,0.0
bfcl_multi_turn_base_55_step_5,bfcl,bfcl_tool_use_multi_turn,multi_turn_base_55,5,5,last_message_text,160,40,False,0.0
bfcl_multi_turn_base_55_step_5,bfcl,bfcl_tool_use_multi_turn,multi_turn_base_55,5,5,full_context_text,6265,1567,False,0.0
bfcl_multi_turn_base_55_step_5,bfcl,bfcl_tool_use_multi_turn,multi_turn_base_55,5,5,acu_head_tail_context,6265,1567,False,0.0
bfcl_multi_turn_base_162_step_1,bfcl,bfcl_tool_use_multi_turn,multi_turn_base_162,1,6,last_message_text,136,34,False,0.0
bfcl_multi_turn_base_162_step_1,bfcl,bfcl_tool_use_multi_turn,multi_turn_base_162,1,6,full_context_text,194,49,False,0.0
bfcl_multi_turn_base_162_step_1,bfcl,bfcl_tool_use_multi_turn,multi_turn_base_162,1,6,acu_head_tail_context,194,49,False,0.0
bfcl_multi_turn_base_162_step_2,bfcl,bfcl_tool_use_multi_turn,multi_turn_base_162,2,6,last_message_text,127,32,False,0.0
bfcl_multi_turn_base_162_step_2,bfcl,bfcl_tool_use_multi_turn,multi_turn_base_162,2,6,full_context_text,1516,379,False,0.0
bfcl_multi_turn_base_162_step_2,bfcl,bfcl_tool_use_multi_turn,multi_turn_base_162,2,6,acu_head_tail_context,1516,379,False,0.0
bfcl_multi_turn_base_162_step_3,bfcl,bfcl_tool_use_multi_turn,multi_turn_base_162,3,6,last_message_text,184,46,False,0.0
bfcl_multi_turn_base_162_step_3,bfcl,bfcl_tool_use_multi_turn,multi_turn_base_162,3,6,full_context_text,2173,544,False,0.0
bfcl_multi_turn_base_162_step_3,bfcl,bfcl_tool_use_multi_turn,multi_turn_base_162,3,6,acu_head_tail_context,2173,544,False,0.0
bfcl_multi_turn_base_162_step_4,bfcl,bfcl_tool_use_multi_turn,multi_turn_base_162,4,6,last_message_text,271,68,False,0.0
bfcl_multi_turn_base_162_step_4,bfcl,bfcl_tool_use_multi_turn,multi_turn_base_162,4,6,full_context_text,3142,786,False,0.0
bfcl_multi_turn_base_162_step_4,bfcl,bfcl_tool_use_multi_turn,multi_turn_base_162,4,6,acu_head_tail_context,3142,786,False,0.0
bfcl_multi_turn_base_162_step_5,bfcl,bfcl_tool_use_multi_turn,multi_turn_base_162,5,6,last_message_text,211,53,False,0.0
bfcl_multi_turn_base_162_step_5,bfcl,bfcl_tool_use_multi_turn,multi_turn_base_162,5,6,full_context_text,4597,1150,False,0.0
bfcl_multi_turn_base_162_step_5,bfcl,bfcl_tool_use_multi_turn,multi_turn_base_162,5,6,acu_head_tail_context,4597,1150,False,0.0
bfcl_multi_turn_base_162_step_6,bfcl,bfcl_tool_use_multi_turn,multi_turn_base_162,6,6,last_message_text,121,31,False,0.0
bfcl_multi_turn_base_162_step_6,bfcl,bfcl_tool_use_multi_turn,multi_turn_base_162,6,6,full_context_text,5799,1450,False,0.0
bfcl_multi_turn_base_162_step_6,bfcl,bfcl_tool_use_multi_turn,multi_turn_base_162,6,6,acu_head_tail_context,5799,1450,False,0.0
bfcl_multi_turn_base_180_step_1,bfcl,bfcl_tool_use_multi_turn,multi_turn_base_180,1,6,last_message_text,231,58,False,0.0
bfcl_multi_turn_base_180_step_1,bfcl,bfcl_tool_use_multi_turn,multi_turn_base_180,1,6,full_context_text,289,73,False,0.0
bfcl_multi_turn_base_180_step_1,bfcl,bfcl_tool_use_multi_turn,multi_turn_base_180,1,6,acu_head_tail_context,289,73,False,0.0
bfcl_multi_turn_base_180_step_2,bfcl,bfcl_tool_use_multi_turn,multi_turn_base_180,2,6,last_message_text,255,64,False,0.0
bfcl_multi_turn_base_180_step_2,bfcl,bfcl_tool_use_multi_turn,multi_turn_base_180,2,6,full_context_text,1659,415,False,0.0
bfcl_multi_turn_base_180_step_2,bfcl,bfcl_tool_use_multi_turn,multi_turn_base_180,2,6,acu_head_tail_context,1659,415,False,0.0
bfcl_multi_turn_base_180_step_3,bfcl,bfcl_tool_use_multi_turn,multi_turn_base_180,3,6,last_message_text,133,34,False,0.0
bfcl_multi_turn_base_180_step_3,bfcl,bfcl_tool_use_multi_turn,multi_turn_base_180,3,6,full_context_text,3334,834,False,0.0
bfcl_multi_turn_base_180_step_3,bfcl,bfcl_tool_use_multi_turn,multi_turn_base_180,3,6,acu_head_tail_context,3334,834,False,0.0
bfcl_multi_turn_base_180_step_4,bfcl,bfcl_tool_use_multi_turn,multi_turn_base_180,4,6,last_message_text,122,31,False,0.0
bfcl_multi_turn_base_180_step_4,bfcl,bfcl_tool_use_multi_turn,multi_turn_base_180,4,6,full_context_text,4312,1078,False,0.0
bfcl_multi_turn_base_180_step_4,bfcl,bfcl_tool_use_multi_turn,multi_turn_base_180,4,6,acu_head_tail_context,4312,1078,False,0.0
bfcl_multi_turn_base_180_step_5,bfcl,bfcl_tool_use_multi_turn,multi_turn_base_180,5,6,last_message_text,141,36,False,0.0
bfcl_multi_turn_base_180_step_5,bfcl,bfcl_tool_use_multi_turn,multi_turn_base_180,5,6,full_context_text,5881,1471,False,0.0
bfcl_multi_turn_base_180_step_5,bfcl,bfcl_tool_use_multi_turn,multi_turn_base_180,5,6,acu_head_tail_context,5881,1471,False,0.0
bfcl_multi_turn_base_180_step_6,bfcl,bfcl_tool_use_multi_turn,multi_turn_base_180,6,6,last_message_text,255,64,False,0.0
bfcl_multi_turn_base_180_step_6,bfcl,bfcl_tool_use_multi_turn,multi_turn_base_180,6,6,full_context_text,9559,2390,False,0.0
bfcl_multi_turn_base_180_step_6,bfcl,bfcl_tool_use_multi_turn,multi_turn_base_180,6,6,acu_head_tail_context,9559,2390,False,0.0
bfcl_multi_turn_base_184_step_1,bfcl,bfcl_tool_use_multi_turn,multi_turn_base_184,1,6,last_message_text,382,96,False,0.0
bfcl_multi_turn_base_184_step_1,bfcl,bfcl_tool_use_multi_turn,multi_turn_base_184,1,6,full_context_text,440,110,False,0.0
bfcl_multi_turn_base_184_step_1,bfcl,bfcl_tool_use_multi_turn,multi_turn_base_184,1,6,acu_head_tail_context,440,110,False,0.0
bfcl_multi_turn_base_184_step_2,bfcl,bfcl_tool_use_multi_turn,multi_turn_base_184,2,6,last_message_text,117,30,False,0.0
bfcl_multi_turn_base_184_step_2,bfcl,bfcl_tool_use_multi_turn,multi_turn_base_184,2,6,full_context_text,1671,418,False,0.0
bfcl_multi_turn_base_184_step_2,bfcl,bfcl_tool_use_multi_turn,multi_turn_base_184,2,6,acu_head_tail_context,1671,418,False,0.0
bfcl_multi_turn_base_184_step_3,bfcl,bfcl_tool_use_multi_turn,multi_turn_base_184,3,6,last_message_text,125,32,False,0.0
bfcl_multi_turn_base_184_step_3,bfcl,bfcl_tool_use_multi_turn,multi_turn_base_184,3,6,full_context_text,2634,659,False,0.0
bfcl_multi_turn_base_184_step_3,bfcl,bfcl_tool_use_multi_turn,multi_turn_base_184,3,6,acu_head_tail_context,2634,659,False,0.0
bfcl_multi_turn_base_184_step_4,bfcl,bfcl_tool_use_multi_turn,multi_turn_base_184,4,6,last_message_text,224,56,False,0.0
bfcl_multi_turn_base_184_step_4,bfcl,bfcl_tool_use_multi_turn,multi_turn_base_184,4,6,full_context_text,3408,852,False,0.0
bfcl_multi_turn_base_184_step_4,bfcl,bfcl_tool_use_multi_turn,multi_turn_base_184,4,6,acu_head_tail_context,3408,852,False,0.0
bfcl_multi_turn_base_184_step_5,bfcl,bfcl_tool_use_multi_turn,multi_turn_base_184,5,6,last_message_text,124,31,False,0.0
bfcl_multi_turn_base_184_step_5,bfcl,bfcl_tool_use_multi_turn,multi_turn_base_184,5,6,full_context_text,4216,1054,False,0.0
bfcl_multi_turn_base_184_step_5,bfcl,bfcl_tool_use_multi_turn,multi_turn_base_184,5,6,acu_head_tail_context,4216,1054,False,0.0
bfcl_multi_turn_base_184_step_6,bfcl,bfcl_tool_use_multi_turn,multi_turn_base_184,6,6,last_message_text,105,27,False,0.0
bfcl_multi_turn_base_184_step_6,bfcl,bfcl_tool_use_multi_turn,multi_turn_base_184,6,6,full_context_text,5203,1301,False,0.0
bfcl_multi_turn_base_184_step_6,bfcl,bfcl_tool_use_multi_turn,multi_turn_base_184,6,6,acu_head_tail_context,5203,1301,False,0.0
bfcl_multi_turn_base_186_step_1,bfcl,bfcl_tool_use_multi_turn,multi_turn_base_186,1,6,last_message_text,309,78,False,0.0
bfcl_multi_turn_base_186_step_1,bfcl,bfcl_tool_use_multi_turn,multi_turn_base_186,1,6,full_context_text,367,92,False,0.0
bfcl_multi_turn_base_186_step_1,bfcl,bfcl_tool_use_multi_turn,multi_turn_base_186,1,6,acu_head_tail_context,367,92,False,0.0
bfcl_multi_turn_base_186_step_2,bfcl,bfcl_tool_use_multi_turn,multi_turn_base_186,2,6,last_message_text,256,64,False,0.0
bfcl_multi_turn_base_186_step_2,bfcl,bfcl_tool_use_multi_turn,multi_turn_base_186,2,6,full_context_text,1740,435,False,0.0
bfcl_multi_turn_base_186_step_2,bfcl,bfcl_tool_use_multi_turn,multi_turn_base_186,2,6,acu_head_tail_context,1740,435,False,0.0
bfcl_multi_turn_base_186_step_3,bfcl,bfcl_tool_use_multi_turn,multi_turn_base_186,3,6,last_message_text,140,35,False,0.0
bfcl_multi_turn_base_186_step_3,bfcl,bfcl_tool_use_multi_turn,multi_turn_base_186,3,6,full_context_text,2932,733,False,0.0
bfcl_multi_turn_base_186_step_3,bfcl,bfcl_tool_use_multi_turn,multi_turn_base_186,3,6,acu_head_tail_context,2932,733,False,0.0
bfcl_multi_turn_base_186_step_4,bfcl,bfcl_tool_use_multi_turn,multi_turn_base_186,4,6,last_message_text,222,56,False,0.0
bfcl_multi_turn_base_186_step_4,bfcl,bfcl_tool_use_multi_turn,multi_turn_base_186,4,6,full_context_text,4257,1065,False,0.0
bfcl_multi_turn_base_186_step_4,bfcl,bfcl_tool_use_multi_turn,multi_turn_base_186,4,6,acu_head_tail_context,4257,1065,False,0.0
bfcl_multi_turn_base_186_step_5,bfcl,bfcl_tool_use_multi_turn,multi_turn_base_186,5,6,last_message_text,179,45,False,0.0
bfcl_multi_turn_base_186_step_5,bfcl,bfcl_tool_use_multi_turn,multi_turn_base_186,5,6,full_context_text,6144,1536,False,0.0
bfcl_multi_turn_base_186_step_5,bfcl,bfcl_tool_use_multi_turn,multi_turn_base_186,5,6,acu_head_tail_context,6144,1536,False,0.0
bfcl_multi_turn_base_186_step_6,bfcl,bfcl_tool_use_multi_turn,multi_turn_base_186,6,6,last_message_text,289,73,False,0.0
bfcl_multi_turn_base_186_step_6,bfcl,bfcl_tool_use_multi_turn,multi_turn_base_186,6,6,full_context_text,7329,1833,False,0.0
bfcl_multi_turn_base_186_step_6,bfcl,bfcl_tool_use_multi_turn,multi_turn_base_186,6,6,acu_head_tail_context,7329,1833,False,0.0
bfcl_multi_turn_base_0_step_1,bfcl,bfcl_tool_use_multi_turn,multi_turn_base_0,1,4,last_message_text,123,31,False,0.0
bfcl_multi_turn_base_0_step_1,bfcl,bfcl_tool_use_multi_turn,multi_turn_base_0,1,4,full_context_text,181,46,False,0.0
bfcl_multi_turn_base_0_step_1,bfcl,bfcl_tool_use_multi_turn,multi_turn_base_0,1,4,acu_head_tail_context,181,46,False,0.0
bfcl_multi_turn_base_0_step_2,bfcl,bfcl_tool_use_multi_turn,multi_turn_base_0,2,4,last_message_text,109,28,False,0.0
bfcl_multi_turn_base_0_step_2,bfcl,bfcl_tool_use_multi_turn,multi_turn_base_0,2,4,full_context_text,1788,447,False,0.0
bfcl_multi_turn_base_0_step_2,bfcl,bfcl_tool_use_multi_turn,multi_turn_base_0,2,4,acu_head_tail_context,1788,447,False,0.0
bfcl_multi_turn_base_0_step_3,bfcl,bfcl_tool_use_multi_turn,multi_turn_base_0,3,4,last_message_text,140,35,False,0.0
bfcl_multi_turn_base_0_step_3,bfcl,bfcl_tool_use_multi_turn,multi_turn_base_0,3,4,full_context_text,2675,669,False,0.0
bfcl_multi_turn_base_0_step_3,bfcl,bfcl_tool_use_multi_turn,multi_turn_base_0,3,4,acu_head_tail_context,2675,669,False,0.0
bfcl_multi_turn_base_0_step_4,bfcl,bfcl_tool_use_multi_turn,multi_turn_base_0,4,4,last_message_text,194,49,False,0.0
bfcl_multi_turn_base_0_step_4,bfcl,bfcl_tool_use_multi_turn,multi_turn_base_0,4,4,full_context_text,3531,883,False,0.0
bfcl_multi_turn_base_0_step_4,bfcl,bfcl_tool_use_multi_turn,multi_turn_base_0,4,4,acu_head_tail_context,3531,883,False,0.0
bfcl_multi_turn_base_174_step_1,bfcl,bfcl_tool_use_multi_turn,multi_turn_base_174,1,5,last_message_text,325,82,False,0.0
bfcl_multi_turn_base_174_step_1,bfcl,bfcl_tool_use_multi_turn,multi_turn_base_174,1,5,full_context_text,383,96,False,0.0
bfcl_multi_turn_base_174_step_1,bfcl,bfcl_tool_use_multi_turn,multi_turn_base_174,1,5,acu_head_tail_context,383,96,False,0.0
bfcl_multi_turn_base_174_step_2,bfcl,bfcl_tool_use_multi_turn,multi_turn_base_174,2,5,last_message_text,251,63,False,0.0
bfcl_multi_turn_base_174_step_2,bfcl,bfcl_tool_use_multi_turn,multi_turn_base_174,2,5,full_context_text,2495,624,False,0.0
bfcl_multi_turn_base_174_step_2,bfcl,bfcl_tool_use_multi_turn,multi_turn_base_174,2,5,acu_head_tail_context,2495,624,False,0.0
bfcl_multi_turn_base_174_step_3,bfcl,bfcl_tool_use_multi_turn,multi_turn_base_174,3,5,last_message_text,194,49,False,0.0
bfcl_multi_turn_base_174_step_3,bfcl,bfcl_tool_use_multi_turn,multi_turn_base_174,3,5,full_context_text,3728,932,False,0.0
bfcl_multi_turn_base_174_step_3,bfcl,bfcl_tool_use_multi_turn,multi_turn_base_174,3,5,acu_head_tail_context,3728,932,False,0.0
bfcl_multi_turn_base_174_step_4,bfcl,bfcl_tool_use_multi_turn,multi_turn_base_174,4,5,last_message_text,255,64,False,0.0
bfcl_multi_turn_base_174_step_4,bfcl,bfcl_tool_use_multi_turn,multi_turn_base_174,4,5,full_context_text,5613,1404,False,0.0
bfcl_multi_turn_base_174_step_4,bfcl,bfcl_tool_use_multi_turn,multi_turn_base_174,4,5,acu_head_tail_context,5613,1404,False,0.0
bfcl_multi_turn_base_174_step_5,bfcl,bfcl_tool_use_multi_turn,multi_turn_base_174,5,5,last_message_text,109,28,False,0.0
bfcl_multi_turn_base_174_step_5,bfcl,bfcl_tool_use_multi_turn,multi_turn_base_174,5,5,full_context_text,6878,1720,False,0.0
bfcl_multi_turn_base_174_step_5,bfcl,bfcl_tool_use_multi_turn,multi_turn_base_174,5,5,acu_head_tail_context,6878,1720,False,0.0
bfcl_multi_turn_base_15_step_1,bfcl,bfcl_tool_use_multi_turn,multi_turn_base_15,1,5,last_message_text,203,51,False,0.0
bfcl_multi_turn_base_15_step_1,bfcl,bfcl_tool_use_multi_turn,multi_turn_base_15,1,5,full_context_text,261,66,False,0.0
bfcl_multi_turn_base_15_step_1,bfcl,bfcl_tool_use_multi_turn,multi_turn_base_15,1,5,acu_head_tail_context,261,66,False,0.0
bfcl_multi_turn_base_15_step_2,bfcl,bfcl_tool_use_multi_turn,multi_turn_base_15,2,5,last_message_text,288,72,False,0.0
bfcl_multi_turn_base_15_step_2,bfcl,bfcl_tool_use_multi_turn,multi_turn_base_15,2,5,full_context_text,871,218,False,0.0
bfcl_multi_turn_base_15_step_2,bfcl,bfcl_tool_use_multi_turn,multi_turn_base_15,2,5,acu_head_tail_context,871,218,False,0.0
bfcl_multi_turn_base_15_step_3,bfcl,bfcl_tool_use_multi_turn,multi_turn_base_15,3,5,last_message_text,132,33,False,0.0
bfcl_multi_turn_base_15_step_3,bfcl,bfcl_tool_use_multi_turn,multi_turn_base_15,3,5,full_context_text,1170,293,False,0.0
bfcl_multi_turn_base_15_step_3,bfcl,bfcl_tool_use_multi_turn,multi_turn_base_15,3,5,acu_head_tail_context,1170,293,False,0.0
bfcl_multi_turn_base_15_step_4,bfcl,bfcl_tool_use_multi_turn,multi_turn_base_15,4,5,last_message_text,174,44,False,0.0
bfcl_multi_turn_base_15_step_4,bfcl,bfcl_tool_use_multi_turn,multi_turn_base_15,4,5,full_context_text,1828,457,False,0.0
bfcl_multi_turn_base_15_step_4,bfcl,bfcl_tool_use_multi_turn,multi_turn_base_15,4,5,acu_head_tail_context,1828,457,False,0.0
bfcl_multi_turn_base_15_step_5,bfcl,bfcl_tool_use_multi_turn,multi_turn_base_15,5,5,last_message_text,101,26,False,0.0
bfcl_multi_turn_base_15_step_5,bfcl,bfcl_tool_use_multi_turn,multi_turn_base_15,5,5,full_context_text,2745,687,False,0.0
bfcl_multi_turn_base_15_step_5,bfcl,bfcl_tool_use_multi_turn,multi_turn_base_15,5,5,acu_head_tail_context,2745,687,False,0.0
bfcl_multi_turn_long_context_38_step_1,bfcl,bfcl_tool_use_multi_turn,multi_turn_long_context_38,1,2,last_message_text,189,48,False,0.0
bfcl_multi_turn_long_context_38_step_1,bfcl,bfcl_tool_use_multi_turn,multi_turn_long_context_38,1,2,full_context_text,247,62,False,0.0
bfcl_multi_turn_long_context_38_step_1,bfcl,bfcl_tool_use_multi_turn,multi_turn_long_context_38,1,2,acu_head_tail_context,247,62,False,0.0
bfcl_multi_turn_long_context_38_step_2,bfcl,bfcl_tool_use_multi_turn,multi_turn_long_context_38,2,2,last_message_text,71,18,False,0.0
bfcl_multi_turn_long_context_38_step_2,bfcl,bfcl_tool_use_multi_turn,multi_turn_long_context_38,2,2,full_context_text,8040,2010,False,0.0
bfcl_multi_turn_long_context_38_step_2,bfcl,bfcl_tool_use_multi_turn,multi_turn_long_context_38,2,2,acu_head_tail_context,8040,2010,False,0.0
bfcl_multi_turn_long_context_46_step_1,bfcl,bfcl_tool_use_multi_turn,multi_turn_long_context_46,1,1,last_message_text,78,20,False,0.0
bfcl_multi_turn_long_context_46_step_1,bfcl,bfcl_tool_use_multi_turn,multi_turn_long_context_46,1,1,full_context_text,136,34,False,0.0
bfcl_multi_turn_long_context_46_step_1,bfcl,bfcl_tool_use_multi_turn,multi_turn_long_context_46,1,1,acu_head_tail_context,136,34,False,0.0
bfcl_multi_turn_long_context_109_step_1,bfcl,bfcl_tool_use_multi_turn,multi_turn_long_context_109,1,7,last_message_text,122,31,False,0.0
bfcl_multi_turn_long_context_109_step_1,bfcl,bfcl_tool_use_multi_turn,multi_turn_long_context_109,1,7,full_context_text,180,45,False,0.0
bfcl_multi_turn_long_context_109_step_1,bfcl,bfcl_tool_use_multi_turn,multi_turn_long_context_109,1,7,acu_head_tail_context,180,45,False,0.0
bfcl_multi_turn_long_context_109_step_2,bfcl,bfcl_tool_use_multi_turn,multi_turn_long_context_109,2,7,last_message_text,163,41,False,0.0
bfcl_multi_turn_long_context_109_step_2,bfcl,bfcl_tool_use_multi_turn,multi_turn_long_context_109,2,7,full_context_text,12821,3206,False,0.0
bfcl_multi_turn_long_context_109_step_2,bfcl,bfcl_tool_use_multi_turn,multi_turn_long_context_109,2,7,acu_head_tail_context,12821,3206,False,0.0
bfcl_multi_turn_long_context_109_step_3,bfcl,bfcl_tool_use_multi_turn,multi_turn_long_context_109,3,7,last_message_text,123,31,False,0.0
bfcl_multi_turn_long_context_109_step_3,bfcl,bfcl_tool_use_multi_turn,multi_turn_long_context_109,3,7,full_context_text,46226,11557,False,0.0
bfcl_multi_turn_long_context_109_step_3,bfcl,bfcl_tool_use_multi_turn,multi_turn_long_context_109,3,7,acu_head_tail_context,14530,3633,True,0.6856747285077662
bfcl_multi_turn_long_context_109_step_4,bfcl,bfcl_tool_use_multi_turn,multi_turn_long_context_109,4,7,last_message_text,102,26,False,0.0
bfcl_multi_turn_long_context_109_step_4,bfcl,bfcl_tool_use_multi_turn,multi_turn_long_context_109,4,7,full_context_text,47731,11933,False,0.0
bfcl_multi_turn_long_context_109_step_4,bfcl,bfcl_tool_use_multi_turn,multi_turn_long_context_109,4,7,acu_head_tail_context,16035,4009,True,0.664054807148394
bfcl_multi_turn_long_context_109_step_5,bfcl,bfcl_tool_use_multi_turn,multi_turn_long_context_109,5,7,last_message_text,103,26,False,0.0
bfcl_multi_turn_long_context_109_step_5,bfcl,bfcl_tool_use_multi_turn,multi_turn_long_context_109,5,7,full_context_text,57697,14425,False,0.0
bfcl_multi_turn_long_context_109_step_5,bfcl,bfcl_tool_use_multi_turn,multi_turn_long_context_109,5,7,acu_head_tail_context,26001,6501,True,0.5493526526509177
bfcl_multi_turn_long_context_109_step_6,bfcl,bfcl_tool_use_multi_turn,multi_turn_long_context_109,6,7,last_message_text,146,37,False,0.0
bfcl_multi_turn_long_context_109_step_6,bfcl,bfcl_tool_use_multi_turn,multi_turn_long_context_109,6,7,full_context_text,58935,14734,False,0.0
bfcl_multi_turn_long_context_109_step_6,bfcl,bfcl_tool_use_multi_turn,multi_turn_long_context_109,6,7,acu_head_tail_context,27239,6810,True,0.5378128446593705
bfcl_multi_turn_long_context_109_step_7,bfcl,bfcl_tool_use_multi_turn,multi_turn_long_context_109,7,7,last_message_text,254,64,False,0.0
bfcl_multi_turn_long_context_109_step_7,bfcl,bfcl_tool_use_multi_turn,multi_turn_long_context_109,7,7,full_context_text,60678,15170,False,0.0
bfcl_multi_turn_long_context_109_step_7,bfcl,bfcl_tool_use_multi_turn,multi_turn_long_context_109,7,7,acu_head_tail_context,28982,7246,True,0.5223639539866178
bfcl_multi_turn_long_context_131_step_1,bfcl,bfcl_tool_use_multi_turn,multi_turn_long_context_131,1,7,last_message_text,108,27,False,0.0
bfcl_multi_turn_long_context_131_step_1,bfcl,bfcl_tool_use_multi_turn,multi_turn_long_context_131,1,7,full_context_text,166,42,False,0.0
bfcl_multi_turn_long_context_131_step_1,bfcl,bfcl_tool_use_multi_turn,multi_turn_long_context_131,1,7,acu_head_tail_context,166,42,False,0.0
bfcl_multi_turn_long_context_131_step_2,bfcl,bfcl_tool_use_multi_turn,multi_turn_long_context_131,2,7,last_message_text,104,26,False,0.0
bfcl_multi_turn_long_context_131_step_2,bfcl,bfcl_tool_use_multi_turn,multi_turn_long_context_131,2,7,full_context_text,510,128,False,0.0
bfcl_multi_turn_long_context_131_step_2,bfcl,bfcl_tool_use_multi_turn,multi_turn_long_context_131,2,7,acu_head_tail_context,510,128,False,0.0
bfcl_multi_turn_long_context_131_step_3,bfcl,bfcl_tool_use_multi_turn,multi_turn_long_context_131,3,7,last_message_text,98,25,False,0.0
bfcl_multi_turn_long_context_131_step_3,bfcl,bfcl_tool_use_multi_turn,multi_turn_long_context_131,3,7,full_context_text,13394,3349,False,0.0
bfcl_multi_turn_long_context_131_step_3,bfcl,bfcl_tool_use_multi_turn,multi_turn_long_context_131,3,7,acu_head_tail_context,13394,3349,False,0.0
bfcl_multi_turn_long_context_131_step_4,bfcl,bfcl_tool_use_multi_turn,multi_turn_long_context_131,4,7,last_message_text,106,27,False,0.0
bfcl_multi_turn_long_context_131_step_4,bfcl,bfcl_tool_use_multi_turn,multi_turn_long_context_131,4,7,full_context_text,47535,11884,False,0.0
bfcl_multi_turn_long_context_131_step_4,bfcl,bfcl_tool_use_multi_turn,multi_turn_long_context_131,4,7,acu_head_tail_context,15839,3960,True,0.666792889449879
bfcl_multi_turn_long_context_131_step_5,bfcl,bfcl_tool_use_multi_turn,multi_turn_long_context_131,5,7,last_message_text,93,24,False,0.0
bfcl_multi_turn_long_context_131_step_5,bfcl,bfcl_tool_use_multi_turn,multi_turn_long_context_131,5,7,full_context_text,49038,12260,False,0.0
bfcl_multi_turn_long_context_131_step_5,bfcl,bfcl_tool_use_multi_turn,multi_turn_long_context_131,5,7,acu_head_tail_context,17342,4336,True,0.6463558872710959
bfcl_multi_turn_long_context_131_step_6,bfcl,bfcl_tool_use_multi_turn,multi_turn_long_context_131,6,7,last_message_text,203,51,False,0.0
bfcl_multi_turn_long_context_131_step_6,bfcl,bfcl_tool_use_multi_turn,multi_turn_long_context_131,6,7,full_context_text,59090,14773,False,0.0
bfcl_multi_turn_long_context_131_step_6,bfcl,bfcl_tool_use_multi_turn,multi_turn_long_context_131,6,7,acu_head_tail_context,27394,6849,True,0.5364020984938229
bfcl_multi_turn_long_context_131_step_7,bfcl,bfcl_tool_use_multi_turn,multi_turn_long_context_131,7,7,last_message_text,119,30,False,0.0
bfcl_multi_turn_long_context_131_step_7,bfcl,bfcl_tool_use_multi_turn,multi_turn_long_context_131,7,7,full_context_text,60107,15027,False,0.0
bfcl_multi_turn_long_context_131_step_7,bfcl,bfcl_tool_use_multi_turn,multi_turn_long_context_131,7,7,acu_head_tail_context,28411,7103,True,0.5273262681551234
bfcl_multi_turn_long_context_110_step_1,bfcl,bfcl_tool_use_multi_turn,multi_turn_long_context_110,1,6,last_message_text,194,49,False,0.0
bfcl_multi_turn_long_context_110_step_1,bfcl,bfcl_tool_use_multi_turn,multi_turn_long_context_110,1,6,full_context_text,252,63,False,0.0
bfcl_multi_turn_long_context_110_step_1,bfcl,bfcl_tool_use_multi_turn,multi_turn_long_context_110,1,6,acu_head_tail_context,252,63,False,0.0
bfcl_multi_turn_long_context_110_step_2,bfcl,bfcl_tool_use_multi_turn,multi_turn_long_context_110,2,6,last_message_text,249,63,False,0.0
bfcl_multi_turn_long_context_110_step_2,bfcl,bfcl_tool_use_multi_turn,multi_turn_long_context_110,2,6,full_context_text,13316,3329,False,0.0
bfcl_multi_turn_long_context_110_step_2,bfcl,bfcl_tool_use_multi_turn,multi_turn_long_context_110,2,6,acu_head_tail_context,13316,3329,False,0.0
bfcl_multi_turn_long_context_110_step_3,bfcl,bfcl_tool_use_multi_turn,multi_turn_long_context_110,3,6,last_message_text,177,45,False,0.0
bfcl_multi_turn_long_context_110_step_3,bfcl,bfcl_tool_use_multi_turn,multi_turn_long_context_110,3,6,full_context_text,46163,11541,False,0.0
bfcl_multi_turn_long_context_110_step_3,bfcl,bfcl_tool_use_multi_turn,multi_turn_long_context_110,3,6,acu_head_tail_context,14467,3617,True,0.6866104889196976
bfcl_multi_turn_long_context_110_step_4,bfcl,bfcl_tool_use_multi_turn,multi_turn_long_context_110,4,6,last_message_text,179,45,False,0.0
bfcl_multi_turn_long_context_110_step_4,bfcl,bfcl_tool_use_multi_turn,multi_turn_long_context_110,4,6,full_context_text,68442,17111,False,0.0
bfcl_multi_turn_long_context_110_step_4,bfcl,bfcl_tool_use_multi_turn,multi_turn_long_context_110,4,6,acu_head_tail_context,29704,7426,True,0.5659974869232343
bfcl_multi_turn_long_context_110_step_5,bfcl,bfcl_tool_use_multi_turn,multi_turn_long_context_110,5,6,last_message_text,207,52,False,0.0
bfcl_multi_turn_long_context_110_step_5,bfcl,bfcl_tool_use_multi_turn,multi_turn_long_context_110,5,6,full_context_text,69384,17346,False,0.0
bfcl_multi_turn_long_context_110_step_5,bfcl,bfcl_tool_use_multi_turn,multi_turn_long_context_110,5,6,acu_head_tail_context,30646,7662,True,0.5583131557707829
bfcl_multi_turn_long_context_110_step_6,bfcl,bfcl_tool_use_multi_turn,multi_turn_long_context_110,6,6,last_message_text,475,119,False,0.0
bfcl_multi_turn_long_context_110_step_6,bfcl,bfcl_tool_use_multi_turn,multi_turn_long_context_110,6,6,full_context_text,71111,17778,False,0.0
bfcl_multi_turn_long_context_110_step_6,bfcl,bfcl_tool_use_multi_turn,multi_turn_long_context_110,6,6,acu_head_tail_context,32373,8094,True,0.5447539761780877
bfcl_multi_turn_long_context_170_step_1,bfcl,bfcl_tool_use_multi_turn,multi_turn_long_context_170,1,6,last_message_text,373,94,False,0.0
bfcl_multi_turn_long_context_170_step_1,bfcl,bfcl_tool_use_multi_turn,multi_turn_long_context_170,1,6,full_context_text,431,108,False,0.0
bfcl_multi_turn_long_context_170_step_1,bfcl,bfcl_tool_use_multi_turn,multi_turn_long_context_170,1,6,acu_head_tail_context,431,108,False,0.0
bfcl_multi_turn_long_context_170_step_2,bfcl,bfcl_tool_use_multi_turn,multi_turn_long_context_170,2,6,last_message_text,180,45,False,0.0
bfcl_multi_turn_long_context_170_step_2,bfcl,bfcl_tool_use_multi_turn,multi_turn_long_context_170,2,6,full_context_text,8149,2038,False,0.0
bfcl_multi_turn_long_context_170_step_2,bfcl,bfcl_tool_use_multi_turn,multi_turn_long_context_170,2,6,acu_head_tail_context,8149,2038,False,0.0
bfcl_multi_turn_long_context_170_step_3,bfcl,bfcl_tool_use_multi_turn,multi_turn_long_context_170,3,6,last_message_text,163,41,False,0.0
bfcl_multi_turn_long_context_170_step_3,bfcl,bfcl_tool_use_multi_turn,multi_turn_long_context_170,3,6,full_context_text,9175,2294,False,0.0
bfcl_multi_turn_long_context_170_step_3,bfcl,bfcl_tool_use_multi_turn,multi_turn_long_context_170,3,6,acu_head_tail_context,9175,2294,False,0.0
bfcl_multi_turn_long_context_170_step_4,bfcl,bfcl_tool_use_multi_turn,multi_turn_long_context_170,4,6,last_message_text,162,41,False,0.0
bfcl_multi_turn_long_context_170_step_4,bfcl,bfcl_tool_use_multi_turn,multi_turn_long_context_170,4,6,full_context_text,10555,2639,False,0.0
bfcl_multi_turn_long_context_170_step_4,bfcl,bfcl_tool_use_multi_turn,multi_turn_long_context_170,4,6,acu_head_tail_context,10555,2639,False,0.0
bfcl_multi_turn_long_context_170_step_5,bfcl,bfcl_tool_use_multi_turn,multi_turn_long_context_170,5,6,last_message_text,349,88,False,0.0
bfcl_multi_turn_long_context_170_step_5,bfcl,bfcl_tool_use_multi_turn,multi_turn_long_context_170,5,6,full_context_text,11833,2959,False,0.0
bfcl_multi_turn_long_context_170_step_5,bfcl,bfcl_tool_use_multi_turn,multi_turn_long_context_170,5,6,acu_head_tail_context,11833,2959,False,0.0
bfcl_multi_turn_long_context_170_step_6,bfcl,bfcl_tool_use_multi_turn,multi_turn_long_context_170,6,6,last_message_text,139,35,False,0.0
bfcl_multi_turn_long_context_170_step_6,bfcl,bfcl_tool_use_multi_turn,multi_turn_long_context_170,6,6,full_context_text,13108,3277,False,0.0
bfcl_multi_turn_long_context_170_step_6,bfcl,bfcl_tool_use_multi_turn,multi_turn_long_context_170,6,6,acu_head_tail_context,13108,3277,False,0.0
bfcl_multi_turn_long_context_183_step_1,bfcl,bfcl_tool_use_multi_turn,multi_turn_long_context_183,1,6,last_message_text,229,58,False,0.0
bfcl_multi_turn_long_context_183_step_1,bfcl,bfcl_tool_use_multi_turn,multi_turn_long_context_183,1,6,full_context_text,287,72,False,0.0
bfcl_multi_turn_long_context_183_step_1,bfcl,bfcl_tool_use_multi_turn,multi_turn_long_context_183,1,6,acu_head_tail_context,287,72,False,0.0
bfcl_multi_turn_long_context_183_step_2,bfcl,bfcl_tool_use_multi_turn,multi_turn_long_context_183,2,6,last_message_text,414,104,False,0.0
bfcl_multi_turn_long_context_183_step_2,bfcl,bfcl_tool_use_multi_turn,multi_turn_long_context_183,2,6,full_context_text,1316,329,False,0.0
bfcl_multi_turn_long_context_183_step_2,bfcl,bfcl_tool_use_multi_turn,multi_turn_long_context_183,2,6,acu_head_tail_context,1316,329,False,0.0
bfcl_multi_turn_long_context_183_step_3,bfcl,bfcl_tool_use_multi_turn,multi_turn_long_context_183,3,6,last_message_text,165,42,False,0.0
bfcl_multi_turn_long_context_183_step_3,bfcl,bfcl_tool_use_multi_turn,multi_turn_long_context_183,3,6,full_context_text,7504,1876,False,0.0
bfcl_multi_turn_long_context_183_step_3,bfcl,bfcl_tool_use_multi_turn,multi_turn_long_context_183,3,6,acu_head_tail_context,7504,1876,False,0.0
bfcl_multi_turn_long_context_183_step_4,bfcl,bfcl_tool_use_multi_turn,multi_turn_long_context_183,4,6,last_message_text,153,39,False,0.0
bfcl_multi_turn_long_context_183_step_4,bfcl,bfcl_tool_use_multi_turn,multi_turn_long_context_183,4,6,full_context_text,8549,2138,False,0.0
bfcl_multi_turn_long_context_183_step_4,bfcl,bfcl_tool_use_multi_turn,multi_turn_long_context_183,4,6,acu_head_tail_context,8549,2138,False,0.0
bfcl_multi_turn_long_context_183_step_5,bfcl,bfcl_tool_use_multi_turn,multi_turn_long_context_183,5,6,last_message_text,160,40,False,0.0
bfcl_multi_turn_long_context_183_step_5,bfcl,bfcl_tool_use_multi_turn,multi_turn_long_context_183,5,6,full_context_text,10174,2544,False,0.0
bfcl_multi_turn_long_context_183_step_5,bfcl,bfcl_tool_use_multi_turn,multi_turn_long_context_183,5,6,acu_head_tail_context,10174,2544,False,0.0
bfcl_multi_turn_long_context_183_step_6,bfcl,bfcl_tool_use_multi_turn,multi_turn_long_context_183,6,6,last_message_text,311,78,False,0.0
bfcl_multi_turn_long_context_183_step_6,bfcl,bfcl_tool_use_multi_turn,multi_turn_long_context_183,6,6,full_context_text,11134,2784,False,0.0
bfcl_multi_turn_long_context_183_step_6,bfcl,bfcl_tool_use_multi_turn,multi_turn_long_context_183,6,6,acu_head_tail_context,11134,2784,False,0.0
bfcl_multi_turn_long_context_186_step_1,bfcl,bfcl_tool_use_multi_turn,multi_turn_long_context_186,1,6,last_message_text,309,78,False,0.0
bfcl_multi_turn_long_context_186_step_1,bfcl,bfcl_tool_use_multi_turn,multi_turn_long_context_186,1,6,full_context_text,367,92,False,0.0
bfcl_multi_turn_long_context_186_step_1,bfcl,bfcl_tool_use_multi_turn,multi_turn_long_context_186,1,6,acu_head_tail_context,367,92,False,0.0
bfcl_multi_turn_long_context_186_step_2,bfcl,bfcl_tool_use_multi_turn,multi_turn_long_context_186,2,6,last_message_text,256,64,False,0.0
bfcl_multi_turn_long_context_186_step_2,bfcl,bfcl_tool_use_multi_turn,multi_turn_long_context_186,2,6,full_context_text,3207,802,False,0.0
bfcl_multi_turn_long_context_186_step_2,bfcl,bfcl_tool_use_multi_turn,multi_turn_long_context_186,2,6,acu_head_tail_context,3207,802,False,0.0
bfcl_multi_turn_long_context_186_step_3,bfcl,bfcl_tool_use_multi_turn,multi_turn_long_context_186,3,6,last_message_text,140,35,False,0.0
bfcl_multi_turn_long_context_186_step_3,bfcl,bfcl_tool_use_multi_turn,multi_turn_long_context_186,3,6,full_context_text,7762,1941,False,0.0
bfcl_multi_turn_long_context_186_step_3,bfcl,bfcl_tool_use_multi_turn,multi_turn_long_context_186,3,6,acu_head_tail_context,7762,1941,False,0.0
bfcl_multi_turn_long_context_186_step_4,bfcl,bfcl_tool_use_multi_turn,multi_turn_long_context_186,4,6,last_message_text,222,56,False,0.0
bfcl_multi_turn_long_context_186_step_4,bfcl,bfcl_tool_use_multi_turn,multi_turn_long_context_186,4,6,full_context_text,9091,2273,False,0.0
bfcl_multi_turn_long_context_186_step_4,bfcl,bfcl_tool_use_multi_turn,multi_turn_long_context_186,4,6,acu_head_tail_context,9091,2273,False,0.0
bfcl_multi_turn_long_context_186_step_5,bfcl,bfcl_tool_use_multi_turn,multi_turn_long_context_186,5,6,last_message_text,179,45,False,0.0
bfcl_multi_turn_long_context_186_step_5,bfcl,bfcl_tool_use_multi_turn,multi_turn_long_context_186,5,6,full_context_text,11248,2812,False,0.0
bfcl_multi_turn_long_context_186_step_5,bfcl,bfcl_tool_use_multi_turn,multi_turn_long_context_186,5,6,acu_head_tail_context,11248,2812,False,0.0
bfcl_multi_turn_long_context_186_step_6,bfcl,bfcl_tool_use_multi_turn,multi_turn_long_context_186,6,6,last_message_text,289,73,False,0.0
bfcl_multi_turn_long_context_186_step_6,bfcl,bfcl_tool_use_multi_turn,multi_turn_long_context_186,6,6,full_context_text,12748,3187,False,0.0
bfcl_multi_turn_long_context_186_step_6,bfcl,bfcl_tool_use_multi_turn,multi_turn_long_context_186,6,6,acu_head_tail_context,12748,3187,False,0.0
bfcl_multi_turn_long_context_1_step_1,bfcl,bfcl_tool_use_multi_turn,multi_turn_long_context_1,1,4,last_message_text,148,37,False,0.0
bfcl_multi_turn_long_context_1_step_1,bfcl,bfcl_tool_use_multi_turn,multi_turn_long_context_1,1,4,full_context_text,206,52,False,0.0
bfcl_multi_turn_long_context_1_step_1,bfcl,bfcl_tool_use_multi_turn,multi_turn_long_context_1,1,4,acu_head_tail_context,206,52,False,0.0
bfcl_multi_turn_long_context_1_step_2,bfcl,bfcl_tool_use_multi_turn,multi_turn_long_context_1,2,4,last_message_text,100,25,False,0.0
bfcl_multi_turn_long_context_1_step_2,bfcl,bfcl_tool_use_multi_turn,multi_turn_long_context_1,2,4,full_context_text,780,195,False,0.0
bfcl_multi_turn_long_context_1_step_2,bfcl,bfcl_tool_use_multi_turn,multi_turn_long_context_1,2,4,acu_head_tail_context,780,195,False,0.0
bfcl_multi_turn_long_context_1_step_3,bfcl,bfcl_tool_use_multi_turn,multi_turn_long_context_1,3,4,last_message_text,78,20,False,0.0
bfcl_multi_turn_long_context_1_step_3,bfcl,bfcl_tool_use_multi_turn,multi_turn_long_context_1,3,4,full_context_text,1545,387,False,0.0
bfcl_multi_turn_long_context_1_step_3,bfcl,bfcl_tool_use_multi_turn,multi_turn_long_context_1,3,4,acu_head_tail_context,1545,387,False,0.0
bfcl_multi_turn_long_context_1_step_4,bfcl,bfcl_tool_use_multi_turn,multi_turn_long_context_1,4,4,last_message_text,48,12,False,0.0
bfcl_multi_turn_long_context_1_step_4,bfcl,bfcl_tool_use_multi_turn,multi_turn_long_context_1,4,4,full_context_text,2447,612,False,0.0
bfcl_multi_turn_long_context_1_step_4,bfcl,bfcl_tool_use_multi_turn,multi_turn_long_context_1,4,4,acu_head_tail_context,2447,612,False,0.0
bfcl_multi_turn_long_context_12_step_1,bfcl,bfcl_tool_use_multi_turn,multi_turn_long_context_12,1,3,last_message_text,139,35,False,0.0
bfcl_multi_turn_long_context_12_step_1,bfcl,bfcl_tool_use_multi_turn,multi_turn_long_context_12,1,3,full_context_text,197,50,False,0.0
bfcl_multi_turn_long_context_12_step_1,bfcl,bfcl_tool_use_multi_turn,multi_turn_long_context_12,1,3,acu_head_tail_context,197,50,False,0.0
bfcl_multi_turn_long_context_12_step_2,bfcl,bfcl_tool_use_multi_turn,multi_turn_long_context_12,2,3,last_message_text,182,46,False,0.0
bfcl_multi_turn_long_context_12_step_2,bfcl,bfcl_tool_use_multi_turn,multi_turn_long_context_12,2,3,full_context_text,3361,841,False,0.0
bfcl_multi_turn_long_context_12_step_2,bfcl,bfcl_tool_use_multi_turn,multi_turn_long_context_12,2,3,acu_head_tail_context,3361,841,False,0.0
bfcl_multi_turn_long_context_12_step_3,bfcl,bfcl_tool_use_multi_turn,multi_turn_long_context_12,3,3,last_message_text,134,34,False,0.0
bfcl_multi_turn_long_context_12_step_3,bfcl,bfcl_tool_use_multi_turn,multi_turn_long_context_12,3,3,full_context_text,3947,987,False,0.0
bfcl_multi_turn_long_context_12_step_3,bfcl,bfcl_tool_use_multi_turn,multi_turn_long_context_12,3,3,acu_head_tail_context,3947,987,False,0.0
bfcl_multi_turn_long_context_14_step_1,bfcl,bfcl_tool_use_multi_turn,multi_turn_long_context_14,1,4,last_message_text,98,25,False,0.0
bfcl_multi_turn_long_context_14_step_1,bfcl,bfcl_tool_use_multi_turn,multi_turn_long_context_14,1,4,full_context_text,156,39,False,0.0
bfcl_multi_turn_long_context_14_step_1,bfcl,bfcl_tool_use_multi_turn,multi_turn_long_context_14,1,4,acu_head_tail_context,156,39,False,0.0
bfcl_multi_turn_long_context_14_step_2,bfcl,bfcl_tool_use_multi_turn,multi_turn_long_context_14,2,4,last_message_text,147,37,False,0.0
bfcl_multi_turn_long_context_14_step_2,bfcl,bfcl_tool_use_multi_turn,multi_turn_long_context_14,2,4,full_context_text,793,199,False,0.0
bfcl_multi_turn_long_context_14_step_2,bfcl,bfcl_tool_use_multi_turn,multi_turn_long_context_14,2,4,acu_head_tail_context,793,199,False,0.0
bfcl_multi_turn_long_context_14_step_3,bfcl,bfcl_tool_use_multi_turn,multi_turn_long_context_14,3,4,last_message_text,157,40,False,0.0
bfcl_multi_turn_long_context_14_step_3,bfcl,bfcl_tool_use_multi_turn,multi_turn_long_context_14,3,4,full_context_text,1846,462,False,0.0
bfcl_multi_turn_long_context_14_step_3,bfcl,bfcl_tool_use_multi_turn,multi_turn_long_context_14,3,4,acu_head_tail_context,1846,462,False,0.0
bfcl_multi_turn_long_context_14_step_4,bfcl,bfcl_tool_use_multi_turn,multi_turn_long_context_14,4,4,last_message_text,185,47,False,0.0
bfcl_multi_turn_long_context_14_step_4,bfcl,bfcl_tool_use_multi_turn,multi_turn_long_context_14,4,4,full_context_text,2866,717,False,0.0
bfcl_multi_turn_long_context_14_step_4,bfcl,bfcl_tool_use_multi_turn,multi_turn_long_context_14,4,4,acu_head_tail_context,2866,717,False,0.0
bfcl_multi_turn_long_context_15_step_1,bfcl,bfcl_tool_use_multi_turn,multi_turn_long_context_15,1,5,last_message_text,203,51,False,0.0
bfcl_multi_turn_long_context_15_step_1,bfcl,bfcl_tool_use_multi_turn,multi_turn_long_context_15,1,5,full_context_text,261,66,False,0.0
bfcl_multi_turn_long_context_15_step_1,bfcl,bfcl_tool_use_multi_turn,multi_turn_long_context_15,1,5,acu_head_tail_context,261,66,False,0.0
bfcl_multi_turn_long_context_15_step_2,bfcl,bfcl_tool_use_multi_turn,multi_turn_long_context_15,2,5,last_message_text,288,72,False,0.0
bfcl_multi_turn_long_context_15_step_2,bfcl,bfcl_tool_use_multi_turn,multi_turn_long_context_15,2,5,full_context_text,898,225,False,0.0
bfcl_multi_turn_long_context_15_step_2,bfcl,bfcl_tool_use_multi_turn,multi_turn_long_context_15,2,5,acu_head_tail_context,898,225,False,0.0
bfcl_multi_turn_long_context_15_step_3,bfcl,bfcl_tool_use_multi_turn,multi_turn_long_context_15,3,5,last_message_text,132,33,False,0.0
bfcl_multi_turn_long_context_15_step_3,bfcl,bfcl_tool_use_multi_turn,multi_turn_long_context_15,3,5,full_context_text,1197,300,False,0.0
bfcl_multi_turn_long_context_15_step_3,bfcl,bfcl_tool_use_multi_turn,multi_turn_long_context_15,3,5,acu_head_tail_context,1197,300,False,0.0
bfcl_multi_turn_long_context_15_step_4,bfcl,bfcl_tool_use_multi_turn,multi_turn_long_context_15,4,5,last_message_text,174,44,False,0.0
bfcl_multi_turn_long_context_15_step_4,bfcl,bfcl_tool_use_multi_turn,multi_turn_long_context_15,4,5,full_context_text,2021,506,False,0.0
bfcl_multi_turn_long_context_15_step_4,bfcl,bfcl_tool_use_multi_turn,multi_turn_long_context_15,4,5,acu_head_tail_context,2021,506,False,0.0
bfcl_multi_turn_long_context_15_step_5,bfcl,bfcl_tool_use_multi_turn,multi_turn_long_context_15,5,5,last_message_text,101,26,False,0.0
bfcl_multi_turn_long_context_15_step_5,bfcl,bfcl_tool_use_multi_turn,multi_turn_long_context_15,5,5,full_context_text,3139,785,False,0.0
bfcl_multi_turn_long_context_15_step_5,bfcl,bfcl_tool_use_multi_turn,multi_turn_long_context_15,5,5,acu_head_tail_context,3139,785,False,0.0
bfcl_multi_turn_long_context_2_step_1,bfcl,bfcl_tool_use_multi_turn,multi_turn_long_context_2,1,5,last_message_text,138,35,False,0.0
bfcl_multi_turn_long_context_2_step_1,bfcl,bfcl_tool_use_multi_turn,multi_turn_long_context_2,1,5,full_context_text,196,49,False,0.0
bfcl_multi_turn_long_context_2_step_1,bfcl,bfcl_tool_use_multi_turn,multi_turn_long_context_2,1,5,acu_head_tail_context,196,49,False,0.0
bfcl_multi_turn_long_context_2_step_2,bfcl,bfcl_tool_use_multi_turn,multi_turn_long_context_2,2,5,last_message_text,167,42,False,0.0
bfcl_multi_turn_long_context_2_step_2,bfcl,bfcl_tool_use_multi_turn,multi_turn_long_context_2,2,5,full_context_text,2107,527,False,0.0
bfcl_multi_turn_long_context_2_step_2,bfcl,bfcl_tool_use_multi_turn,multi_turn_long_context_2,2,5,acu_head_tail_context,2107,527,False,0.0
bfcl_multi_turn_long_context_2_step_3,bfcl,bfcl_tool_use_multi_turn,multi_turn_long_context_2,3,5,last_message_text,207,52,False,0.0
bfcl_multi_turn_long_context_2_step_3,bfcl,bfcl_tool_use_multi_turn,multi_turn_long_context_2,3,5,full_context_text,3137,785,False,0.0
bfcl_multi_turn_long_context_2_step_3,bfcl,bfcl_tool_use_multi_turn,multi_turn_long_context_2,3,5,acu_head_tail_context,3137,785,False,0.0
bfcl_multi_turn_long_context_2_step_4,bfcl,bfcl_tool_use_multi_turn,multi_turn_long_context_2,4,5,last_message_text,272,68,False,0.0
bfcl_multi_turn_long_context_2_step_4,bfcl,bfcl_tool_use_multi_turn,multi_turn_long_context_2,4,5,full_context_text,8216,2054,False,0.0
bfcl_multi_turn_long_context_2_step_4,bfcl,bfcl_tool_use_multi_turn,multi_turn_long_context_2,4,5,acu_head_tail_context,8216,2054,False,0.0
bfcl_multi_turn_long_context_2_step_5,bfcl,bfcl_tool_use_multi_turn,multi_turn_long_context_2,5,5,last_message_text,162,41,False,0.0
bfcl_multi_turn_long_context_2_step_5,bfcl,bfcl_tool_use_multi_turn,multi_turn_long_context_2,5,5,full_context_text,11280,2820,False,0.0
bfcl_multi_turn_long_context_2_step_5,bfcl,bfcl_tool_use_multi_turn,multi_turn_long_context_2,5,5,acu_head_tail_context,11280,2820,False,0.0
bfcl_multi_turn_long_context_3_step_1,bfcl,bfcl_tool_use_multi_turn,multi_turn_long_context_3,1,2,last_message_text,175,44,False,0.0
bfcl_multi_turn_long_context_3_step_1,bfcl,bfcl_tool_use_multi_turn,multi_turn_long_context_3,1,2,full_context_text,233,59,False,0.0
bfcl_multi_turn_long_context_3_step_1,bfcl,bfcl_tool_use_multi_turn,multi_turn_long_context_3,1,2,acu_head_tail_context,233,59,False,0.0
bfcl_multi_turn_long_context_3_step_2,bfcl,bfcl_tool_use_multi_turn,multi_turn_long_context_3,2,2,last_message_text,187,47,False,0.0
bfcl_multi_turn_long_context_3_step_2,bfcl,bfcl_tool_use_multi_turn,multi_turn_long_context_3,2,2,full_context_text,1159,290,False,0.0
bfcl_multi_turn_long_context_3_step_2,bfcl,bfcl_tool_use_multi_turn,multi_turn_long_context_3,2,2,acu_head_tail_context,1159,290,False,0.0
bfcl_multi_turn_long_context_4_step_1,bfcl,bfcl_tool_use_multi_turn,multi_turn_long_context_4,1,3,last_message_text,110,28,False,0.0
bfcl_multi_turn_long_context_4_step_1,bfcl,bfcl_tool_use_multi_turn,multi_turn_long_context_4,1,3,full_context_text,168,42,False,0.0
bfcl_multi_turn_long_context_4_step_1,bfcl,bfcl_tool_use_multi_turn,multi_turn_long_context_4,1,3,acu_head_tail_context,168,42,False,0.0
bfcl_multi_turn_long_context_4_step_2,bfcl,bfcl_tool_use_multi_turn,multi_turn_long_context_4,2,3,last_message_text,150,38,False,0.0
bfcl_multi_turn_long_context_4_step_2,bfcl,bfcl_tool_use_multi_turn,multi_turn_long_context_4,2,3,full_context_text,4757,1190,False,0.0
bfcl_multi_turn_long_context_4_step_2,bfcl,bfcl_tool_use_multi_turn,multi_turn_long_context_4,2,3,acu_head_tail_context,4757,1190,False,0.0
bfcl_multi_turn_long_context_4_step_3,bfcl,bfcl_tool_use_multi_turn,multi_turn_long_context_4,3,3,last_message_text,177,45,False,0.0
bfcl_multi_turn_long_context_4_step_3,bfcl,bfcl_tool_use_multi_turn,multi_turn_long_context_4,3,3,full_context_text,5848,1462,False,0.0
bfcl_multi_turn_long_context_4_step_3,bfcl,bfcl_tool_use_multi_turn,multi_turn_long_context_4,3,3,acu_head_tail_context,5848,1462,False,0.0
bfcl_multi_turn_long_context_5_step_1,bfcl,bfcl_tool_use_multi_turn,multi_turn_long_context_5,1,4,last_message_text,157,40,False,0.0
bfcl_multi_turn_long_context_5_step_1,bfcl,bfcl_tool_use_multi_turn,multi_turn_long_context_5,1,4,full_context_text,215,54,False,0.0
bfcl_multi_turn_long_context_5_step_1,bfcl,bfcl_tool_use_multi_turn,multi_turn_long_context_5,1,4,acu_head_tail_context,215,54,False,0.0
bfcl_multi_turn_long_context_5_step_2,bfcl,bfcl_tool_use_multi_turn,multi_turn_long_context_5,2,4,last_message_text,174,44,False,0.0
bfcl_multi_turn_long_context_5_step_2,bfcl,bfcl_tool_use_multi_turn,multi_turn_long_context_5,2,4,full_context_text,1700,425,False,0.0
bfcl_multi_turn_long_context_5_step_2,bfcl,bfcl_tool_use_multi_turn,multi_turn_long_context_5,2,4,acu_head_tail_context,1700,425,False,0.0
bfcl_multi_turn_long_context_5_step_3,bfcl,bfcl_tool_use_multi_turn,multi_turn_long_context_5,3,4,last_message_text,231,58,False,0.0
bfcl_multi_turn_long_context_5_step_3,bfcl,bfcl_tool_use_multi_turn,multi_turn_long_context_5,3,4,full_context_text,9834,2459,False,0.0
bfcl_multi_turn_long_context_5_step_3,bfcl,bfcl_tool_use_multi_turn,multi_turn_long_context_5,3,4,acu_head_tail_context,9834,2459,False,0.0
bfcl_multi_turn_long_context_5_step_4,bfcl,bfcl_tool_use_multi_turn,multi_turn_long_context_5,4,4,last_message_text,186,47,False,0.0
bfcl_multi_turn_long_context_5_step_4,bfcl,bfcl_tool_use_multi_turn,multi_turn_long_context_5,4,4,full_context_text,10952,2738,False,0.0
bfcl_multi_turn_long_context_5_step_4,bfcl,bfcl_tool_use_multi_turn,multi_turn_long_context_5,4,4,acu_head_tail_context,10952,2738,False,0.0
bfcl_multi_turn_long_context_7_step_1,bfcl,bfcl_tool_use_multi_turn,multi_turn_long_context_7,1,3,last_message_text,232,58,False,0.0
bfcl_multi_turn_long_context_7_step_1,bfcl,bfcl_tool_use_multi_turn,multi_turn_long_context_7,1,3,full_context_text,290,73,False,0.0
bfcl_multi_turn_long_context_7_step_1,bfcl,bfcl_tool_use_multi_turn,multi_turn_long_context_7,1,3,acu_head_tail_context,290,73,False,0.0
bfcl_multi_turn_long_context_7_step_2,bfcl,bfcl_tool_use_multi_turn,multi_turn_long_context_7,2,3,last_message_text,128,32,False,0.0
bfcl_multi_turn_long_context_7_step_2,bfcl,bfcl_tool_use_multi_turn,multi_turn_long_context_7,2,3,full_context_text,1032,258,False,0.0
bfcl_multi_turn_long_context_7_step_2,bfcl,bfcl_tool_use_multi_turn,multi_turn_long_context_7,2,3,acu_head_tail_context,1032,258,False,0.0
bfcl_multi_turn_long_context_7_step_3,bfcl,bfcl_tool_use_multi_turn,multi_turn_long_context_7,3,3,last_message_text,91,23,False,0.0
bfcl_multi_turn_long_context_7_step_3,bfcl,bfcl_tool_use_multi_turn,multi_turn_long_context_7,3,3,full_context_text,1237,310,False,0.0
bfcl_multi_turn_long_context_7_step_3,bfcl,bfcl_tool_use_multi_turn,multi_turn_long_context_7,3,3,acu_head_tail_context,1237,310,False,0.0
