context_id,benchmark,scenario,instance_id,step_index,total_steps,leakage_group_id,task_signature,near_duplicate_simhash,split,cv_fold,lobo_holdout_benchmark,analysis_scope,label_confidence,random_seed
swebench_django__django-11163_step_1,swebench,code_swe,django__django-11163,1,9,lg_683cd87451f940c4,faba0a8697f463f772d34a022a119a15698813068eeea87a4af754adad0c0950,b9efd2dd7bb30a6f,train,2,swebench,sensitivity_only,weak_degradation_search,20260726
swebench_django__django-11163_step_2,swebench,code_swe,django__django-11163,2,9,lg_683cd87451f940c4,faba0a8697f463f772d34a022a119a15698813068eeea87a4af754adad0c0950,b9efd2dd7bb30a6f,train,2,swebench,sensitivity_only,weak_degradation_search,20260726
swebench_django__django-11163_step_3,swebench,code_swe,django__django-11163,3,9,lg_683cd87451f940c4,faba0a8697f463f772d34a022a119a15698813068eeea87a4af754adad0c0950,b9efd2dd7bb30a6f,train,2,swebench,sensitivity_only,weak_degradation_search,20260726
swebench_django__django-11163_step_4,swebench,code_swe,django__django-11163,4,9,lg_683cd87451f940c4,faba0a8697f463f772d34a022a119a15698813068eeea87a4af754adad0c0950,b9efd2dd7bb30a6f,train,2,swebench,sensitivity_only,weak_degradation_search,20260726
swebench_django__django-11163_step_5,swebench,code_swe,django__django-11163,5,9,lg_683cd87451f940c4,faba0a8697f463f772d34a022a119a15698813068eeea87a4af754adad0c0950,b9efd2dd7bb30a6f,train,2,swebench,sensitivity_only,weak_degradation_search,20260726
swebench_django__django-11163_step_6,swebench,code_swe,django__django-11163,6,9,lg_683cd87451f940c4,faba0a8697f463f772d34a022a119a15698813068eeea87a4af754adad0c0950,b9efd2dd7bb30a6f,train,2,swebench,sensitivity_only,weak_degradation_search,20260726
swebench_django__django-11163_step_7,swebench,code_swe,django__django-11163,7,9,lg_683cd87451f940c4,faba0a8697f463f772d34a022a119a15698813068eeea87a4af754adad0c0950,b9efd2dd7bb30a6f,train,2,swebench,sensitivity_only,weak_degradation_search,20260726
swebench_django__django-11163_step_8,swebench,code_swe,django__django-11163,8,9,lg_683cd87451f940c4,faba0a8697f463f772d34a022a119a15698813068eeea87a4af754adad0c0950,b9efd2dd7bb30a6f,train,2,swebench,sensitivity_only,weak_degradation_search,20260726
swebench_django__django-11163_step_9,swebench,code_swe,django__django-11163,9,9,lg_683cd87451f940c4,faba0a8697f463f772d34a022a119a15698813068eeea87a4af754adad0c0950,b9efd2dd7bb30a6f,train,2,swebench,sensitivity_only,weak_degradation_search,20260726
swebench_django__django-11133_step_1,swebench,code_swe,django__django-11133,1,8,lg_77158b3679d0ad7a,85709a63c92fd6a717e8bbaebf150d8b8bb12f96624d9a9a4c7c80ecddd7e289,a2f5f9a31a74bff6,train,3,swebench,sensitivity_only,weak_degradation_search,20260726
swebench_django__django-11133_step_2,swebench,code_swe,django__django-11133,2,8,lg_77158b3679d0ad7a,85709a63c92fd6a717e8bbaebf150d8b8bb12f96624d9a9a4c7c80ecddd7e289,a2f5f9a31a74bff6,train,3,swebench,sensitivity_only,weak_degradation_search,20260726
swebench_django__django-11133_step_3,swebench,code_swe,django__django-11133,3,8,lg_77158b3679d0ad7a,85709a63c92fd6a717e8bbaebf150d8b8bb12f96624d9a9a4c7c80ecddd7e289,a2f5f9a31a74bff6,train,3,swebench,sensitivity_only,weak_degradation_search,20260726
swebench_django__django-11133_step_4,swebench,code_swe,django__django-11133,4,8,lg_77158b3679d0ad7a,85709a63c92fd6a717e8bbaebf150d8b8bb12f96624d9a9a4c7c80ecddd7e289,a2f5f9a31a74bff6,train,3,swebench,sensitivity_only,weak_degradation_search,20260726
swebench_django__django-11133_step_5,swebench,code_swe,django__django-11133,5,8,lg_77158b3679d0ad7a,85709a63c92fd6a717e8bbaebf150d8b8bb12f96624d9a9a4c7c80ecddd7e289,a2f5f9a31a74bff6,train,3,swebench,sensitivity_only,weak_degradation_search,20260726
swebench_django__django-11133_step_6,swebench,code_swe,django__django-11133,6,8,lg_77158b3679d0ad7a,85709a63c92fd6a717e8bbaebf150d8b8bb12f96624d9a9a4c7c80ecddd7e289,a2f5f9a31a74bff6,train,3,swebench,sensitivity_only,weak_degradation_search,20260726
swebench_django__django-11133_step_7,swebench,code_swe,django__django-11133,7,8,lg_77158b3679d0ad7a,85709a63c92fd6a717e8bbaebf150d8b8bb12f96624d9a9a4c7c80ecddd7e289,a2f5f9a31a74bff6,train,3,swebench,sensitivity_only,weak_degradation_search,20260726
swebench_django__django-11133_step_8,swebench,code_swe,django__django-11133,8,8,lg_77158b3679d0ad7a,85709a63c92fd6a717e8bbaebf150d8b8bb12f96624d9a9a4c7c80ecddd7e289,a2f5f9a31a74bff6,train,3,swebench,sensitivity_only,weak_degradation_search,20260726
swebench_django__django-11999_step_1,swebench,code_swe,django__django-11999,1,11,lg_cad6cf9377c8fa38,795d0adb7ef1ec387d4ba428c2cc53e34dc3c63fd2e40899a613065e5c35c05e,fb79e9dcda358774,train,2,swebench,sensitivity_only,weak_degradation_search,20260726
swebench_django__django-11999_step_2,swebench,code_swe,django__django-11999,2,11,lg_cad6cf9377c8fa38,795d0adb7ef1ec387d4ba428c2cc53e34dc3c63fd2e40899a613065e5c35c05e,fb79e9dcda358774,train,2,swebench,sensitivity_only,weak_degradation_search,20260726
swebench_django__django-11999_step_3,swebench,code_swe,django__django-11999,3,11,lg_cad6cf9377c8fa38,795d0adb7ef1ec387d4ba428c2cc53e34dc3c63fd2e40899a613065e5c35c05e,fb79e9dcda358774,train,2,swebench,sensitivity_only,weak_degradation_search,20260726
swebench_django__django-11999_step_4,swebench,code_swe,django__django-11999,4,11,lg_cad6cf9377c8fa38,795d0adb7ef1ec387d4ba428c2cc53e34dc3c63fd2e40899a613065e5c35c05e,fb79e9dcda358774,train,2,swebench,sensitivity_only,weak_degradation_search,20260726
swebench_django__django-11999_step_5,swebench,code_swe,django__django-11999,5,11,lg_cad6cf9377c8fa38,795d0adb7ef1ec387d4ba428c2cc53e34dc3c63fd2e40899a613065e5c35c05e,fb79e9dcda358774,train,2,swebench,sensitivity_only,weak_degradation_search,20260726
swebench_django__django-11999_step_6,swebench,code_swe,django__django-11999,6,11,lg_cad6cf9377c8fa38,795d0adb7ef1ec387d4ba428c2cc53e34dc3c63fd2e40899a613065e5c35c05e,fb79e9dcda358774,train,2,swebench,sensitivity_only,weak_degradation_search,20260726
swebench_django__django-11999_step_7,swebench,code_swe,django__django-11999,7,11,lg_cad6cf9377c8fa38,795d0adb7ef1ec387d4ba428c2cc53e34dc3c63fd2e40899a613065e5c35c05e,fb79e9dcda358774,train,2,swebench,sensitivity_only,weak_degradation_search,20260726
swebench_django__django-11999_step_8,swebench,code_swe,django__django-11999,8,11,lg_cad6cf9377c8fa38,795d0adb7ef1ec387d4ba428c2cc53e34dc3c63fd2e40899a613065e5c35c05e,fb79e9dcda358774,train,2,swebench,sensitivity_only,weak_degradation_search,20260726
swebench_django__django-11999_step_9,swebench,code_swe,django__django-11999,9,11,lg_cad6cf9377c8fa38,795d0adb7ef1ec387d4ba428c2cc53e34dc3c63fd2e40899a613065e5c35c05e,fb79e9dcda358774,train,2,swebench,sensitivity_only,weak_degradation_search,20260726
swebench_django__django-11999_step_10,swebench,code_swe,django__django-11999,10,11,lg_cad6cf9377c8fa38,795d0adb7ef1ec387d4ba428c2cc53e34dc3c63fd2e40899a613065e5c35c05e,fb79e9dcda358774,train,2,swebench,sensitivity_only,weak_degradation_search,20260726
swebench_django__django-11999_step_11,swebench,code_swe,django__django-11999,11,11,lg_cad6cf9377c8fa38,795d0adb7ef1ec387d4ba428c2cc53e34dc3c63fd2e40899a613065e5c35c05e,fb79e9dcda358774,train,2,swebench,sensitivity_only,weak_degradation_search,20260726
swebench_django__django-10914_step_1,swebench,code_swe,django__django-10914,1,8,lg_b117be26241cbe45,f5de4cfd06fc17210e760b613de9ef6f77ac8f0b19cf15d5b1e9cbc9d7a659d1,f815eededff93dd6,train,1,swebench,sensitivity_only,weak_degradation_search,20260726
swebench_django__django-10914_step_2,swebench,code_swe,django__django-10914,2,8,lg_b117be26241cbe45,f5de4cfd06fc17210e760b613de9ef6f77ac8f0b19cf15d5b1e9cbc9d7a659d1,f815eededff93dd6,train,1,swebench,sensitivity_only,weak_degradation_search,20260726
swebench_django__django-10914_step_3,swebench,code_swe,django__django-10914,3,8,lg_b117be26241cbe45,f5de4cfd06fc17210e760b613de9ef6f77ac8f0b19cf15d5b1e9cbc9d7a659d1,f815eededff93dd6,train,1,swebench,sensitivity_only,weak_degradation_search,20260726
swebench_django__django-10914_step_4,swebench,code_swe,django__django-10914,4,8,lg_b117be26241cbe45,f5de4cfd06fc17210e760b613de9ef6f77ac8f0b19cf15d5b1e9cbc9d7a659d1,f815eededff93dd6,train,1,swebench,sensitivity_only,weak_degradation_search,20260726
swebench_django__django-10914_step_5,swebench,code_swe,django__django-10914,5,8,lg_b117be26241cbe45,f5de4cfd06fc17210e760b613de9ef6f77ac8f0b19cf15d5b1e9cbc9d7a659d1,f815eededff93dd6,train,1,swebench,sensitivity_only,weak_degradation_search,20260726
swebench_django__django-10914_step_6,swebench,code_swe,django__django-10914,6,8,lg_b117be26241cbe45,f5de4cfd06fc17210e760b613de9ef6f77ac8f0b19cf15d5b1e9cbc9d7a659d1,f815eededff93dd6,train,1,swebench,sensitivity_only,weak_degradation_search,20260726
swebench_django__django-10914_step_7,swebench,code_swe,django__django-10914,7,8,lg_b117be26241cbe45,f5de4cfd06fc17210e760b613de9ef6f77ac8f0b19cf15d5b1e9cbc9d7a659d1,f815eededff93dd6,train,1,swebench,sensitivity_only,weak_degradation_search,20260726
swebench_django__django-10914_step_8,swebench,code_swe,django__django-10914,8,8,lg_b117be26241cbe45,f5de4cfd06fc17210e760b613de9ef6f77ac8f0b19cf15d5b1e9cbc9d7a659d1,f815eededff93dd6,train,1,swebench,sensitivity_only,weak_degradation_search,20260726
swebench_django__django-11099_step_1,swebench,code_swe,django__django-11099,1,7,lg_6c5e8c8ef185d112,adaebf8065247c254d582340a95130b2f0ef9aa959c0195070c6225f053b45ac,ab87bdc5ce1e50a1,test,4,swebench,sensitivity_only,weak_degradation_search,20260726
swebench_django__django-11099_step_2,swebench,code_swe,django__django-11099,2,7,lg_6c5e8c8ef185d112,adaebf8065247c254d582340a95130b2f0ef9aa959c0195070c6225f053b45ac,ab87bdc5ce1e50a1,test,4,swebench,sensitivity_only,weak_degradation_search,20260726
swebench_django__django-11099_step_3,swebench,code_swe,django__django-11099,3,7,lg_6c5e8c8ef185d112,adaebf8065247c254d582340a95130b2f0ef9aa959c0195070c6225f053b45ac,ab87bdc5ce1e50a1,test,4,swebench,sensitivity_only,weak_degradation_search,20260726
swebench_django__django-11099_step_4,swebench,code_swe,django__django-11099,4,7,lg_6c5e8c8ef185d112,adaebf8065247c254d582340a95130b2f0ef9aa959c0195070c6225f053b45ac,ab87bdc5ce1e50a1,test,4,swebench,sensitivity_only,weak_degradation_search,20260726
swebench_django__django-11099_step_5,swebench,code_swe,django__django-11099,5,7,lg_6c5e8c8ef185d112,adaebf8065247c254d582340a95130b2f0ef9aa959c0195070c6225f053b45ac,ab87bdc5ce1e50a1,test,4,swebench,sensitivity_only,weak_degradation_search,20260726
swebench_django__django-11099_step_6,swebench,code_swe,django__django-11099,6,7,lg_6c5e8c8ef185d112,adaebf8065247c254d582340a95130b2f0ef9aa959c0195070c6225f053b45ac,ab87bdc5ce1e50a1,test,4,swebench,sensitivity_only,weak_degradation_search,20260726
swebench_django__django-11099_step_7,swebench,code_swe,django__django-11099,7,7,lg_6c5e8c8ef185d112,adaebf8065247c254d582340a95130b2f0ef9aa959c0195070c6225f053b45ac,ab87bdc5ce1e50a1,test,4,swebench,sensitivity_only,weak_degradation_search,20260726
swebench_django__django-11119_step_1,swebench,code_swe,django__django-11119,1,9,lg_bf881f23139de725,77b7b28f41ae877e104f7a6b7e1f3e98f1956eb7831985af7d455b108d948954,ad2482c17b3e7f7f,test,4,swebench,sensitivity_only,weak_degradation_search,20260726
swebench_django__django-11119_step_2,swebench,code_swe,django__django-11119,2,9,lg_bf881f23139de725,77b7b28f41ae877e104f7a6b7e1f3e98f1956eb7831985af7d455b108d948954,ad2482c17b3e7f7f,test,4,swebench,sensitivity_only,weak_degradation_search,20260726
swebench_django__django-11119_step_3,swebench,code_swe,django__django-11119,3,9,lg_bf881f23139de725,77b7b28f41ae877e104f7a6b7e1f3e98f1956eb7831985af7d455b108d948954,ad2482c17b3e7f7f,test,4,swebench,sensitivity_only,weak_degradation_search,20260726
swebench_django__django-11119_step_4,swebench,code_swe,django__django-11119,4,9,lg_bf881f23139de725,77b7b28f41ae877e104f7a6b7e1f3e98f1956eb7831985af7d455b108d948954,ad2482c17b3e7f7f,test,4,swebench,sensitivity_only,weak_degradation_search,20260726
swebench_django__django-11119_step_5,swebench,code_swe,django__django-11119,5,9,lg_bf881f23139de725,77b7b28f41ae877e104f7a6b7e1f3e98f1956eb7831985af7d455b108d948954,ad2482c17b3e7f7f,test,4,swebench,sensitivity_only,weak_degradation_search,20260726
swebench_django__django-11119_step_6,swebench,code_swe,django__django-11119,6,9,lg_bf881f23139de725,77b7b28f41ae877e104f7a6b7e1f3e98f1956eb7831985af7d455b108d948954,ad2482c17b3e7f7f,test,4,swebench,sensitivity_only,weak_degradation_search,20260726
swebench_django__django-11119_step_7,swebench,code_swe,django__django-11119,7,9,lg_bf881f23139de725,77b7b28f41ae877e104f7a6b7e1f3e98f1956eb7831985af7d455b108d948954,ad2482c17b3e7f7f,test,4,swebench,sensitivity_only,weak_degradation_search,20260726
swebench_django__django-11119_step_8,swebench,code_swe,django__django-11119,8,9,lg_bf881f23139de725,77b7b28f41ae877e104f7a6b7e1f3e98f1956eb7831985af7d455b108d948954,ad2482c17b3e7f7f,test,4,swebench,sensitivity_only,weak_degradation_search,20260726
swebench_django__django-11119_step_9,swebench,code_swe,django__django-11119,9,9,lg_bf881f23139de725,77b7b28f41ae877e104f7a6b7e1f3e98f1956eb7831985af7d455b108d948954,ad2482c17b3e7f7f,test,4,swebench,sensitivity_only,weak_degradation_search,20260726
swebench_django__django-12273_step_1,swebench,code_swe,django__django-12273,1,5,lg_7a302b29a49d320f,aa20213dbbf83af52963089ee28099133ab7e2387ccfe6779ed7bae23aaa7bd7,218348d33e9b85ed,train,2,swebench,sensitivity_only,weak_degradation_search,20260726
swebench_django__django-12273_step_2,swebench,code_swe,django__django-12273,2,5,lg_7a302b29a49d320f,aa20213dbbf83af52963089ee28099133ab7e2387ccfe6779ed7bae23aaa7bd7,218348d33e9b85ed,train,2,swebench,sensitivity_only,weak_degradation_search,20260726
swebench_django__django-12273_step_3,swebench,code_swe,django__django-12273,3,5,lg_7a302b29a49d320f,aa20213dbbf83af52963089ee28099133ab7e2387ccfe6779ed7bae23aaa7bd7,218348d33e9b85ed,train,2,swebench,sensitivity_only,weak_degradation_search,20260726
swebench_django__django-12273_step_4,swebench,code_swe,django__django-12273,4,5,lg_7a302b29a49d320f,aa20213dbbf83af52963089ee28099133ab7e2387ccfe6779ed7bae23aaa7bd7,218348d33e9b85ed,train,2,swebench,sensitivity_only,weak_degradation_search,20260726
swebench_django__django-12273_step_5,swebench,code_swe,django__django-12273,5,5,lg_7a302b29a49d320f,aa20213dbbf83af52963089ee28099133ab7e2387ccfe6779ed7bae23aaa7bd7,218348d33e9b85ed,train,2,swebench,sensitivity_only,weak_degradation_search,20260726
swebench_django__django-12325_step_1,swebench,code_swe,django__django-12325,1,7,lg_d0ae3e281c1de933,da67f87fee72155c1d36ca80fe61c9a9dc00d9f047c3cc935679d9de0240f9f6,bccab5d9fe2b37f5,train,2,swebench,sensitivity_only,weak_degradation_search,20260726
swebench_django__django-12325_step_2,swebench,code_swe,django__django-12325,2,7,lg_d0ae3e281c1de933,da67f87fee72155c1d36ca80fe61c9a9dc00d9f047c3cc935679d9de0240f9f6,bccab5d9fe2b37f5,train,2,swebench,sensitivity_only,weak_degradation_search,20260726
swebench_django__django-12325_step_3,swebench,code_swe,django__django-12325,3,7,lg_d0ae3e281c1de933,da67f87fee72155c1d36ca80fe61c9a9dc00d9f047c3cc935679d9de0240f9f6,bccab5d9fe2b37f5,train,2,swebench,sensitivity_only,weak_degradation_search,20260726
swebench_django__django-12325_step_4,swebench,code_swe,django__django-12325,4,7,lg_d0ae3e281c1de933,da67f87fee72155c1d36ca80fe61c9a9dc00d9f047c3cc935679d9de0240f9f6,bccab5d9fe2b37f5,train,2,swebench,sensitivity_only,weak_degradation_search,20260726
swebench_django__django-12325_step_5,swebench,code_swe,django__django-12325,5,7,lg_d0ae3e281c1de933,da67f87fee72155c1d36ca80fe61c9a9dc00d9f047c3cc935679d9de0240f9f6,bccab5d9fe2b37f5,train,2,swebench,sensitivity_only,weak_degradation_search,20260726
swebench_django__django-12325_step_6,swebench,code_swe,django__django-12325,6,7,lg_d0ae3e281c1de933,da67f87fee72155c1d36ca80fe61c9a9dc00d9f047c3cc935679d9de0240f9f6,bccab5d9fe2b37f5,train,2,swebench,sensitivity_only,weak_degradation_search,20260726
swebench_django__django-12325_step_7,swebench,code_swe,django__django-12325,7,7,lg_d0ae3e281c1de933,da67f87fee72155c1d36ca80fe61c9a9dc00d9f047c3cc935679d9de0240f9f6,bccab5d9fe2b37f5,train,2,swebench,sensitivity_only,weak_degradation_search,20260726
swebench_django__django-12262_step_1,swebench,code_swe,django__django-12262,1,7,lg_b7d3ca733b1cb07e,1ebbb0d4cda78adbdfcc69d88600c6ed28670a56059eac14ec7eb371b91a51d1,01cff3b3c353d2af,test,4,swebench,sensitivity_only,weak_degradation_search,20260726
swebench_django__django-12262_step_2,swebench,code_swe,django__django-12262,2,7,lg_b7d3ca733b1cb07e,1ebbb0d4cda78adbdfcc69d88600c6ed28670a56059eac14ec7eb371b91a51d1,01cff3b3c353d2af,test,4,swebench,sensitivity_only,weak_degradation_search,20260726
swebench_django__django-12262_step_3,swebench,code_swe,django__django-12262,3,7,lg_b7d3ca733b1cb07e,1ebbb0d4cda78adbdfcc69d88600c6ed28670a56059eac14ec7eb371b91a51d1,01cff3b3c353d2af,test,4,swebench,sensitivity_only,weak_degradation_search,20260726
swebench_django__django-12262_step_4,swebench,code_swe,django__django-12262,4,7,lg_b7d3ca733b1cb07e,1ebbb0d4cda78adbdfcc69d88600c6ed28670a56059eac14ec7eb371b91a51d1,01cff3b3c353d2af,test,4,swebench,sensitivity_only,weak_degradation_search,20260726
swebench_django__django-12262_step_5,swebench,code_swe,django__django-12262,5,7,lg_b7d3ca733b1cb07e,1ebbb0d4cda78adbdfcc69d88600c6ed28670a56059eac14ec7eb371b91a51d1,01cff3b3c353d2af,test,4,swebench,sensitivity_only,weak_degradation_search,20260726
swebench_django__django-12262_step_6,swebench,code_swe,django__django-12262,6,7,lg_b7d3ca733b1cb07e,1ebbb0d4cda78adbdfcc69d88600c6ed28670a56059eac14ec7eb371b91a51d1,01cff3b3c353d2af,test,4,swebench,sensitivity_only,weak_degradation_search,20260726
swebench_django__django-12262_step_7,swebench,code_swe,django__django-12262,7,7,lg_b7d3ca733b1cb07e,1ebbb0d4cda78adbdfcc69d88600c6ed28670a56059eac14ec7eb371b91a51d1,01cff3b3c353d2af,test,4,swebench,sensitivity_only,weak_degradation_search,20260726
swebench_django__django-12276_step_1,swebench,code_swe,django__django-12276,1,9,lg_176a992b0dbbba25,30c9a983cc8f1f0eaf05717537976faacb650f0bb3d3a00aaf16eae4f48f6d52,39fffebb1e23f77f,validation,0,swebench,sensitivity_only,weak_degradation_search,20260726
swebench_django__django-12276_step_2,swebench,code_swe,django__django-12276,2,9,lg_176a992b0dbbba25,30c9a983cc8f1f0eaf05717537976faacb650f0bb3d3a00aaf16eae4f48f6d52,39fffebb1e23f77f,validation,0,swebench,sensitivity_only,weak_degradation_search,20260726
swebench_django__django-12276_step_3,swebench,code_swe,django__django-12276,3,9,lg_176a992b0dbbba25,30c9a983cc8f1f0eaf05717537976faacb650f0bb3d3a00aaf16eae4f48f6d52,39fffebb1e23f77f,validation,0,swebench,sensitivity_only,weak_degradation_search,20260726
swebench_django__django-12276_step_4,swebench,code_swe,django__django-12276,4,9,lg_176a992b0dbbba25,30c9a983cc8f1f0eaf05717537976faacb650f0bb3d3a00aaf16eae4f48f6d52,39fffebb1e23f77f,validation,0,swebench,sensitivity_only,weak_degradation_search,20260726
swebench_django__django-12276_step_5,swebench,code_swe,django__django-12276,5,9,lg_176a992b0dbbba25,30c9a983cc8f1f0eaf05717537976faacb650f0bb3d3a00aaf16eae4f48f6d52,39fffebb1e23f77f,validation,0,swebench,sensitivity_only,weak_degradation_search,20260726
swebench_django__django-12276_step_6,swebench,code_swe,django__django-12276,6,9,lg_176a992b0dbbba25,30c9a983cc8f1f0eaf05717537976faacb650f0bb3d3a00aaf16eae4f48f6d52,39fffebb1e23f77f,validation,0,swebench,sensitivity_only,weak_degradation_search,20260726
swebench_django__django-12276_step_7,swebench,code_swe,django__django-12276,7,9,lg_176a992b0dbbba25,30c9a983cc8f1f0eaf05717537976faacb650f0bb3d3a00aaf16eae4f48f6d52,39fffebb1e23f77f,validation,0,swebench,sensitivity_only,weak_degradation_search,20260726
swebench_django__django-12276_step_8,swebench,code_swe,django__django-12276,8,9,lg_176a992b0dbbba25,30c9a983cc8f1f0eaf05717537976faacb650f0bb3d3a00aaf16eae4f48f6d52,39fffebb1e23f77f,validation,0,swebench,sensitivity_only,weak_degradation_search,20260726
swebench_django__django-12276_step_9,swebench,code_swe,django__django-12276,9,9,lg_176a992b0dbbba25,30c9a983cc8f1f0eaf05717537976faacb650f0bb3d3a00aaf16eae4f48f6d52,39fffebb1e23f77f,validation,0,swebench,sensitivity_only,weak_degradation_search,20260726
swebench_sympy__sympy-11618_step_1,swebench,code_swe,sympy__sympy-11618,1,11,lg_c52843bf7328daaf,2344724c1cbd90d4b6806d073483c01371dc9cd11102ed10cd17d84f6916da1b,22b3bab72fad70f3,train,3,swebench,sensitivity_only,weak_degradation_search,20260726
swebench_sympy__sympy-11618_step_2,swebench,code_swe,sympy__sympy-11618,2,11,lg_c52843bf7328daaf,2344724c1cbd90d4b6806d073483c01371dc9cd11102ed10cd17d84f6916da1b,22b3bab72fad70f3,train,3,swebench,sensitivity_only,weak_degradation_search,20260726
swebench_sympy__sympy-11618_step_3,swebench,code_swe,sympy__sympy-11618,3,11,lg_c52843bf7328daaf,2344724c1cbd90d4b6806d073483c01371dc9cd11102ed10cd17d84f6916da1b,22b3bab72fad70f3,train,3,swebench,sensitivity_only,weak_degradation_search,20260726
swebench_sympy__sympy-11618_step_4,swebench,code_swe,sympy__sympy-11618,4,11,lg_c52843bf7328daaf,2344724c1cbd90d4b6806d073483c01371dc9cd11102ed10cd17d84f6916da1b,22b3bab72fad70f3,train,3,swebench,sensitivity_only,weak_degradation_search,20260726
swebench_sympy__sympy-11618_step_5,swebench,code_swe,sympy__sympy-11618,5,11,lg_c52843bf7328daaf,2344724c1cbd90d4b6806d073483c01371dc9cd11102ed10cd17d84f6916da1b,22b3bab72fad70f3,train,3,swebench,sensitivity_only,weak_degradation_search,20260726
swebench_sympy__sympy-11618_step_6,swebench,code_swe,sympy__sympy-11618,6,11,lg_c52843bf7328daaf,2344724c1cbd90d4b6806d073483c01371dc9cd11102ed10cd17d84f6916da1b,22b3bab72fad70f3,train,3,swebench,sensitivity_only,weak_degradation_search,20260726
swebench_sympy__sympy-11618_step_7,swebench,code_swe,sympy__sympy-11618,7,11,lg_c52843bf7328daaf,2344724c1cbd90d4b6806d073483c01371dc9cd11102ed10cd17d84f6916da1b,22b3bab72fad70f3,train,3,swebench,sensitivity_only,weak_degradation_search,20260726
swebench_sympy__sympy-11618_step_8,swebench,code_swe,sympy__sympy-11618,8,11,lg_c52843bf7328daaf,2344724c1cbd90d4b6806d073483c01371dc9cd11102ed10cd17d84f6916da1b,22b3bab72fad70f3,train,3,swebench,sensitivity_only,weak_degradation_search,20260726
swebench_sympy__sympy-11618_step_9,swebench,code_swe,sympy__sympy-11618,9,11,lg_c52843bf7328daaf,2344724c1cbd90d4b6806d073483c01371dc9cd11102ed10cd17d84f6916da1b,22b3bab72fad70f3,train,3,swebench,sensitivity_only,weak_degradation_search,20260726
swebench_sympy__sympy-11618_step_10,swebench,code_swe,sympy__sympy-11618,10,11,lg_c52843bf7328daaf,2344724c1cbd90d4b6806d073483c01371dc9cd11102ed10cd17d84f6916da1b,22b3bab72fad70f3,train,3,swebench,sensitivity_only,weak_degradation_search,20260726
swebench_sympy__sympy-11618_step_11,swebench,code_swe,sympy__sympy-11618,11,11,lg_c52843bf7328daaf,2344724c1cbd90d4b6806d073483c01371dc9cd11102ed10cd17d84f6916da1b,22b3bab72fad70f3,train,3,swebench,sensitivity_only,weak_degradation_search,20260726
swebench_sphinx-doc__sphinx-10323_step_1,swebench,code_swe,sphinx-doc__sphinx-10323,1,10,lg_12a32445142278f3,f3aca054821626277084bd90d3aaf79f0df29097fb13d8b5d3839a718a73284b,df129fcb3ca66391,train,3,swebench,sensitivity_only,weak_degradation_search,20260726
swebench_sphinx-doc__sphinx-10323_step_2,swebench,code_swe,sphinx-doc__sphinx-10323,2,10,lg_12a32445142278f3,f3aca054821626277084bd90d3aaf79f0df29097fb13d8b5d3839a718a73284b,df129fcb3ca66391,train,3,swebench,sensitivity_only,weak_degradation_search,20260726
swebench_sphinx-doc__sphinx-10323_step_3,swebench,code_swe,sphinx-doc__sphinx-10323,3,10,lg_12a32445142278f3,f3aca054821626277084bd90d3aaf79f0df29097fb13d8b5d3839a718a73284b,df129fcb3ca66391,train,3,swebench,sensitivity_only,weak_degradation_search,20260726
swebench_sphinx-doc__sphinx-10323_step_4,swebench,code_swe,sphinx-doc__sphinx-10323,4,10,lg_12a32445142278f3,f3aca054821626277084bd90d3aaf79f0df29097fb13d8b5d3839a718a73284b,df129fcb3ca66391,train,3,swebench,sensitivity_only,weak_degradation_search,20260726
swebench_sphinx-doc__sphinx-10323_step_5,swebench,code_swe,sphinx-doc__sphinx-10323,5,10,lg_12a32445142278f3,f3aca054821626277084bd90d3aaf79f0df29097fb13d8b5d3839a718a73284b,df129fcb3ca66391,train,3,swebench,sensitivity_only,weak_degradation_search,20260726
swebench_sphinx-doc__sphinx-10323_step_6,swebench,code_swe,sphinx-doc__sphinx-10323,6,10,lg_12a32445142278f3,f3aca054821626277084bd90d3aaf79f0df29097fb13d8b5d3839a718a73284b,df129fcb3ca66391,train,3,swebench,sensitivity_only,weak_degradation_search,20260726
swebench_sphinx-doc__sphinx-10323_step_7,swebench,code_swe,sphinx-doc__sphinx-10323,7,10,lg_12a32445142278f3,f3aca054821626277084bd90d3aaf79f0df29097fb13d8b5d3839a718a73284b,df129fcb3ca66391,train,3,swebench,sensitivity_only,weak_degradation_search,20260726
swebench_sphinx-doc__sphinx-10323_step_8,swebench,code_swe,sphinx-doc__sphinx-10323,8,10,lg_12a32445142278f3,f3aca054821626277084bd90d3aaf79f0df29097fb13d8b5d3839a718a73284b,df129fcb3ca66391,train,3,swebench,sensitivity_only,weak_degradation_search,20260726
swebench_sphinx-doc__sphinx-10323_step_9,swebench,code_swe,sphinx-doc__sphinx-10323,9,10,lg_12a32445142278f3,f3aca054821626277084bd90d3aaf79f0df29097fb13d8b5d3839a718a73284b,df129fcb3ca66391,train,3,swebench,sensitivity_only,weak_degradation_search,20260726
swebench_sphinx-doc__sphinx-10323_step_10,swebench,code_swe,sphinx-doc__sphinx-10323,10,10,lg_12a32445142278f3,f3aca054821626277084bd90d3aaf79f0df29097fb13d8b5d3839a718a73284b,df129fcb3ca66391,train,3,swebench,sensitivity_only,weak_degradation_search,20260726
swebench_matplotlib__matplotlib-13989_step_1,swebench,code_swe,matplotlib__matplotlib-13989,1,9,lg_5ce6d9c835ba9c61,86ee248b5e16b3ee7d63a1b76dca31a059f8c302f9b04571ce13e5bc50c6cd6e,2ed2662144bd45a3,validation,0,swebench,sensitivity_only,weak_degradation_search,20260726
swebench_matplotlib__matplotlib-13989_step_2,swebench,code_swe,matplotlib__matplotlib-13989,2,9,lg_5ce6d9c835ba9c61,86ee248b5e16b3ee7d63a1b76dca31a059f8c302f9b04571ce13e5bc50c6cd6e,2ed2662144bd45a3,validation,0,swebench,sensitivity_only,weak_degradation_search,20260726
swebench_matplotlib__matplotlib-13989_step_3,swebench,code_swe,matplotlib__matplotlib-13989,3,9,lg_5ce6d9c835ba9c61,86ee248b5e16b3ee7d63a1b76dca31a059f8c302f9b04571ce13e5bc50c6cd6e,2ed2662144bd45a3,validation,0,swebench,sensitivity_only,weak_degradation_search,20260726
swebench_matplotlib__matplotlib-13989_step_4,swebench,code_swe,matplotlib__matplotlib-13989,4,9,lg_5ce6d9c835ba9c61,86ee248b5e16b3ee7d63a1b76dca31a059f8c302f9b04571ce13e5bc50c6cd6e,2ed2662144bd45a3,validation,0,swebench,sensitivity_only,weak_degradation_search,20260726
swebench_matplotlib__matplotlib-13989_step_5,swebench,code_swe,matplotlib__matplotlib-13989,5,9,lg_5ce6d9c835ba9c61,86ee248b5e16b3ee7d63a1b76dca31a059f8c302f9b04571ce13e5bc50c6cd6e,2ed2662144bd45a3,validation,0,swebench,sensitivity_only,weak_degradation_search,20260726
swebench_matplotlib__matplotlib-13989_step_6,swebench,code_swe,matplotlib__matplotlib-13989,6,9,lg_5ce6d9c835ba9c61,86ee248b5e16b3ee7d63a1b76dca31a059f8c302f9b04571ce13e5bc50c6cd6e,2ed2662144bd45a3,validation,0,swebench,sensitivity_only,weak_degradation_search,20260726
swebench_matplotlib__matplotlib-13989_step_7,swebench,code_swe,matplotlib__matplotlib-13989,7,9,lg_5ce6d9c835ba9c61,86ee248b5e16b3ee7d63a1b76dca31a059f8c302f9b04571ce13e5bc50c6cd6e,2ed2662144bd45a3,validation,0,swebench,sensitivity_only,weak_degradation_search,20260726
swebench_matplotlib__matplotlib-13989_step_8,swebench,code_swe,matplotlib__matplotlib-13989,8,9,lg_5ce6d9c835ba9c61,86ee248b5e16b3ee7d63a1b76dca31a059f8c302f9b04571ce13e5bc50c6cd6e,2ed2662144bd45a3,validation,0,swebench,sensitivity_only,weak_degradation_search,20260726
swebench_matplotlib__matplotlib-13989_step_9,swebench,code_swe,matplotlib__matplotlib-13989,9,9,lg_5ce6d9c835ba9c61,86ee248b5e16b3ee7d63a1b76dca31a059f8c302f9b04571ce13e5bc50c6cd6e,2ed2662144bd45a3,validation,0,swebench,sensitivity_only,weak_degradation_search,20260726
swebench_pydata__xarray-2905_step_1,swebench,code_swe,pydata__xarray-2905,1,8,lg_869ed4f5f4370974,65caf62ebfaf14631a24dbb180d92d1cae86dade7bb836b78b7fb74e937c1c7b,91ce51733c3d533e,train,3,swebench,sensitivity_only,weak_degradation_search,20260726
swebench_pydata__xarray-2905_step_2,swebench,code_swe,pydata__xarray-2905,2,8,lg_869ed4f5f4370974,65caf62ebfaf14631a24dbb180d92d1cae86dade7bb836b78b7fb74e937c1c7b,91ce51733c3d533e,train,3,swebench,sensitivity_only,weak_degradation_search,20260726
swebench_pydata__xarray-2905_step_3,swebench,code_swe,pydata__xarray-2905,3,8,lg_869ed4f5f4370974,65caf62ebfaf14631a24dbb180d92d1cae86dade7bb836b78b7fb74e937c1c7b,91ce51733c3d533e,train,3,swebench,sensitivity_only,weak_degradation_search,20260726
swebench_pydata__xarray-2905_step_4,swebench,code_swe,pydata__xarray-2905,4,8,lg_869ed4f5f4370974,65caf62ebfaf14631a24dbb180d92d1cae86dade7bb836b78b7fb74e937c1c7b,91ce51733c3d533e,train,3,swebench,sensitivity_only,weak_degradation_search,20260726
swebench_pydata__xarray-2905_step_5,swebench,code_swe,pydata__xarray-2905,5,8,lg_869ed4f5f4370974,65caf62ebfaf14631a24dbb180d92d1cae86dade7bb836b78b7fb74e937c1c7b,91ce51733c3d533e,train,3,swebench,sensitivity_only,weak_degradation_search,20260726
swebench_pydata__xarray-2905_step_6,swebench,code_swe,pydata__xarray-2905,6,8,lg_869ed4f5f4370974,65caf62ebfaf14631a24dbb180d92d1cae86dade7bb836b78b7fb74e937c1c7b,91ce51733c3d533e,train,3,swebench,sensitivity_only,weak_degradation_search,20260726
swebench_pydata__xarray-2905_step_7,swebench,code_swe,pydata__xarray-2905,7,8,lg_869ed4f5f4370974,65caf62ebfaf14631a24dbb180d92d1cae86dade7bb836b78b7fb74e937c1c7b,91ce51733c3d533e,train,3,swebench,sensitivity_only,weak_degradation_search,20260726
swebench_pydata__xarray-2905_step_8,swebench,code_swe,pydata__xarray-2905,8,8,lg_869ed4f5f4370974,65caf62ebfaf14631a24dbb180d92d1cae86dade7bb836b78b7fb74e937c1c7b,91ce51733c3d533e,train,3,swebench,sensitivity_only,weak_degradation_search,20260726
swebench_astropy__astropy-12907_step_1,swebench,code_swe,astropy__astropy-12907,1,7,lg_56bd537fbbe4e7e2,4b9ba2ae898666310694e62a164fd5b68a184f613498ed4bff2330631e181d9a,327088d998211b53,train,3,swebench,sensitivity_only,weak_degradation_search,20260726
swebench_astropy__astropy-12907_step_2,swebench,code_swe,astropy__astropy-12907,2,7,lg_56bd537fbbe4e7e2,4b9ba2ae898666310694e62a164fd5b68a184f613498ed4bff2330631e181d9a,327088d998211b53,train,3,swebench,sensitivity_only,weak_degradation_search,20260726
swebench_astropy__astropy-12907_step_3,swebench,code_swe,astropy__astropy-12907,3,7,lg_56bd537fbbe4e7e2,4b9ba2ae898666310694e62a164fd5b68a184f613498ed4bff2330631e181d9a,327088d998211b53,train,3,swebench,sensitivity_only,weak_degradation_search,20260726
swebench_astropy__astropy-12907_step_4,swebench,code_swe,astropy__astropy-12907,4,7,lg_56bd537fbbe4e7e2,4b9ba2ae898666310694e62a164fd5b68a184f613498ed4bff2330631e181d9a,327088d998211b53,train,3,swebench,sensitivity_only,weak_degradation_search,20260726
swebench_astropy__astropy-12907_step_5,swebench,code_swe,astropy__astropy-12907,5,7,lg_56bd537fbbe4e7e2,4b9ba2ae898666310694e62a164fd5b68a184f613498ed4bff2330631e181d9a,327088d998211b53,train,3,swebench,sensitivity_only,weak_degradation_search,20260726
swebench_astropy__astropy-12907_step_6,swebench,code_swe,astropy__astropy-12907,6,7,lg_56bd537fbbe4e7e2,4b9ba2ae898666310694e62a164fd5b68a184f613498ed4bff2330631e181d9a,327088d998211b53,train,3,swebench,sensitivity_only,weak_degradation_search,20260726
swebench_astropy__astropy-12907_step_7,swebench,code_swe,astropy__astropy-12907,7,7,lg_56bd537fbbe4e7e2,4b9ba2ae898666310694e62a164fd5b68a184f613498ed4bff2330631e181d9a,327088d998211b53,train,3,swebench,sensitivity_only,weak_degradation_search,20260726
swebench_scikit-learn__scikit-learn-10297_step_1,swebench,code_swe,scikit-learn__scikit-learn-10297,1,10,lg_28c10c92d52bbe54,47232cd6258d998ac4f2b8112699dd46ed2009e070d57a955d19ac93ef8d4747,17905ba0e5b25e9b,train,3,swebench,sensitivity_only,weak_degradation_search,20260726
swebench_scikit-learn__scikit-learn-10297_step_2,swebench,code_swe,scikit-learn__scikit-learn-10297,2,10,lg_28c10c92d52bbe54,47232cd6258d998ac4f2b8112699dd46ed2009e070d57a955d19ac93ef8d4747,17905ba0e5b25e9b,train,3,swebench,sensitivity_only,weak_degradation_search,20260726
swebench_scikit-learn__scikit-learn-10297_step_3,swebench,code_swe,scikit-learn__scikit-learn-10297,3,10,lg_28c10c92d52bbe54,47232cd6258d998ac4f2b8112699dd46ed2009e070d57a955d19ac93ef8d4747,17905ba0e5b25e9b,train,3,swebench,sensitivity_only,weak_degradation_search,20260726
swebench_scikit-learn__scikit-learn-10297_step_4,swebench,code_swe,scikit-learn__scikit-learn-10297,4,10,lg_28c10c92d52bbe54,47232cd6258d998ac4f2b8112699dd46ed2009e070d57a955d19ac93ef8d4747,17905ba0e5b25e9b,train,3,swebench,sensitivity_only,weak_degradation_search,20260726
swebench_scikit-learn__scikit-learn-10297_step_5,swebench,code_swe,scikit-learn__scikit-learn-10297,5,10,lg_28c10c92d52bbe54,47232cd6258d998ac4f2b8112699dd46ed2009e070d57a955d19ac93ef8d4747,17905ba0e5b25e9b,train,3,swebench,sensitivity_only,weak_degradation_search,20260726
swebench_scikit-learn__scikit-learn-10297_step_6,swebench,code_swe,scikit-learn__scikit-learn-10297,6,10,lg_28c10c92d52bbe54,47232cd6258d998ac4f2b8112699dd46ed2009e070d57a955d19ac93ef8d4747,17905ba0e5b25e9b,train,3,swebench,sensitivity_only,weak_degradation_search,20260726
swebench_scikit-learn__scikit-learn-10297_step_7,swebench,code_swe,scikit-learn__scikit-learn-10297,7,10,lg_28c10c92d52bbe54,47232cd6258d998ac4f2b8112699dd46ed2009e070d57a955d19ac93ef8d4747,17905ba0e5b25e9b,train,3,swebench,sensitivity_only,weak_degradation_search,20260726
swebench_scikit-learn__scikit-learn-10297_step_8,swebench,code_swe,scikit-learn__scikit-learn-10297,8,10,lg_28c10c92d52bbe54,47232cd6258d998ac4f2b8112699dd46ed2009e070d57a955d19ac93ef8d4747,17905ba0e5b25e9b,train,3,swebench,sensitivity_only,weak_degradation_search,20260726
swebench_scikit-learn__scikit-learn-10297_step_9,swebench,code_swe,scikit-learn__scikit-learn-10297,9,10,lg_28c10c92d52bbe54,47232cd6258d998ac4f2b8112699dd46ed2009e070d57a955d19ac93ef8d4747,17905ba0e5b25e9b,train,3,swebench,sensitivity_only,weak_degradation_search,20260726
swebench_scikit-learn__scikit-learn-10297_step_10,swebench,code_swe,scikit-learn__scikit-learn-10297,10,10,lg_28c10c92d52bbe54,47232cd6258d998ac4f2b8112699dd46ed2009e070d57a955d19ac93ef8d4747,17905ba0e5b25e9b,train,3,swebench,sensitivity_only,weak_degradation_search,20260726
swebench_psf__requests-1142_step_1,swebench,code_swe,psf__requests-1142,1,9,lg_8720316e150293d4,360a58ceb46d71a44947a7e88dd32e9d76146d4e24b775acd3a1f4f3fcf26266,b61fa5fd287e12fa,train,1,swebench,sensitivity_only,weak_degradation_search,20260726
swebench_psf__requests-1142_step_2,swebench,code_swe,psf__requests-1142,2,9,lg_8720316e150293d4,360a58ceb46d71a44947a7e88dd32e9d76146d4e24b775acd3a1f4f3fcf26266,b61fa5fd287e12fa,train,1,swebench,sensitivity_only,weak_degradation_search,20260726
swebench_psf__requests-1142_step_3,swebench,code_swe,psf__requests-1142,3,9,lg_8720316e150293d4,360a58ceb46d71a44947a7e88dd32e9d76146d4e24b775acd3a1f4f3fcf26266,b61fa5fd287e12fa,train,1,swebench,sensitivity_only,weak_degradation_search,20260726
swebench_psf__requests-1142_step_4,swebench,code_swe,psf__requests-1142,4,9,lg_8720316e150293d4,360a58ceb46d71a44947a7e88dd32e9d76146d4e24b775acd3a1f4f3fcf26266,b61fa5fd287e12fa,train,1,swebench,sensitivity_only,weak_degradation_search,20260726
swebench_psf__requests-1142_step_5,swebench,code_swe,psf__requests-1142,5,9,lg_8720316e150293d4,360a58ceb46d71a44947a7e88dd32e9d76146d4e24b775acd3a1f4f3fcf26266,b61fa5fd287e12fa,train,1,swebench,sensitivity_only,weak_degradation_search,20260726
swebench_psf__requests-1142_step_6,swebench,code_swe,psf__requests-1142,6,9,lg_8720316e150293d4,360a58ceb46d71a44947a7e88dd32e9d76146d4e24b775acd3a1f4f3fcf26266,b61fa5fd287e12fa,train,1,swebench,sensitivity_only,weak_degradation_search,20260726
swebench_psf__requests-1142_step_7,swebench,code_swe,psf__requests-1142,7,9,lg_8720316e150293d4,360a58ceb46d71a44947a7e88dd32e9d76146d4e24b775acd3a1f4f3fcf26266,b61fa5fd287e12fa,train,1,swebench,sensitivity_only,weak_degradation_search,20260726
swebench_psf__requests-1142_step_8,swebench,code_swe,psf__requests-1142,8,9,lg_8720316e150293d4,360a58ceb46d71a44947a7e88dd32e9d76146d4e24b775acd3a1f4f3fcf26266,b61fa5fd287e12fa,train,1,swebench,sensitivity_only,weak_degradation_search,20260726
swebench_psf__requests-1142_step_9,swebench,code_swe,psf__requests-1142,9,9,lg_8720316e150293d4,360a58ceb46d71a44947a7e88dd32e9d76146d4e24b775acd3a1f4f3fcf26266,b61fa5fd287e12fa,train,1,swebench,sensitivity_only,weak_degradation_search,20260726
swebench_pytest-dev__pytest-10051_step_1,swebench,code_swe,pytest-dev__pytest-10051,1,4,lg_86fcad4c96f1011b,da849e1785a339e50fc85ae7ffe6ebbaf9c7e4cc79573548d7aac4325d3a7fbc,76b15816b13179aa,train,3,swebench,sensitivity_only,weak_degradation_search,20260726
swebench_pytest-dev__pytest-10051_step_2,swebench,code_swe,pytest-dev__pytest-10051,2,4,lg_86fcad4c96f1011b,da849e1785a339e50fc85ae7ffe6ebbaf9c7e4cc79573548d7aac4325d3a7fbc,76b15816b13179aa,train,3,swebench,sensitivity_only,weak_degradation_search,20260726
swebench_pytest-dev__pytest-10051_step_3,swebench,code_swe,pytest-dev__pytest-10051,3,4,lg_86fcad4c96f1011b,da849e1785a339e50fc85ae7ffe6ebbaf9c7e4cc79573548d7aac4325d3a7fbc,76b15816b13179aa,train,3,swebench,sensitivity_only,weak_degradation_search,20260726
swebench_pytest-dev__pytest-10051_step_4,swebench,code_swe,pytest-dev__pytest-10051,4,4,lg_86fcad4c96f1011b,da849e1785a339e50fc85ae7ffe6ebbaf9c7e4cc79573548d7aac4325d3a7fbc,76b15816b13179aa,train,3,swebench,sensitivity_only,weak_degradation_search,20260726
swebench_pylint-dev__pylint-4551_step_1,swebench,code_swe,pylint-dev__pylint-4551,1,10,lg_a595bbf08a33bc97,808a7c5b1c2d47a27bbba14545bbf056591013614c740f8e15775db2a3d6ae1f,3ae876f1eff2b7fa,train,1,swebench,sensitivity_only,weak_degradation_search,20260726
swebench_pylint-dev__pylint-4551_step_2,swebench,code_swe,pylint-dev__pylint-4551,2,10,lg_a595bbf08a33bc97,808a7c5b1c2d47a27bbba14545bbf056591013614c740f8e15775db2a3d6ae1f,3ae876f1eff2b7fa,train,1,swebench,sensitivity_only,weak_degradation_search,20260726
swebench_pylint-dev__pylint-4551_step_3,swebench,code_swe,pylint-dev__pylint-4551,3,10,lg_a595bbf08a33bc97,808a7c5b1c2d47a27bbba14545bbf056591013614c740f8e15775db2a3d6ae1f,3ae876f1eff2b7fa,train,1,swebench,sensitivity_only,weak_degradation_search,20260726
swebench_pylint-dev__pylint-4551_step_4,swebench,code_swe,pylint-dev__pylint-4551,4,10,lg_a595bbf08a33bc97,808a7c5b1c2d47a27bbba14545bbf056591013614c740f8e15775db2a3d6ae1f,3ae876f1eff2b7fa,train,1,swebench,sensitivity_only,weak_degradation_search,20260726
swebench_pylint-dev__pylint-4551_step_5,swebench,code_swe,pylint-dev__pylint-4551,5,10,lg_a595bbf08a33bc97,808a7c5b1c2d47a27bbba14545bbf056591013614c740f8e15775db2a3d6ae1f,3ae876f1eff2b7fa,train,1,swebench,sensitivity_only,weak_degradation_search,20260726
swebench_pylint-dev__pylint-4551_step_6,swebench,code_swe,pylint-dev__pylint-4551,6,10,lg_a595bbf08a33bc97,808a7c5b1c2d47a27bbba14545bbf056591013614c740f8e15775db2a3d6ae1f,3ae876f1eff2b7fa,train,1,swebench,sensitivity_only,weak_degradation_search,20260726
swebench_pylint-dev__pylint-4551_step_7,swebench,code_swe,pylint-dev__pylint-4551,7,10,lg_a595bbf08a33bc97,808a7c5b1c2d47a27bbba14545bbf056591013614c740f8e15775db2a3d6ae1f,3ae876f1eff2b7fa,train,1,swebench,sensitivity_only,weak_degradation_search,20260726
swebench_pylint-dev__pylint-4551_step_8,swebench,code_swe,pylint-dev__pylint-4551,8,10,lg_a595bbf08a33bc97,808a7c5b1c2d47a27bbba14545bbf056591013614c740f8e15775db2a3d6ae1f,3ae876f1eff2b7fa,train,1,swebench,sensitivity_only,weak_degradation_search,20260726
swebench_pylint-dev__pylint-4551_step_9,swebench,code_swe,pylint-dev__pylint-4551,9,10,lg_a595bbf08a33bc97,808a7c5b1c2d47a27bbba14545bbf056591013614c740f8e15775db2a3d6ae1f,3ae876f1eff2b7fa,train,1,swebench,sensitivity_only,weak_degradation_search,20260726
swebench_pylint-dev__pylint-4551_step_10,swebench,code_swe,pylint-dev__pylint-4551,10,10,lg_a595bbf08a33bc97,808a7c5b1c2d47a27bbba14545bbf056591013614c740f8e15775db2a3d6ae1f,3ae876f1eff2b7fa,train,1,swebench,sensitivity_only,weak_degradation_search,20260726
swebench_pallets__flask-5014_step_1,swebench,code_swe,pallets__flask-5014,1,7,lg_bdd33b5ea3c1b865,691331e5633a1bcf173a7dda98cc59d2ec69619021ec309baf3d959eaa927846,a0da32345e3326b5,train,1,swebench,sensitivity_only,weak_degradation_search,20260726
swebench_pallets__flask-5014_step_2,swebench,code_swe,pallets__flask-5014,2,7,lg_bdd33b5ea3c1b865,691331e5633a1bcf173a7dda98cc59d2ec69619021ec309baf3d959eaa927846,a0da32345e3326b5,train,1,swebench,sensitivity_only,weak_degradation_search,20260726
swebench_pallets__flask-5014_step_3,swebench,code_swe,pallets__flask-5014,3,7,lg_bdd33b5ea3c1b865,691331e5633a1bcf173a7dda98cc59d2ec69619021ec309baf3d959eaa927846,a0da32345e3326b5,train,1,swebench,sensitivity_only,weak_degradation_search,20260726
swebench_pallets__flask-5014_step_4,swebench,code_swe,pallets__flask-5014,4,7,lg_bdd33b5ea3c1b865,691331e5633a1bcf173a7dda98cc59d2ec69619021ec309baf3d959eaa927846,a0da32345e3326b5,train,1,swebench,sensitivity_only,weak_degradation_search,20260726
swebench_pallets__flask-5014_step_5,swebench,code_swe,pallets__flask-5014,5,7,lg_bdd33b5ea3c1b865,691331e5633a1bcf173a7dda98cc59d2ec69619021ec309baf3d959eaa927846,a0da32345e3326b5,train,1,swebench,sensitivity_only,weak_degradation_search,20260726
swebench_pallets__flask-5014_step_6,swebench,code_swe,pallets__flask-5014,6,7,lg_bdd33b5ea3c1b865,691331e5633a1bcf173a7dda98cc59d2ec69619021ec309baf3d959eaa927846,a0da32345e3326b5,train,1,swebench,sensitivity_only,weak_degradation_search,20260726
swebench_pallets__flask-5014_step_7,swebench,code_swe,pallets__flask-5014,7,7,lg_bdd33b5ea3c1b865,691331e5633a1bcf173a7dda98cc59d2ec69619021ec309baf3d959eaa927846,a0da32345e3326b5,train,1,swebench,sensitivity_only,weak_degradation_search,20260726
swebench_django__django-10097_step_1,swebench,code_swe,django__django-10097,1,5,lg_8167697c20cb3d5b,6a4cd86ebe31d208b7cb7fca576b01ad79b16f708e4e6af5c908dc186cab2a6c,53715ef800196ec7,test,4,swebench,sensitivity_only,weak_degradation_search,20260726
swebench_django__django-10097_step_2,swebench,code_swe,django__django-10097,2,5,lg_8167697c20cb3d5b,6a4cd86ebe31d208b7cb7fca576b01ad79b16f708e4e6af5c908dc186cab2a6c,53715ef800196ec7,test,4,swebench,sensitivity_only,weak_degradation_search,20260726
swebench_django__django-10097_step_3,swebench,code_swe,django__django-10097,3,5,lg_8167697c20cb3d5b,6a4cd86ebe31d208b7cb7fca576b01ad79b16f708e4e6af5c908dc186cab2a6c,53715ef800196ec7,test,4,swebench,sensitivity_only,weak_degradation_search,20260726
swebench_django__django-10097_step_4,swebench,code_swe,django__django-10097,4,5,lg_8167697c20cb3d5b,6a4cd86ebe31d208b7cb7fca576b01ad79b16f708e4e6af5c908dc186cab2a6c,53715ef800196ec7,test,4,swebench,sensitivity_only,weak_degradation_search,20260726
swebench_django__django-10097_step_5,swebench,code_swe,django__django-10097,5,5,lg_8167697c20cb3d5b,6a4cd86ebe31d208b7cb7fca576b01ad79b16f708e4e6af5c908dc186cab2a6c,53715ef800196ec7,test,4,swebench,sensitivity_only,weak_degradation_search,20260726
swebench_django__django-10554_step_1,swebench,code_swe,django__django-10554,1,11,lg_d8c6f0a6aaf12e9e,1147763655e373f9318770186cb5b418befbd7967f18a17d2c6681b1cd7b3823,8f188ccdf6822560,train,1,swebench,sensitivity_only,weak_degradation_search,20260726
swebench_django__django-10554_step_2,swebench,code_swe,django__django-10554,2,11,lg_d8c6f0a6aaf12e9e,1147763655e373f9318770186cb5b418befbd7967f18a17d2c6681b1cd7b3823,8f188ccdf6822560,train,1,swebench,sensitivity_only,weak_degradation_search,20260726
swebench_django__django-10554_step_3,swebench,code_swe,django__django-10554,3,11,lg_d8c6f0a6aaf12e9e,1147763655e373f9318770186cb5b418befbd7967f18a17d2c6681b1cd7b3823,8f188ccdf6822560,train,1,swebench,sensitivity_only,weak_degradation_search,20260726
swebench_django__django-10554_step_4,swebench,code_swe,django__django-10554,4,11,lg_d8c6f0a6aaf12e9e,1147763655e373f9318770186cb5b418befbd7967f18a17d2c6681b1cd7b3823,8f188ccdf6822560,train,1,swebench,sensitivity_only,weak_degradation_search,20260726
swebench_django__django-10554_step_5,swebench,code_swe,django__django-10554,5,11,lg_d8c6f0a6aaf12e9e,1147763655e373f9318770186cb5b418befbd7967f18a17d2c6681b1cd7b3823,8f188ccdf6822560,train,1,swebench,sensitivity_only,weak_degradation_search,20260726
swebench_django__django-10554_step_6,swebench,code_swe,django__django-10554,6,11,lg_d8c6f0a6aaf12e9e,1147763655e373f9318770186cb5b418befbd7967f18a17d2c6681b1cd7b3823,8f188ccdf6822560,train,1,swebench,sensitivity_only,weak_degradation_search,20260726
swebench_django__django-10554_step_7,swebench,code_swe,django__django-10554,7,11,lg_d8c6f0a6aaf12e9e,1147763655e373f9318770186cb5b418befbd7967f18a17d2c6681b1cd7b3823,8f188ccdf6822560,train,1,swebench,sensitivity_only,weak_degradation_search,20260726
swebench_django__django-10554_step_8,swebench,code_swe,django__django-10554,8,11,lg_d8c6f0a6aaf12e9e,1147763655e373f9318770186cb5b418befbd7967f18a17d2c6681b1cd7b3823,8f188ccdf6822560,train,1,swebench,sensitivity_only,weak_degradation_search,20260726
swebench_django__django-10554_step_9,swebench,code_swe,django__django-10554,9,11,lg_d8c6f0a6aaf12e9e,1147763655e373f9318770186cb5b418befbd7967f18a17d2c6681b1cd7b3823,8f188ccdf6822560,train,1,swebench,sensitivity_only,weak_degradation_search,20260726
swebench_django__django-10554_step_10,swebench,code_swe,django__django-10554,10,11,lg_d8c6f0a6aaf12e9e,1147763655e373f9318770186cb5b418befbd7967f18a17d2c6681b1cd7b3823,8f188ccdf6822560,train,1,swebench,sensitivity_only,weak_degradation_search,20260726
swebench_django__django-10554_step_11,swebench,code_swe,django__django-10554,11,11,lg_d8c6f0a6aaf12e9e,1147763655e373f9318770186cb5b418befbd7967f18a17d2c6681b1cd7b3823,8f188ccdf6822560,train,1,swebench,sensitivity_only,weak_degradation_search,20260726
swebench_django__django-10880_step_1,swebench,code_swe,django__django-10880,1,7,lg_ad30920ee50ac14e,7f76b5dfc884c8cf3d7aaf1b310eea3a3476983d003bb7e20924733a7e87799e,245edbd162354ff0,train,1,swebench,sensitivity_only,weak_degradation_search,20260726
swebench_django__django-10880_step_2,swebench,code_swe,django__django-10880,2,7,lg_ad30920ee50ac14e,7f76b5dfc884c8cf3d7aaf1b310eea3a3476983d003bb7e20924733a7e87799e,245edbd162354ff0,train,1,swebench,sensitivity_only,weak_degradation_search,20260726
swebench_django__django-10880_step_3,swebench,code_swe,django__django-10880,3,7,lg_ad30920ee50ac14e,7f76b5dfc884c8cf3d7aaf1b310eea3a3476983d003bb7e20924733a7e87799e,245edbd162354ff0,train,1,swebench,sensitivity_only,weak_degradation_search,20260726
swebench_django__django-10880_step_4,swebench,code_swe,django__django-10880,4,7,lg_ad30920ee50ac14e,7f76b5dfc884c8cf3d7aaf1b310eea3a3476983d003bb7e20924733a7e87799e,245edbd162354ff0,train,1,swebench,sensitivity_only,weak_degradation_search,20260726
swebench_django__django-10880_step_5,swebench,code_swe,django__django-10880,5,7,lg_ad30920ee50ac14e,7f76b5dfc884c8cf3d7aaf1b310eea3a3476983d003bb7e20924733a7e87799e,245edbd162354ff0,train,1,swebench,sensitivity_only,weak_degradation_search,20260726
swebench_django__django-10880_step_6,swebench,code_swe,django__django-10880,6,7,lg_ad30920ee50ac14e,7f76b5dfc884c8cf3d7aaf1b310eea3a3476983d003bb7e20924733a7e87799e,245edbd162354ff0,train,1,swebench,sensitivity_only,weak_degradation_search,20260726
swebench_django__django-10880_step_7,swebench,code_swe,django__django-10880,7,7,lg_ad30920ee50ac14e,7f76b5dfc884c8cf3d7aaf1b310eea3a3476983d003bb7e20924733a7e87799e,245edbd162354ff0,train,1,swebench,sensitivity_only,weak_degradation_search,20260726
swebench_django__django-10973_step_1,swebench,code_swe,django__django-10973,1,9,lg_56ddffdbb6dd0c52,2e19d73eafb8f282c4a91b062400545f4e41eca04967754f76e9ad442db18642,dca253ee40cb22ca,validation,0,swebench,sensitivity_only,weak_degradation_search,20260726
swebench_django__django-10973_step_2,swebench,code_swe,django__django-10973,2,9,lg_56ddffdbb6dd0c52,2e19d73eafb8f282c4a91b062400545f4e41eca04967754f76e9ad442db18642,dca253ee40cb22ca,validation,0,swebench,sensitivity_only,weak_degradation_search,20260726
swebench_django__django-10973_step_3,swebench,code_swe,django__django-10973,3,9,lg_56ddffdbb6dd0c52,2e19d73eafb8f282c4a91b062400545f4e41eca04967754f76e9ad442db18642,dca253ee40cb22ca,validation,0,swebench,sensitivity_only,weak_degradation_search,20260726
swebench_django__django-10973_step_4,swebench,code_swe,django__django-10973,4,9,lg_56ddffdbb6dd0c52,2e19d73eafb8f282c4a91b062400545f4e41eca04967754f76e9ad442db18642,dca253ee40cb22ca,validation,0,swebench,sensitivity_only,weak_degradation_search,20260726
swebench_django__django-10973_step_5,swebench,code_swe,django__django-10973,5,9,lg_56ddffdbb6dd0c52,2e19d73eafb8f282c4a91b062400545f4e41eca04967754f76e9ad442db18642,dca253ee40cb22ca,validation,0,swebench,sensitivity_only,weak_degradation_search,20260726
swebench_django__django-10973_step_6,swebench,code_swe,django__django-10973,6,9,lg_56ddffdbb6dd0c52,2e19d73eafb8f282c4a91b062400545f4e41eca04967754f76e9ad442db18642,dca253ee40cb22ca,validation,0,swebench,sensitivity_only,weak_degradation_search,20260726
swebench_django__django-10973_step_7,swebench,code_swe,django__django-10973,7,9,lg_56ddffdbb6dd0c52,2e19d73eafb8f282c4a91b062400545f4e41eca04967754f76e9ad442db18642,dca253ee40cb22ca,validation,0,swebench,sensitivity_only,weak_degradation_search,20260726
swebench_django__django-10973_step_8,swebench,code_swe,django__django-10973,8,9,lg_56ddffdbb6dd0c52,2e19d73eafb8f282c4a91b062400545f4e41eca04967754f76e9ad442db18642,dca253ee40cb22ca,validation,0,swebench,sensitivity_only,weak_degradation_search,20260726
swebench_django__django-10973_step_9,swebench,code_swe,django__django-10973,9,9,lg_56ddffdbb6dd0c52,2e19d73eafb8f282c4a91b062400545f4e41eca04967754f76e9ad442db18642,dca253ee40cb22ca,validation,0,swebench,sensitivity_only,weak_degradation_search,20260726
swebench_django__django-10999_step_1,swebench,code_swe,django__django-10999,1,8,lg_a01d2697ad516739,c29710c7562d303bd950173f4612d0f16aa1d07ea824def765b59d3a986942d7,2aaa7d143d4c51ed,test,4,swebench,sensitivity_only,weak_degradation_search,20260726
swebench_django__django-10999_step_2,swebench,code_swe,django__django-10999,2,8,lg_a01d2697ad516739,c29710c7562d303bd950173f4612d0f16aa1d07ea824def765b59d3a986942d7,2aaa7d143d4c51ed,test,4,swebench,sensitivity_only,weak_degradation_search,20260726
swebench_django__django-10999_step_3,swebench,code_swe,django__django-10999,3,8,lg_a01d2697ad516739,c29710c7562d303bd950173f4612d0f16aa1d07ea824def765b59d3a986942d7,2aaa7d143d4c51ed,test,4,swebench,sensitivity_only,weak_degradation_search,20260726
swebench_django__django-10999_step_4,swebench,code_swe,django__django-10999,4,8,lg_a01d2697ad516739,c29710c7562d303bd950173f4612d0f16aa1d07ea824def765b59d3a986942d7,2aaa7d143d4c51ed,test,4,swebench,sensitivity_only,weak_degradation_search,20260726
swebench_django__django-10999_step_5,swebench,code_swe,django__django-10999,5,8,lg_a01d2697ad516739,c29710c7562d303bd950173f4612d0f16aa1d07ea824def765b59d3a986942d7,2aaa7d143d4c51ed,test,4,swebench,sensitivity_only,weak_degradation_search,20260726
swebench_django__django-10999_step_6,swebench,code_swe,django__django-10999,6,8,lg_a01d2697ad516739,c29710c7562d303bd950173f4612d0f16aa1d07ea824def765b59d3a986942d7,2aaa7d143d4c51ed,test,4,swebench,sensitivity_only,weak_degradation_search,20260726
swebench_django__django-10999_step_7,swebench,code_swe,django__django-10999,7,8,lg_a01d2697ad516739,c29710c7562d303bd950173f4612d0f16aa1d07ea824def765b59d3a986942d7,2aaa7d143d4c51ed,test,4,swebench,sensitivity_only,weak_degradation_search,20260726
swebench_django__django-10999_step_8,swebench,code_swe,django__django-10999,8,8,lg_a01d2697ad516739,c29710c7562d303bd950173f4612d0f16aa1d07ea824def765b59d3a986942d7,2aaa7d143d4c51ed,test,4,swebench,sensitivity_only,weak_degradation_search,20260726
swebench_django__django-11066_step_1,swebench,code_swe,django__django-11066,1,7,lg_9efc393563f7c3c2,04ed7de8e5e1a6bb8de343103748ffa01935dbf318775d16b63270e85dc8bc7d,b75bded12d9fdf7b,validation,0,swebench,sensitivity_only,weak_degradation_search,20260726
swebench_django__django-11066_step_2,swebench,code_swe,django__django-11066,2,7,lg_9efc393563f7c3c2,04ed7de8e5e1a6bb8de343103748ffa01935dbf318775d16b63270e85dc8bc7d,b75bded12d9fdf7b,validation,0,swebench,sensitivity_only,weak_degradation_search,20260726
swebench_django__django-11066_step_3,swebench,code_swe,django__django-11066,3,7,lg_9efc393563f7c3c2,04ed7de8e5e1a6bb8de343103748ffa01935dbf318775d16b63270e85dc8bc7d,b75bded12d9fdf7b,validation,0,swebench,sensitivity_only,weak_degradation_search,20260726
swebench_django__django-11066_step_4,swebench,code_swe,django__django-11066,4,7,lg_9efc393563f7c3c2,04ed7de8e5e1a6bb8de343103748ffa01935dbf318775d16b63270e85dc8bc7d,b75bded12d9fdf7b,validation,0,swebench,sensitivity_only,weak_degradation_search,20260726
swebench_django__django-11066_step_5,swebench,code_swe,django__django-11066,5,7,lg_9efc393563f7c3c2,04ed7de8e5e1a6bb8de343103748ffa01935dbf318775d16b63270e85dc8bc7d,b75bded12d9fdf7b,validation,0,swebench,sensitivity_only,weak_degradation_search,20260726
swebench_django__django-11066_step_6,swebench,code_swe,django__django-11066,6,7,lg_9efc393563f7c3c2,04ed7de8e5e1a6bb8de343103748ffa01935dbf318775d16b63270e85dc8bc7d,b75bded12d9fdf7b,validation,0,swebench,sensitivity_only,weak_degradation_search,20260726
swebench_django__django-11066_step_7,swebench,code_swe,django__django-11066,7,7,lg_9efc393563f7c3c2,04ed7de8e5e1a6bb8de343103748ffa01935dbf318775d16b63270e85dc8bc7d,b75bded12d9fdf7b,validation,0,swebench,sensitivity_only,weak_degradation_search,20260726
swebench_django__django-11087_step_1,swebench,code_swe,django__django-11087,1,9,lg_223a9b6c88c5e396,aad8a12fe1fde1d2dd39166ceb5e7e1895be0c5b5d61e25fb97f9addf0090e15,913661b0a82dadb1,train,2,swebench,sensitivity_only,weak_degradation_search,20260726
swebench_django__django-11087_step_2,swebench,code_swe,django__django-11087,2,9,lg_223a9b6c88c5e396,aad8a12fe1fde1d2dd39166ceb5e7e1895be0c5b5d61e25fb97f9addf0090e15,913661b0a82dadb1,train,2,swebench,sensitivity_only,weak_degradation_search,20260726
swebench_django__django-11087_step_3,swebench,code_swe,django__django-11087,3,9,lg_223a9b6c88c5e396,aad8a12fe1fde1d2dd39166ceb5e7e1895be0c5b5d61e25fb97f9addf0090e15,913661b0a82dadb1,train,2,swebench,sensitivity_only,weak_degradation_search,20260726
swebench_django__django-11087_step_4,swebench,code_swe,django__django-11087,4,9,lg_223a9b6c88c5e396,aad8a12fe1fde1d2dd39166ceb5e7e1895be0c5b5d61e25fb97f9addf0090e15,913661b0a82dadb1,train,2,swebench,sensitivity_only,weak_degradation_search,20260726
swebench_django__django-11087_step_5,swebench,code_swe,django__django-11087,5,9,lg_223a9b6c88c5e396,aad8a12fe1fde1d2dd39166ceb5e7e1895be0c5b5d61e25fb97f9addf0090e15,913661b0a82dadb1,train,2,swebench,sensitivity_only,weak_degradation_search,20260726
swebench_django__django-11087_step_6,swebench,code_swe,django__django-11087,6,9,lg_223a9b6c88c5e396,aad8a12fe1fde1d2dd39166ceb5e7e1895be0c5b5d61e25fb97f9addf0090e15,913661b0a82dadb1,train,2,swebench,sensitivity_only,weak_degradation_search,20260726
swebench_django__django-11087_step_7,swebench,code_swe,django__django-11087,7,9,lg_223a9b6c88c5e396,aad8a12fe1fde1d2dd39166ceb5e7e1895be0c5b5d61e25fb97f9addf0090e15,913661b0a82dadb1,train,2,swebench,sensitivity_only,weak_degradation_search,20260726
swebench_django__django-11087_step_8,swebench,code_swe,django__django-11087,8,9,lg_223a9b6c88c5e396,aad8a12fe1fde1d2dd39166ceb5e7e1895be0c5b5d61e25fb97f9addf0090e15,913661b0a82dadb1,train,2,swebench,sensitivity_only,weak_degradation_search,20260726
swebench_django__django-11087_step_9,swebench,code_swe,django__django-11087,9,9,lg_223a9b6c88c5e396,aad8a12fe1fde1d2dd39166ceb5e7e1895be0c5b5d61e25fb97f9addf0090e15,913661b0a82dadb1,train,2,swebench,sensitivity_only,weak_degradation_search,20260726
swebench_sympy__sympy-12096_step_1,swebench,code_swe,sympy__sympy-12096,1,13,lg_1bb22220488325d2,e361cf3505622213bb76435b6bea94e68cc274b48c7eeea25ef884f038a5578e,b114daf43fafa57b,validation,0,swebench,sensitivity_only,weak_degradation_search,20260726
swebench_sympy__sympy-12096_step_2,swebench,code_swe,sympy__sympy-12096,2,13,lg_1bb22220488325d2,e361cf3505622213bb76435b6bea94e68cc274b48c7eeea25ef884f038a5578e,b114daf43fafa57b,validation,0,swebench,sensitivity_only,weak_degradation_search,20260726
swebench_sympy__sympy-12096_step_3,swebench,code_swe,sympy__sympy-12096,3,13,lg_1bb22220488325d2,e361cf3505622213bb76435b6bea94e68cc274b48c7eeea25ef884f038a5578e,b114daf43fafa57b,validation,0,swebench,sensitivity_only,weak_degradation_search,20260726
swebench_sympy__sympy-12096_step_4,swebench,code_swe,sympy__sympy-12096,4,13,lg_1bb22220488325d2,e361cf3505622213bb76435b6bea94e68cc274b48c7eeea25ef884f038a5578e,b114daf43fafa57b,validation,0,swebench,sensitivity_only,weak_degradation_search,20260726
swebench_sympy__sympy-12096_step_5,swebench,code_swe,sympy__sympy-12096,5,13,lg_1bb22220488325d2,e361cf3505622213bb76435b6bea94e68cc274b48c7eeea25ef884f038a5578e,b114daf43fafa57b,validation,0,swebench,sensitivity_only,weak_degradation_search,20260726
swebench_sympy__sympy-12096_step_6,swebench,code_swe,sympy__sympy-12096,6,13,lg_1bb22220488325d2,e361cf3505622213bb76435b6bea94e68cc274b48c7eeea25ef884f038a5578e,b114daf43fafa57b,validation,0,swebench,sensitivity_only,weak_degradation_search,20260726
swebench_sympy__sympy-12096_step_7,swebench,code_swe,sympy__sympy-12096,7,13,lg_1bb22220488325d2,e361cf3505622213bb76435b6bea94e68cc274b48c7eeea25ef884f038a5578e,b114daf43fafa57b,validation,0,swebench,sensitivity_only,weak_degradation_search,20260726
swebench_sympy__sympy-12096_step_8,swebench,code_swe,sympy__sympy-12096,8,13,lg_1bb22220488325d2,e361cf3505622213bb76435b6bea94e68cc274b48c7eeea25ef884f038a5578e,b114daf43fafa57b,validation,0,swebench,sensitivity_only,weak_degradation_search,20260726
swebench_sympy__sympy-12096_step_9,swebench,code_swe,sympy__sympy-12096,9,13,lg_1bb22220488325d2,e361cf3505622213bb76435b6bea94e68cc274b48c7eeea25ef884f038a5578e,b114daf43fafa57b,validation,0,swebench,sensitivity_only,weak_degradation_search,20260726
swebench_sympy__sympy-12096_step_10,swebench,code_swe,sympy__sympy-12096,10,13,lg_1bb22220488325d2,e361cf3505622213bb76435b6bea94e68cc274b48c7eeea25ef884f038a5578e,b114daf43fafa57b,validation,0,swebench,sensitivity_only,weak_degradation_search,20260726
swebench_sympy__sympy-12096_step_11,swebench,code_swe,sympy__sympy-12096,11,13,lg_1bb22220488325d2,e361cf3505622213bb76435b6bea94e68cc274b48c7eeea25ef884f038a5578e,b114daf43fafa57b,validation,0,swebench,sensitivity_only,weak_degradation_search,20260726
swebench_sympy__sympy-12096_step_12,swebench,code_swe,sympy__sympy-12096,12,13,lg_1bb22220488325d2,e361cf3505622213bb76435b6bea94e68cc274b48c7eeea25ef884f038a5578e,b114daf43fafa57b,validation,0,swebench,sensitivity_only,weak_degradation_search,20260726
swebench_sympy__sympy-12096_step_13,swebench,code_swe,sympy__sympy-12096,13,13,lg_1bb22220488325d2,e361cf3505622213bb76435b6bea94e68cc274b48c7eeea25ef884f038a5578e,b114daf43fafa57b,validation,0,swebench,sensitivity_only,weak_degradation_search,20260726
swebench_sympy__sympy-12419_step_1,swebench,code_swe,sympy__sympy-12419,1,7,lg_7660e1d2f650f396,9c87eb85df2acf9732b42036eee05b67c03aca495c2b6fcd074043728f0d2d35,ab24e9d886f9bb7e,validation,0,swebench,sensitivity_only,weak_degradation_search,20260726
swebench_sympy__sympy-12419_step_2,swebench,code_swe,sympy__sympy-12419,2,7,lg_7660e1d2f650f396,9c87eb85df2acf9732b42036eee05b67c03aca495c2b6fcd074043728f0d2d35,ab24e9d886f9bb7e,validation,0,swebench,sensitivity_only,weak_degradation_search,20260726
swebench_sympy__sympy-12419_step_3,swebench,code_swe,sympy__sympy-12419,3,7,lg_7660e1d2f650f396,9c87eb85df2acf9732b42036eee05b67c03aca495c2b6fcd074043728f0d2d35,ab24e9d886f9bb7e,validation,0,swebench,sensitivity_only,weak_degradation_search,20260726
swebench_sympy__sympy-12419_step_4,swebench,code_swe,sympy__sympy-12419,4,7,lg_7660e1d2f650f396,9c87eb85df2acf9732b42036eee05b67c03aca495c2b6fcd074043728f0d2d35,ab24e9d886f9bb7e,validation,0,swebench,sensitivity_only,weak_degradation_search,20260726
swebench_sympy__sympy-12419_step_5,swebench,code_swe,sympy__sympy-12419,5,7,lg_7660e1d2f650f396,9c87eb85df2acf9732b42036eee05b67c03aca495c2b6fcd074043728f0d2d35,ab24e9d886f9bb7e,validation,0,swebench,sensitivity_only,weak_degradation_search,20260726
swebench_sympy__sympy-12419_step_6,swebench,code_swe,sympy__sympy-12419,6,7,lg_7660e1d2f650f396,9c87eb85df2acf9732b42036eee05b67c03aca495c2b6fcd074043728f0d2d35,ab24e9d886f9bb7e,validation,0,swebench,sensitivity_only,weak_degradation_search,20260726
swebench_sympy__sympy-12419_step_7,swebench,code_swe,sympy__sympy-12419,7,7,lg_7660e1d2f650f396,9c87eb85df2acf9732b42036eee05b67c03aca495c2b6fcd074043728f0d2d35,ab24e9d886f9bb7e,validation,0,swebench,sensitivity_only,weak_degradation_search,20260726
swebench_sympy__sympy-12481_step_1,swebench,code_swe,sympy__sympy-12481,1,9,lg_7119f9398825b2d0,268ff3c4ab412950345a78f215c7959e6da84730401ef6a9cd6a109050da05e3,15ead2056b86466c,validation,0,swebench,sensitivity_only,weak_degradation_search,20260726
swebench_sympy__sympy-12481_step_2,swebench,code_swe,sympy__sympy-12481,2,9,lg_7119f9398825b2d0,268ff3c4ab412950345a78f215c7959e6da84730401ef6a9cd6a109050da05e3,15ead2056b86466c,validation,0,swebench,sensitivity_only,weak_degradation_search,20260726
swebench_sympy__sympy-12481_step_3,swebench,code_swe,sympy__sympy-12481,3,9,lg_7119f9398825b2d0,268ff3c4ab412950345a78f215c7959e6da84730401ef6a9cd6a109050da05e3,15ead2056b86466c,validation,0,swebench,sensitivity_only,weak_degradation_search,20260726
swebench_sympy__sympy-12481_step_4,swebench,code_swe,sympy__sympy-12481,4,9,lg_7119f9398825b2d0,268ff3c4ab412950345a78f215c7959e6da84730401ef6a9cd6a109050da05e3,15ead2056b86466c,validation,0,swebench,sensitivity_only,weak_degradation_search,20260726
swebench_sympy__sympy-12481_step_5,swebench,code_swe,sympy__sympy-12481,5,9,lg_7119f9398825b2d0,268ff3c4ab412950345a78f215c7959e6da84730401ef6a9cd6a109050da05e3,15ead2056b86466c,validation,0,swebench,sensitivity_only,weak_degradation_search,20260726
swebench_sympy__sympy-12481_step_6,swebench,code_swe,sympy__sympy-12481,6,9,lg_7119f9398825b2d0,268ff3c4ab412950345a78f215c7959e6da84730401ef6a9cd6a109050da05e3,15ead2056b86466c,validation,0,swebench,sensitivity_only,weak_degradation_search,20260726
swebench_sympy__sympy-12481_step_7,swebench,code_swe,sympy__sympy-12481,7,9,lg_7119f9398825b2d0,268ff3c4ab412950345a78f215c7959e6da84730401ef6a9cd6a109050da05e3,15ead2056b86466c,validation,0,swebench,sensitivity_only,weak_degradation_search,20260726
swebench_sympy__sympy-12481_step_8,swebench,code_swe,sympy__sympy-12481,8,9,lg_7119f9398825b2d0,268ff3c4ab412950345a78f215c7959e6da84730401ef6a9cd6a109050da05e3,15ead2056b86466c,validation,0,swebench,sensitivity_only,weak_degradation_search,20260726
swebench_sympy__sympy-12481_step_9,swebench,code_swe,sympy__sympy-12481,9,9,lg_7119f9398825b2d0,268ff3c4ab412950345a78f215c7959e6da84730401ef6a9cd6a109050da05e3,15ead2056b86466c,validation,0,swebench,sensitivity_only,weak_degradation_search,20260726
swebench_sphinx-doc__sphinx-10435_step_1,swebench,code_swe,sphinx-doc__sphinx-10435,1,9,lg_aeede2153f0dc7ef,ff665ce71fbe1d21dcaac1dc7fefa43d3d907d71fb705930384aacb144465da0,23988f712a096a47,train,1,swebench,sensitivity_only,weak_degradation_search,20260726
swebench_sphinx-doc__sphinx-10435_step_2,swebench,code_swe,sphinx-doc__sphinx-10435,2,9,lg_aeede2153f0dc7ef,ff665ce71fbe1d21dcaac1dc7fefa43d3d907d71fb705930384aacb144465da0,23988f712a096a47,train,1,swebench,sensitivity_only,weak_degradation_search,20260726
swebench_sphinx-doc__sphinx-10435_step_3,swebench,code_swe,sphinx-doc__sphinx-10435,3,9,lg_aeede2153f0dc7ef,ff665ce71fbe1d21dcaac1dc7fefa43d3d907d71fb705930384aacb144465da0,23988f712a096a47,train,1,swebench,sensitivity_only,weak_degradation_search,20260726
swebench_sphinx-doc__sphinx-10435_step_4,swebench,code_swe,sphinx-doc__sphinx-10435,4,9,lg_aeede2153f0dc7ef,ff665ce71fbe1d21dcaac1dc7fefa43d3d907d71fb705930384aacb144465da0,23988f712a096a47,train,1,swebench,sensitivity_only,weak_degradation_search,20260726
swebench_sphinx-doc__sphinx-10435_step_5,swebench,code_swe,sphinx-doc__sphinx-10435,5,9,lg_aeede2153f0dc7ef,ff665ce71fbe1d21dcaac1dc7fefa43d3d907d71fb705930384aacb144465da0,23988f712a096a47,train,1,swebench,sensitivity_only,weak_degradation_search,20260726
swebench_sphinx-doc__sphinx-10435_step_6,swebench,code_swe,sphinx-doc__sphinx-10435,6,9,lg_aeede2153f0dc7ef,ff665ce71fbe1d21dcaac1dc7fefa43d3d907d71fb705930384aacb144465da0,23988f712a096a47,train,1,swebench,sensitivity_only,weak_degradation_search,20260726
swebench_sphinx-doc__sphinx-10435_step_7,swebench,code_swe,sphinx-doc__sphinx-10435,7,9,lg_aeede2153f0dc7ef,ff665ce71fbe1d21dcaac1dc7fefa43d3d907d71fb705930384aacb144465da0,23988f712a096a47,train,1,swebench,sensitivity_only,weak_degradation_search,20260726
swebench_sphinx-doc__sphinx-10435_step_8,swebench,code_swe,sphinx-doc__sphinx-10435,8,9,lg_aeede2153f0dc7ef,ff665ce71fbe1d21dcaac1dc7fefa43d3d907d71fb705930384aacb144465da0,23988f712a096a47,train,1,swebench,sensitivity_only,weak_degradation_search,20260726
swebench_sphinx-doc__sphinx-10435_step_9,swebench,code_swe,sphinx-doc__sphinx-10435,9,9,lg_aeede2153f0dc7ef,ff665ce71fbe1d21dcaac1dc7fefa43d3d907d71fb705930384aacb144465da0,23988f712a096a47,train,1,swebench,sensitivity_only,weak_degradation_search,20260726
swebench_sphinx-doc__sphinx-10449_step_1,swebench,code_swe,sphinx-doc__sphinx-10449,1,9,lg_ae0744046a5a33e1,9fc84b1657a76a745dbb1ed1077c1694ebad6685b0e589fe97084d141afd986d,58b3f2fd9f6ae3e9,train,3,swebench,sensitivity_only,weak_degradation_search,20260726
swebench_sphinx-doc__sphinx-10449_step_2,swebench,code_swe,sphinx-doc__sphinx-10449,2,9,lg_ae0744046a5a33e1,9fc84b1657a76a745dbb1ed1077c1694ebad6685b0e589fe97084d141afd986d,58b3f2fd9f6ae3e9,train,3,swebench,sensitivity_only,weak_degradation_search,20260726
swebench_sphinx-doc__sphinx-10449_step_3,swebench,code_swe,sphinx-doc__sphinx-10449,3,9,lg_ae0744046a5a33e1,9fc84b1657a76a745dbb1ed1077c1694ebad6685b0e589fe97084d141afd986d,58b3f2fd9f6ae3e9,train,3,swebench,sensitivity_only,weak_degradation_search,20260726
swebench_sphinx-doc__sphinx-10449_step_4,swebench,code_swe,sphinx-doc__sphinx-10449,4,9,lg_ae0744046a5a33e1,9fc84b1657a76a745dbb1ed1077c1694ebad6685b0e589fe97084d141afd986d,58b3f2fd9f6ae3e9,train,3,swebench,sensitivity_only,weak_degradation_search,20260726
swebench_sphinx-doc__sphinx-10449_step_5,swebench,code_swe,sphinx-doc__sphinx-10449,5,9,lg_ae0744046a5a33e1,9fc84b1657a76a745dbb1ed1077c1694ebad6685b0e589fe97084d141afd986d,58b3f2fd9f6ae3e9,train,3,swebench,sensitivity_only,weak_degradation_search,20260726
swebench_sphinx-doc__sphinx-10449_step_6,swebench,code_swe,sphinx-doc__sphinx-10449,6,9,lg_ae0744046a5a33e1,9fc84b1657a76a745dbb1ed1077c1694ebad6685b0e589fe97084d141afd986d,58b3f2fd9f6ae3e9,train,3,swebench,sensitivity_only,weak_degradation_search,20260726
swebench_sphinx-doc__sphinx-10449_step_7,swebench,code_swe,sphinx-doc__sphinx-10449,7,9,lg_ae0744046a5a33e1,9fc84b1657a76a745dbb1ed1077c1694ebad6685b0e589fe97084d141afd986d,58b3f2fd9f6ae3e9,train,3,swebench,sensitivity_only,weak_degradation_search,20260726
swebench_sphinx-doc__sphinx-10449_step_8,swebench,code_swe,sphinx-doc__sphinx-10449,8,9,lg_ae0744046a5a33e1,9fc84b1657a76a745dbb1ed1077c1694ebad6685b0e589fe97084d141afd986d,58b3f2fd9f6ae3e9,train,3,swebench,sensitivity_only,weak_degradation_search,20260726
swebench_sphinx-doc__sphinx-10449_step_9,swebench,code_swe,sphinx-doc__sphinx-10449,9,9,lg_ae0744046a5a33e1,9fc84b1657a76a745dbb1ed1077c1694ebad6685b0e589fe97084d141afd986d,58b3f2fd9f6ae3e9,train,3,swebench,sensitivity_only,weak_degradation_search,20260726
swebench_matplotlib__matplotlib-14623_step_1,swebench,code_swe,matplotlib__matplotlib-14623,1,11,lg_25932ca825bd7ab6,a5176f519dedc38fa101d3a88fe9ab028fdbca83a1edb0dd00465bb904bf3f78,5522ffcd3ca8b48e,validation,0,swebench,sensitivity_only,weak_degradation_search,20260726
swebench_matplotlib__matplotlib-14623_step_2,swebench,code_swe,matplotlib__matplotlib-14623,2,11,lg_25932ca825bd7ab6,a5176f519dedc38fa101d3a88fe9ab028fdbca83a1edb0dd00465bb904bf3f78,5522ffcd3ca8b48e,validation,0,swebench,sensitivity_only,weak_degradation_search,20260726
swebench_matplotlib__matplotlib-14623_step_3,swebench,code_swe,matplotlib__matplotlib-14623,3,11,lg_25932ca825bd7ab6,a5176f519dedc38fa101d3a88fe9ab028fdbca83a1edb0dd00465bb904bf3f78,5522ffcd3ca8b48e,validation,0,swebench,sensitivity_only,weak_degradation_search,20260726
swebench_matplotlib__matplotlib-14623_step_4,swebench,code_swe,matplotlib__matplotlib-14623,4,11,lg_25932ca825bd7ab6,a5176f519dedc38fa101d3a88fe9ab028fdbca83a1edb0dd00465bb904bf3f78,5522ffcd3ca8b48e,validation,0,swebench,sensitivity_only,weak_degradation_search,20260726
swebench_matplotlib__matplotlib-14623_step_5,swebench,code_swe,matplotlib__matplotlib-14623,5,11,lg_25932ca825bd7ab6,a5176f519dedc38fa101d3a88fe9ab028fdbca83a1edb0dd00465bb904bf3f78,5522ffcd3ca8b48e,validation,0,swebench,sensitivity_only,weak_degradation_search,20260726
swebench_matplotlib__matplotlib-14623_step_6,swebench,code_swe,matplotlib__matplotlib-14623,6,11,lg_25932ca825bd7ab6,a5176f519dedc38fa101d3a88fe9ab028fdbca83a1edb0dd00465bb904bf3f78,5522ffcd3ca8b48e,validation,0,swebench,sensitivity_only,weak_degradation_search,20260726
swebench_matplotlib__matplotlib-14623_step_7,swebench,code_swe,matplotlib__matplotlib-14623,7,11,lg_25932ca825bd7ab6,a5176f519dedc38fa101d3a88fe9ab028fdbca83a1edb0dd00465bb904bf3f78,5522ffcd3ca8b48e,validation,0,swebench,sensitivity_only,weak_degradation_search,20260726
swebench_matplotlib__matplotlib-14623_step_8,swebench,code_swe,matplotlib__matplotlib-14623,8,11,lg_25932ca825bd7ab6,a5176f519dedc38fa101d3a88fe9ab028fdbca83a1edb0dd00465bb904bf3f78,5522ffcd3ca8b48e,validation,0,swebench,sensitivity_only,weak_degradation_search,20260726
swebench_matplotlib__matplotlib-14623_step_9,swebench,code_swe,matplotlib__matplotlib-14623,9,11,lg_25932ca825bd7ab6,a5176f519dedc38fa101d3a88fe9ab028fdbca83a1edb0dd00465bb904bf3f78,5522ffcd3ca8b48e,validation,0,swebench,sensitivity_only,weak_degradation_search,20260726
swebench_matplotlib__matplotlib-14623_step_10,swebench,code_swe,matplotlib__matplotlib-14623,10,11,lg_25932ca825bd7ab6,a5176f519dedc38fa101d3a88fe9ab028fdbca83a1edb0dd00465bb904bf3f78,5522ffcd3ca8b48e,validation,0,swebench,sensitivity_only,weak_degradation_search,20260726
swebench_matplotlib__matplotlib-14623_step_11,swebench,code_swe,matplotlib__matplotlib-14623,11,11,lg_25932ca825bd7ab6,a5176f519dedc38fa101d3a88fe9ab028fdbca83a1edb0dd00465bb904bf3f78,5522ffcd3ca8b48e,validation,0,swebench,sensitivity_only,weak_degradation_search,20260726
swebench_matplotlib__matplotlib-20488_step_1,swebench,code_swe,matplotlib__matplotlib-20488,1,6,lg_8ebad8ae3e33ff3a,f64d43fae9f0fd83fc050922c3786c4020102778eee6136aca77b4e2c8104c37,324c82d3cea8e4d8,train,3,swebench,sensitivity_only,weak_degradation_search,20260726
swebench_matplotlib__matplotlib-20488_step_2,swebench,code_swe,matplotlib__matplotlib-20488,2,6,lg_8ebad8ae3e33ff3a,f64d43fae9f0fd83fc050922c3786c4020102778eee6136aca77b4e2c8104c37,324c82d3cea8e4d8,train,3,swebench,sensitivity_only,weak_degradation_search,20260726
swebench_matplotlib__matplotlib-20488_step_3,swebench,code_swe,matplotlib__matplotlib-20488,3,6,lg_8ebad8ae3e33ff3a,f64d43fae9f0fd83fc050922c3786c4020102778eee6136aca77b4e2c8104c37,324c82d3cea8e4d8,train,3,swebench,sensitivity_only,weak_degradation_search,20260726
swebench_matplotlib__matplotlib-20488_step_4,swebench,code_swe,matplotlib__matplotlib-20488,4,6,lg_8ebad8ae3e33ff3a,f64d43fae9f0fd83fc050922c3786c4020102778eee6136aca77b4e2c8104c37,324c82d3cea8e4d8,train,3,swebench,sensitivity_only,weak_degradation_search,20260726
swebench_matplotlib__matplotlib-20488_step_5,swebench,code_swe,matplotlib__matplotlib-20488,5,6,lg_8ebad8ae3e33ff3a,f64d43fae9f0fd83fc050922c3786c4020102778eee6136aca77b4e2c8104c37,324c82d3cea8e4d8,train,3,swebench,sensitivity_only,weak_degradation_search,20260726
swebench_matplotlib__matplotlib-20488_step_6,swebench,code_swe,matplotlib__matplotlib-20488,6,6,lg_8ebad8ae3e33ff3a,f64d43fae9f0fd83fc050922c3786c4020102778eee6136aca77b4e2c8104c37,324c82d3cea8e4d8,train,3,swebench,sensitivity_only,weak_degradation_search,20260726
swebench_astropy__astropy-13033_step_1,swebench,code_swe,astropy__astropy-13033,1,7,lg_70daba531152a745,37362157f10dbe88e8c768139e0501b2424a5c452281c259d5991000997a3793,ad16b394657d75a7,train,1,swebench,sensitivity_only,weak_degradation_search,20260726
swebench_astropy__astropy-13033_step_2,swebench,code_swe,astropy__astropy-13033,2,7,lg_70daba531152a745,37362157f10dbe88e8c768139e0501b2424a5c452281c259d5991000997a3793,ad16b394657d75a7,train,1,swebench,sensitivity_only,weak_degradation_search,20260726
swebench_astropy__astropy-13033_step_3,swebench,code_swe,astropy__astropy-13033,3,7,lg_70daba531152a745,37362157f10dbe88e8c768139e0501b2424a5c452281c259d5991000997a3793,ad16b394657d75a7,train,1,swebench,sensitivity_only,weak_degradation_search,20260726
swebench_astropy__astropy-13033_step_4,swebench,code_swe,astropy__astropy-13033,4,7,lg_70daba531152a745,37362157f10dbe88e8c768139e0501b2424a5c452281c259d5991000997a3793,ad16b394657d75a7,train,1,swebench,sensitivity_only,weak_degradation_search,20260726
swebench_astropy__astropy-13033_step_5,swebench,code_swe,astropy__astropy-13033,5,7,lg_70daba531152a745,37362157f10dbe88e8c768139e0501b2424a5c452281c259d5991000997a3793,ad16b394657d75a7,train,1,swebench,sensitivity_only,weak_degradation_search,20260726
swebench_astropy__astropy-13033_step_6,swebench,code_swe,astropy__astropy-13033,6,7,lg_70daba531152a745,37362157f10dbe88e8c768139e0501b2424a5c452281c259d5991000997a3793,ad16b394657d75a7,train,1,swebench,sensitivity_only,weak_degradation_search,20260726
swebench_astropy__astropy-13033_step_7,swebench,code_swe,astropy__astropy-13033,7,7,lg_70daba531152a745,37362157f10dbe88e8c768139e0501b2424a5c452281c259d5991000997a3793,ad16b394657d75a7,train,1,swebench,sensitivity_only,weak_degradation_search,20260726
swebench_pydata__xarray-3095_step_1,swebench,code_swe,pydata__xarray-3095,1,10,lg_34f0fea95cd81995,4a86618a2459630151b8dda3607f9cb6be91d7e9d8b64f4db14b1de545862ab8,d001e6e9c96f557e,test,4,swebench,sensitivity_only,weak_degradation_search,20260726
swebench_pydata__xarray-3095_step_2,swebench,code_swe,pydata__xarray-3095,2,10,lg_34f0fea95cd81995,4a86618a2459630151b8dda3607f9cb6be91d7e9d8b64f4db14b1de545862ab8,d001e6e9c96f557e,test,4,swebench,sensitivity_only,weak_degradation_search,20260726
swebench_pydata__xarray-3095_step_3,swebench,code_swe,pydata__xarray-3095,3,10,lg_34f0fea95cd81995,4a86618a2459630151b8dda3607f9cb6be91d7e9d8b64f4db14b1de545862ab8,d001e6e9c96f557e,test,4,swebench,sensitivity_only,weak_degradation_search,20260726
swebench_pydata__xarray-3095_step_4,swebench,code_swe,pydata__xarray-3095,4,10,lg_34f0fea95cd81995,4a86618a2459630151b8dda3607f9cb6be91d7e9d8b64f4db14b1de545862ab8,d001e6e9c96f557e,test,4,swebench,sensitivity_only,weak_degradation_search,20260726
swebench_pydata__xarray-3095_step_5,swebench,code_swe,pydata__xarray-3095,5,10,lg_34f0fea95cd81995,4a86618a2459630151b8dda3607f9cb6be91d7e9d8b64f4db14b1de545862ab8,d001e6e9c96f557e,test,4,swebench,sensitivity_only,weak_degradation_search,20260726
swebench_pydata__xarray-3095_step_6,swebench,code_swe,pydata__xarray-3095,6,10,lg_34f0fea95cd81995,4a86618a2459630151b8dda3607f9cb6be91d7e9d8b64f4db14b1de545862ab8,d001e6e9c96f557e,test,4,swebench,sensitivity_only,weak_degradation_search,20260726
swebench_pydata__xarray-3095_step_7,swebench,code_swe,pydata__xarray-3095,7,10,lg_34f0fea95cd81995,4a86618a2459630151b8dda3607f9cb6be91d7e9d8b64f4db14b1de545862ab8,d001e6e9c96f557e,test,4,swebench,sensitivity_only,weak_degradation_search,20260726
swebench_pydata__xarray-3095_step_8,swebench,code_swe,pydata__xarray-3095,8,10,lg_34f0fea95cd81995,4a86618a2459630151b8dda3607f9cb6be91d7e9d8b64f4db14b1de545862ab8,d001e6e9c96f557e,test,4,swebench,sensitivity_only,weak_degradation_search,20260726
swebench_pydata__xarray-3095_step_9,swebench,code_swe,pydata__xarray-3095,9,10,lg_34f0fea95cd81995,4a86618a2459630151b8dda3607f9cb6be91d7e9d8b64f4db14b1de545862ab8,d001e6e9c96f557e,test,4,swebench,sensitivity_only,weak_degradation_search,20260726
swebench_pydata__xarray-3095_step_10,swebench,code_swe,pydata__xarray-3095,10,10,lg_34f0fea95cd81995,4a86618a2459630151b8dda3607f9cb6be91d7e9d8b64f4db14b1de545862ab8,d001e6e9c96f557e,test,4,swebench,sensitivity_only,weak_degradation_search,20260726
swebench_scikit-learn__scikit-learn-10844_step_1,swebench,code_swe,scikit-learn__scikit-learn-10844,1,6,lg_697ed098305011e5,531877e5dc10c7c54ea80d46f3ec4818c80ecd894dd7b8ead632a7b5d3190c35,69b860f5723810ac,train,1,swebench,sensitivity_only,weak_degradation_search,20260726
swebench_scikit-learn__scikit-learn-10844_step_2,swebench,code_swe,scikit-learn__scikit-learn-10844,2,6,lg_697ed098305011e5,531877e5dc10c7c54ea80d46f3ec4818c80ecd894dd7b8ead632a7b5d3190c35,69b860f5723810ac,train,1,swebench,sensitivity_only,weak_degradation_search,20260726
swebench_scikit-learn__scikit-learn-10844_step_3,swebench,code_swe,scikit-learn__scikit-learn-10844,3,6,lg_697ed098305011e5,531877e5dc10c7c54ea80d46f3ec4818c80ecd894dd7b8ead632a7b5d3190c35,69b860f5723810ac,train,1,swebench,sensitivity_only,weak_degradation_search,20260726
swebench_scikit-learn__scikit-learn-10844_step_4,swebench,code_swe,scikit-learn__scikit-learn-10844,4,6,lg_697ed098305011e5,531877e5dc10c7c54ea80d46f3ec4818c80ecd894dd7b8ead632a7b5d3190c35,69b860f5723810ac,train,1,swebench,sensitivity_only,weak_degradation_search,20260726
swebench_scikit-learn__scikit-learn-10844_step_5,swebench,code_swe,scikit-learn__scikit-learn-10844,5,6,lg_697ed098305011e5,531877e5dc10c7c54ea80d46f3ec4818c80ecd894dd7b8ead632a7b5d3190c35,69b860f5723810ac,train,1,swebench,sensitivity_only,weak_degradation_search,20260726
swebench_scikit-learn__scikit-learn-10844_step_6,swebench,code_swe,scikit-learn__scikit-learn-10844,6,6,lg_697ed098305011e5,531877e5dc10c7c54ea80d46f3ec4818c80ecd894dd7b8ead632a7b5d3190c35,69b860f5723810ac,train,1,swebench,sensitivity_only,weak_degradation_search,20260726
swebench_pytest-dev__pytest-10081_step_1,swebench,code_swe,pytest-dev__pytest-10081,1,10,lg_e779892698b4ca07,5adc11d334b4950708d4c469245244dc061a0d3e37430abde26c6c3fb2d68238,916ed3d8ffb1ce67,train,1,swebench,sensitivity_only,weak_degradation_search,20260726
swebench_pytest-dev__pytest-10081_step_2,swebench,code_swe,pytest-dev__pytest-10081,2,10,lg_e779892698b4ca07,5adc11d334b4950708d4c469245244dc061a0d3e37430abde26c6c3fb2d68238,916ed3d8ffb1ce67,train,1,swebench,sensitivity_only,weak_degradation_search,20260726
swebench_pytest-dev__pytest-10081_step_3,swebench,code_swe,pytest-dev__pytest-10081,3,10,lg_e779892698b4ca07,5adc11d334b4950708d4c469245244dc061a0d3e37430abde26c6c3fb2d68238,916ed3d8ffb1ce67,train,1,swebench,sensitivity_only,weak_degradation_search,20260726
swebench_pytest-dev__pytest-10081_step_4,swebench,code_swe,pytest-dev__pytest-10081,4,10,lg_e779892698b4ca07,5adc11d334b4950708d4c469245244dc061a0d3e37430abde26c6c3fb2d68238,916ed3d8ffb1ce67,train,1,swebench,sensitivity_only,weak_degradation_search,20260726
swebench_pytest-dev__pytest-10081_step_5,swebench,code_swe,pytest-dev__pytest-10081,5,10,lg_e779892698b4ca07,5adc11d334b4950708d4c469245244dc061a0d3e37430abde26c6c3fb2d68238,916ed3d8ffb1ce67,train,1,swebench,sensitivity_only,weak_degradation_search,20260726
swebench_pytest-dev__pytest-10081_step_6,swebench,code_swe,pytest-dev__pytest-10081,6,10,lg_e779892698b4ca07,5adc11d334b4950708d4c469245244dc061a0d3e37430abde26c6c3fb2d68238,916ed3d8ffb1ce67,train,1,swebench,sensitivity_only,weak_degradation_search,20260726
swebench_pytest-dev__pytest-10081_step_7,swebench,code_swe,pytest-dev__pytest-10081,7,10,lg_e779892698b4ca07,5adc11d334b4950708d4c469245244dc061a0d3e37430abde26c6c3fb2d68238,916ed3d8ffb1ce67,train,1,swebench,sensitivity_only,weak_degradation_search,20260726
swebench_pytest-dev__pytest-10081_step_8,swebench,code_swe,pytest-dev__pytest-10081,8,10,lg_e779892698b4ca07,5adc11d334b4950708d4c469245244dc061a0d3e37430abde26c6c3fb2d68238,916ed3d8ffb1ce67,train,1,swebench,sensitivity_only,weak_degradation_search,20260726
swebench_pytest-dev__pytest-10081_step_9,swebench,code_swe,pytest-dev__pytest-10081,9,10,lg_e779892698b4ca07,5adc11d334b4950708d4c469245244dc061a0d3e37430abde26c6c3fb2d68238,916ed3d8ffb1ce67,train,1,swebench,sensitivity_only,weak_degradation_search,20260726
swebench_pytest-dev__pytest-10081_step_10,swebench,code_swe,pytest-dev__pytest-10081,10,10,lg_e779892698b4ca07,5adc11d334b4950708d4c469245244dc061a0d3e37430abde26c6c3fb2d68238,916ed3d8ffb1ce67,train,1,swebench,sensitivity_only,weak_degradation_search,20260726
swebench_pylint-dev__pylint-4604_step_1,swebench,code_swe,pylint-dev__pylint-4604,1,8,lg_f0388c27d088a165,13efb393c5b2bbb2e175f88d8557534516d6802b655a89cce9e8a0048fe5b5ad,13e7ba833ab847eb,train,2,swebench,sensitivity_only,weak_degradation_search,20260726
swebench_pylint-dev__pylint-4604_step_2,swebench,code_swe,pylint-dev__pylint-4604,2,8,lg_f0388c27d088a165,13efb393c5b2bbb2e175f88d8557534516d6802b655a89cce9e8a0048fe5b5ad,13e7ba833ab847eb,train,2,swebench,sensitivity_only,weak_degradation_search,20260726
swebench_pylint-dev__pylint-4604_step_3,swebench,code_swe,pylint-dev__pylint-4604,3,8,lg_f0388c27d088a165,13efb393c5b2bbb2e175f88d8557534516d6802b655a89cce9e8a0048fe5b5ad,13e7ba833ab847eb,train,2,swebench,sensitivity_only,weak_degradation_search,20260726
swebench_pylint-dev__pylint-4604_step_4,swebench,code_swe,pylint-dev__pylint-4604,4,8,lg_f0388c27d088a165,13efb393c5b2bbb2e175f88d8557534516d6802b655a89cce9e8a0048fe5b5ad,13e7ba833ab847eb,train,2,swebench,sensitivity_only,weak_degradation_search,20260726
swebench_pylint-dev__pylint-4604_step_5,swebench,code_swe,pylint-dev__pylint-4604,5,8,lg_f0388c27d088a165,13efb393c5b2bbb2e175f88d8557534516d6802b655a89cce9e8a0048fe5b5ad,13e7ba833ab847eb,train,2,swebench,sensitivity_only,weak_degradation_search,20260726
swebench_pylint-dev__pylint-4604_step_6,swebench,code_swe,pylint-dev__pylint-4604,6,8,lg_f0388c27d088a165,13efb393c5b2bbb2e175f88d8557534516d6802b655a89cce9e8a0048fe5b5ad,13e7ba833ab847eb,train,2,swebench,sensitivity_only,weak_degradation_search,20260726
swebench_pylint-dev__pylint-4604_step_7,swebench,code_swe,pylint-dev__pylint-4604,7,8,lg_f0388c27d088a165,13efb393c5b2bbb2e175f88d8557534516d6802b655a89cce9e8a0048fe5b5ad,13e7ba833ab847eb,train,2,swebench,sensitivity_only,weak_degradation_search,20260726
swebench_pylint-dev__pylint-4604_step_8,swebench,code_swe,pylint-dev__pylint-4604,8,8,lg_f0388c27d088a165,13efb393c5b2bbb2e175f88d8557534516d6802b655a89cce9e8a0048fe5b5ad,13e7ba833ab847eb,train,2,swebench,sensitivity_only,weak_degradation_search,20260726
swebench_psf__requests-1724_step_1,swebench,code_swe,psf__requests-1724,1,10,lg_d46f6a6138aaf0a6,8d0d841c1e597d23a45e090e3f8a01373f0ca73099fac2485d6ecd69fdff3bc2,983e53b85c3d9ad2,validation,0,swebench,sensitivity_only,weak_degradation_search,20260726
swebench_psf__requests-1724_step_2,swebench,code_swe,psf__requests-1724,2,10,lg_d46f6a6138aaf0a6,8d0d841c1e597d23a45e090e3f8a01373f0ca73099fac2485d6ecd69fdff3bc2,983e53b85c3d9ad2,validation,0,swebench,sensitivity_only,weak_degradation_search,20260726
swebench_psf__requests-1724_step_3,swebench,code_swe,psf__requests-1724,3,10,lg_d46f6a6138aaf0a6,8d0d841c1e597d23a45e090e3f8a01373f0ca73099fac2485d6ecd69fdff3bc2,983e53b85c3d9ad2,validation,0,swebench,sensitivity_only,weak_degradation_search,20260726
swebench_psf__requests-1724_step_4,swebench,code_swe,psf__requests-1724,4,10,lg_d46f6a6138aaf0a6,8d0d841c1e597d23a45e090e3f8a01373f0ca73099fac2485d6ecd69fdff3bc2,983e53b85c3d9ad2,validation,0,swebench,sensitivity_only,weak_degradation_search,20260726
swebench_psf__requests-1724_step_5,swebench,code_swe,psf__requests-1724,5,10,lg_d46f6a6138aaf0a6,8d0d841c1e597d23a45e090e3f8a01373f0ca73099fac2485d6ecd69fdff3bc2,983e53b85c3d9ad2,validation,0,swebench,sensitivity_only,weak_degradation_search,20260726
swebench_psf__requests-1724_step_6,swebench,code_swe,psf__requests-1724,6,10,lg_d46f6a6138aaf0a6,8d0d841c1e597d23a45e090e3f8a01373f0ca73099fac2485d6ecd69fdff3bc2,983e53b85c3d9ad2,validation,0,swebench,sensitivity_only,weak_degradation_search,20260726
swebench_psf__requests-1724_step_7,swebench,code_swe,psf__requests-1724,7,10,lg_d46f6a6138aaf0a6,8d0d841c1e597d23a45e090e3f8a01373f0ca73099fac2485d6ecd69fdff3bc2,983e53b85c3d9ad2,validation,0,swebench,sensitivity_only,weak_degradation_search,20260726
swebench_psf__requests-1724_step_8,swebench,code_swe,psf__requests-1724,8,10,lg_d46f6a6138aaf0a6,8d0d841c1e597d23a45e090e3f8a01373f0ca73099fac2485d6ecd69fdff3bc2,983e53b85c3d9ad2,validation,0,swebench,sensitivity_only,weak_degradation_search,20260726
swebench_psf__requests-1724_step_9,swebench,code_swe,psf__requests-1724,9,10,lg_d46f6a6138aaf0a6,8d0d841c1e597d23a45e090e3f8a01373f0ca73099fac2485d6ecd69fdff3bc2,983e53b85c3d9ad2,validation,0,swebench,sensitivity_only,weak_degradation_search,20260726
swebench_psf__requests-1724_step_10,swebench,code_swe,psf__requests-1724,10,10,lg_d46f6a6138aaf0a6,8d0d841c1e597d23a45e090e3f8a01373f0ca73099fac2485d6ecd69fdff3bc2,983e53b85c3d9ad2,validation,0,swebench,sensitivity_only,weak_degradation_search,20260726
pinchbench_task_01_calendar_step_1,pinchbench,general_agent,task_01_calendar,1,4,lg_365e91abe25ec9b9,7b9a1ee247337015d40e4fd24ce701139128aed300bed81bb50e4a7d45d90feb,d19bf964bbf79fb1,train,3,pinchbench,main,strong_mixed_model_validated,20260726
pinchbench_task_01_calendar_step_2,pinchbench,general_agent,task_01_calendar,2,4,lg_365e91abe25ec9b9,7b9a1ee247337015d40e4fd24ce701139128aed300bed81bb50e4a7d45d90feb,d19bf964bbf79fb1,train,3,pinchbench,main,strong_mixed_model_validated,20260726
pinchbench_task_01_calendar_step_3,pinchbench,general_agent,task_01_calendar,3,4,lg_365e91abe25ec9b9,7b9a1ee247337015d40e4fd24ce701139128aed300bed81bb50e4a7d45d90feb,d19bf964bbf79fb1,train,3,pinchbench,main,strong_mixed_model_validated,20260726
pinchbench_task_01_calendar_step_4,pinchbench,general_agent,task_01_calendar,4,4,lg_365e91abe25ec9b9,7b9a1ee247337015d40e4fd24ce701139128aed300bed81bb50e4a7d45d90feb,d19bf964bbf79fb1,train,3,pinchbench,main,strong_mixed_model_validated,20260726
pinchbench_task_03_blog_step_1,pinchbench,general_agent,task_03_blog,1,2,lg_af4cffbcde5f4c75,3a476f2bffa90d230a6cdad212c09ba644abb7b44bfbcc842e16ce242fa32869,ff55b8e84e0009ff,test,4,pinchbench,main,strong_mixed_model_validated,20260726
pinchbench_task_03_blog_step_2,pinchbench,general_agent,task_03_blog,2,2,lg_af4cffbcde5f4c75,3a476f2bffa90d230a6cdad212c09ba644abb7b44bfbcc842e16ce242fa32869,ff55b8e84e0009ff,test,4,pinchbench,main,strong_mixed_model_validated,20260726
pinchbench_task_04_weather_step_1,pinchbench,general_agent,task_04_weather,1,6,lg_16a8fc49fe67b7be,3a4d2b78571c92c50ddbad303456bb62bcce17427dc2a23c9e11a7d921a4924a,939d8238ef376c1d,train,3,pinchbench,main,strong_mixed_model_validated,20260726
pinchbench_task_04_weather_step_2,pinchbench,general_agent,task_04_weather,2,6,lg_16a8fc49fe67b7be,3a4d2b78571c92c50ddbad303456bb62bcce17427dc2a23c9e11a7d921a4924a,939d8238ef376c1d,train,3,pinchbench,main,strong_mixed_model_validated,20260726
pinchbench_task_04_weather_step_3,pinchbench,general_agent,task_04_weather,3,6,lg_16a8fc49fe67b7be,3a4d2b78571c92c50ddbad303456bb62bcce17427dc2a23c9e11a7d921a4924a,939d8238ef376c1d,train,3,pinchbench,main,strong_mixed_model_validated,20260726
pinchbench_task_04_weather_step_4,pinchbench,general_agent,task_04_weather,4,6,lg_16a8fc49fe67b7be,3a4d2b78571c92c50ddbad303456bb62bcce17427dc2a23c9e11a7d921a4924a,939d8238ef376c1d,train,3,pinchbench,main,strong_mixed_model_validated,20260726
pinchbench_task_04_weather_step_5,pinchbench,general_agent,task_04_weather,5,6,lg_16a8fc49fe67b7be,3a4d2b78571c92c50ddbad303456bb62bcce17427dc2a23c9e11a7d921a4924a,939d8238ef376c1d,train,3,pinchbench,main,strong_mixed_model_validated,20260726
pinchbench_task_04_weather_step_6,pinchbench,general_agent,task_04_weather,6,6,lg_16a8fc49fe67b7be,3a4d2b78571c92c50ddbad303456bb62bcce17427dc2a23c9e11a7d921a4924a,939d8238ef376c1d,train,3,pinchbench,main,strong_mixed_model_validated,20260726
pinchbench_task_05_summary_step_1,pinchbench,general_agent,task_05_summary,1,4,lg_6929afb3c8ccf664,4566d096278676ef46835c120d73820c5d1f098743365446780ffe71bdc88875,88a4780b0bd4900c,train,3,pinchbench,main,strong_mixed_model_validated,20260726
pinchbench_task_05_summary_step_2,pinchbench,general_agent,task_05_summary,2,4,lg_6929afb3c8ccf664,4566d096278676ef46835c120d73820c5d1f098743365446780ffe71bdc88875,88a4780b0bd4900c,train,3,pinchbench,main,strong_mixed_model_validated,20260726
pinchbench_task_05_summary_step_3,pinchbench,general_agent,task_05_summary,3,4,lg_6929afb3c8ccf664,4566d096278676ef46835c120d73820c5d1f098743365446780ffe71bdc88875,88a4780b0bd4900c,train,3,pinchbench,main,strong_mixed_model_validated,20260726
pinchbench_task_05_summary_step_4,pinchbench,general_agent,task_05_summary,4,4,lg_6929afb3c8ccf664,4566d096278676ef46835c120d73820c5d1f098743365446780ffe71bdc88875,88a4780b0bd4900c,train,3,pinchbench,main,strong_mixed_model_validated,20260726
pinchbench_task_07_email_step_1,pinchbench,general_agent,task_07_email,1,2,lg_58505cb0f883e3cb,89369ae9e94b3d3898e2ce0594c602fe41cd1060b773c8ad546f638003b0aac6,fd8b8b5bdcb4e3fd,train,2,pinchbench,main,strong_mixed_model_validated,20260726
pinchbench_task_07_email_step_2,pinchbench,general_agent,task_07_email,2,2,lg_58505cb0f883e3cb,89369ae9e94b3d3898e2ce0594c602fe41cd1060b773c8ad546f638003b0aac6,fd8b8b5bdcb4e3fd,train,2,pinchbench,main,strong_mixed_model_validated,20260726
pinchbench_task_09_files_step_1,pinchbench,general_agent,task_09_files,1,3,lg_b29857444cdc666d,6443b2d4d1658f4cf547df75da909d5c33c32831d8bcca787209cddf65ddf008,bd4f58873bdf1fa2,validation,0,pinchbench,main,strong_mixed_model_validated,20260726
pinchbench_task_09_files_step_2,pinchbench,general_agent,task_09_files,2,3,lg_b29857444cdc666d,6443b2d4d1658f4cf547df75da909d5c33c32831d8bcca787209cddf65ddf008,bd4f58873bdf1fa2,validation,0,pinchbench,main,strong_mixed_model_validated,20260726
pinchbench_task_09_files_step_3,pinchbench,general_agent,task_09_files,3,3,lg_b29857444cdc666d,6443b2d4d1658f4cf547df75da909d5c33c32831d8bcca787209cddf65ddf008,bd4f58873bdf1fa2,validation,0,pinchbench,main,strong_mixed_model_validated,20260726
pinchbench_task_11_clawdhub_step_1,pinchbench,general_agent,task_11_clawdhub,1,4,lg_55fd3f5dfe56e3f5,1b8f45b48bd9425a72703fc3f172af43ae662be555b48add14827ee645a97842,bce27d655e15f84f,test,4,pinchbench,main,strong_mixed_model_validated,20260726
pinchbench_task_11_clawdhub_step_2,pinchbench,general_agent,task_11_clawdhub,2,4,lg_55fd3f5dfe56e3f5,1b8f45b48bd9425a72703fc3f172af43ae662be555b48add14827ee645a97842,bce27d655e15f84f,test,4,pinchbench,main,strong_mixed_model_validated,20260726
pinchbench_task_11_clawdhub_step_3,pinchbench,general_agent,task_11_clawdhub,3,4,lg_55fd3f5dfe56e3f5,1b8f45b48bd9425a72703fc3f172af43ae662be555b48add14827ee645a97842,bce27d655e15f84f,test,4,pinchbench,main,strong_mixed_model_validated,20260726
pinchbench_task_11_clawdhub_step_4,pinchbench,general_agent,task_11_clawdhub,4,4,lg_55fd3f5dfe56e3f5,1b8f45b48bd9425a72703fc3f172af43ae662be555b48add14827ee645a97842,bce27d655e15f84f,test,4,pinchbench,main,strong_mixed_model_validated,20260726
pinchbench_task_12_skill_search_step_1,pinchbench,general_agent,task_12_skill_search,1,6,lg_5f11f25db96fb496,4ff6a03f49cfedbc19ca14eda69c6ebf7bb1904fc8924c48081de54a42dbe553,a60df8cff57da53f,train,1,pinchbench,main,strong_mixed_model_validated,20260726
pinchbench_task_12_skill_search_step_2,pinchbench,general_agent,task_12_skill_search,2,6,lg_5f11f25db96fb496,4ff6a03f49cfedbc19ca14eda69c6ebf7bb1904fc8924c48081de54a42dbe553,a60df8cff57da53f,train,1,pinchbench,main,strong_mixed_model_validated,20260726
pinchbench_task_12_skill_search_step_3,pinchbench,general_agent,task_12_skill_search,3,6,lg_5f11f25db96fb496,4ff6a03f49cfedbc19ca14eda69c6ebf7bb1904fc8924c48081de54a42dbe553,a60df8cff57da53f,train,1,pinchbench,main,strong_mixed_model_validated,20260726
pinchbench_task_12_skill_search_step_4,pinchbench,general_agent,task_12_skill_search,4,6,lg_5f11f25db96fb496,4ff6a03f49cfedbc19ca14eda69c6ebf7bb1904fc8924c48081de54a42dbe553,a60df8cff57da53f,train,1,pinchbench,main,strong_mixed_model_validated,20260726
pinchbench_task_12_skill_search_step_5,pinchbench,general_agent,task_12_skill_search,5,6,lg_5f11f25db96fb496,4ff6a03f49cfedbc19ca14eda69c6ebf7bb1904fc8924c48081de54a42dbe553,a60df8cff57da53f,train,1,pinchbench,main,strong_mixed_model_validated,20260726
pinchbench_task_12_skill_search_step_6,pinchbench,general_agent,task_12_skill_search,6,6,lg_5f11f25db96fb496,4ff6a03f49cfedbc19ca14eda69c6ebf7bb1904fc8924c48081de54a42dbe553,a60df8cff57da53f,train,1,pinchbench,main,strong_mixed_model_validated,20260726
pinchbench_task_14_humanizer_step_1,pinchbench,general_agent,task_14_humanizer,1,3,lg_d42b316f264a7809,cffe878e59e441e4d0938c76536da55e5ddf88e1ae1621ad329b282ca8478c59,b249b0dd46e86dfe,train,3,pinchbench,main,strong_mixed_model_validated,20260726
pinchbench_task_14_humanizer_step_2,pinchbench,general_agent,task_14_humanizer,2,3,lg_d42b316f264a7809,cffe878e59e441e4d0938c76536da55e5ddf88e1ae1621ad329b282ca8478c59,b249b0dd46e86dfe,train,3,pinchbench,main,strong_mixed_model_validated,20260726
pinchbench_task_14_humanizer_step_3,pinchbench,general_agent,task_14_humanizer,3,3,lg_d42b316f264a7809,cffe878e59e441e4d0938c76536da55e5ddf88e1ae1621ad329b282ca8478c59,b249b0dd46e86dfe,train,3,pinchbench,main,strong_mixed_model_validated,20260726
pinchbench_task_15_daily_summary_step_1,pinchbench,general_agent,task_15_daily_summary,1,5,lg_06d148215ce37386,d646c88741b291f34b07e197259b7a0be447837e4c0f65675e96110870a3b0e7,f8133bb3ad4f4c2a,test,4,pinchbench,main,strong_mixed_model_validated,20260726
pinchbench_task_15_daily_summary_step_2,pinchbench,general_agent,task_15_daily_summary,2,5,lg_06d148215ce37386,d646c88741b291f34b07e197259b7a0be447837e4c0f65675e96110870a3b0e7,f8133bb3ad4f4c2a,test,4,pinchbench,main,strong_mixed_model_validated,20260726
pinchbench_task_15_daily_summary_step_3,pinchbench,general_agent,task_15_daily_summary,3,5,lg_06d148215ce37386,d646c88741b291f34b07e197259b7a0be447837e4c0f65675e96110870a3b0e7,f8133bb3ad4f4c2a,test,4,pinchbench,main,strong_mixed_model_validated,20260726
pinchbench_task_15_daily_summary_step_4,pinchbench,general_agent,task_15_daily_summary,4,5,lg_06d148215ce37386,d646c88741b291f34b07e197259b7a0be447837e4c0f65675e96110870a3b0e7,f8133bb3ad4f4c2a,test,4,pinchbench,main,strong_mixed_model_validated,20260726
pinchbench_task_15_daily_summary_step_5,pinchbench,general_agent,task_15_daily_summary,5,5,lg_06d148215ce37386,d646c88741b291f34b07e197259b7a0be447837e4c0f65675e96110870a3b0e7,f8133bb3ad4f4c2a,test,4,pinchbench,main,strong_mixed_model_validated,20260726
pinchbench_task_16_email_triage_step_1,pinchbench,general_agent,task_16_email_triage,1,3,lg_301dfc09a920db75,a2b0078ed8506c297bb91624ad72995f85d73a56bb7239ad39f7b0f39d660bc6,92ff7d585fbed5b5,validation,0,pinchbench,main,strong_mixed_model_validated,20260726
pinchbench_task_16_email_triage_step_2,pinchbench,general_agent,task_16_email_triage,2,3,lg_301dfc09a920db75,a2b0078ed8506c297bb91624ad72995f85d73a56bb7239ad39f7b0f39d660bc6,92ff7d585fbed5b5,validation,0,pinchbench,main,strong_mixed_model_validated,20260726
pinchbench_task_16_email_triage_step_3,pinchbench,general_agent,task_16_email_triage,3,3,lg_301dfc09a920db75,a2b0078ed8506c297bb91624ad72995f85d73a56bb7239ad39f7b0f39d660bc6,92ff7d585fbed5b5,validation,0,pinchbench,main,strong_mixed_model_validated,20260726
pinchbench_task_19_spreadsheet_summary_step_1,pinchbench,general_agent,task_19_spreadsheet_summary,1,6,lg_5e0f84c893dd8686,670a8aaa8de0227fb3ff1b7fbdca2c6b413e320cf6f9f4d2a583f1c75884d157,e2ee39b304ad8674,validation,0,pinchbench,main,strong_mixed_model_validated,20260726
pinchbench_task_19_spreadsheet_summary_step_2,pinchbench,general_agent,task_19_spreadsheet_summary,2,6,lg_5e0f84c893dd8686,670a8aaa8de0227fb3ff1b7fbdca2c6b413e320cf6f9f4d2a583f1c75884d157,e2ee39b304ad8674,validation,0,pinchbench,main,strong_mixed_model_validated,20260726
pinchbench_task_19_spreadsheet_summary_step_3,pinchbench,general_agent,task_19_spreadsheet_summary,3,6,lg_5e0f84c893dd8686,670a8aaa8de0227fb3ff1b7fbdca2c6b413e320cf6f9f4d2a583f1c75884d157,e2ee39b304ad8674,validation,0,pinchbench,main,strong_mixed_model_validated,20260726
pinchbench_task_19_spreadsheet_summary_step_4,pinchbench,general_agent,task_19_spreadsheet_summary,4,6,lg_5e0f84c893dd8686,670a8aaa8de0227fb3ff1b7fbdca2c6b413e320cf6f9f4d2a583f1c75884d157,e2ee39b304ad8674,validation,0,pinchbench,main,strong_mixed_model_validated,20260726
pinchbench_task_19_spreadsheet_summary_step_5,pinchbench,general_agent,task_19_spreadsheet_summary,5,6,lg_5e0f84c893dd8686,670a8aaa8de0227fb3ff1b7fbdca2c6b413e320cf6f9f4d2a583f1c75884d157,e2ee39b304ad8674,validation,0,pinchbench,main,strong_mixed_model_validated,20260726
pinchbench_task_19_spreadsheet_summary_step_6,pinchbench,general_agent,task_19_spreadsheet_summary,6,6,lg_5e0f84c893dd8686,670a8aaa8de0227fb3ff1b7fbdca2c6b413e320cf6f9f4d2a583f1c75884d157,e2ee39b304ad8674,validation,0,pinchbench,main,strong_mixed_model_validated,20260726
mtrag_b4614daadceeecb400f7baf0aa48dcb8_turn_8_step_1,mtrag,rag_multiturn,b4614daadceeecb400f7baf0aa48dcb8_turn_8,1,1,lg_b45ad4965553ac0d,4188e4cd5e296a0e4643a535a99250891f006fb6a7b3878411a283413a566eec,5100d1c203cef21d,train,2,mtrag,main,strong_ground_truth_ready,20260726
mtrag_2cc753bcef23767c18aedad06c4405c4_turn_4_step_1,mtrag,rag_multiturn,2cc753bcef23767c18aedad06c4405c4_turn_4,1,1,lg_3c73137673e6be95,237c428977168433c328531fd7a3540e0f0da937f98297cbd869b106a443fb12,3afcf2ab706def9f,validation,0,mtrag,main,strong_ground_truth_ready,20260726
mtrag_5503c6e98c54d4901332d0f1c6030bd9_turn_3_step_1,mtrag,rag_multiturn,5503c6e98c54d4901332d0f1c6030bd9_turn_3,1,1,lg_0ce5aa2264cda4e4,b5c10021bc2ece9301aba513c4fe389ad5c5ffeb1cefc025cb54a2e9e4b154ac,91ddcfd8f29f1263,test,4,mtrag,main,strong_ground_truth_ready,20260726
mtrag_1c74814752c3f9d4ed0b99c16e1ed192_turn_5_step_1,mtrag,rag_multiturn,1c74814752c3f9d4ed0b99c16e1ed192_turn_5,1,1,lg_07ef7884df4c8ac3,370b34a0c4f11e24b58caf4eb84fccfcd8e1ad77082bbb3dec7ada257dfaae28,16934c5eb201851a,train,1,mtrag,main,strong_ground_truth_ready,20260726
mtrag_a2698b2973ea7db1ee5adb5e70ec02e4_turn_8_step_1,mtrag,rag_multiturn,a2698b2973ea7db1ee5adb5e70ec02e4_turn_8,1,1,lg_c595716dc7908e08,8b981845ed6c7ea2a2dac156573d8b705ea4df2039e2e3e90c27594882df8e9f,b4a780695ccda128,train,2,mtrag,main,strong_ground_truth_ready,20260726
mtrag_72ba19c38518da1fc894fc638a2802f7_turn_6_step_1,mtrag,rag_multiturn,72ba19c38518da1fc894fc638a2802f7_turn_6,1,1,lg_a7e329693618eedb,2d6643df272688c95f30d811c148be38355e106a9eeb01427325c5aeac6ec5e3,566449f197e3c691,validation,0,mtrag,main,strong_ground_truth_ready,20260726
mtrag_1c74814752c3f9d4ed0b99c16e1ed192_turn_6_step_1,mtrag,rag_multiturn,1c74814752c3f9d4ed0b99c16e1ed192_turn_6,1,1,lg_b58ac257dc2f3000,228e7ed868aaaed0defcf8d24db93c68fba79dc9fc1c75dc5b703dfd078b45ff,0e54cbc96b91b6b0,test,4,mtrag,main,strong_ground_truth_ready,20260726
mtrag_0208bf26ec357a803445290fa88a2e9e_turn_6_step_1,mtrag,rag_multiturn,0208bf26ec357a803445290fa88a2e9e_turn_6,1,1,lg_43b5616800411feb,18e9847b9460e363fecdb1f6570c018c82fb4b885dbebaa8afdee5b9586a816d,dbd8ab70db5fcd1a,validation,0,mtrag,main,strong_ground_truth_ready,20260726
mtrag_6528deeee4180c1b2b770a2929482e82_turn_3_step_1,mtrag,rag_multiturn,6528deeee4180c1b2b770a2929482e82_turn_3,1,1,lg_05367b008a9ecd19,b8ea64fdc7bc6c4233b4e06a69242f7edf63ac03be82efcb567bbe5710b3a918,2b573383f8a23f6b,train,2,mtrag,main,strong_ground_truth_ready,20260726
mtrag_f5a8ca2f2bc12180940167fb920bb018_turn_5_step_1,mtrag,rag_multiturn,f5a8ca2f2bc12180940167fb920bb018_turn_5,1,1,lg_c9e99094d4c3455d,5c47615867a3fee4839e71a16d5ad4df8e8256004ffb6bcba3c141fa5ba0ba1c,9a6e51c7d1eded3f,train,3,mtrag,main,strong_ground_truth_ready,20260726
mtrag_adf9b1f61c73d715809bc7b37ac02724_turn_8_step_1,mtrag,rag_multiturn,adf9b1f61c73d715809bc7b37ac02724_turn_8,1,1,lg_4111d460204360fa,07a94646cbcde12f5a591c9cfa3acee5232beb3f01b01642ec1036d26b6903ce,64d828b5faeeabe0,test,4,mtrag,main,strong_ground_truth_ready,20260726
mtrag_be461bfeda2d4826cdb663dcaa7d1ced_turn_3_step_1,mtrag,rag_multiturn,be461bfeda2d4826cdb663dcaa7d1ced_turn_3,1,1,lg_063148cb00cff3bc,b1dfeed5f5edc2925280ee1e0c77d766d410bb2832eab6f3bd693472a38c6f52,09656c26ebbd0c93,train,1,mtrag,main,strong_ground_truth_ready,20260726
mtrag_e1b602e47ded79a35d8df4eefe194e39_turn_5_step_1,mtrag,rag_multiturn,e1b602e47ded79a35d8df4eefe194e39_turn_5,1,1,lg_d37fa3afb75c230e,7f33d09e56f5d3d111c49d5da1d3afb42a999ab99512cde04e3ae55b7df9ba56,c38424d1ed53ee33,test,4,mtrag,main,strong_ground_truth_ready,20260726
mtrag_af57ff6995d958858fc451e606fdb54d_turn_7_step_1,mtrag,rag_multiturn,af57ff6995d958858fc451e606fdb54d_turn_7,1,1,lg_d9270071c8915b56,3d4fce28ecb8849d567311f934138cee0012c8601cc88408d63307b55bf93747,220bdbcfb806ac3b,train,1,mtrag,main,strong_ground_truth_ready,20260726
mtrag_a6eab3f851684c4ba01ae141ce590342_turn_1_step_1,mtrag,rag_multiturn,a6eab3f851684c4ba01ae141ce590342_turn_1,1,1,lg_5ed561973a117c03,74bc53a7209d60c1ef289cd3c8c175f5224879128b53a596424be0ee72ffdfa6,397ed46a09bf0512,test,4,mtrag,main,strong_ground_truth_ready,20260726
mtrag_47b2471404382af6e973013ab1cf96b9_turn_1_step_1,mtrag,rag_multiturn,47b2471404382af6e973013ab1cf96b9_turn_1,1,1,lg_9b00103b318698ea,a09ccbaf771d95f3828e5afdb6288c1bbdbc5810101c77847d28d94df7513eef,f37663d74edd55db,train,2,mtrag,main,strong_ground_truth_ready,20260726
mtrag_5600fe1c05a1fc415416d9dee6347000_turn_6_step_1,mtrag,rag_multiturn,5600fe1c05a1fc415416d9dee6347000_turn_6,1,1,lg_6ceaaf6a4e2c770b,2a06daebe382ed47fbec7e5cd32e2495f5c8e33266458058e963e5798988b0c5,6f6de3b1dbe41cde,validation,0,mtrag,main,strong_ground_truth_ready,20260726
mtrag_61374b240d5742f957706d00f9ed0dd6_turn_2_step_1,mtrag,rag_multiturn,61374b240d5742f957706d00f9ed0dd6_turn_2,1,1,lg_ca16eff9c3c572dd,ec841a1a4db65ed124f9ba79b7c687db1908ef22f12b7d6626b8f6b56f6ed1e9,50d8e8d4416d2be3,validation,0,mtrag,main,strong_ground_truth_ready,20260726
mtrag_2cc753bcef23767c18aedad06c4405c4_turn_6_step_1,mtrag,rag_multiturn,2cc753bcef23767c18aedad06c4405c4_turn_6,1,1,lg_80e67ee8fd3b9e77,a42a63c0c07874806a6edd1d1a677f6655d1e1c00dcea61ffc93c039b942e251,7c2e4d44b1d2d514,validation,0,mtrag,main,strong_ground_truth_ready,20260726
mtrag_5e79e465134d923edf68580733a81c68_turn_3_step_1,mtrag,rag_multiturn,5e79e465134d923edf68580733a81c68_turn_3,1,1,lg_7c669dc7201afeb7,57c30553f166b2ef47009b40af79094a20f0ab689f0fadd5ee0dc0279b7ef2c4,2451e5c377fc4cc7,train,3,mtrag,main,strong_ground_truth_ready,20260726
mtrag_717ca9138f07b4621887812f47499d74_turn_8_step_1,mtrag,rag_multiturn,717ca9138f07b4621887812f47499d74_turn_8,1,1,lg_0f6e97a6b6ad8a93,d967c72a9dbe1afe03de006c31844f2f3a1e69d81a8626f2c1e8bb704cb4f413,8bd4c0d2021eb0f2,validation,0,mtrag,main,strong_ground_truth_ready,20260726
mtrag_7cb06b3f8068674fce61a11e9777f708_turn_4_step_1,mtrag,rag_multiturn,7cb06b3f8068674fce61a11e9777f708_turn_4,1,1,lg_530fdd2b12c1bd6e,6fdbc379ea24599809f74256c38bc0f89375cb61982fa38c016e235188a0d742,f27dfbed505f8531,train,2,mtrag,main,strong_ground_truth_ready,20260726
mtrag_ddbbbe7ea13560c5768639207e1ca604_turn_1_step_1,mtrag,rag_multiturn,ddbbbe7ea13560c5768639207e1ca604_turn_1,1,1,lg_9e6b181182648930,65e751fd19f829d0238c7b69be84c430f068b503ca81f86fe5bf5bb682606532,249f305555ce4c7f,train,1,mtrag,main,strong_ground_truth_ready,20260726
mtrag_717ca9138f07b4621887812f47499d74_turn_3_step_1,mtrag,rag_multiturn,717ca9138f07b4621887812f47499d74_turn_3,1,1,lg_34ac87dffe452840,70c9ce318b920b821b5f5d04c4db39eccab5717038958b39d142a37d84fc0c4e,8e5485d6c354b172,validation,0,mtrag,main,strong_ground_truth_ready,20260726
mtrag_be461bfeda2d4826cdb663dcaa7d1ced_turn_2_step_1,mtrag,rag_multiturn,be461bfeda2d4826cdb663dcaa7d1ced_turn_2,1,1,lg_5246338dcd092431,625bbc735c09ec91292661bf2a17d4b309d718bf97b6620164bb2ca274ea6873,1d317ecde23fd597,test,4,mtrag,main,strong_ground_truth_ready,20260726
mtrag_4751cd8210b4adb8bce5cbc3fe913096_turn_1_step_1,mtrag,rag_multiturn,4751cd8210b4adb8bce5cbc3fe913096_turn_1,1,1,lg_4df2d70f4a3c7b2c,e364b585e09266a0fca84299a3d8b34130f4e91510e40ce14c9601b3df632a2b,234da3698b42a40b,validation,0,mtrag,main,strong_ground_truth_ready,20260726
mtrag_258193fc88e0e73322e288aa03719260_turn_6_step_1,mtrag,rag_multiturn,258193fc88e0e73322e288aa03719260_turn_6,1,1,lg_bdaf35ae5264490d,b87f242d633cf8f9bb27f00ad32ac2dbcd22abcfef87bb6225e88baf76f95f66,963447ad473d91ae,validation,0,mtrag,main,strong_ground_truth_ready,20260726
mtrag_20c2cbd18c16c12c9c2bbead6aef1a21_turn_6_step_1,mtrag,rag_multiturn,20c2cbd18c16c12c9c2bbead6aef1a21_turn_6,1,1,lg_1e5922fb00def83c,446abb44a0f36cf359ce3dc9625b578432e763d0b21a0b8e1c091e20ab2cc9e5,d7b048c823467f69,train,2,mtrag,main,strong_ground_truth_ready,20260726
mtrag_cfbcfa3e382f12aed450b10f87a72aeb_turn_2_step_1,mtrag,rag_multiturn,cfbcfa3e382f12aed450b10f87a72aeb_turn_2,1,1,lg_72b2860e4012385d,ef8a453629c30187d0963c20909ec655ad3a3e49e12568579a2336ae22d69f3e,a1da51e97b93a953,train,3,mtrag,main,strong_ground_truth_ready,20260726
mtrag_f0d30863222ebd30fc68c43ac3ae94bb_turn_1_step_1,mtrag,rag_multiturn,f0d30863222ebd30fc68c43ac3ae94bb_turn_1,1,1,lg_157840bb294f6b7c,d31e4daeb6137c6761dc00ba62d1920a91527c7b913e61bb536a9a411c131c21,2c9274f65a9a18a0,validation,0,mtrag,main,strong_ground_truth_ready,20260726
mtrag_3f5fa378239f7475baac89fa40288aaa_turn_1_step_1,mtrag,rag_multiturn,3f5fa378239f7475baac89fa40288aaa_turn_1,1,1,lg_099b9d49aac5fd3c,eafda440dd92ddb37dd3ee2d99309b2f22a804e538c478f11724b0fbdce9d033,8c2d290d4f4fcccd,test,4,mtrag,main,strong_ground_truth_ready,20260726
mtrag_5b2404d71f9ff7edabddb3b1a8b329e7_turn_7_step_1,mtrag,rag_multiturn,5b2404d71f9ff7edabddb3b1a8b329e7_turn_7,1,1,lg_cd1275e5b318a441,be774dffe3d5d38d532969a8a4a32575f493e106ddbc1aac64f652f2bc7379b6,169dc183c04eab40,train,2,mtrag,main,strong_ground_truth_ready,20260726
mtrag_f05ba9633e1b377f9c4d64afd3da3c45_turn_2_step_1,mtrag,rag_multiturn,f05ba9633e1b377f9c4d64afd3da3c45_turn_2,1,1,lg_9e273a73383f6f99,b5878fb313cc38696abe6ac758e11b2767f4099b4e3da366f45a4b76e3890c98,8fbc9591cfdbd9ee,train,1,mtrag,main,strong_ground_truth_ready,20260726
mtrag_d2432696b32af73cf3dabd7090997afb_turn_7_step_1,mtrag,rag_multiturn,d2432696b32af73cf3dabd7090997afb_turn_7,1,1,lg_96c191c839be6143,f8fc8a221fb936e33db2391a285cd07d8040985f58953bc7b207063f47234b44,66d80814741b6989,train,3,mtrag,main,strong_ground_truth_ready,20260726
mtrag_f5a8ca2f2bc12180940167fb920bb018_turn_6_step_1,mtrag,rag_multiturn,f5a8ca2f2bc12180940167fb920bb018_turn_6,1,1,lg_ac01dea950955637,2d17585e3c8fb70959a891d4ab4234cb1797f31d87e82921a7772fb0ae7ed806,9e7ed95ec56c2d3f,train,2,mtrag,main,strong_ground_truth_ready,20260726
mtrag_13a398b30067d58d179fa8cbc2592449_turn_6_step_1,mtrag,rag_multiturn,13a398b30067d58d179fa8cbc2592449_turn_6,1,1,lg_4ca48d68cdb9e151,eb56014c74574ae6e37ce13a3bbfa33550efd03c33e8a28b59bfe2e8bbdc1cf6,7b019a79a53a75dc,train,2,mtrag,main,strong_ground_truth_ready,20260726
mtrag_6af5334fbd010b919d7fa174823abd12_turn_2_step_1,mtrag,rag_multiturn,6af5334fbd010b919d7fa174823abd12_turn_2,1,1,lg_2f656ada3c78962e,eddfe942ebf18c4488b13fe1916001b4ad0def55a0b5bf26c1b64c464335dd08,7b30f924557a305b,train,1,mtrag,main,strong_ground_truth_ready,20260726
mtrag_af5e45e59e1254e0b7869cb477674d02_turn_2_step_1,mtrag,rag_multiturn,af5e45e59e1254e0b7869cb477674d02_turn_2,1,1,lg_59c576cf43250bf6,e65fecd2e72b2e91b10c55f73e71f052a81c57373562eefbaf34c35feafb02f1,b3acdf14ccf30143,validation,0,mtrag,main,strong_ground_truth_ready,20260726
mtrag_7cb06b3f8068674fce61a11e9777f708_turn_7_step_1,mtrag,rag_multiturn,7cb06b3f8068674fce61a11e9777f708_turn_7,1,1,lg_802556bf9a83aca3,6b1f8351ab1d5ffee327669f9b9b400751c9a220d9b951d8331a195e79825201,a7653ff9325cb815,train,2,mtrag,main,strong_ground_truth_ready,20260726
mtrag_6495c82abb6bef2d8efd06020cde3adf_turn_2_step_1,mtrag,rag_multiturn,6495c82abb6bef2d8efd06020cde3adf_turn_2,1,1,lg_7bfcd20d2ac8bdd3,53e719775bcb2f7a5b814e73ecee34c0fbcd8b7289a7ec2d8aa44f805776c757,826611e89213d290,test,4,mtrag,main,strong_ground_truth_ready,20260726
mtrag_5e79e465134d923edf68580733a81c68_turn_2_step_1,mtrag,rag_multiturn,5e79e465134d923edf68580733a81c68_turn_2,1,1,lg_7c669dc7201afeb7,57c30553f166b2ef47009b40af79094a20f0ab689f0fadd5ee0dc0279b7ef2c4,2451e5c377fc4cc7,train,3,mtrag,main,strong_ground_truth_ready,20260726
mtrag_91204c45fc829e328f9a3643d9dd4c2b_turn_8_step_1,mtrag,rag_multiturn,91204c45fc829e328f9a3643d9dd4c2b_turn_8,1,1,lg_eb1db3f8811d4a14,daae0105bbc961948428c9981328816c64872f7ff8b0af1d87100e965fb46e35,2cf6b1ef626f789c,train,2,mtrag,main,strong_ground_truth_ready,20260726
mtrag_c6c3b02ca32795af64c903dd76700517_turn_2_step_1,mtrag,rag_multiturn,c6c3b02ca32795af64c903dd76700517_turn_2,1,1,lg_364676b729f2770b,f530ad69e38dd687abf67b105a265438e5361c037b00fdfaca4a1d3e19aac753,1a67705a2206e904,train,2,mtrag,main,strong_ground_truth_ready,20260726
mtrag_41a4006bfa6841516188c1695ebaf16c_turn_6_step_1,mtrag,rag_multiturn,41a4006bfa6841516188c1695ebaf16c_turn_6,1,1,lg_504b3f1e7fc3817a,40d67263921cef38fd6a06c01c88300d3214b82cd1b2b2becd0fb331ecc77d1f,3d4767d76a238dae,train,3,mtrag,main,strong_ground_truth_ready,20260726
mtrag_95a0893567c7519c090ecbcdd14daccd_turn_2_step_1,mtrag,rag_multiturn,95a0893567c7519c090ecbcdd14daccd_turn_2,1,1,lg_926e5a51388ba895,287cc81fb5df003693949f5d6729fa7c4005ee2983e34b184d29fe0a7f2b89cd,a740bc89a9d07153,train,1,mtrag,main,strong_ground_truth_ready,20260726
mtrag_0ef145e49938dfb9b6eefe781d21dca8_turn_7_step_1,mtrag,rag_multiturn,0ef145e49938dfb9b6eefe781d21dca8_turn_7,1,1,lg_fee2094d8b445684,661b9edc5841fa82af81a6bc36de11cbf0e05676580fa0503bf3b811cbee5d0c,ed4987d4a3c49d22,test,4,mtrag,main,strong_ground_truth_ready,20260726
mtrag_04f83f1199c7ce4d7bef50be70f2db73_turn_3_step_1,mtrag,rag_multiturn,04f83f1199c7ce4d7bef50be70f2db73_turn_3,1,1,lg_6ab7084053417f28,56244a8382a95730e670d7628b46a7e9f12a0e0aee9bc24c2bb3c3dee927d5ef,ce6ef7af8df0a852,train,3,mtrag,main,strong_ground_truth_ready,20260726
mtrag_fdee20f7fd677e420742b09989623d68_turn_5_step_1,mtrag,rag_multiturn,fdee20f7fd677e420742b09989623d68_turn_5,1,1,lg_de90c937e218e097,f82f05f8dd18c83c17d77ad1ece5805f8ad7617d40f0fea2cad6340fcedd2aaf,2af147487bb2037d,train,2,mtrag,main,strong_ground_truth_ready,20260726
mtrag_41a4006bfa6841516188c1695ebaf16c_turn_4_step_1,mtrag,rag_multiturn,41a4006bfa6841516188c1695ebaf16c_turn_4,1,1,lg_27544421b349ae13,555de1140b92bf0dd29ddc927f0ab31bad0108c05fc197b8043ebdcf81b68c91,e44483d752e22ca6,validation,0,mtrag,main,strong_ground_truth_ready,20260726
mtrag_72ba19c38518da1fc894fc638a2802f7_turn_4_step_1,mtrag,rag_multiturn,72ba19c38518da1fc894fc638a2802f7_turn_4,1,1,lg_15d3e71cf6b98b6b,0cc4f1dc709d8b71793d257100768e65f9179648a6cd87e78bc9aff191331ce4,95c2dbdce9f14e9b,test,4,mtrag,main,strong_ground_truth_ready,20260726
mtrag_13a398b30067d58d179fa8cbc2592449_turn_2_step_1,mtrag,rag_multiturn,13a398b30067d58d179fa8cbc2592449_turn_2,1,1,lg_d9b96a82b7a3d27f,ee5cdc2d946540ebebbfc017ea424af57764e3d7143100416bd707043778e9c4,cac5c317810d5dec,validation,0,mtrag,main,strong_ground_truth_ready,20260726
mtrag_af5e45e59e1254e0b7869cb477674d02_turn_3_step_1,mtrag,rag_multiturn,af5e45e59e1254e0b7869cb477674d02_turn_3,1,1,lg_fcc4bfe60f104ab1,10401c9ee4c2b5df022376f6a0c1d7d34a913bcb8051679d5e7e6d45bab27389,8644c3fcbecbe970,train,1,mtrag,main,strong_ground_truth_ready,20260726
mtrag_4a8369b7403e54df94d7fa495a4eff27_turn_2_step_1,mtrag,rag_multiturn,4a8369b7403e54df94d7fa495a4eff27_turn_2,1,1,lg_b79b5ad599af4967,a3e59d1127be2e4debb18a720d4d910a93114cb9ec0990ec14eae643d7a14ff0,637a7bdf44d856b3,test,4,mtrag,main,strong_ground_truth_ready,20260726
mtrag_2f94b6fb4c6f941decd0609eb126610b_turn_2_step_1,mtrag,rag_multiturn,2f94b6fb4c6f941decd0609eb126610b_turn_2,1,1,lg_a3de4e0d242a07bf,791325cc78e722bbcbf1e84cdd6b88b7e6c6117e64f310ea382ef19fa8f94001,d0e7189cc2bf1de0,test,4,mtrag,main,strong_ground_truth_ready,20260726
mtrag_c6c3b02ca32795af64c903dd76700517_turn_5_step_1,mtrag,rag_multiturn,c6c3b02ca32795af64c903dd76700517_turn_5,1,1,lg_b72fcb782ad5c3db,a7018b02de6b7b68ec83f6b6d07528356df95c53e777cba545317075e3ea35f4,f2ed611e396bad02,validation,0,mtrag,main,strong_ground_truth_ready,20260726
mtrag_a277cf5022616282aa819ee76c9343de_turn_1_step_1,mtrag,rag_multiturn,a277cf5022616282aa819ee76c9343de_turn_1,1,1,lg_8711eea3194f8748,2fb93bfd35430eec97fc1d6332da0fd80d14751e22e56cdcc197dc539c354b45,4c0c19c05f1ba52a,train,2,mtrag,main,strong_ground_truth_ready,20260726
mtrag_fc3e765d7ffc28ffc7ee7ea38fd3c73a_turn_4_step_1,mtrag,rag_multiturn,fc3e765d7ffc28ffc7ee7ea38fd3c73a_turn_4,1,1,lg_6928feed30913b44,3aac144ba267158fd283996bb8fe8485e4c7d82604c67c1732e05bad69699bf4,f75902f35b51366f,train,1,mtrag,main,strong_ground_truth_ready,20260726
mtrag_41a4006bfa6841516188c1695ebaf16c_turn_1_step_1,mtrag,rag_multiturn,41a4006bfa6841516188c1695ebaf16c_turn_1,1,1,lg_e44f86142edbc258,877faa1b722904f02f2f343035e677e9aeb332ca305c736e97a938bacb8d1a2a,566542dba79325a1,train,2,mtrag,main,strong_ground_truth_ready,20260726
mtrag_aea2634b0e5f1c2444550d31c41adc94_turn_3_step_1,mtrag,rag_multiturn,aea2634b0e5f1c2444550d31c41adc94_turn_3,1,1,lg_24f38a41026e4f1f,80ab4861de0351589a8cf272f375a369eca53f3b12ae65ef44f537248a8b5b55,c7a8724d62cbb470,train,3,mtrag,main,strong_ground_truth_ready,20260726
mtrag_e0f8a53d3ab93e7900633fc8fa40631e_turn_4_step_1,mtrag,rag_multiturn,e0f8a53d3ab93e7900633fc8fa40631e_turn_4,1,1,lg_182bcdd35919c5d8,c536bfec790a77bb66a7a7a155d636c5627371ad670c777c8c65e0de8130a5a9,16cd6553616b3932,train,2,mtrag,main,strong_ground_truth_ready,20260726
mtrag_20c2cbd18c16c12c9c2bbead6aef1a21_turn_4_step_1,mtrag,rag_multiturn,20c2cbd18c16c12c9c2bbead6aef1a21_turn_4,1,1,lg_4c8d6e0e0a6b9bb9,9c2cf25d0ed64735a4f46bc075e66b07e17310e048b792b27cf3904133e81c0b,8eefc90cfb48bbf2,train,3,mtrag,main,strong_ground_truth_ready,20260726
mtrag_ca6f0197d2c0c4d6e3be090c3f8bf30f_turn_5_step_1,mtrag,rag_multiturn,ca6f0197d2c0c4d6e3be090c3f8bf30f_turn_5,1,1,lg_2cf544d7ac1959bb,383ee4c1fa285cae48f100234cccf07c14cbd3dcb47d014b1d532c92c75da780,80430f8413b35c56,train,3,mtrag,main,strong_ground_truth_ready,20260726
mtrag_91715ec6ec7e9a11925e58e707b6626e_turn_6_step_1,mtrag,rag_multiturn,91715ec6ec7e9a11925e58e707b6626e_turn_6,1,1,lg_3ec74de1df8aeb84,9a059948afac0300629de1d12a664319133a85efbd8909c5071ae9eb6bfce40c,0296f345e1fd0fd2,validation,0,mtrag,main,strong_ground_truth_ready,20260726
mtrag_13a398b30067d58d179fa8cbc2592449_turn_3_step_1,mtrag,rag_multiturn,13a398b30067d58d179fa8cbc2592449_turn_3,1,1,lg_cb98acaadc867b80,f4c1ba000857e7f69db795ea96a295247951f225d6d3285a2241e13dedc60535,8ca58fb2dd297323,train,3,mtrag,main,strong_ground_truth_ready,20260726
mtrag_04f83f1199c7ce4d7bef50be70f2db73_turn_2_step_1,mtrag,rag_multiturn,04f83f1199c7ce4d7bef50be70f2db73_turn_2,1,1,lg_db2495b70ec4e57b,71747b957e826e766600961632642fc3e6b3a5aa34f5b8023c637ba6dc84dd43,ce6e70af8df2ec52,train,3,mtrag,main,strong_ground_truth_ready,20260726
mtrag_2cc753bcef23767c18aedad06c4405c4_turn_7_step_1,mtrag,rag_multiturn,2cc753bcef23767c18aedad06c4405c4_turn_7,1,1,lg_2a9c31a692999607,2ad8359a54819f4074cb29e4b636f5f66addf4a9c6236c51093b7083fd63e2f2,f6e6ed1c6afbcf3d,train,2,mtrag,main,strong_ground_truth_ready,20260726
mtrag_2f013337236ea4635ad106813275dab7_turn_8_step_1,mtrag,rag_multiturn,2f013337236ea4635ad106813275dab7_turn_8,1,1,lg_516bcd6ef3fbfb42,5520252d131da34807ab7946c893bd88ee63c587facafc30c758d97281157aef,8c86ca67c12cabdb,test,4,mtrag,main,strong_ground_truth_ready,20260726
mtrag_2b34f5e7861ca9b1b3eab65ad6d6b4b0_turn_4_step_1,mtrag,rag_multiturn,2b34f5e7861ca9b1b3eab65ad6d6b4b0_turn_4,1,1,lg_fa80aee22aa9eaa4,6aac50add79a321e6182b25591d144b6d0d90600e846e7545bc0050265956adb,a679d68056bddc82,validation,0,mtrag,main,strong_ground_truth_ready,20260726
mtrag_d4d8edb3e0c456d11033b14b28e99470_turn_7_step_1,mtrag,rag_multiturn,d4d8edb3e0c456d11033b14b28e99470_turn_7,1,1,lg_3fa980cbf727205b,6901503ce10b03002704735ce5a99dae8e3816526eae4f77515f6653a3570f94,c64951882d1f4c04,test,4,mtrag,main,strong_ground_truth_ready,20260726
mtrag_5f9ccf0a4ff691fc482432af64cc3c9d_turn_5_step_1,mtrag,rag_multiturn,5f9ccf0a4ff691fc482432af64cc3c9d_turn_5,1,1,lg_66118ac903c1fa96,36dc20fc8e9bdae8575430fcab6285f60e2429718708a6f00e18c11d31f8e62b,e3f35a49541a2b84,validation,0,mtrag,main,strong_ground_truth_ready,20260726
mtrag_dd6b6ffd177f2b311abe676261279d2f_turn_4_step_1,mtrag,rag_multiturn,dd6b6ffd177f2b311abe676261279d2f_turn_4,1,1,lg_dbdfd0bc81198bfb,bb32ec3fcd6b67e3f3177c61303d8479139bc08a46ed8bbf0c0df70345d28225,775edc42945a7fa3,train,1,mtrag,main,strong_ground_truth_ready,20260726
mtrag_c6c3b02ca32795af64c903dd76700517_turn_9_step_1,mtrag,rag_multiturn,c6c3b02ca32795af64c903dd76700517_turn_9,1,1,lg_05248f66e293716c,2d9dd46fbfa1d9b5aebeb3ca3bb5e3dee4566125003a8c7004e977b2a57aec3d,27ef6454bb8c54c3,train,2,mtrag,main,strong_ground_truth_ready,20260726
mtrag_ddbbbe7ea13560c5768639207e1ca604_turn_7_step_1,mtrag,rag_multiturn,ddbbbe7ea13560c5768639207e1ca604_turn_7,1,1,lg_cdfc83cc6824ae6e,90a2929d72df193e3df8754bc7df79205981bc54aaae6f0b4244cb4c66ac6bc8,5ab7c3c9be6fc76b,train,3,mtrag,main,strong_ground_truth_ready,20260726
mtrag_5815bb4a99e2a0d8a986348da4c49083_turn_4_step_1,mtrag,rag_multiturn,5815bb4a99e2a0d8a986348da4c49083_turn_4,1,1,lg_19d3d103271824d4,e6e05eafdb17562cc0afa24dd5a0f603b3be2d13dd2e2d445a909fc0afd0811d,744085e3756ca5fe,train,1,mtrag,main,strong_ground_truth_ready,20260726
mtrag_251e29286cef45d899d7889e94ae25d5_turn_5_step_1,mtrag,rag_multiturn,251e29286cef45d899d7889e94ae25d5_turn_5,1,1,lg_77c4e1d79127437c,9c93fadcad3b52b9980c5a07a14fc5195b77a79ae2112b3f03f8674208d31053,12a7f7ed98c790ce,train,3,mtrag,main,strong_ground_truth_ready,20260726
mtrag_e9dd465e8dd63a80dda8f3ce9cba6848_turn_6_step_1,mtrag,rag_multiturn,e9dd465e8dd63a80dda8f3ce9cba6848_turn_6,1,1,lg_c0dceb2746ead899,5f8a117e23e5fa8097531bab0ddacc102b90ba7739adb8394ee818259e834313,c7dfdb144b783ea0,train,3,mtrag,main,strong_ground_truth_ready,20260726
mtrag_81afaf82a0d9a5fad6eaa196f8d9641c_turn_8_step_1,mtrag,rag_multiturn,81afaf82a0d9a5fad6eaa196f8d9641c_turn_8,1,1,lg_9918fd642c572b25,7c7047cf30f185973102ebe6c76b9c5c5095d7e6890933337ae663374863f6a6,58f55c8062772a77,train,3,mtrag,main,strong_ground_truth_ready,20260726
mtrag_fc3e765d7ffc28ffc7ee7ea38fd3c73a_turn_5_step_1,mtrag,rag_multiturn,fc3e765d7ffc28ffc7ee7ea38fd3c73a_turn_5,1,1,lg_de5ee2833b5834b8,319bb99c1140385b84b65ce1c2dde34c84b3de9e9206e76c9d6d7f90fad2f2d7,e35c9014416f3b52,train,1,mtrag,main,strong_ground_truth_ready,20260726
mtrag_94d04f2cd47fee9a0aaa13fa3ae1de53_turn_1_step_1,mtrag,rag_multiturn,94d04f2cd47fee9a0aaa13fa3ae1de53_turn_1,1,1,lg_c837accf8c2d97c9,4dbe3e9abafe5fb9f3b83899a68537c39f9da1de90279a08409bed6d801aa836,4570cace5a4f3f15,train,1,mtrag,main,strong_ground_truth_ready,20260726
mtrag_5600fe1c05a1fc415416d9dee6347000_turn_2_step_1,mtrag,rag_multiturn,5600fe1c05a1fc415416d9dee6347000_turn_2,1,1,lg_158316e7d3c29c6d,c0710df61ba42802434724e1d06a84c601c406565c5e0c88203b1f400b0dba99,1eec9846e5c055f3,train,2,mtrag,main,strong_ground_truth_ready,20260726
mtrag_d7b4f863baa92fd08c1db2b1a95170dd_turn_5_step_1,mtrag,rag_multiturn,d7b4f863baa92fd08c1db2b1a95170dd_turn_5,1,1,lg_4f0f92909ffec01d,80463fad96a1ee707bb3a8e08c0d2f1f3d97493cddbd35c311769d1d09526515,bed1413dd086b559,train,2,mtrag,main,strong_ground_truth_ready,20260726
mtrag_47b2471404382af6e973013ab1cf96b9_turn_9_step_1,mtrag,rag_multiturn,47b2471404382af6e973013ab1cf96b9_turn_9,1,1,lg_7134290c2a68d664,2fdf6376197db9689d04652ef70368fd3105c699825d9364270dee4f8913c803,aeec767c786b9d8b,test,4,mtrag,main,strong_ground_truth_ready,20260726
mtrag_d2432696b32af73cf3dabd7090997afb_turn_9_step_1,mtrag,rag_multiturn,d2432696b32af73cf3dabd7090997afb_turn_9,1,1,lg_0867c16b98bfec28,24ad21253f9f5ca733a2dfe1d9d73a9dfbdb56afb20cdd34f00306533a41db96,40541a400363007b,train,2,mtrag,main,strong_ground_truth_ready,20260726
mtrag_b2805ee4c478194c234e2384ffb0a6bf_turn_4_step_1,mtrag,rag_multiturn,b2805ee4c478194c234e2384ffb0a6bf_turn_4,1,1,lg_f40e55010551b1f7,a99fc7b17ecbc199015b9ff2a7d0775bedf9c52ee0c4ff7872f45f9850c4952d,94fe1f3a9fc0a019,train,1,mtrag,main,strong_ground_truth_ready,20260726
mtrag_e52ab8d5f61ccdfc3712a2608d8c2aba_turn_2_step_1,mtrag,rag_multiturn,e52ab8d5f61ccdfc3712a2608d8c2aba_turn_2,1,1,lg_088bad17d291e864,ab86c00c5b65fed0aa923867ce46d75c244b447e55cfe3b17d3060adb2a39954,fe941379b5f69328,test,4,mtrag,main,strong_ground_truth_ready,20260726
mtrag_5815bb4a99e2a0d8a986348da4c49083_turn_3_step_1,mtrag,rag_multiturn,5815bb4a99e2a0d8a986348da4c49083_turn_3,1,1,lg_c9b76476673c63c7,536dc6bd46934ef6167b6cf1b305611d5ff9e22eb15e96fa38ab189501420150,a0c13526a2296131,train,2,mtrag,main,strong_ground_truth_ready,20260726
mtrag_29e3ec96a6e8916a0326ebcdab78abae_turn_8_step_1,mtrag,rag_multiturn,29e3ec96a6e8916a0326ebcdab78abae_turn_8,1,1,lg_88e9e9f03cb19171,171a8e5eddbb4b47cbd2e3d8e376445b8485bf353097aa6054904f204e8e45fd,60c0e4c54a63bc47,validation,0,mtrag,main,strong_ground_truth_ready,20260726
mtrag_2cc753bcef23767c18aedad06c4405c4_turn_9_step_1,mtrag,rag_multiturn,2cc753bcef23767c18aedad06c4405c4_turn_9,1,1,lg_86638a0960a8e6a7,44376b670307d27871ed59f03769e41d9afe3bdd481e750d1b4e7cfc4c79c6e7,42c0483908c6dd14,train,1,mtrag,main,strong_ground_truth_ready,20260726
mtrag_674aa142d92a6b4262de254df0c3f7b2_turn_2_step_1,mtrag,rag_multiturn,674aa142d92a6b4262de254df0c3f7b2_turn_2,1,1,lg_32844c6be3dff769,e7d7ae1c06729a9e1a4624b8a55195acbcffa232dd1e6ef16175c7986b0086c9,40087f0a05ceabb0,train,2,mtrag,main,strong_ground_truth_ready,20260726
mtrag_fd99b316e5e64f19ff938598aea9b285_turn_5_step_1,mtrag,rag_multiturn,fd99b316e5e64f19ff938598aea9b285_turn_5,1,1,lg_57d91c23fa3eb44d,7279131a2be4cb4f2a62288588d83f13ffa0e0d7f5241b1fcd676ee0538e89fb,9464e245c37b0062,train,2,mtrag,main,strong_ground_truth_ready,20260726
mtrag_747a810abfd6da4a9c37cdb74feec95e_turn_2_step_1,mtrag,rag_multiturn,747a810abfd6da4a9c37cdb74feec95e_turn_2,1,1,lg_0cbc4efaf88ef8db,b6b42fc01aa7412eac76decfe159ae9e80373137e60caee5f45f81f18df87924,ad0ca097f05ab576,test,4,mtrag,main,strong_ground_truth_ready,20260726
mtrag_8040ccdfc0a0ffb8e3f82d94f92ddb5c_turn_3_step_1,mtrag,rag_multiturn,8040ccdfc0a0ffb8e3f82d94f92ddb5c_turn_3,1,1,lg_0767fba3e20addea,2267b597e1912e23774a49b70a745698068473251905236a4550a323d34d8862,9f2cf5c3a75db621,train,3,mtrag,main,strong_ground_truth_ready,20260726
mtrag_258193fc88e0e73322e288aa03719260_turn_8_step_1,mtrag,rag_multiturn,258193fc88e0e73322e288aa03719260_turn_8,1,1,lg_c7bcc35337233b0f,43d64bf2265c7e5e9bc2e1555f89c2eed3d33a323190d6fa47b3b6015e80cabf,80694019749b5a70,validation,0,mtrag,main,strong_ground_truth_ready,20260726
mtrag_258193fc88e0e73322e288aa03719260_turn_3_step_1,mtrag,rag_multiturn,258193fc88e0e73322e288aa03719260_turn_3,1,1,lg_55409a05546e4c36,363ad67b55b0104e9f48f01fe263018a64ac8eb11568bb07b485c938e822380c,a8e454a26c8c2c46,test,4,mtrag,main,strong_ground_truth_ready,20260726
mtrag_d5b1e735a040853ed361a3dfde1b8ef0_turn_3_step_1,mtrag,rag_multiturn,d5b1e735a040853ed361a3dfde1b8ef0_turn_3,1,1,lg_5ee3457046ca25de,2a530f5e3da8241ef830b56856b4d3a3ac6f1e745824b31670bab7a282c4a13a,74bee0dd008b7d63,train,3,mtrag,main,strong_ground_truth_ready,20260726
mtrag_c6c3b02ca32795af64c903dd76700517_turn_1_step_1,mtrag,rag_multiturn,c6c3b02ca32795af64c903dd76700517_turn_1,1,1,lg_26112fbd1aa6aa6a,a902d043002f6b61c86adf845e969c597fc908eed863046cb6f806f4e2e98918,f10ac0c67764af76,validation,0,mtrag,main,strong_ground_truth_ready,20260726
mtrag_1c74814752c3f9d4ed0b99c16e1ed192_turn_9_step_1,mtrag,rag_multiturn,1c74814752c3f9d4ed0b99c16e1ed192_turn_9,1,1,lg_0e6804dd144f5588,b5be76143112fe01e85af29e18be14104c6d24cedbe5121dae9c16c568330a00,d3d6bdbeb75108c3,train,1,mtrag,main,strong_ground_truth_ready,20260726
mtrag_747a810abfd6da4a9c37cdb74feec95e_turn_7_step_1,mtrag,rag_multiturn,747a810abfd6da4a9c37cdb74feec95e_turn_7,1,1,lg_bc2fd50d7d7c2057,1ac3ec54d4e2e18048afcdd7523e8bc1d0c7ce30eaa8500900fd41ba0a783efd,fd59f15d7e999b53,test,4,mtrag,main,strong_ground_truth_ready,20260726
mtrag_be461bfeda2d4826cdb663dcaa7d1ced_turn_6_step_1,mtrag,rag_multiturn,be461bfeda2d4826cdb663dcaa7d1ced_turn_6,1,1,lg_0f9de5a412a99fbb,63dfafa9b12a730acbd5a4ecb2c5b8086815c243974446a5dbd1aa1f93ecc659,52c215fc3f7959c1,train,3,mtrag,main,strong_ground_truth_ready,20260726
mtrag_ccdfb6b6f98c55047ae81b705104dbd6_turn_3_step_1,mtrag,rag_multiturn,ccdfb6b6f98c55047ae81b705104dbd6_turn_3,1,1,lg_24bfb75ab8b70795,ef8f1ea21ce1487f6cf4ca54531cbea1987eb8771409cbccddf7de71cf56830b,4fcd059a09eeaac9,train,3,mtrag,main,strong_ground_truth_ready,20260726
mtrag_f1121a39d8a9e36eaef4c2367bd43532_turn_3_step_1,mtrag,rag_multiturn,f1121a39d8a9e36eaef4c2367bd43532_turn_3,1,1,lg_23e50959dc098cad,823dd2e904b6b73b3b92052af3ea40628db1716d9a746999f0040c89112107c6,3881e5eb49ad5cda,train,1,mtrag,main,strong_ground_truth_ready,20260726
mtrag_91204c45fc829e328f9a3643d9dd4c2b_turn_1_step_1,mtrag,rag_multiturn,91204c45fc829e328f9a3643d9dd4c2b_turn_1,1,1,lg_c168b7ddb45cffef,846c1a16d904b037b644867d96cc9e0c7a01d3564a7fb2f7ab8bded609cbfb59,6e55879349f7b316,test,4,mtrag,main,strong_ground_truth_ready,20260726
mtrag_d5f0e7023ab90fe0240b7fc46cf00c26_turn_3_step_1,mtrag,rag_multiturn,d5f0e7023ab90fe0240b7fc46cf00c26_turn_3,1,1,lg_c359f0a94e38f8b5,b56507f7d203557a9b9f6822e441b358f55c5e368548554115e7b0b24e139fad,f742638d7049bca1,validation,0,mtrag,main,strong_ground_truth_ready,20260726
mtrag_674aa142d92a6b4262de254df0c3f7b2_turn_3_step_1,mtrag,rag_multiturn,674aa142d92a6b4262de254df0c3f7b2_turn_3,1,1,lg_9034d5e102a0f9da,1ca9b413e4a090c54af2615d0db4305d98655cbfefa2c81160efe6976cf40168,9aec800a53d2a439,train,2,mtrag,main,strong_ground_truth_ready,20260726
mtrag_a277cf5022616282aa819ee76c9343de_turn_2_step_1,mtrag,rag_multiturn,a277cf5022616282aa819ee76c9343de_turn_2,1,1,lg_75df3b4568c18281,9f428b3d3f02c191858865f831aac5e66d9c2871e8d272c5b99cefbbd5466fbc,da4c0bc41e158419,train,2,mtrag,main,strong_ground_truth_ready,20260726
mtrag_5815bb4a99e2a0d8a986348da4c49083_turn_8_step_1,mtrag,rag_multiturn,5815bb4a99e2a0d8a986348da4c49083_turn_8,1,1,lg_6061c59daa9fbc90,be2aaba6a93e078b660683276a1d4a8ebbc191d9a479d9f4b5d0c715b1cccbd1,2f6ffbb0f9f1bbea,train,1,mtrag,main,strong_ground_truth_ready,20260726
mtrag_95a0893567c7519c090ecbcdd14daccd_turn_6_step_1,mtrag,rag_multiturn,95a0893567c7519c090ecbcdd14daccd_turn_6,1,1,lg_7b4e2fcb80170d04,f431d09abc654c370a27efc42229d2c6cb63ce9f906c5848aaa00f82b7bd5a86,ffe10ccc469970f1,train,3,mtrag,main,strong_ground_truth_ready,20260726
mtrag_dc1aaac0b33553d8c897d4150955d803_turn_4_step_1,mtrag,rag_multiturn,dc1aaac0b33553d8c897d4150955d803_turn_4,1,1,lg_702f194c68502060,816a246295241f1b71ddef56a7f71f69e8ee5f96260486babc2e060141df00ec,ff0c2861c6e0d9db,train,2,mtrag,main,strong_ground_truth_ready,20260726
mtrag_79f0d0539d9ec0acbf90cb3388b30c17_turn_1_step_1,mtrag,rag_multiturn,79f0d0539d9ec0acbf90cb3388b30c17_turn_1,1,1,lg_c4a3be485bef8412,4bbfee099b5a67ca8ae4feecfc3115111b3728f9b91afc5d3a2cbc9c0ca30ce3,7a25c093e8ceb6be,train,2,mtrag,main,strong_ground_truth_ready,20260726
mtrag_c1e53df98a28f19448f4af244304b89a_turn_5_step_1,mtrag,rag_multiturn,c1e53df98a28f19448f4af244304b89a_turn_5,1,1,lg_ab20fee485fab613,0cf9cd9fd8103cf662f5a29837a3a2b8b87baed5c246629abbd8fce1984c51ed,de6cd1cf236b4901,train,1,mtrag,main,strong_ground_truth_ready,20260726
mtrag_124e27c3861eff7dadd17993719a0beb_turn_1_step_1,mtrag,rag_multiturn,124e27c3861eff7dadd17993719a0beb_turn_1,1,1,lg_92403b924af59d86,9ea5a5fc2afc55d0a3535467706e3b1f224eb9aa67897f67f2d2b841c7384d90,b7ba2962292f6576,test,4,mtrag,main,strong_ground_truth_ready,20260726
mtrag_251e29286cef45d899d7889e94ae25d5_turn_3_step_1,mtrag,rag_multiturn,251e29286cef45d899d7889e94ae25d5_turn_3,1,1,lg_4b1979996f7d407c,cf609c24754e1e13eadf1a319ebd3a4227da5155e8aeed7cbb20c7c6b0dc6b18,9864f0e7134069c7,validation,0,mtrag,main,strong_ground_truth_ready,20260726
mtrag_a3f07e9ed5f257db6aecd30511f03af1_turn_5_step_1,mtrag,rag_multiturn,a3f07e9ed5f257db6aecd30511f03af1_turn_5,1,1,lg_82aa21d346d5d9ff,0c12ea08369cb0b618af677a374114f870c0e11549036f7a094fb2975ed07462,3c7df2b53ee558da,validation,0,mtrag,main,strong_ground_truth_ready,20260726
mtrag_ccdfb6b6f98c55047ae81b705104dbd6_turn_9_step_1,mtrag,rag_multiturn,ccdfb6b6f98c55047ae81b705104dbd6_turn_9,1,1,lg_554e56eafc624b4f,a4906a7b73d6ae4c1936355c741ea1741c719cad9f6d0e79231ce0fd974375ce,08469c8ee6c1eda5,validation,0,mtrag,main,strong_ground_truth_ready,20260726
mtrag_dc1aaac0b33553d8c897d4150955d803_turn_3_step_1,mtrag,rag_multiturn,dc1aaac0b33553d8c897d4150955d803_turn_3,1,1,lg_2e6479f91d6261f8,367fa73c042fa4c8fcd11a52fc0af5805698e9c13cfe30c31a4bd908a849a3fa,a1c69662a9a718d4,train,2,mtrag,main,strong_ground_truth_ready,20260726
mtrag_e9dd465e8dd63a80dda8f3ce9cba6848_turn_3_step_1,mtrag,rag_multiturn,e9dd465e8dd63a80dda8f3ce9cba6848_turn_3,1,1,lg_b179a8250b7edd23,11ec9b387c8e55159a5108f28d1243e0b80225209dff6be377844587e564144e,4b50e20c34deed43,train,3,mtrag,main,strong_ground_truth_ready,20260726
mtrag_35e6be0f2049527ae17cf77169cc4f70_turn_4_step_1,mtrag,rag_multiturn,35e6be0f2049527ae17cf77169cc4f70_turn_4,1,1,lg_969c2c9de70e781b,850d5e3bbd947c0fe391607f8b1a092473a572cadf0767cba03958e5b961dcbc,a9667f56356c7cfe,validation,0,mtrag,main,strong_ground_truth_ready,20260726
mtrag_4c86c8740c3d49e06b7aca9d308119fa_turn_3_step_1,mtrag,rag_multiturn,4c86c8740c3d49e06b7aca9d308119fa_turn_3,1,1,lg_611f1aa70524d389,7cf7271bfd153edf41f301839300347bc3304389136169eb03dafec66ab589b3,cb109f47534d4149,train,3,mtrag,main,strong_ground_truth_ready,20260726
mtrag_d7b4f863baa92fd08c1db2b1a95170dd_turn_9_step_1,mtrag,rag_multiturn,d7b4f863baa92fd08c1db2b1a95170dd_turn_9,1,1,lg_86246de92cc53a46,88cad8663233e152bd0c53c77c7c9c96638af30c6e8ed310eef409c6caadafab,d7d05c04a35a399a,test,4,mtrag,main,strong_ground_truth_ready,20260726
mtrag_4751cd8210b4adb8bce5cbc3fe913096_turn_6_step_1,mtrag,rag_multiturn,4751cd8210b4adb8bce5cbc3fe913096_turn_6,1,1,lg_bf2ebb5b472717b3,f9f1d44c5d20463dc327332eebede220ee0370a5f84714f1280b3c6fd1cda877,29107b1cb5ad24e3,train,2,mtrag,main,strong_ground_truth_ready,20260726
mtrag_d7b4f863baa92fd08c1db2b1a95170dd_turn_2_step_1,mtrag,rag_multiturn,d7b4f863baa92fd08c1db2b1a95170dd_turn_2,1,1,lg_cd792f2ee8e79702,f17cbf576ef6fd979e3d76d53d3bd4b6bb3ae05c22995690442ba3aa3aa6172e,cd0b12799557b905,train,2,mtrag,main,strong_ground_truth_ready,20260726
mtrag_ca6f0197d2c0c4d6e3be090c3f8bf30f_turn_1_step_1,mtrag,rag_multiturn,ca6f0197d2c0c4d6e3be090c3f8bf30f_turn_1,1,1,lg_c5d38eb6fc92cd68,cd357152236c00c80084e5e015ffcd7a94a3b3ffa227d51fbece326ed50abbca,927ac51cecd360a7,train,1,mtrag,main,strong_ground_truth_ready,20260726
mtrag_3a07680acfb0f951fc3210a8c1a282c9_turn_7_step_1,mtrag,rag_multiturn,3a07680acfb0f951fc3210a8c1a282c9_turn_7,1,1,lg_f7388b5407d2a0e9,9d02f28570b0b3203664594e70b789db2ad6d4c2c3aaf576e90bee3387579c39,a26541c6a7600ffb,train,3,mtrag,main,strong_ground_truth_ready,20260726
mtrag_c1e53df98a28f19448f4af244304b89a_turn_1_step_1,mtrag,rag_multiturn,c1e53df98a28f19448f4af244304b89a_turn_1,1,1,lg_bc8f270a92c67a86,8d20a8a342ab402cf6cdf623fb99bf149f51eedc0d8a94d15c5277f8adf9784c,1808813bf54b0ca3,train,2,mtrag,main,strong_ground_truth_ready,20260726
mtrag_d5b1e735a040853ed361a3dfde1b8ef0_turn_9_step_1,mtrag,rag_multiturn,d5b1e735a040853ed361a3dfde1b8ef0_turn_9,1,1,lg_5671c43de24e50d9,3508a830664c259bf456ac37e19cf520155ec3ea49518d0e02cd91675f206b93,c88832fa3ddd4d6c,train,3,mtrag,main,strong_ground_truth_ready,20260726
mtrag_4751cd8210b4adb8bce5cbc3fe913096_turn_7_step_1,mtrag,rag_multiturn,4751cd8210b4adb8bce5cbc3fe913096_turn_7,1,1,lg_8415562848428102,c6defcba45783f73a9ea5fbb1ae2a64a275f5e56d9949054913f271f3410acbe,d8c804c817ad1eba,test,4,mtrag,main,strong_ground_truth_ready,20260726
mtrag_1c74814752c3f9d4ed0b99c16e1ed192_turn_4_step_1,mtrag,rag_multiturn,1c74814752c3f9d4ed0b99c16e1ed192_turn_4,1,1,lg_bbbf201b36848758,7c71d3a94d70d5cb0641fc36755946a5170235e3fcf905a761d6b4fbf8dac228,c87c63a0e2cd318e,train,3,mtrag,main,strong_ground_truth_ready,20260726
mtrag_4a8369b7403e54df94d7fa495a4eff27_turn_5_step_1,mtrag,rag_multiturn,4a8369b7403e54df94d7fa495a4eff27_turn_5,1,1,lg_78332515584b17d4,f1118c5c4ab75f6fc3130a9823eaa1d7ecbb584b3ad2c1c34ae337069c6441b7,43878363caf595d2,train,1,mtrag,main,strong_ground_truth_ready,20260726
mtrag_d5b1e735a040853ed361a3dfde1b8ef0_turn_8_step_1,mtrag,rag_multiturn,d5b1e735a040853ed361a3dfde1b8ef0_turn_8,1,1,lg_f9c4a84e64cff3da,400c5c0f1aa539cbfd6810661133b19bb1637bd5b7730c0f41d3f8097c34120c,08d970607d9fdade,train,1,mtrag,main,strong_ground_truth_ready,20260726
mtrag_79f0d0539d9ec0acbf90cb3388b30c17_turn_5_step_1,mtrag,rag_multiturn,79f0d0539d9ec0acbf90cb3388b30c17_turn_5,1,1,lg_956d3d809207c82f,0daddf72f9a8c50160e774222e40525c39e8591c60b708b9499cdbd4c46a3002,c9c5882015ce30cb,train,2,mtrag,main,strong_ground_truth_ready,20260726
mtrag_5600fe1c05a1fc415416d9dee6347000_turn_5_step_1,mtrag,rag_multiturn,5600fe1c05a1fc415416d9dee6347000_turn_5,1,1,lg_aae4facf0257fb55,d03d89902e54135aa220a90f0270b925173482c1e5636e4ed84dd2e38c3d339c,9fe3aa3a4d7b6531,test,4,mtrag,main,strong_ground_truth_ready,20260726
mtrag_9c52934a9aea1c3647d4b558d8afdf1c_turn_9_step_1,mtrag,rag_multiturn,9c52934a9aea1c3647d4b558d8afdf1c_turn_9,1,1,lg_d5068710bc150264,933af2317d361d8607e6500e773396e367611b916efa7f6cb792d2dac6b3d96f,eb4b951870c69b38,train,2,mtrag,main,strong_ground_truth_ready,20260726
mtrag_af5e45e59e1254e0b7869cb477674d02_turn_9_step_1,mtrag,rag_multiturn,af5e45e59e1254e0b7869cb477674d02_turn_9,1,1,lg_726c53887cfae0f1,6ede11509008d20bce5d5ccab43b3cac92566509659e89d5fe3fb699253f7e7e,609e04b4cdbb7fd6,validation,0,mtrag,main,strong_ground_truth_ready,20260726
mtrag_5503c6e98c54d4901332d0f1c6030bd9_turn_6_step_1,mtrag,rag_multiturn,5503c6e98c54d4901332d0f1c6030bd9_turn_6,1,1,lg_281100a4c9f2c764,02287fd23238ce540044467726e3a83186dbe69b1d2a70345fae6c9f4bf38c55,23aa614f926ea042,train,1,mtrag,main,strong_ground_truth_ready,20260726
mtrag_aea2634b0e5f1c2444550d31c41adc94_turn_2_step_1,mtrag,rag_multiturn,aea2634b0e5f1c2444550d31c41adc94_turn_2,1,1,lg_0c8c74914846f6d0,4078a5ef830e7edf38228bad61a0e101b3f0210046efebc37228711d1f378b41,6bfb0e009b1cceb0,train,3,mtrag,main,strong_ground_truth_ready,20260726
mtrag_5815bb4a99e2a0d8a986348da4c49083_turn_2_step_1,mtrag,rag_multiturn,5815bb4a99e2a0d8a986348da4c49083_turn_2,1,1,lg_9bd34903c0c48fec,94add0fe3a0d21001c4cefbb353c889c7371bdade8179468957c5da3028410ec,ac6cd79466fc3fa2,test,4,mtrag,main,strong_ground_truth_ready,20260726
mtrag_13a398b30067d58d179fa8cbc2592449_turn_1_step_1,mtrag,rag_multiturn,13a398b30067d58d179fa8cbc2592449_turn_1,1,1,lg_6b2b1230e81193f5,9931b13825b519310446647e9c3cbda8a1494e932c119271e015f4833b6b73c5,8b44811d334fef6c,train,2,mtrag,main,strong_ground_truth_ready,20260726
mtrag_3f5fa378239f7475baac89fa40288aaa_turn_3_step_1,mtrag,rag_multiturn,3f5fa378239f7475baac89fa40288aaa_turn_3,1,1,lg_fa239355fdf4f5fa,916b4ea91dee95c05f355f5a7b62be0f08cf9006d3c37255f73b21c846a22b88,0e41d4abe3619d76,validation,0,mtrag,main,strong_ground_truth_ready,20260726
mtrag_91204c45fc829e328f9a3643d9dd4c2b_turn_6_step_1,mtrag,rag_multiturn,91204c45fc829e328f9a3643d9dd4c2b_turn_6,1,1,lg_d2feb57b52a981f2,8900393658fb469ce7ecdc6fb5b37e33a93cac6dc499449f4714cd3932727fe5,34258ebe413749a0,train,3,mtrag,main,strong_ground_truth_ready,20260726
mtrag_9c52934a9aea1c3647d4b558d8afdf1c_turn_3_step_1,mtrag,rag_multiturn,9c52934a9aea1c3647d4b558d8afdf1c_turn_3,1,1,lg_795cccdcfe8b6edb,e6a33ee1dc271026e8ad47d51354740c7e817268011947a2a83de799bdaf6a2d,c6f7f9cb2cfdfe10,train,1,mtrag,main,strong_ground_truth_ready,20260726
mtrag_95a0893567c7519c090ecbcdd14daccd_turn_1_step_1,mtrag,rag_multiturn,95a0893567c7519c090ecbcdd14daccd_turn_1,1,1,lg_0c3cf3437a1bd477,46063bfb7a87e51a12b53021eea26a17669ab4398786a93a2ef9fa5284432cd0,7b2a8bde4d5f94b4,validation,0,mtrag,main,strong_ground_truth_ready,20260726
mtrag_ccdfb6b6f98c55047ae81b705104dbd6_turn_5_step_1,mtrag,rag_multiturn,ccdfb6b6f98c55047ae81b705104dbd6_turn_5,1,1,lg_2713c277eba6ef1b,3f427711fffb3bc49979549146242bd7df8dab89f25d019ac6bc64b81c4f4fb9,f854bbec51c99db1,test,4,mtrag,main,strong_ground_truth_ready,20260726
mtrag_0ef145e49938dfb9b6eefe781d21dca8_turn_1_step_1,mtrag,rag_multiturn,0ef145e49938dfb9b6eefe781d21dca8_turn_1,1,1,lg_c3d3391e79034b86,f78efc41b6cb9502ef90e8b41447cafd9c5790eeedb35b56e1b470a0d835f794,617d71d0594feb7a,validation,0,mtrag,main,strong_ground_truth_ready,20260726
mtrag_5b9edac124aea30a2256705d27226d7f_turn_3_step_1,mtrag,rag_multiturn,5b9edac124aea30a2256705d27226d7f_turn_3,1,1,lg_8ab989b7d6ddb04d,c3f2d8f90351d36d8fd0c0f8426b11a4bea8988971a7411eb35ec98f6db7ae0b,4b9c30be35beb327,test,4,mtrag,main,strong_ground_truth_ready,20260726
mtrag_5e79e465134d923edf68580733a81c68_turn_4_step_1,mtrag,rag_multiturn,5e79e465134d923edf68580733a81c68_turn_4,1,1,lg_19d6d6b7f1f4045b,7bd840fe82a26be97af5cf4ac3fc3b5ff5e51f07c8e776bc5b18273119a807e9,2453378101dfdddf,train,3,mtrag,main,strong_ground_truth_ready,20260726
mtrag_a2698b2973ea7db1ee5adb5e70ec02e4_turn_9_step_1,mtrag,rag_multiturn,a2698b2973ea7db1ee5adb5e70ec02e4_turn_9,1,1,lg_191ecad4fd5b3e32,830e7d9f530aea3b73cd16f5a33c88444f25e18a4638791553b7158597626ccd,9b6bdbad5d0b579f,test,4,mtrag,main,strong_ground_truth_ready,20260726
mtrag_61374b240d5742f957706d00f9ed0dd6_turn_7_step_1,mtrag,rag_multiturn,61374b240d5742f957706d00f9ed0dd6_turn_7,1,1,lg_db4d0ef2080a3711,a4210909cb1943e0a78e195d39264fc7dda1c45b4df3638413b6e298ef3250ab,37bd60fae24f9123,test,4,mtrag,main,strong_ground_truth_ready,20260726
mtrag_717ca9138f07b4621887812f47499d74_turn_2_step_1,mtrag,rag_multiturn,717ca9138f07b4621887812f47499d74_turn_2,1,1,lg_880081a9f8b843a1,ded6bb6b4f21899d3e57145ecc3b8e86ad6167cfb0615d855d84517da6fc3d2b,cc60a834b65be17a,train,2,mtrag,main,strong_ground_truth_ready,20260726
mtrag_4751cd8210b4adb8bce5cbc3fe913096_turn_3_step_1,mtrag,rag_multiturn,4751cd8210b4adb8bce5cbc3fe913096_turn_3,1,1,lg_ebd3a902c114e09f,83ff7416af16dd0b6fe80a162f7a06c1960f2402de6e6e33f535b5e7f67856a7,e441e2c4a0157ce5,test,4,mtrag,main,strong_ground_truth_ready,20260726
mtrag_251e29286cef45d899d7889e94ae25d5_turn_1_step_1,mtrag,rag_multiturn,251e29286cef45d899d7889e94ae25d5_turn_1,1,1,lg_5f50accd423af9ea,5240faf9458164fe93194843fe81c83c410719c24690c5e18bc7f04440f4648c,8aa15a9d6f767b75,train,1,mtrag,main,strong_ground_truth_ready,20260726
mtrag_e9dd465e8dd63a80dda8f3ce9cba6848_turn_4_step_1,mtrag,rag_multiturn,e9dd465e8dd63a80dda8f3ce9cba6848_turn_4,1,1,lg_d0da27e35262bb3f,123174915e76423128ad0955d3ebc27a30b4425f97e0f6f8f9b33da970c4c2b3,bb5457c02e63195b,train,1,mtrag,main,strong_ground_truth_ready,20260726
mtrag_1c041ce47a81941c26899fdf08bde961_turn_5_step_1,mtrag,rag_multiturn,1c041ce47a81941c26899fdf08bde961_turn_5,1,1,lg_d91180f2c982c98b,796dad7f711c29e0505ae6365b812103d88bcb0487527256c1123bd057376d04,da9254def92bf5b3,train,2,mtrag,main,strong_ground_truth_ready,20260726
mtrag_6a738cc02c5aa0b74319acd0e8a809dd_turn_8_step_1,mtrag,rag_multiturn,6a738cc02c5aa0b74319acd0e8a809dd_turn_8,1,1,lg_4837132830f1976a,d7e1ff3ef39c8057b73f4186a7eb5599ca34d0c5bd98f6a8fdc53f557b329220,2d44d2c8b38922fb,validation,0,mtrag,main,strong_ground_truth_ready,20260726
mtrag_5815bb4a99e2a0d8a986348da4c49083_turn_1_step_1,mtrag,rag_multiturn,5815bb4a99e2a0d8a986348da4c49083_turn_1,1,1,lg_ae6aba0e51580d04,97f80021a766d14578e4041f71c556f07eb2ad08403a3fd254120b469f16677e,e444f424e7756e13,test,4,mtrag,main,strong_ground_truth_ready,20260726
mtrag_f1121a39d8a9e36eaef4c2367bd43532_turn_1_step_1,mtrag,rag_multiturn,f1121a39d8a9e36eaef4c2367bd43532_turn_1,1,1,lg_e61889fe0168154f,6de462999fa5ef1f3a004dd9bbb94dd9968a1bbde5ace8f2e4aab5eff6ec0cea,1a5d46e926c948b6,train,2,mtrag,main,strong_ground_truth_ready,20260726
mtrag_0ef145e49938dfb9b6eefe781d21dca8_turn_5_step_1,mtrag,rag_multiturn,0ef145e49938dfb9b6eefe781d21dca8_turn_5,1,1,lg_a1d53ecf76ab590d,0a131e5967642c2e9c9361be9300c9103d68885081212eafdda61522c7c4560d,fed2f9826e783162,train,3,mtrag,main,strong_ground_truth_ready,20260726
mtrag_20c2cbd18c16c12c9c2bbead6aef1a21_turn_7_step_1,mtrag,rag_multiturn,20c2cbd18c16c12c9c2bbead6aef1a21_turn_7,1,1,lg_b78251c8dca8e25e,b8f7218ce0bbe524ebbbffae9153a35be4091db70f0155526369067226dbf245,730e637a0e5f9b4a,train,2,mtrag,main,strong_ground_truth_ready,20260726
mtrag_e1b602e47ded79a35d8df4eefe194e39_turn_4_step_1,mtrag,rag_multiturn,e1b602e47ded79a35d8df4eefe194e39_turn_4,1,1,lg_1f35841419fd2c57,40498a9f3388a94f4e463fccda8934da0ce5cbfd012211ccfb088c8e1c50868d,ac805c1749fb5fff,train,1,mtrag,main,strong_ground_truth_ready,20260726
mtrag_4c86c8740c3d49e06b7aca9d308119fa_turn_1_step_1,mtrag,rag_multiturn,4c86c8740c3d49e06b7aca9d308119fa_turn_1,1,1,lg_1213a2c58cc5e6db,1b49000a21c1705acc3925e09299b9c9bb32b99908ec25c053b3d7d80fe82f4f,29c15fd221cfd0b2,validation,0,mtrag,main,strong_ground_truth_ready,20260726
mtrag_cfbcfa3e382f12aed450b10f87a72aeb_turn_3_step_1,mtrag,rag_multiturn,cfbcfa3e382f12aed450b10f87a72aeb_turn_3,1,1,lg_372069e9a1cf5552,6c6005897e8e57389767fd4d3829e62d6ada61a86cddd9d6f28a655d13d5058c,6129a5b35a8bd5b6,validation,0,mtrag,main,strong_ground_truth_ready,20260726
mtrag_7cb06b3f8068674fce61a11e9777f708_turn_5_step_1,mtrag,rag_multiturn,7cb06b3f8068674fce61a11e9777f708_turn_5,1,1,lg_4f01747b89d3fd3d,be247453340586628748423596a87a9ddf8a073f2d1f4112b896a16acd300bb0,d9c6485bebf8bb36,train,1,mtrag,main,strong_ground_truth_ready,20260726
mtrag_94d04f2cd47fee9a0aaa13fa3ae1de53_turn_6_step_1,mtrag,rag_multiturn,94d04f2cd47fee9a0aaa13fa3ae1de53_turn_6,1,1,lg_564b97558ca76dd2,06bf3ef043fb7b5a9cb6c0ec89736347445f252cc79f9af5bfd00264b79ec177,d6bf88e400cf09e0,train,1,mtrag,main,strong_ground_truth_ready,20260726
mtrag_b4614daadceeecb400f7baf0aa48dcb8_turn_1_step_1,mtrag,rag_multiturn,b4614daadceeecb400f7baf0aa48dcb8_turn_1,1,1,lg_334aca7f3389d317,d3883a9952b95f9a443326c870f2de01a7b56b79312b9b5abba77cb387fdfa72,6addc245a95d69db,train,2,mtrag,main,strong_ground_truth_ready,20260726
mtrag_adf9b1f61c73d715809bc7b37ac02724_turn_3_step_1,mtrag,rag_multiturn,adf9b1f61c73d715809bc7b37ac02724_turn_3,1,1,lg_d0572d0e66881bd0,478edd05f3efe8438b2f5cd465a7e5f75b35a4a7bfe2ab48a8484bbe0c6a47b5,e25c57b60313713c,test,4,mtrag,main,strong_ground_truth_ready,20260726
mtrag_c5518952b78b171de2d5b9317103ba62_turn_8_step_1,mtrag,rag_multiturn,c5518952b78b171de2d5b9317103ba62_turn_8,1,1,lg_c33250b12fcd6f88,0fa2231c2f2e39687a1467fa1588c501f4c833dfe1b756b0f669b85cadfdf986,0aee6584f3d047d3,train,3,mtrag,main,strong_ground_truth_ready,20260726
mtrag_62a5aee8a497bee6fc467df13bf23cfc_turn_4_step_1,mtrag,rag_multiturn,62a5aee8a497bee6fc467df13bf23cfc_turn_4,1,1,lg_4ca65f0050126b0a,5aa591c4578e5f8acb940f4c0540feba78eab5813839eef3b2e677e452372e55,2b29646aa43ac4f1,train,1,mtrag,main,strong_ground_truth_ready,20260726
mtrag_2cc753bcef23767c18aedad06c4405c4_turn_1_step_1,mtrag,rag_multiturn,2cc753bcef23767c18aedad06c4405c4_turn_1,1,1,lg_5e55b1db3d1ac11a,b9481856eb933d88f78cef7b5ac14da03bee2ba5ae6e18c37989d483bb1d398c,c24544e25beec535,train,2,mtrag,main,strong_ground_truth_ready,20260726
mtrag_1dcbbeb35d4d25ba1ffb787a9f2080e2_turn_2_step_1,mtrag,rag_multiturn,1dcbbeb35d4d25ba1ffb787a9f2080e2_turn_2,1,1,lg_90429cb95a62401d,ae19de4d91825ea2da5952c3d9dabcbfec805bd31f726228e9972859138312b2,948965c96bb74162,train,1,mtrag,main,strong_ground_truth_ready,20260726
mtrag_747a810abfd6da4a9c37cdb74feec95e_turn_1_step_1,mtrag,rag_multiturn,747a810abfd6da4a9c37cdb74feec95e_turn_1,1,1,lg_105212771718bb6e,5c8ffe5f307ecb0fb55ed34ba08483f57b96221baf744dddccb2dbe1cb345ac5,bd46517ef6ff7835,test,4,mtrag,main,strong_ground_truth_ready,20260726
mtrag_adf9b1f61c73d715809bc7b37ac02724_turn_6_step_1,mtrag,rag_multiturn,adf9b1f61c73d715809bc7b37ac02724_turn_6,1,1,lg_1a1f49247779a8f4,b6f008541e875d34d1ea8c4de9e2c0cd9bf80950fcbaef09845ebec0295e5d9e,5372a8e77465fdcb,train,3,mtrag,main,strong_ground_truth_ready,20260726
mtrag_251e29286cef45d899d7889e94ae25d5_turn_2_step_1,mtrag,rag_multiturn,251e29286cef45d899d7889e94ae25d5_turn_2,1,1,lg_9eea169abcfad66c,1e3ac3dcfa865144943e046f9fa27edd154dfc0b927fa76a13583fb6ed234961,92e86fa4418fe7c3,train,1,mtrag,main,strong_ground_truth_ready,20260726
mtrag_d5b1e735a040853ed361a3dfde1b8ef0_turn_6_step_1,mtrag,rag_multiturn,d5b1e735a040853ed361a3dfde1b8ef0_turn_6,1,1,lg_96dce65302b17ac6,48410c667f8cc584650ece39ad082b0219c081dba6300322d9fec9a4511d7db1,30616bf085af811d,test,4,mtrag,main,strong_ground_truth_ready,20260726
mtrag_5c13daa9432149f6243aa1115629cd1a_turn_1_step_1,mtrag,rag_multiturn,5c13daa9432149f6243aa1115629cd1a_turn_1,1,1,lg_e0ede5c00960ea1b,c8a7765efdd21b9a4dd3b589aa6522afc9e54d24e3c31cdd9133c4d6ffe31b98,0f60924cae4ba81b,train,3,mtrag,main,strong_ground_truth_ready,20260726
mtrag_91204c45fc829e328f9a3643d9dd4c2b_turn_2_step_1,mtrag,rag_multiturn,91204c45fc829e328f9a3643d9dd4c2b_turn_2,1,1,lg_377e5ac0314296df,f80c78736dfb7be0831dd52ae2ceb98342c8f041006d34c41862a2372eb43272,6bb3069b432377d8,train,3,mtrag,main,strong_ground_truth_ready,20260726
mtrag_1be66272113492407e814eaf21a761d4_turn_6_step_1,mtrag,rag_multiturn,1be66272113492407e814eaf21a761d4_turn_6,1,1,lg_d8b94eb918dd4bb0,774205055d1fc4134bd5d8f076936644e3f0cb88c5a3ef8889186bb8e50fd88d,afac7390c250ccce,train,3,mtrag,main,strong_ground_truth_ready,20260726
mtrag_20c2cbd18c16c12c9c2bbead6aef1a21_turn_1_step_1,mtrag,rag_multiturn,20c2cbd18c16c12c9c2bbead6aef1a21_turn_1,1,1,lg_c16b1f920de853d1,fd9e8834d060613c43bf25ff0fc5db6d2b53ca4e6f7426421e1193de889e5d21,96a6ccc8266479eb,train,1,mtrag,main,strong_ground_truth_ready,20260726
mtrag_d5f0e7023ab90fe0240b7fc46cf00c26_turn_5_step_1,mtrag,rag_multiturn,d5f0e7023ab90fe0240b7fc46cf00c26_turn_5,1,1,lg_fae83b008f3d700d,b9d916fe93d7497b95fe8aa9e11cbf4c5ad5a4422605655935b9e0a190c20024,e6a96bc573493e24,validation,0,mtrag,main,strong_ground_truth_ready,20260726
mtrag_41a4006bfa6841516188c1695ebaf16c_turn_7_step_1,mtrag,rag_multiturn,41a4006bfa6841516188c1695ebaf16c_turn_7,1,1,lg_515d3a0254c1ea35,a0c9da137fc829372a4c3f52cbbb8ab9d04421471b37eef2c652c92ab374c516,986bea11bb27edf1,validation,0,mtrag,main,strong_ground_truth_ready,20260726
mtrag_29e3ec96a6e8916a0326ebcdab78abae_turn_2_step_1,mtrag,rag_multiturn,29e3ec96a6e8916a0326ebcdab78abae_turn_2,1,1,lg_f7b6740eed5239fe,0831acd9df8b891417c7a261f3e6f151ff14086615b7a18808aaf9d49f2d293e,764d8c07731aaf17,train,2,mtrag,main,strong_ground_truth_ready,20260726
mtrag_5815bb4a99e2a0d8a986348da4c49083_turn_6_step_1,mtrag,rag_multiturn,5815bb4a99e2a0d8a986348da4c49083_turn_6,1,1,lg_d54c7bd5f4e30afd,9136067fdb0bc5cb753cba8fbe393a454dfc4b089ccbc65bd193e1f0196f33b8,424c5e805d8d02bd,train,1,mtrag,main,strong_ground_truth_ready,20260726
mtrag_2f94b6fb4c6f941decd0609eb126610b_turn_3_step_1,mtrag,rag_multiturn,2f94b6fb4c6f941decd0609eb126610b_turn_3,1,1,lg_e2731349091e06d9,6ff2f700994b5953a1c8baddd14bcde87b5305dcf0548c06d295769e1206f563,d5c501f2ab4c9df3,train,1,mtrag,main,strong_ground_truth_ready,20260726
mtrag_4da5a7f42f3b2dc4d875dcfa2fcdefef_turn_5_step_1,mtrag,rag_multiturn,4da5a7f42f3b2dc4d875dcfa2fcdefef_turn_5,1,1,lg_bd18999d7111884f,8cf94a1187289cc5a319cdbfb8328a546ff99e9aa5888cec0fdc08fa10e6565b,1f0e3fd31cdcbe45,validation,0,mtrag,main,strong_ground_truth_ready,20260726
mtrag_a3f07e9ed5f257db6aecd30511f03af1_turn_1_step_1,mtrag,rag_multiturn,a3f07e9ed5f257db6aecd30511f03af1_turn_1,1,1,lg_622a89cf37194881,fbdce1f0fa9383d9cfc1fd0003be3940a8cf9e8de992cdf87e5938f08d56c55b,8a6ab2a9b32ffdeb,validation,0,mtrag,main,strong_ground_truth_ready,20260726
mtrag_cfbcfa3e382f12aed450b10f87a72aeb_turn_1_step_1,mtrag,rag_multiturn,cfbcfa3e382f12aed450b10f87a72aeb_turn_1,1,1,lg_24f0379a2856548a,d78967754bcf92ce08eea986f02ddd5eeee73e1397b7c0530759c5af4b27292f,dac221f3b8ef6043,train,1,mtrag,main,strong_ground_truth_ready,20260726
mtrag_5600fe1c05a1fc415416d9dee6347000_turn_1_step_1,mtrag,rag_multiturn,5600fe1c05a1fc415416d9dee6347000_turn_1,1,1,lg_c97310ea2b8667e3,8bb963172403d744567e3817300af3b783e85fee588acd465f43506a1c6a6f5f,1c2cdf6546cd27c8,train,1,mtrag,main,strong_ground_truth_ready,20260726
mtrag_5c13daa9432149f6243aa1115629cd1a_turn_2_step_1,mtrag,rag_multiturn,5c13daa9432149f6243aa1115629cd1a_turn_2,1,1,lg_fc8d9557929cd29d,27df276ae0a27c22681e0e3d38b2d28824a2d3ace6c72c04ad3447e88dc609e6,bd6fb70d7c6b2927,test,4,mtrag,main,strong_ground_truth_ready,20260726
mtrag_34ac6bedd4b35167cc59e289893e206a_turn_9_step_1,mtrag,rag_multiturn,34ac6bedd4b35167cc59e289893e206a_turn_9,1,1,lg_d74437131be623a2,c3d401b1554a18b56b8244972d003d3e29e7b68e342c95ef5859739e072c324d,9d42c4412bab7d8e,validation,0,mtrag,main,strong_ground_truth_ready,20260726
mtrag_a277cf5022616282aa819ee76c9343de_turn_7_step_1,mtrag,rag_multiturn,a277cf5022616282aa819ee76c9343de_turn_7,1,1,lg_2bb4405779be023b,ba0407cf7bf95c039a44be1698262ebdeeab13f78983bd7784996af9ecb15b3b,7b7a4a6140e89ad6,train,3,mtrag,main,strong_ground_truth_ready,20260726
mtrag_dd82f0f978316e73618cf0addd369cd8_turn_6_step_1,mtrag,rag_multiturn,dd82f0f978316e73618cf0addd369cd8_turn_6,1,1,lg_166fbd66d21bfced,97c84808183e9c88c3784cdf97b2a25dfc3d2fa8868b6d191ac0c64d95bfbe6a,38c696c879413d01,train,1,mtrag,main,strong_ground_truth_ready,20260726
mtrag_7cb06b3f8068674fce61a11e9777f708_turn_2_step_1,mtrag,rag_multiturn,7cb06b3f8068674fce61a11e9777f708_turn_2,1,1,lg_d2e4bdf22f2b8ddb,2a579ebfeebb6537ed12376a50e27224f08bf580d269a32459161db9e29c7379,cce4d3f5a24be9ab,train,2,mtrag,main,strong_ground_truth_ready,20260726
mtrag_5c13daa9432149f6243aa1115629cd1a_turn_4_step_1,mtrag,rag_multiturn,5c13daa9432149f6243aa1115629cd1a_turn_4,1,1,lg_ffababd158c0fdbc,26bfc5e70b0aab57c5813a4c0066d473d6c7ffd973641361265f5170a55c36d4,0f69fd063a0e9d4b,train,3,mtrag,main,strong_ground_truth_ready,20260726
mtrag_5503c6e98c54d4901332d0f1c6030bd9_turn_4_step_1,mtrag,rag_multiturn,5503c6e98c54d4901332d0f1c6030bd9_turn_4,1,1,lg_6bc3235c2e0f69f3,6ee9000529fd276ca9e43437376fc73b67cf96e6af04141e3673bd0d339ae8f0,a055cff9f29bd36b,train,2,mtrag,main,strong_ground_truth_ready,20260726
mtrag_0208bf26ec357a803445290fa88a2e9e_turn_5_step_1,mtrag,rag_multiturn,0208bf26ec357a803445290fa88a2e9e_turn_5,1,1,lg_7d7e2e8023d6a3fe,8c67c28c8ce5c718ce3e1ed7aba6a659c2324268e10e811504a6318ab1cb6dc7,d7e5b8a06f6e154b,validation,0,mtrag,main,strong_ground_truth_ready,20260726
qmsum_IS1003b_gen_0_step_1,qmsum,meeting_query_summarization,IS1003b_gen_0,1,1,lg_9794da9daa3de4dd,4ecff20e9e245f8e25fdd8b4b65cfa733c1283212e0fd9785cc0808514050cb1,2b0327b6dec8c2c0,train,2,qmsum,main,strong_ground_truth_ready,20260726
qmsum_IS1003c_spec_3_step_1,qmsum,meeting_query_summarization,IS1003c_spec_3,1,1,lg_0c42c74607144ef0,334ffe014b3b76e865db9bc1fd304367fbca927015cf29daab956c7f969e211c,43e293d2d1ddd665,validation,0,qmsum,main,strong_ground_truth_ready,20260726
qmsum_ES2004b_spec_1_step_1,qmsum,meeting_query_summarization,ES2004b_spec_1,1,1,lg_3fe3c9823c20f973,114d8ca66a6274aa2f9b1a94569eda30dd7bf8748def9c37ad3d71e9257dfeab,1be0ef9308905a51,train,1,qmsum,main,strong_ground_truth_ready,20260726
qmsum_TS3004b_spec_1_step_1,qmsum,meeting_query_summarization,TS3004b_spec_1,1,1,lg_eebf6a7fc52351c2,cc5fb805c7c6fe5fd4e3e1b48b126d7dc856801e862cdc225ba888751d3ef855,9ebcbf8b3778f2db,train,1,qmsum,main,strong_ground_truth_ready,20260726
qmsum_TS3004d_gen_0_step_1,qmsum,meeting_query_summarization,TS3004d_gen_0,1,1,lg_6c9f019dab22a1f8,93df6cfaad0d7b635c1f06d4f51c0496321dfabad7b22e8fe6778422877a839e,db028d736add4920,test,4,qmsum,main,strong_ground_truth_ready,20260726
qmsum_TS3004c_gen_0_step_1,qmsum,meeting_query_summarization,TS3004c_gen_0,1,1,lg_5f68c30aab43e227,47cb9c359f84d19252e0979a546363d8edbb3c83db9ddca0f7ea45fcb8eba403,a9038a03aafb1ebf,train,3,qmsum,main,strong_ground_truth_ready,20260726
qmsum_IS1003a_gen_0_step_1,qmsum,meeting_query_summarization,IS1003a_gen_0,1,1,lg_3096c96d75246267,f74931fb879801dfe3faea1f26d8840c6546117408657c69fac0a314b940b920,b334499dbbf9cce0,validation,0,qmsum,main,strong_ground_truth_ready,20260726
qmsum_ES2004d_spec_5_step_1,qmsum,meeting_query_summarization,ES2004d_spec_5,1,1,lg_d9885c4e32a45a0c,a7fa6fe392f57c59d303b3a063275b686391771c8a93d3e764f3f1d7c16318a1,43b1b573e7850be0,train,2,qmsum,main,strong_ground_truth_ready,20260726
qmsum_IS1003c_spec_5_step_1,qmsum,meeting_query_summarization,IS1003c_spec_5,1,1,lg_c6e0a7f513412304,cf03097231627a6b04f8fc7ff5e82a8ccce8aaceb2740ba936a605bebf899355,89a14b82f3f9e4b0,validation,0,qmsum,main,strong_ground_truth_ready,20260726
qmsum_TS3011a_spec_2_step_1,qmsum,meeting_query_summarization,TS3011a_spec_2,1,1,lg_5391ffdf4e9c6608,06c88361b10c6f137fa00b558605ecb67a37375ac152de63d0185cbe598a3fd1,cab93875c2dd54f7,train,1,qmsum,main,strong_ground_truth_ready,20260726
qmsum_ES2011a_gen_0_step_1,qmsum,meeting_query_summarization,ES2011a_gen_0,1,1,lg_a10b81cb4ba9e266,2f092b2e403a6f0b5db84627bd6acaeedf722e7fbd0393e2f7288c3f096ca8d4,8a5049db698b4af2,test,4,qmsum,main,strong_ground_truth_ready,20260726
qmsum_TS3004b_spec_3_step_1,qmsum,meeting_query_summarization,TS3004b_spec_3,1,1,lg_ebeda9ae92614af2,d2f67d0b9ec9a9c2521a6bc474ded4671fd46a4cad85bb0ca17affea2ccabeb4,4fe5ed7df2ce6e92,train,3,qmsum,main,strong_ground_truth_ready,20260726
qmsum_TS3011d_gen_0_step_1,qmsum,meeting_query_summarization,TS3011d_gen_0,1,1,lg_3fcd82e0241877ad,876e6985b96508abc86ffc5f6a72491fa1b04fbf449ab36f428da3d7c2e8ed93,ac857ca2c09d4ac6,test,4,qmsum,main,strong_ground_truth_ready,20260726
qmsum_ES2011d_spec_5_step_1,qmsum,meeting_query_summarization,ES2011d_spec_5,1,1,lg_a0fdeeb55565a9ec,50fe9885706930c4535c83a547da77f903dc7d438fc26c5f184ddb63b0226978,32ed8b87bc9c7fb2,train,2,qmsum,main,strong_ground_truth_ready,20260726
qmsum_IS1003b_spec_0_step_1,qmsum,meeting_query_summarization,IS1003b_spec_0,1,1,lg_d4137e9a9eedca34,eac2486281ffa306ed5c51e373e905ff79f560ff818bb4354ed5bf9cc256398a,b0676686df5a8aa2,train,1,qmsum,main,strong_ground_truth_ready,20260726
qmsum_IS1003d_spec_6_step_1,qmsum,meeting_query_summarization,IS1003d_spec_6,1,1,lg_87ddf82e201a68bb,ff220b583ca05915e750a69c40adbc648f291121bd73d7f4950dcfc33c405084,4d390c98024647e0,validation,0,qmsum,main,strong_ground_truth_ready,20260726
qmsum_ES2011a_spec_5_step_1,qmsum,meeting_query_summarization,ES2011a_spec_5,1,1,lg_143047f6ad90e268,8944fd21221549256f72a1a71eebd4b997bfa74e13f6c129da735ee90ed38f46,931b02c4215a2bee,train,2,qmsum,main,strong_ground_truth_ready,20260726
qmsum_IS1003a_spec_0_step_1,qmsum,meeting_query_summarization,IS1003a_spec_0,1,1,lg_6db52e2270b36b43,3a3522319f4e49d2be70de91e62fb1cbcf677c9dd26bc21271e2a8698ce99be0,af3149cc2ef848d1,train,3,qmsum,main,strong_ground_truth_ready,20260726
qmsum_ES2011d_spec_3_step_1,qmsum,meeting_query_summarization,ES2011d_spec_3,1,1,lg_f5db545259f0ba60,751d20a54d713cf22191c933f9e62da5492e54783d17f0977c9c609c04fda34b,c385fb8813b2e8c0,test,4,qmsum,main,strong_ground_truth_ready,20260726
qmsum_IS1003a_spec_1_step_1,qmsum,meeting_query_summarization,IS1003a_spec_1,1,1,lg_758a36709852c88a,feddf2dbb1d01bfe1d25833321fd09ee2a38dbdfd4840099230dd0c968fe9d71,ff50008627f460d6,train,3,qmsum,main,strong_ground_truth_ready,20260726
qmsum_IS1003c_spec_0_step_1,qmsum,meeting_query_summarization,IS1003c_spec_0,1,1,lg_5c9eb84f8774986c,894b0f1ee3614edfb41b3b11d6e47221f10fd6f46fe51ba3a45cc79b25e9869c,886d3633231b52d5,test,4,qmsum,main,strong_ground_truth_ready,20260726
qmsum_TS3004a_spec_0_step_1,qmsum,meeting_query_summarization,TS3004a_spec_0,1,1,lg_cf2b0cb8838c10be,c66258a40657697c24a6b014e7b5c63458616e7ac91888e0c36bd38980e9d4a0,2d1185dfdab97964,test,4,qmsum,main,strong_ground_truth_ready,20260726
qmsum_ES2011d_spec_4_step_1,qmsum,meeting_query_summarization,ES2011d_spec_4,1,1,lg_3518694fc2af42cc,0e377977c9f6a49cb233eb5c19d4f9c0591d30a8506b9ccb935c5848e1064996,d7d3999ecaca439c,train,1,qmsum,main,strong_ground_truth_ready,20260726
qmsum_TS3004d_spec_1_step_1,qmsum,meeting_query_summarization,TS3004d_spec_1,1,1,lg_bfd57add087fabe7,c95d04e3197ef195cc5e98a0e7eb09bc68f7e16281cf44cc6eea634f1de3a09a,f542cc20b24eaa95,test,4,qmsum,main,strong_ground_truth_ready,20260726
qmsum_ES2004c_gen_0_step_1,qmsum,meeting_query_summarization,ES2004c_gen_0,1,1,lg_217c775cd2a88976,331b1d79f3739fc24bfe27992ef3e5f440f4582279b5cc949cba1c8303592970,831a6a829bd680eb,validation,0,qmsum,main,strong_ground_truth_ready,20260726
qmsum_IS1003c_spec_7_step_1,qmsum,meeting_query_summarization,IS1003c_spec_7,1,1,lg_42c34b33ea54ee44,e26783ce92ed467f54e6def3b9cb2134d3699850d0c9278dad68402b4d5fa05a,f4366882137bc57b,train,1,qmsum,main,strong_ground_truth_ready,20260726
qmsum_IS1003d_spec_8_step_1,qmsum,meeting_query_summarization,IS1003d_spec_8,1,1,lg_6e31fa74a12f2fcf,87dd1b7f3c6926b38099e785ea9d252367adf4745a4ce731ed6c133866d08c94,8d718c3953d6def2,test,4,qmsum,main,strong_ground_truth_ready,20260726
qmsum_TS3004a_spec_3_step_1,qmsum,meeting_query_summarization,TS3004a_spec_3,1,1,lg_c19215a85a085dcd,725f8b41852852c7f60141e3563c331f83128ed4e39e928dca6e570d3ab7485d,2d93254ed9995954,train,2,qmsum,main,strong_ground_truth_ready,20260726
qmsum_ES2004a_gen_0_step_1,qmsum,meeting_query_summarization,ES2004a_gen_0,1,1,lg_190730e76ca046ff,f28742252e4a23d588e20d180d8f38402ba835ed69b4f41365cc10fb2fcf0ce0,1b2e59bf32c6dcc1,validation,0,qmsum,main,strong_ground_truth_ready,20260726
qmsum_TS3004c_spec_3_step_1,qmsum,meeting_query_summarization,TS3004c_spec_3,1,1,lg_e74098d5158f0c50,9acdba34105fc1d4b79ab9b052957ed9e1566a04f8d4e8f4894668d20f848910,ab238ca2aa8a27fe,test,4,qmsum,main,strong_ground_truth_ready,20260726
qmsum_IS1003a_spec_3_step_1,qmsum,meeting_query_summarization,IS1003a_spec_3,1,1,lg_f6859b6cade5d70b,dc00f957c6a3126087be546eb97f8b251bd3275b1a12290ecfe51e1533b6516b,b29c0f18f3b91de4,validation,0,qmsum,main,strong_ground_truth_ready,20260726
qmsum_ES2011a_spec_0_step_1,qmsum,meeting_query_summarization,ES2011a_spec_0,1,1,lg_d5124e3e1ec0a61f,084d641bf3d6924813b047f0c4ad204ebca785470ec06ca9bbf9b1966cd45a04,8b110adc18d853e6,validation,0,qmsum,main,strong_ground_truth_ready,20260726
qmsum_ES2011a_spec_2_step_1,qmsum,meeting_query_summarization,ES2011a_spec_2,1,1,lg_0d1a6efd762d7a03,9a861994581f3b59a90f28acd86609e7c39b4685640770a0abe09812923b5673,9bf10d7ff5c27892,train,2,qmsum,main,strong_ground_truth_ready,20260726
qmsum_IS1003a_spec_2_step_1,qmsum,meeting_query_summarization,IS1003a_spec_2,1,1,lg_7ebe4bb894fc029c,c8bb18b6e1e8fb37e2e2641fa4f3b84a0131befe5a44ceec3ec9ab320befb438,57a266807b5f40c1,train,1,qmsum,main,strong_ground_truth_ready,20260726
qmsum_TS3004c_spec_2_step_1,qmsum,meeting_query_summarization,TS3004c_spec_2,1,1,lg_62691f42bb26e2cf,360f2dbf6f0344fa58f15bba416c3291fa80b7e79a2ae194b8fc0a9dfd8a3e1d,e191e3e770d1a8b8,train,2,qmsum,main,strong_ground_truth_ready,20260726
qmsum_ES2011c_spec_1_step_1,qmsum,meeting_query_summarization,ES2011c_spec_1,1,1,lg_32bbc4ddafce9cde,14017a193db0db03dff02c221f265f0682bc063327cfbe36e1554d8d54df82b1,c41f26cee0db3df8,test,4,qmsum,main,strong_ground_truth_ready,20260726
qmsum_ES2004c_spec_0_step_1,qmsum,meeting_query_summarization,ES2004c_spec_0,1,1,lg_77cd20b744488978,39d469c050ddad721d70a23939bca7aeb39252295f62723db5343e5a2290199e,99bcd126cbd38f22,test,4,qmsum,main,strong_ground_truth_ready,20260726
qmsum_TS3011d_spec_5_step_1,qmsum,meeting_query_summarization,TS3011d_spec_5,1,1,lg_aead12b77bf11d8a,702eb85ddf401d720c7ed73a3abd2c3e7a58e233bcb378b23bfbb83dc856a5d8,0512a939317acc37,validation,0,qmsum,main,strong_ground_truth_ready,20260726
qmsum_TS3004c_spec_0_step_1,qmsum,meeting_query_summarization,TS3004c_spec_0,1,1,lg_a4f2037ed458600b,0c7bee81a68d018ff0014259e07b359b0f9c2ca382dd5451ee2e02d3ee4d5833,eb462f3773d6c9ae,train,1,qmsum,main,strong_ground_truth_ready,20260726
qmsum_ES2004c_spec_9_step_1,qmsum,meeting_query_summarization,ES2004c_spec_9,1,1,lg_48cf6d1960964d8d,2d913fb16f98d26160f86f61eaf01b9047e7c93a88afa10ec9667bbdd389e0e3,50d256e00add02d3,validation,0,qmsum,main,strong_ground_truth_ready,20260726
qmsum_IS1003b_spec_6_step_1,qmsum,meeting_query_summarization,IS1003b_spec_6,1,1,lg_7eb7eae0a4fb3ca3,c984c1d6440c85ce5a32830b715eae57b2ba6c1f2e73bb86e9ca8ee6f319b5c8,a14aeb35f1e8d644,test,4,qmsum,main,strong_ground_truth_ready,20260726
qmsum_ES2011c_spec_0_step_1,qmsum,meeting_query_summarization,ES2011c_spec_0,1,1,lg_01c0f5d81893b200,731864983a5e9c48056b06848d105be1ca969e7e09a3bb37e7c5ea4879a6661e,2b3e784a46363b20,test,4,qmsum,main,strong_ground_truth_ready,20260726
qmsum_IS1003b_spec_1_step_1,qmsum,meeting_query_summarization,IS1003b_spec_1,1,1,lg_a9da1a1c6f4b84b0,d97ac0ed8c692d3448a117edd26385453444aa91d9fdcf5cff415f06868d06cd,b821c7a7ddfb8ae2,train,3,qmsum,main,strong_ground_truth_ready,20260726
qmsum_TS3004a_spec_2_step_1,qmsum,meeting_query_summarization,TS3004a_spec_2,1,1,lg_37f5b6c08c280104,a0240aec23ad63d155ca888ccdffc9749ba6cf47ef3b11a17c7926006a0f39b8,dd108cc832b8fc2f,train,2,qmsum,main,strong_ground_truth_ready,20260726
qmsum_ES2004d_spec_3_step_1,qmsum,meeting_query_summarization,ES2004d_spec_3,1,1,lg_4b53677ebeb03aeb,3dd1446d29805305e1195fe2ea7a3bbddcc35b3e21c43822702849db24a864f7,c3729237ebc84f04,train,3,qmsum,main,strong_ground_truth_ready,20260726
qmsum_TS3011d_spec_4_step_1,qmsum,meeting_query_summarization,TS3011d_spec_4,1,1,lg_66ad1433ee0c8445,db13c2de38d680bfd251d8e12eeb956700cc6326af4e9dd632c2d7455e66c24b,0c73c9a0c05f7856,train,2,qmsum,main,strong_ground_truth_ready,20260726
qmsum_TS3004c_spec_5_step_1,qmsum,meeting_query_summarization,TS3004c_spec_5,1,1,lg_183e71e0a38dd499,e99ae6e7eac0f5287e9ef9aaf77adf484e8c7a22294ad7003838571cd117e101,298555778980b0b2,test,4,qmsum,main,strong_ground_truth_ready,20260726
qmsum_ES2011a_spec_1_step_1,qmsum,meeting_query_summarization,ES2011a_spec_1,1,1,lg_4541915164d6687f,76c2bad308c510dfe4f6b19a4ab6b8a09215f39002f2fe7fab487ad7bc09235b,c2e0c1dbe9ca5991,train,3,qmsum,main,strong_ground_truth_ready,20260726
qmsum_ES2011b_spec_2_step_1,qmsum,meeting_query_summarization,ES2011b_spec_2,1,1,lg_4afad2db0ba70ca6,ee31475ee3b964e5130a24a3d67ca82de6ee3042785a1736eaef2ad059e3f91e,31b129f6e217f96d,test,4,qmsum,main,strong_ground_truth_ready,20260726
qmsum_TS3011d_spec_0_step_1,qmsum,meeting_query_summarization,TS3011d_spec_0,1,1,lg_63b9974ac72858b7,fd3243ad6ac954b5062967f0a876c381766e8aee760b8a033e3374399d50c28c,ee9766667a990bcc,train,2,qmsum,main,strong_ground_truth_ready,20260726
qmsum_TS3011d_spec_3_step_1,qmsum,meeting_query_summarization,TS3011d_spec_3,1,1,lg_930c6b91cab293ca,2202562dc44f50f50eb1986ca772fe3921a7b2d0a96fcefb8bf37882b5453503,0d15e8b0607ff856,test,4,qmsum,main,strong_ground_truth_ready,20260726
qmsum_IS1003d_spec_1_step_1,qmsum,meeting_query_summarization,IS1003d_spec_1,1,1,lg_417afbcbd54fc8a3,dd72c5cf625722786e20ed464505007233c5b9d1d5bae699f201548edfa539a4,c2315b354cdc68b6,train,3,qmsum,main,strong_ground_truth_ready,20260726
qmsum_ES2011c_spec_2_step_1,qmsum,meeting_query_summarization,ES2011c_spec_2,1,1,lg_a951eb1d4d567415,f948d6b2a5c83e209af0334a7d6f8df532b10c65206e0e510b6e9b31b7ad1be9,c309ee3aeb5ae985,train,1,qmsum,main,strong_ground_truth_ready,20260726
qmsum_ES2011d_spec_1_step_1,qmsum,meeting_query_summarization,ES2011d_spec_1,1,1,lg_ad65a701af237c84,a5ba7bd3eb69ba4bd4db3d3717420cf6d64d97d03b62d822688a3b97a8ee05a9,c3857b880332a8c0,test,4,qmsum,main,strong_ground_truth_ready,20260726
qmsum_ES2011c_gen_0_step_1,qmsum,meeting_query_summarization,ES2011c_gen_0,1,1,lg_375ffecd54408120,bb74ec23df438b5816d2b4221811b495f2431ba752276c49abbce27fdd8f2598,c34a861aa75a59b4,test,4,qmsum,main,strong_ground_truth_ready,20260726
qmsum_ES2004a_spec_5_step_1,qmsum,meeting_query_summarization,ES2004a_spec_5,1,1,lg_969d06b7aa1d9f92,d96ee429a3180aa5c67147c7b1c858bf1f61e9c11e34fc3233297d1a2fcb3b08,7f09c9c348ed9be3,validation,0,qmsum,main,strong_ground_truth_ready,20260726
qmsum_TS3011a_spec_0_step_1,qmsum,meeting_query_summarization,TS3011a_spec_0,1,1,lg_a05d0d2e0de1c6f1,ae6d56744aac22fa1f9a6c6e2112528b433f263dc1be9d7d43d0e5a8d508b7d0,8b089c7fb2bf747f,train,2,qmsum,main,strong_ground_truth_ready,20260726
qmsum_ES2004c_spec_2_step_1,qmsum,meeting_query_summarization,ES2004c_spec_2,1,1,lg_c2c10df6d52207bc,9f2909c3a6cf9e3dbb14bd51a94c5c46de1600ca30307f8ac5a22583bc9a6c86,83db6f62f9cbccdd,validation,0,qmsum,main,strong_ground_truth_ready,20260726
qmsum_TS3011c_spec_4_step_1,qmsum,meeting_query_summarization,TS3011c_spec_4,1,1,lg_49ca76475325a868,4c086a3d0110be8238db84d4a55e6ef67b1abd86a58b8494a60175d95cb66f67,bd1f6f21cf7bc871,train,1,qmsum,main,strong_ground_truth_ready,20260726
qmsum_TS3011c_spec_2_step_1,qmsum,meeting_query_summarization,TS3011c_spec_2,1,1,lg_75b7f3dfe22d2616,d3b4d9c3970e6b4b77bdca5fcb2612b1cc62fe81d6c8c01e4984a5654d5053f7,fd552fda63fe08cf,train,1,qmsum,main,strong_ground_truth_ready,20260726
qmsum_IS1003d_spec_5_step_1,qmsum,meeting_query_summarization,IS1003d_spec_5,1,1,lg_b0fde71451b74e63,4e3bc576ac107cd53da4d25602515e9445364a9de5c0116d168891c79535610d,edb044dffa77e82a,train,2,qmsum,main,strong_ground_truth_ready,20260726
qmsum_ES2011c_spec_5_step_1,qmsum,meeting_query_summarization,ES2011c_spec_5,1,1,lg_0a282eac7cdbd916,1a575757d693cbeadabcdd7c69b46f7324392b47f5c79a9fb34d58f920173051,822a625f94ac98a8,train,2,qmsum,main,strong_ground_truth_ready,20260726
qmsum_IS1003d_spec_3_step_1,qmsum,meeting_query_summarization,IS1003d_spec_3,1,1,lg_c559cfb1ce995a3a,cb229e5a94fe3955665d8eb49ae2d5155157bc2dee727382c67603b178c25afd,ed3656dee81fca24,train,3,qmsum,main,strong_ground_truth_ready,20260726
qmsum_TS3004d_spec_4_step_1,qmsum,meeting_query_summarization,TS3004d_spec_4,1,1,lg_daab795c1f5dd20f,55497a989d2e702a64e33b8302d996106a541e34e0603aa6ee70bc71a6d63e53,5270c7c40a496d41,test,4,qmsum,main,strong_ground_truth_ready,20260726
qmsum_IS1003b_spec_5_step_1,qmsum,meeting_query_summarization,IS1003b_spec_5,1,1,lg_41fc0e8bdf95e328,94bcab7b3021b4e1c1df227b3035c476092a72b45c02c2483f8783100bf6901b,5b112585f4e92ad2,train,2,qmsum,main,strong_ground_truth_ready,20260726
qmsum_IS1003d_spec_7_step_1,qmsum,meeting_query_summarization,IS1003d_spec_7,1,1,lg_e350628633e7672f,978be2239f27d2fb1302bfdcfe6e8fbb88bb485daa950430cf67d72e54859268,9519018c147ec325,train,1,qmsum,main,strong_ground_truth_ready,20260726
qmsum_ES2011b_gen_0_step_1,qmsum,meeting_query_summarization,ES2011b_gen_0,1,1,lg_5b748ffcd15ca5cd,159023b20ab75d481889a37df7555e378fa80adb8bc39d669bfcd8bbdb219198,d076adb11f109ced,train,3,qmsum,main,strong_ground_truth_ready,20260726
qmsum_IS1003c_spec_4_step_1,qmsum,meeting_query_summarization,IS1003c_spec_4,1,1,lg_8c1d293d7e5de8e5,2c95cb04d6a246a63849bada6ba28e8a627915050784e60a8d42757b3f2e9be9,e98aabe8c17bc6c4,train,2,qmsum,main,strong_ground_truth_ready,20260726
qmsum_ES2004a_spec_2_step_1,qmsum,meeting_query_summarization,ES2004a_spec_2,1,1,lg_22482eb7ee4a44bd,e645bbe802c03d62e2c6b1a08ccb38577fe0612e620baffc51e1177617f7e828,92b1fa0f2a1a60dc,test,4,qmsum,main,strong_ground_truth_ready,20260726
qmsum_IS1003a_spec_4_step_1,qmsum,meeting_query_summarization,IS1003a_spec_4,1,1,lg_288cfef198ae6c1e,2423717384d0c00197590b55ef0c9787accc3d487b89f6a07aaa2d746efeef83,519903195f3a0abc,train,1,qmsum,main,strong_ground_truth_ready,20260726
qmsum_ES2004a_spec_0_step_1,qmsum,meeting_query_summarization,ES2004a_spec_0,1,1,lg_d343b25736f6545e,62dfc901e253faf3e54b2958f1374c417c747fb8c3fbc9c0bb49e1f209cb49e1,9a075bdf2a0a4cd1,validation,0,qmsum,main,strong_ground_truth_ready,20260726
qmsum_TS3011c_gen_1_step_1,qmsum,meeting_query_summarization,TS3011c_gen_1,1,1,lg_1513708a8ad7e9bb,7bac20d587357109c9030c38c084f9be545028c4f9b138142e4de76a9de54613,340b7e76caf88ce3,train,2,qmsum,main,strong_ground_truth_ready,20260726
qmsum_ES2011c_spec_4_step_1,qmsum,meeting_query_summarization,ES2011c_spec_4,1,1,lg_6e3d717232af2515,14f90b54f6dc29966ed378a68cee6330ca5814f7ca6cadb03d79eb252de714b6,8dfd0b936e469d54,train,1,qmsum,main,strong_ground_truth_ready,20260726
qmsum_TS3011d_spec_2_step_1,qmsum,meeting_query_summarization,TS3011d_spec_2,1,1,lg_b26bb0774e06a87e,b62f617b2c598d74d1f292055eaaf9b960ab28fa39373d6a768f4fb5f80d5ca1,ed8d65c21cb9d142,train,2,qmsum,main,strong_ground_truth_ready,20260726
qmsum_IS1003d_spec_2_step_1,qmsum,meeting_query_summarization,IS1003d_spec_2,1,1,lg_f70c33cc69aee363,9ee18159673d29a9f3eb204738fe708028547372739eb45132ec3ea54dae3906,d83404bb3fdaf87c,test,4,qmsum,main,strong_ground_truth_ready,20260726
qmsum_TS3011b_spec_4_step_1,qmsum,meeting_query_summarization,TS3011b_spec_4,1,1,lg_2a34ef8c40799ecc,4c28a5947d11c2c4caa7a678c23842e8ede68f31a1293b87bb7cacc0281740ef,4c155714fa5f5762,train,1,qmsum,main,strong_ground_truth_ready,20260726
qmsum_ES2004b_spec_3_step_1,qmsum,meeting_query_summarization,ES2004b_spec_3,1,1,lg_99ca3194886b2f73,b646c4806126d68a5b5fbf3820c70a0063ee3a2fad1771307cecd410b7c618d3,dad43bdff75320b8,validation,0,qmsum,main,strong_ground_truth_ready,20260726
qmsum_IS1003b_spec_8_step_1,qmsum,meeting_query_summarization,IS1003b_spec_8,1,1,lg_f248b8ad1a307083,cbc669cb1013d6619cd54fda3b419df28c4779d3119ed10f27a9bb3a14ffa275,f547ebbde9f85af4,train,3,qmsum,main,strong_ground_truth_ready,20260726
qmsum_IS1003b_spec_7_step_1,qmsum,meeting_query_summarization,IS1003b_spec_7,1,1,lg_0b7a1acf81633d29,d5dfcbd023975e7f2cb4a4dd30b7ada09e16c7a28304758249bf0b84db859d42,ad41f7be72988270,train,3,qmsum,main,strong_ground_truth_ready,20260726
qmsum_ES2004c_spec_4_step_1,qmsum,meeting_query_summarization,ES2004c_spec_4,1,1,lg_5b1fd2912836c0d1,9ec8f3676ee5af27bd42d73faee39caa5a9cfae4af6e50f688e63b1e2d5164c1,431b49c2d39aeb58,test,4,qmsum,main,strong_ground_truth_ready,20260726
qmsum_TS3011b_spec_1_step_1,qmsum,meeting_query_summarization,TS3011b_spec_1,1,1,lg_bf8c398ec9754713,fd24e2ea70e266c153bf017f39d882aa2bca3248b026a86d816a571965ca8737,9a18d79d33da48ab,train,2,qmsum,main,strong_ground_truth_ready,20260726
qmsum_ES2011b_spec_3_step_1,qmsum,meeting_query_summarization,ES2011b_spec_3,1,1,lg_18adbde28c6a95f3,d681006585079dafa961167c6800245fed12ce17f7ce97362abb144e97b83069,5965c8157d0b829a,test,4,qmsum,main,strong_ground_truth_ready,20260726
qmsum_TS3011b_spec_5_step_1,qmsum,meeting_query_summarization,TS3011b_spec_5,1,1,lg_9c6570c21c6a117a,cf9c94db281c647a36bf44bdb8d56639bb6c9ecb1a8fc510e4096aa965ac0e96,87c909dbf59351b4,train,3,qmsum,main,strong_ground_truth_ready,20260726
qmsum_ES2004b_gen_0_step_1,qmsum,meeting_query_summarization,ES2004b_gen_0,1,1,lg_cacb29a1c3ab01bc,bdfb6ca5037417ca5d45e552b82d5b161245080e7ad404a2bbf330781da03134,8a82899389b892a8,train,3,qmsum,main,strong_ground_truth_ready,20260726
qmsum_ES2004d_spec_1_step_1,qmsum,meeting_query_summarization,ES2004d_spec_1,1,1,lg_b5386d4d49835d92,689d39cc33685de6d25b167f0dac7b84a7586470b93d036819b7458183745772,ae989f4fcbd141d0,validation,0,qmsum,main,strong_ground_truth_ready,20260726
qmsum_IS1003b_spec_2_step_1,qmsum,meeting_query_summarization,IS1003b_spec_2,1,1,lg_1a3a3caf0d80f8ff,e9fbf0e4ddc2ecf92151a15ae7e2862c1a19dbb4a37ad65590e263a378796a0b,9b7daa94659a55a7,train,1,qmsum,main,strong_ground_truth_ready,20260726
qmsum_ES2004d_spec_0_step_1,qmsum,meeting_query_summarization,ES2004d_spec_0,1,1,lg_ec08e29c34c5f3b7,740ac93c06a87d8ab7180272ee99873b2a21f9c275a2f026b37d89acc1ef6bf4,e2083392cb515974,validation,0,qmsum,main,strong_ground_truth_ready,20260726
qmsum_ES2004b_spec_5_step_1,qmsum,meeting_query_summarization,ES2004b_spec_5,1,1,lg_a6d8b8521614e640,8dd851282da1d1bf2113a523b400fd3f71c90f1994399cfa98db761a619b9d85,2a27ac8b8ba8ea40,train,2,qmsum,main,strong_ground_truth_ready,20260726
qmsum_TS3011d_spec_1_step_1,qmsum,meeting_query_summarization,TS3011d_spec_1,1,1,lg_d5713ba96e168ade,79b800c7844876156b1859569c52ffd66e195aae9887d5a69f4343100cbdff38,ee122f1553df27ec,test,4,qmsum,main,strong_ground_truth_ready,20260726
qmsum_TS3011a_spec_4_step_1,qmsum,meeting_query_summarization,TS3011a_spec_4,1,1,lg_275fa302f267c67b,1a043855328900774e8d42cfec198a0c650258e4b741ad6f011dd31c315e855c,dcc9492bda1f0425,test,4,qmsum,main,strong_ground_truth_ready,20260726
qmsum_IS1003c_spec_6_step_1,qmsum,meeting_query_summarization,IS1003c_spec_6,1,1,lg_0452eb36e6addd36,e1a7bdf5757405150157dcc0856080b747f7a9d21eeecd27240a09cd60476c61,a216c880930b4052,train,3,qmsum,main,strong_ground_truth_ready,20260726
qmsum_IS1003c_spec_8_step_1,qmsum,meeting_query_summarization,IS1003c_spec_8,1,1,lg_7bfc80367e137e96,97c8c9326443b5f4f6e6ec03ee931ea7a5131654e41ca963897db62768759e63,f253688ad31b4559,train,2,qmsum,main,strong_ground_truth_ready,20260726
qmsum_TS3011b_spec_0_step_1,qmsum,meeting_query_summarization,TS3011b_spec_0,1,1,lg_a63cbb700c0bbbf2,9028a8af9cd7999f8d6bf9e9fa37e0c4e79003ba0ec9b27eb032b4dc1daae35d,c31f973a63105e25,validation,0,qmsum,main,strong_ground_truth_ready,20260726
qmsum_ES2011a_spec_3_step_1,qmsum,meeting_query_summarization,ES2011a_spec_3,1,1,lg_67a0091ab595e298,0316d706c059d750f711949a3511b0bdc3c66ce3ac58a2fe19048c27b1e9fba6,8ac1e152e1ab99d8,validation,0,qmsum,main,strong_ground_truth_ready,20260726
qmsum_TS3011a_spec_5_step_1,qmsum,meeting_query_summarization,TS3011a_spec_5,1,1,lg_e026ae946c21a5c3,eff347243ad513d4a77d82c7b4bc68220f96e3659b19dc9372e5af536322848d,1c1c41c7d29bf15d,validation,0,qmsum,main,strong_ground_truth_ready,20260726
qmsum_TS3004b_spec_2_step_1,qmsum,meeting_query_summarization,TS3004b_spec_2,1,1,lg_f3db20a4bcd46e99,3eca86dd559fdf62e49e1238585b532f5a36b2b0c12d6d1f7d91231c77816c40,1b356f1ca7cb7534,train,2,qmsum,main,strong_ground_truth_ready,20260726
qmsum_TS3011b_spec_2_step_1,qmsum,meeting_query_summarization,TS3011b_spec_2,1,1,lg_4fdd4ef7d9174784,efe06b6d7022bbe210a4c36f457df621c4a8cc64f12d04b972a5448aa2f734c8,afdf950cf6b17d01,train,1,qmsum,main,strong_ground_truth_ready,20260726
qmsum_TS3011a_spec_1_step_1,qmsum,meeting_query_summarization,TS3011a_spec_1,1,1,lg_4b2c3ea861226dda,6e039a49827a635b47edce560975fd0e691c69007512139f3ae19951704da02d,1808dd5fba9b6447,test,4,qmsum,main,strong_ground_truth_ready,20260726
qmsum_TS3004a_spec_5_step_1,qmsum,meeting_query_summarization,TS3004a_spec_5,1,1,lg_82212b195f555258,8ea3fdcaac4fde5cd0a4fa92375e7ef10bdcfe70555e7d8933a01a98e54bc8f8,82f4e6f93851b272,train,2,qmsum,main,strong_ground_truth_ready,20260726
qmsum_TS3004a_spec_1_step_1,qmsum,meeting_query_summarization,TS3004a_spec_1,1,1,lg_913872035d829cb6,44d939c58cd8b13ed83bb6c0d54da62027c1b6808e99d698db1b15de4959ec4c,8d7b95d75258116c,validation,0,qmsum,main,strong_ground_truth_ready,20260726
qmsum_ES2004c_gen_1_step_1,qmsum,meeting_query_summarization,ES2004c_gen_1,1,1,lg_217c775cd2a88976,c7a81b4e29394fe2ef92e418ea541661ec24990265f9d617f90ce2f93302c48d,839a6a8299d680eb,validation,0,qmsum,main,strong_ground_truth_ready,20260726
qmsum_IS1003d_spec_0_step_1,qmsum,meeting_query_summarization,IS1003d_spec_0,1,1,lg_93c001bda0b56a00,0106c414d1b174c865826dd1ee292e01b436f068319449941a3757a77dcd9641,5a3414bb289afcfc,train,2,qmsum,main,strong_ground_truth_ready,20260726
qmsum_ES2011d_spec_2_step_1,qmsum,meeting_query_summarization,ES2011d_spec_2,1,1,lg_eda1df0fadbf52f0,174915d285d7a5fd268ff08dc9a11d98fa6c1ad6a94d463251ffcd0840312e5c,03fbb91777f825ba,train,1,qmsum,main,strong_ground_truth_ready,20260726
qmsum_ES2011d_gen_0_step_1,qmsum,meeting_query_summarization,ES2011d_gen_0,1,1,lg_11aaea829581a427,443deb52ccbf6aa063e71a41243ba035842023a382217b60e2d89ed8be8b2b87,c2cdcb87e7b02993,train,1,qmsum,main,strong_ground_truth_ready,20260726
qmsum_ES2004c_spec_1_step_1,qmsum,meeting_query_summarization,ES2004c_spec_1,1,1,lg_d415f0e00e0fdafe,701b11ee1d9121b115b4aa16cbbde8424ec28e9363e338f6a545aae9a77cc42c,a7aaa855f1955056,train,1,qmsum,main,strong_ground_truth_ready,20260726
qmsum_TS3011c_spec_5_step_1,qmsum,meeting_query_summarization,TS3011c_spec_5,1,1,lg_ece1dffb6ef42b23,23919a9109310ca2bf967c152363dca6ff2a254375bc4ede2d80306a7fe81377,08dc5629729b4ea6,train,1,qmsum,main,strong_ground_truth_ready,20260726
qmsum_TS3011b_spec_3_step_1,qmsum,meeting_query_summarization,TS3011b_spec_3,1,1,lg_d8c922edd579ebd6,38aaa4617ac9d288211ac83097959474a2971827216c0e6ac9e439575ad40592,7ddf4794fe535b60,train,1,qmsum,main,strong_ground_truth_ready,20260726
qmsum_TS3004d_spec_0_step_1,qmsum,meeting_query_summarization,TS3004d_spec_0,1,1,lg_927fb3301192d9a5,01445b2c3e41cd03761f9b9130fb22e515a9329dad44aef64289b0c75464308c,91026d2079dd8e36,train,3,qmsum,main,strong_ground_truth_ready,20260726
qmsum_TS3011c_spec_0_step_1,qmsum,meeting_query_summarization,TS3011c_spec_0,1,1,lg_df0300c6ff78148d,6b302bf2c5dd9fd66ddf2b72a9c5e5f5f60896059116c7214799b90e1e6d92b1,3d143946d9de0dc2,validation,0,qmsum,main,strong_ground_truth_ready,20260726
qmsum_IS1003b_spec_4_step_1,qmsum,meeting_query_summarization,IS1003b_spec_4,1,1,lg_0ba3537bd135eefb,5c0f3d18fe3b9754c782ac431174fe322b316f55e642d6a66171028e5afd526b,695b65827a5fe5ec,train,1,qmsum,main,strong_ground_truth_ready,20260726
qmsum_ES2004b_spec_0_step_1,qmsum,meeting_query_summarization,ES2004b_spec_0,1,1,lg_81867589825442e7,ab4997c8e3a1ce057bdd79555213d9535529c8923b61631180c6cb5b18865f57,ffc2edd908b05b60,validation,0,qmsum,main,strong_ground_truth_ready,20260726
qmsum_TS3011a_spec_3_step_1,qmsum,meeting_query_summarization,TS3011a_spec_3,1,1,lg_e01d37d2ae0b1ef5,964620b7b8311be76c18a76e81da3eb2742275c43599c71d35940aa7258a9941,5ccc49e3da1b5565,train,3,qmsum,main,strong_ground_truth_ready,20260726
qmsum_ES2004c_spec_8_step_1,qmsum,meeting_query_summarization,ES2004c_spec_8,1,1,lg_1327be025cc7b2e5,135cbca82d70beb314a099c369ec7ac4c43c2927d54331280c49a0f4fbfb50b0,e31aeda29952c9eb,train,2,qmsum,main,strong_ground_truth_ready,20260726
qmsum_TS3004b_spec_0_step_1,qmsum,meeting_query_summarization,TS3004b_spec_0,1,1,lg_353a15ab429bf161,015701009f077296f950af22f1a54910ce9a404a37925dffcc7dce4092429fec,8b4ddf1b2398da71,train,1,qmsum,main,strong_ground_truth_ready,20260726
qmsum_ES2004b_spec_2_step_1,qmsum,meeting_query_summarization,ES2004b_spec_2,1,1,lg_e92ed14cb34ee434,8e3b33956880d447fb86a9a60a38f5e8d5188d15676a6cc1fb7902ea60aa960f,aa0e0943c9aa9aa8,train,3,qmsum,main,strong_ground_truth_ready,20260726
qmsum_TS3004b_gen_0_step_1,qmsum,meeting_query_summarization,TS3004b_gen_0,1,1,lg_1b73d08e51ba4976,d1d54a68aac6b322844a946ee40145c315395c250371fe0e2c28181bcd23124c,1f54ef0e23888eb3,test,4,qmsum,main,strong_ground_truth_ready,20260726
qmsum_TS3004a_spec_4_step_1,qmsum,meeting_query_summarization,TS3004a_spec_4,1,1,lg_a707a98086154ba5,2aa7478142880becf97c013c3357f186b5f5f795d940a29717edcf06e17ec702,8ef0fcfc9b593b42,train,3,qmsum,main,strong_ground_truth_ready,20260726
qmsum_ES2011b_spec_0_step_1,qmsum,meeting_query_summarization,ES2011b_spec_0,1,1,lg_8e88fb96fd8c8a60,631d2dfed0ee9cbbc80f8b0a08386bea1d522b6b82fdcb7888df77bd12dc983f,9532b1e7fbf8eced,test,4,qmsum,main,strong_ground_truth_ready,20260726
qmsum_ES2004c_spec_7_step_1,qmsum,meeting_query_summarization,ES2004c_spec_7,1,1,lg_2e732376b80472cc,d1bb2b019dde475e1fd378921da4d881cef74e9577c50faf7f5f580a2f1d0f9d,0e3421f0b3ff79d8,test,4,qmsum,main,strong_ground_truth_ready,20260726
qmsum_IS1003d_gen_0_step_1,qmsum,meeting_query_summarization,IS1003d_gen_0,1,1,lg_82cebfdf60888c84,0d561ca1aec6749a5c8630c7fa0d7729f30ba8588e161697a8d5516da330c282,cd3e16dafa96c324,train,2,qmsum,main,strong_ground_truth_ready,20260726
qmsum_ES2011b_spec_1_step_1,qmsum,meeting_query_summarization,ES2011b_spec_1,1,1,lg_bb0a32c5046e8579,0da853dc8fc9d9aa6126dd111bbf790205acd509f2e0673c9f4c4dedecab9e3b,b0df3fb53314dd9c,train,1,qmsum,main,strong_ground_truth_ready,20260726
qmsum_ES2004c_spec_5_step_1,qmsum,meeting_query_summarization,ES2004c_spec_5,1,1,lg_5cdd283dcb04b933,69dda693d7fc397331f00617164d0782b72ad349b348862f7b611488b8d536e1,7782d1c0e104d66e,test,4,qmsum,main,strong_ground_truth_ready,20260726
qmsum_TS3004c_spec_1_step_1,qmsum,meeting_query_summarization,TS3004c_spec_1,1,1,lg_d31904827bb039a0,3110111b0c976536afd53d6364178cead53dd8a09db47aece546739b5bf8a773,69936fa73af1697a,validation,0,qmsum,main,strong_ground_truth_ready,20260726
qmsum_ES2004d_spec_2_step_1,qmsum,meeting_query_summarization,ES2004d_spec_2,1,1,lg_09923eca4c2f2540,67e4715486abf1648e02f5b3bccaa824feef30274bf2124be165f0467e44df68,c19821dfd94225f4,train,3,qmsum,main,strong_ground_truth_ready,20260726
qmsum_IS1003c_gen_0_step_1,qmsum,meeting_query_summarization,IS1003c_gen_0,1,1,lg_3092e3ae5650f852,e67a9ee007ea03d6a255cb173756ae36ef2fd8358b9598aecfe3888392799ea7,881f6ad3031b40d5,train,1,qmsum,main,strong_ground_truth_ready,20260726
qmsum_IS1003c_spec_2_step_1,qmsum,meeting_query_summarization,IS1003c_spec_2,1,1,lg_965b4a9b39b6b59d,cca6094c73dfd2210e0db6f689543d1aacef0b2c102dcdec02882b138f0d9167,880d2673b31a42d3,validation,0,qmsum,main,strong_ground_truth_ready,20260726
qmsum_TS3011c_gen_0_step_1,qmsum,meeting_query_summarization,TS3011c_gen_0,1,1,lg_1513708a8ad7e9bb,bb3867c7fadc6eecbd338ec0824fc75c86c74c0559c5b2f90a3db8c26345b873,340b7e76caf88ce3,train,2,qmsum,main,strong_ground_truth_ready,20260726
qmsum_ES2004a_spec_1_step_1,qmsum,meeting_query_summarization,ES2004a_spec_1,1,1,lg_ea59042c99be5898,788c2254fe34a60258616353fc87b6c87ff6d0cad3976b23ddf041287262a71f,9a4372f933d26cd1,validation,0,qmsum,main,strong_ground_truth_ready,20260726
qmsum_TS3011c_spec_1_step_1,qmsum,meeting_query_summarization,TS3011c_spec_1,1,1,lg_a2f20ddcac9a6f33,02083d9c0f33972edc62498b4377662aebf7a588d5796082319d4816b386f554,0494e95989909677,validation,0,qmsum,main,strong_ground_truth_ready,20260726
qmsum_IS1003b_spec_3_step_1,qmsum,meeting_query_summarization,IS1003b_spec_3,1,1,lg_f063c27f7348a78f,da55acfdff54d15d03bbc33b9f2d28bac29da30a78e9e3db767e9de34b33ef5f,7b132594d0d1eb80,test,4,qmsum,main,strong_ground_truth_ready,20260726
qmsum_TS3011a_gen_0_step_1,qmsum,meeting_query_summarization,TS3011a_gen_0,1,1,lg_cc0041b82ce7c53e,dc101049d6788588f3b460483d847e34decb01b157688ca5d815131848d81074,8c084d6f9aba54e7,validation,0,qmsum,main,strong_ground_truth_ready,20260726
qmsum_TS3004a_gen_0_step_1,qmsum,meeting_query_summarization,TS3004a_gen_0,1,1,lg_79d72ec1b5824b7c,9a74925b74345390dcd0007c9c03e6c426df5e44d1081786df82aec4fd0b3997,0d19b5ecde39f962,train,3,qmsum,main,strong_ground_truth_ready,20260726
qmsum_IS1003c_spec_1_step_1,qmsum,meeting_query_summarization,IS1003c_spec_1,1,1,lg_ab70513593cacca9,e2ace11e10e6a72073c7ef19564815d54eefdd8c6ae42fa41fb8310092ef42ce,ca71fd13071f9185,validation,0,qmsum,main,strong_ground_truth_ready,20260726
qmsum_ES2004d_spec_4_step_1,qmsum,meeting_query_summarization,ES2004d_spec_4,1,1,lg_cc6c2e3f3ef9596d,ba0f456579f7a2e2ca7159797b10de76f7f12c4a14ffb1538f93350609a159da,db95da8b598c8906,train,1,qmsum,main,strong_ground_truth_ready,20260726
qmsum_ES2004b_spec_4_step_1,qmsum,meeting_query_summarization,ES2004b_spec_4,1,1,lg_7be7012b89ed3d06,8704dbb9529fb13b9250978fed4b21672515ac68fd7d6771eb1e82ef20553730,58222b9ec2e2d497,validation,0,qmsum,main,strong_ground_truth_ready,20260726
qmsum_TS3004d_spec_3_step_1,qmsum,meeting_query_summarization,TS3004d_spec_3,1,1,lg_bdc01e70a3fea90a,ee86c7363ac433cb374e447e35eb9c5294d6df8b46053b3cf1a4a02929c7891b,1a918ddb769dc1ec,test,4,qmsum,main,strong_ground_truth_ready,20260726
qmsum_ES2004c_spec_3_step_1,qmsum,meeting_query_summarization,ES2004c_spec_3,1,1,lg_fda58303390fe277,59465df7ab859e26c6df4073f1fa0247b701c98a127fcb8a5956c3b5e98564c5,e0d2adba0952ade3,train,3,qmsum,main,strong_ground_truth_ready,20260726
qmsum_ES2011a_spec_4_step_1,qmsum,meeting_query_summarization,ES2011a_spec_4,1,1,lg_93b1a39ec68e18f4,69125242cd63dc2e567375cd6a68e4d3b046054930611fda2d4b7c568a59ae92,a29df5e1d7d766ca,train,3,qmsum,main,strong_ground_truth_ready,20260726
qmsum_ES2004d_gen_0_step_1,qmsum,meeting_query_summarization,ES2004d_gen_0,1,1,lg_c77dac8c46cf4970,46634c5ec33323dc2d010ee289b19e33703f31f32e189f32645a29107c257144,c52ff332eb685df5,test,4,qmsum,main,strong_ground_truth_ready,20260726
qmsum_IS1003d_spec_4_step_1,qmsum,meeting_query_summarization,IS1003d_spec_4,1,1,lg_6dd5a2da0cb1e297,21096b52ffcdd7f7a7c23fcd9cd653189fd81860117dacdb2603ed5252fea02a,c9128096e3ce1846,train,1,qmsum,main,strong_ground_truth_ready,20260726
qmsum_ES2011d_spec_0_step_1,qmsum,meeting_query_summarization,ES2011d_spec_0,1,1,lg_7259ba0608a5c490,3edbbe01a514d97aeb6700217619638e9423151df85681ec073273b008e7fa14,ee2f4d85f79cca67,train,2,qmsum,main,strong_ground_truth_ready,20260726
qmsum_TS3011c_spec_3_step_1,qmsum,meeting_query_summarization,TS3011c_spec_3,1,1,lg_7cf2a0deb7463d88,e972374f8c9597e20acf6398f4f7537c7af07a45ee8ca911a00cc5fadda7dfa1,28dbce3b5afbccef,train,1,qmsum,main,strong_ground_truth_ready,20260726
qmsum_ES2004a_spec_3_step_1,qmsum,meeting_query_summarization,ES2004a_spec_3,1,1,lg_c87cc4a985f315f7,300ebb73b3a2b4d3db599cce113873dea5dab29bc87a526c6c35bc5cc810d87e,991f59fe6b82feda,test,4,qmsum,main,strong_ground_truth_ready,20260726
qmsum_ES2004c_spec_6_step_1,qmsum,meeting_query_summarization,ES2004c_spec_6,1,1,lg_52602ddecb47d300,c73a04568ae1ebecbe41070bb10934e82d5fbb10e13ef0e97163fe45de459889,fffdf0f0c95efc51,train,3,qmsum,main,strong_ground_truth_ready,20260726
qmsum_TS3011b_gen_0_step_1,qmsum,meeting_query_summarization,TS3011b_gen_0,1,1,lg_f615a7dbbe34b36c,ab1312233d6dc5720acce341a03066fa7b5149d156c5b85c1558e3fd643006d5,c19f1712fb505ba1,train,1,qmsum,main,strong_ground_truth_ready,20260726
bfcl_live_irrelevance_747-258-0_step_1,bfcl,bfcl_tool_use_single_turn,live_irrelevance_747-258-0,1,1,lg_00116c8877602107,89910a43d753850bfabe3c8d5a6d59801303c831cec10b773eb0a4685b758192,80be6ce0ec925867,validation,0,bfcl,main,strong_ground_truth_ready,20260726
bfcl_live_irrelevance_103-3-0_step_1,bfcl,bfcl_tool_use_single_turn,live_irrelevance_103-3-0,1,1,lg_d7ae0ab5aa0303ff,3f79bb7b435b05321651daefd374cdc681dc06faa65e374e38337b88ca046dea,3f79bb7b435b0532,train,2,bfcl,main,strong_ground_truth_ready,20260726
bfcl_live_irrelevance_731-246-0_step_1,bfcl,bfcl_tool_use_single_turn,live_irrelevance_731-246-0,1,1,lg_964a838dbef7f3a9,4e63d4c94bd1ac4e15149f24fdfebf9a0708f4dcfe733de1450bd8304a48e7cc,cd1f9a8f0bfd6cb4,train,1,bfcl,main,strong_ground_truth_ready,20260726
bfcl_live_irrelevance_252-53-0_step_1,bfcl,bfcl_tool_use_single_turn,live_irrelevance_252-53-0,1,1,lg_587ffd23472279af,b588a005445f4ab897ed92e759c79049890655668e8c663293eea1aa71b4613e,cd60c99add0dda2e,test,4,bfcl,main,strong_ground_truth_ready,20260726
bfcl_live_irrelevance_253-53-1_step_1,bfcl,bfcl_tool_use_single_turn,live_irrelevance_253-53-1,1,1,lg_eadaa39af9d8b281,a845d2e2f669806eceaafb8206cfb303525b8a61ae830b16fbd45d5ceb77c742,ff976bebbfce4dfb,train,2,bfcl,main,strong_ground_truth_ready,20260726
bfcl_live_irrelevance_254-53-2_step_1,bfcl,bfcl_tool_use_single_turn,live_irrelevance_254-53-2,1,1,lg_1433eba196eab8cf,e174a46dc9bd89d8d7ff06c94073b66bfc2c25df2e7255b0245409d97ba2ebc7,a7ceecff6e77bfbf,train,3,bfcl,main,strong_ground_truth_ready,20260726
bfcl_live_irrelevance_417-96-0_step_1,bfcl,bfcl_tool_use_single_turn,live_irrelevance_417-96-0,1,1,lg_2b5bacbe12d92664,722b4bc8732ce50f94c4636cacfd3283d8f49b2cc1bdea725d7e76df5bd3c948,c8bfbe0afbf0b5a7,train,2,bfcl,main,strong_ground_truth_ready,20260726
bfcl_live_irrelevance_418-96-1_step_1,bfcl,bfcl_tool_use_single_turn,live_irrelevance_418-96-1,1,1,lg_d2ac8f6203864f56,fc5bba3ee0bd0473e425259b796b7f7bf6c7e77a6d1c87487a70d1a93deb1c24,e2ba751849cc3776,train,3,bfcl,main,strong_ground_truth_ready,20260726
bfcl_live_irrelevance_660-211-0_step_1,bfcl,bfcl_tool_use_single_turn,live_irrelevance_660-211-0,1,1,lg_1b72329837d6601d,0df32ca47e2d86d6fe735340dea2462727df7b821c316aa512d607e21d126eda,a966fdcedf2b2943,train,2,bfcl,main,strong_ground_truth_ready,20260726
bfcl_live_multiple_985-216-0_step_1,bfcl,bfcl_tool_use_single_turn,live_multiple_985-216-0,1,1,lg_1011dde346e57516,9eedb39144958f768fb27a375fc9ac0d3b82aa02563bfc66bb52934133d6cbf6,0d087a7ce41e6989,train,1,bfcl,main,strong_ground_truth_ready,20260726
bfcl_live_multiple_217-93-0_step_1,bfcl,bfcl_tool_use_single_turn,live_multiple_217-93-0,1,1,lg_99c7e833cc7497b2,f34e6ccb511e4c26f60d13c60e670ca0e13399aebb023e5e790b671df00f8528,d5fcbf73dfff5271,train,3,bfcl,main,strong_ground_truth_ready,20260726
bfcl_live_multiple_180-76-0_step_1,bfcl,bfcl_tool_use_single_turn,live_multiple_180-76-0,1,1,lg_39a2c5613cfc27e8,2d1cf09e0e84ad2ab0a237655ead84cfc5885962e91218d79949438332d77af9,3301640321e12621,train,1,bfcl,main,strong_ground_truth_ready,20260726
bfcl_live_multiple_181-76-1_step_1,bfcl,bfcl_tool_use_single_turn,live_multiple_181-76-1,1,1,lg_4a6bcca7889c47c8,3ebe933e1aafe524bde98094f85145df7846cac6ff164cfef887b4775dfe48a4,29dfc7d5137cabcf,train,2,bfcl,main,strong_ground_truth_ready,20260726
bfcl_live_multiple_185-80-0_step_1,bfcl,bfcl_tool_use_single_turn,live_multiple_185-80-0,1,1,lg_3d28b4c6a2c088fa,b5efb02edc0dfeff4d4c607446123720fe281837de123cb22b9e026739f5f78d,671f6f7df7ba7e85,train,2,bfcl,main,strong_ground_truth_ready,20260726
bfcl_live_multiple_25-6-0_step_1,bfcl,bfcl_tool_use_single_turn,live_multiple_25-6-0,1,1,lg_6789d68c9ce0626b,7e455e2c48230d7543322bca0dde2f4327773f1fa67cc9416e2686fc0f2b8959,fd530bf9eaf7acef,test,4,bfcl,main,strong_ground_truth_ready,20260726
bfcl_live_multiple_26-6-1_step_1,bfcl,bfcl_tool_use_single_turn,live_multiple_26-6-1,1,1,lg_43b4f016e1eaedbc,e690bc56a38f7cf1c7f1315720f94f39126a98a55ba0c0b17b2d789fc2a4a7cc,e4a38ae529dd43cc,test,4,bfcl,main,strong_ground_truth_ready,20260726
bfcl_live_multiple_44-17-0_step_1,bfcl,bfcl_tool_use_single_turn,live_multiple_44-17-0,1,1,lg_f51c6eba1b79b51e,8233fd1160bab63ebe373dba1202ddeb1b210dbf854a139704664d723175fa93,8df6df273a31dd20,validation,0,bfcl,main,strong_ground_truth_ready,20260726
bfcl_live_multiple_102-43-0_step_1,bfcl,bfcl_tool_use_single_turn,live_multiple_102-43-0,1,1,lg_c74522e2fb453382,de7c6fb0e1dca34da1042b5a00cd94c3bc4ea6918e5078b968ad870028d3f780,6ace6b6c14f7f76e,train,2,bfcl,main,strong_ground_truth_ready,20260726
bfcl_live_multiple_103-43-1_step_1,bfcl,bfcl_tool_use_single_turn,live_multiple_103-43-1,1,1,lg_9a98a792de1aab63,e2a94007be7fc666dbddcb8c3d6bfc86d67615a62f87d571b978378eacbd81af,8c6ebf558babc97d,test,4,bfcl,main,strong_ground_truth_ready,20260726
bfcl_live_multiple_104-43-2_step_1,bfcl,bfcl_tool_use_single_turn,live_multiple_104-43-2,1,1,lg_42eab4efbfbc8f5f,cba528022716b5e92d25e6276d541c1b684eda890567bd5d607f1f574b9b07c6,2d25bb2c8df06533,train,1,bfcl,main,strong_ground_truth_ready,20260726
bfcl_live_multiple_105-43-3_step_1,bfcl,bfcl_tool_use_single_turn,live_multiple_105-43-3,1,1,lg_7b9e7ac3270b5c9d,c338409e405fccfa6565ece3bf8127579d291ef2edfb88dd1f85b9cd29b87022,0be2b4e69d2f1722,validation,0,bfcl,main,strong_ground_truth_ready,20260726
bfcl_live_multiple_106-43-4_step_1,bfcl,bfcl_tool_use_single_turn,live_multiple_106-43-4,1,1,lg_770a34290d2bc69c,af4f72185b952f7fd773be7cd0b7d5da23503ea6a48b98ca8bce139044d77fca,2762e3b49f45d6a8,test,4,bfcl,main,strong_ground_truth_ready,20260726
bfcl_live_multiple_107-43-5_step_1,bfcl,bfcl_tool_use_single_turn,live_multiple_107-43-5,1,1,lg_024e63e3ba5e2dbd,20e2f8ce73523b3ad54433805724b0628df181909ff7870cb6815f98ac5bd161,bb842364854d97bc,validation,0,bfcl,main,strong_ground_truth_ready,20260726
bfcl_live_multiple_108-43-6_step_1,bfcl,bfcl_tool_use_single_turn,live_multiple_108-43-6,1,1,lg_dfd08b33ef418c74,566d958af69c8c24313f4883c005550627259a70f3d4a297ca9b7d49b1597b88,72e0fe73d7cb5b93,test,4,bfcl,main,strong_ground_truth_ready,20260726
bfcl_live_multiple_109-43-7_step_1,bfcl,bfcl_tool_use_single_turn,live_multiple_109-43-7,1,1,lg_16ae9c3f188579e5,13b162219ea86182992f95c84840ad6fcbea8c8a5440f6139bf9a7c984f2d3ea,f3eeaec77f9ce37f,train,2,bfcl,main,strong_ground_truth_ready,20260726
bfcl_live_multiple_110-43-8_step_1,bfcl,bfcl_tool_use_single_turn,live_multiple_110-43-8,1,1,lg_b735dc9d4287999a,1860212703f3f69864d74daabd7067dd6dea31d7a95864b0aa185cd089b96ff9,adece75c065ccbbd,train,1,bfcl,main,strong_ground_truth_ready,20260726
bfcl_live_multiple_111-43-9_step_1,bfcl,bfcl_tool_use_single_turn,live_multiple_111-43-9,1,1,lg_12544064b1a42fe7,cc27436c466742301a125feaaeb9cf6a18f9f107bde7bc7bb7fa7e52a22bceae,57149fbe0b189d72,test,4,bfcl,main,strong_ground_truth_ready,20260726
bfcl_live_multiple_112-43-10_step_1,bfcl,bfcl_tool_use_single_turn,live_multiple_112-43-10,1,1,lg_9abd3d4c18fc1ead,0dac040ad6e74f938196ceef1a795fc28f2654218bbba8186136feb373f909ae,e3e91f5711bff651,train,2,bfcl,main,strong_ground_truth_ready,20260726
bfcl_live_multiple_96-42-0_step_1,bfcl,bfcl_tool_use_single_turn,live_multiple_96-42-0,1,1,lg_e04577785d11ae29,5880ea2ad8ab41025bd1ee29367463dbb91918bc33ac2ccce2477721cac203a5,e3ea1f77531dba4b,train,3,bfcl,main,strong_ground_truth_ready,20260726
bfcl_live_multiple_97-42-1_step_1,bfcl,bfcl_tool_use_single_turn,live_multiple_97-42-1,1,1,lg_25f01a79a7f4a63d,cf95a68a6ed7fd80c32cf8be5ab68fb90831c4b9abb74c1532dcc4c906857e35,48596a2a22c9b2b5,train,2,bfcl,main,strong_ground_truth_ready,20260726
bfcl_live_multiple_98-42-2_step_1,bfcl,bfcl_tool_use_single_turn,live_multiple_98-42-2,1,1,lg_e47b32138361b345,1a24a26222a3e20b455df4da9841ca05447c139749b9ca2f607f326dcfd0e8d7,8d9faa1fea95ee77,train,1,bfcl,main,strong_ground_truth_ready,20260726
bfcl_live_multiple_99-42-3_step_1,bfcl,bfcl_tool_use_single_turn,live_multiple_99-42-3,1,1,lg_4118f5c8b62e1774,8d64b51b1e362d23a6933740a4aea267fcdf450f2ead72da779de716e300d18c,6ffbdf5bafc6b1f5,train,3,bfcl,main,strong_ground_truth_ready,20260726
bfcl_live_multiple_100-42-4_step_1,bfcl,bfcl_tool_use_single_turn,live_multiple_100-42-4,1,1,lg_fa1ef099bb1bdc9f,bb3b9b45fa6aefb2827ca0df9fc2ac9153afa8a31629114b5e2ae80f56f91455,59cbabbb8ee1baf5,test,4,bfcl,main,strong_ground_truth_ready,20260726
bfcl_live_multiple_101-42-5_step_1,bfcl,bfcl_tool_use_single_turn,live_multiple_101-42-5,1,1,lg_18b690f666ab010d,489bbe89391bf21e3fda02b4afa30a0e8f330dd565d41fd68f2aa89fd523358c,f6ebad180f8293f5,test,4,bfcl,main,strong_ground_truth_ready,20260726
bfcl_live_parallel_multiple_0-0-0_step_1,bfcl,bfcl_tool_use_single_turn,live_parallel_multiple_0-0-0,1,1,lg_c51b928cc2421a07,5c9104310f03c9be1f3e6f5778e8938f3346ada6c3b3936af66198e9828ef2a7,f7df68558ef865ef,test,4,bfcl,main,strong_ground_truth_ready,20260726
bfcl_live_parallel_multiple_1-1-0_step_1,bfcl,bfcl_tool_use_single_turn,live_parallel_multiple_1-1-0,1,1,lg_f502c683d2e0a52a,6c1dd4278800e6364b067024259eb2415bac0f9fac560f8313dde624c8cbe4ba,0000000000000000,test,4,bfcl,main,strong_ground_truth_ready,20260726
bfcl_live_parallel_multiple_2-2-0_step_1,bfcl,bfcl_tool_use_single_turn,live_parallel_multiple_2-2-0,1,1,lg_8e9e698ae6cae8b4,ed0ceae0a662fe2556361ad3db2032cd40cf70ffcac14c0217ca2c34620947ec,cdb4ee2aea69cc6a,train,1,bfcl,main,strong_ground_truth_ready,20260726
bfcl_live_parallel_multiple_3-2-1_step_1,bfcl,bfcl_tool_use_single_turn,live_parallel_multiple_3-2-1,1,1,lg_90c9837c2ff1eb08,34c338b6d22d9785b3712f2aee889c7f1b255bc75ce5bba7964371abaacc2e22,317b6c39252c66b1,train,3,bfcl,main,strong_ground_truth_ready,20260726
bfcl_live_parallel_multiple_4-3-0_step_1,bfcl,bfcl_tool_use_single_turn,live_parallel_multiple_4-3-0,1,1,lg_80023eaf550734cf,0a787ca006815f6a73c03a311506c838d34486dd7a4f2a1826ab6784f8ef0190,23aca674cd5c51ba,train,3,bfcl,main,strong_ground_truth_ready,20260726
bfcl_live_parallel_multiple_5-4-0_step_1,bfcl,bfcl_tool_use_single_turn,live_parallel_multiple_5-4-0,1,1,lg_66e6fbb31761004d,1c84f6a0c82febc7c61b9c4cac94852dadca210c7693b1b9bf6c40111eba167b,04ef1eedfce7b4fb,validation,0,bfcl,main,strong_ground_truth_ready,20260726
bfcl_live_parallel_multiple_6-5-0_step_1,bfcl,bfcl_tool_use_single_turn,live_parallel_multiple_6-5-0,1,1,lg_c31fe5c740c203de,0392f3f471ca7a6236261be239bde480ad6316104ffb0859a664c456f1e78a2e,f3ecd57d77dac1f8,train,1,bfcl,main,strong_ground_truth_ready,20260726
bfcl_live_parallel_multiple_7-6-0_step_1,bfcl,bfcl_tool_use_single_turn,live_parallel_multiple_7-6-0,1,1,lg_c71ce1f483513112,83347bd9055b97828ef1a4a313fc30300ad25f38facbbd23d8b72a651917a734,4f907f6fa8e79f1e,train,1,bfcl,main,strong_ground_truth_ready,20260726
bfcl_live_parallel_multiple_9-8-0_step_1,bfcl,bfcl_tool_use_single_turn,live_parallel_multiple_9-8-0,1,1,lg_f169472f536d080e,25641a52f27e1224d0f7b6f2fc38095109a8807a43e34623901f205754e7ada0,e5a8a45ff1685808,train,3,bfcl,main,strong_ground_truth_ready,20260726
bfcl_live_parallel_multiple_11-10-0_step_1,bfcl,bfcl_tool_use_single_turn,live_parallel_multiple_11-10-0,1,1,lg_6f655ec4672b3b06,2427dd0a8213c3772cc87bdc6adf75cf28d31f78f12903646ceaefced99c3ae0,2c05747bff3dfd8e,train,3,bfcl,main,strong_ground_truth_ready,20260726
bfcl_live_parallel_multiple_12-10-1_step_1,bfcl,bfcl_tool_use_single_turn,live_parallel_multiple_12-10-1,1,1,lg_5e5d0b95677b2c88,3717063a12d2ed7c66c0cd4965ab616af8138ce139f76d61ead51e99ad2cc761,a36693cf48686a8d,test,4,bfcl,main,strong_ground_truth_ready,20260726
bfcl_live_parallel_multiple_13-11-0_step_1,bfcl,bfcl_tool_use_single_turn,live_parallel_multiple_13-11-0,1,1,lg_9d0e4db2c27301bc,65997c9525c543af199b5d2c0ebe87aced53155b3aaa7394615b17482608fe65,6d78df7a839de563,validation,0,bfcl,main,strong_ground_truth_ready,20260726
bfcl_live_parallel_multiple_14-12-0_step_1,bfcl,bfcl_tool_use_single_turn,live_parallel_multiple_14-12-0,1,1,lg_5a204edaee0e186a,a5d0dd715eab224139927ad4367c4ee925364122b98a8193e43fb401fa867fa1,7d1de5c6238c62b2,train,2,bfcl,main,strong_ground_truth_ready,20260726
bfcl_live_parallel_multiple_15-13-0_step_1,bfcl,bfcl_tool_use_single_turn,live_parallel_multiple_15-13-0,1,1,lg_bd772ad17611024c,5d2b1e458287b3eef20a0f03a94fabc140c48a7a1b333cd436164525a3184e55,5bbdb8783fa77124,train,2,bfcl,main,strong_ground_truth_ready,20260726
bfcl_live_parallel_multiple_16-14-0_step_1,bfcl,bfcl_tool_use_single_turn,live_parallel_multiple_16-14-0,1,1,lg_3518bb3ada7a046d,34c3a36e16fc4350a03c0a4f5865a1dcef894f3bc3ddbb01d6404f0004cbc18d,7eb502fbd4de0c65,train,3,bfcl,main,strong_ground_truth_ready,20260726
bfcl_live_parallel_multiple_17-15-0_step_1,bfcl,bfcl_tool_use_single_turn,live_parallel_multiple_17-15-0,1,1,lg_bce496964db808a4,249b626c7497c51238eb205f5c889b11ad906cff084f066d629b65e1451b14ab,6e816d01e40b9a71,train,1,bfcl,main,strong_ground_truth_ready,20260726
bfcl_live_parallel_multiple_18-16-0_step_1,bfcl,bfcl_tool_use_single_turn,live_parallel_multiple_18-16-0,1,1,lg_2544213c3b9d56a5,c8a087cc08cca4d0af454e3d418befe41baf91d770343a88c0c21eab20538c16,45b6f7c0fac04836,validation,0,bfcl,main,strong_ground_truth_ready,20260726
bfcl_live_parallel_multiple_19-16-1_step_1,bfcl,bfcl_tool_use_single_turn,live_parallel_multiple_19-16-1,1,1,lg_fc16b0bfa5a0c22e,1b1371aacb14e9a9b4d760998b165d58390d23555c129f8375920eb5b364da8b,dd652f97cf1efe6b,train,2,bfcl,main,strong_ground_truth_ready,20260726
bfcl_live_parallel_multiple_20-17-0_step_1,bfcl,bfcl_tool_use_single_turn,live_parallel_multiple_20-17-0,1,1,lg_b93cc3d12598f8f9,6d11c268ab89ca4f45d739dea478ad44b380bd0dddb878d91a115ca57e012cb3,bd4ef9b48b4377c3,train,3,bfcl,main,strong_ground_truth_ready,20260726
bfcl_live_parallel_multiple_21-18-0_step_1,bfcl,bfcl_tool_use_single_turn,live_parallel_multiple_21-18-0,1,1,lg_9e5056ad1601c0c6,689ed724ba845c70c9e7ee6adc5b34e2aac7bfa612bd38653a5e4de9958ef9a6,7d3cb7ddfdaea0ec,train,3,bfcl,main,strong_ground_truth_ready,20260726
bfcl_live_parallel_multiple_22-19-0_step_1,bfcl,bfcl_tool_use_single_turn,live_parallel_multiple_22-19-0,1,1,lg_1be699e2af412858,bb9756261139e6a1b3d0becce0507e248ee5fa2811c8d08647645131a61ee029,93faa41fde3f7f9c,train,3,bfcl,main,strong_ground_truth_ready,20260726
bfcl_live_parallel_multiple_23-20-0_step_1,bfcl,bfcl_tool_use_single_turn,live_parallel_multiple_23-20-0,1,1,lg_091fc5176f0e7725,469559b09d2e3ad66be351d3c3b08f4233ea103396a00d7d4cadb4da36d67a53,f340b758d4db8638,validation,0,bfcl,main,strong_ground_truth_ready,20260726
bfcl_multiple_98_step_1,bfcl,bfcl_tool_use_single_turn,multiple_98,1,1,lg_58fa12044f58f9a3,9cfde233d32d824212d5153cc95cd3395926c9cb86e5de675a36dd97e387d536,3f28fb8ac72b1ebb,train,1,bfcl,main,strong_ground_truth_ready,20260726
bfcl_multiple_103_step_1,bfcl,bfcl_tool_use_single_turn,multiple_103,1,1,lg_4380df01a068fa54,23095234a7a311ea23b515eb3a9729ba83296d3b86d6e74ab8f9f18a1cf6a125,394dd6d442ebf6e7,train,2,bfcl,main,strong_ground_truth_ready,20260726
bfcl_multiple_104_step_1,bfcl,bfcl_tool_use_single_turn,multiple_104,1,1,lg_1af4e569d0f716d0,7fbd0d5383c0c000c4c994da88d4bdc3dfda5a65af42d134f375a00e33b0e74c,6a7ba17ab2faebd7,validation,0,bfcl,main,strong_ground_truth_ready,20260726
bfcl_multiple_106_step_1,bfcl,bfcl_tool_use_single_turn,multiple_106,1,1,lg_e6a9a52d133e67fe,7d24fd59171a6c6fe23004d9e9c90f4aa98b4d8d3c81cbd03598bc237e00835e,38bcefcadfb47e91,validation,0,bfcl,main,strong_ground_truth_ready,20260726
bfcl_multiple_113_step_1,bfcl,bfcl_tool_use_single_turn,multiple_113,1,1,lg_5f922722792ff719,2f747ba07b45a101b5f4e4963ba499d09dc3dc966c8fcb5b47e826ffe2974678,8a50c24bf46d7884,train,1,bfcl,main,strong_ground_truth_ready,20260726
bfcl_multiple_115_step_1,bfcl,bfcl_tool_use_single_turn,multiple_115,1,1,lg_855b90b853858c48,714ad6f21e106d10c4c30ef85f69254ad1f7a7741e8397d399ab461e30d7c95d,4da2f6a95e736282,train,3,bfcl,main,strong_ground_truth_ready,20260726
bfcl_multiple_119_step_1,bfcl,bfcl_tool_use_single_turn,multiple_119,1,1,lg_31e2131b2712581b,80275f19b8799343d35c7064ea80527e23a66370cdf872bbdd3856a64cfde2dd,ee57a8b64f8662e8,validation,0,bfcl,main,strong_ground_truth_ready,20260726
bfcl_multiple_120_step_1,bfcl,bfcl_tool_use_single_turn,multiple_120,1,1,lg_4cc508c4c1ba0e46,3c35431ec3165e0eca7e86a8d40cca955b51bd6124e86a06fa6933d8268807ab,e34da2bd0b535769,train,1,bfcl,main,strong_ground_truth_ready,20260726
bfcl_multiple_122_step_1,bfcl,bfcl_tool_use_single_turn,multiple_122,1,1,lg_c73244eea48f52c0,523285be5b1f30ddf155ed9719ffc0ff6cad0a42bd454dbcd6745289a4009988,c22809da0e2f3831,train,3,bfcl,main,strong_ground_truth_ready,20260726
bfcl_multiple_127_step_1,bfcl,bfcl_tool_use_single_turn,multiple_127,1,1,lg_6c34206cf4a6bd8c,7a30a0a5d822f82856abe744d4538fc2a6a7c5fdec8a5b1a8e704b404f6840c8,5b9f4e1b8c95d5cb,validation,0,bfcl,main,strong_ground_truth_ready,20260726
bfcl_multiple_128_step_1,bfcl,bfcl_tool_use_single_turn,multiple_128,1,1,lg_c3b496a319bb32dc,f7c96f1e776a7ecf9a47fa9cc9412420263ab703fc835dd2956bf6ebadd55842,b2f5fbc8675e1a48,train,2,bfcl,main,strong_ground_truth_ready,20260726
bfcl_parallel_multiple_136_step_1,bfcl,bfcl_tool_use_single_turn,parallel_multiple_136,1,1,lg_0a8ce2cc94b13011,d346ccd718582954be27214c9ff8de4ef196dc04ae050c300c3843305a56bd10,9a7416cb7e76cc3f,train,3,bfcl,main,strong_ground_truth_ready,20260726
bfcl_parallel_multiple_137_step_1,bfcl,bfcl_tool_use_single_turn,parallel_multiple_137,1,1,lg_7fe496b87ed49762,1b8d2f8124675394cbbac8a60d8d4089d1f303f09880e6f7e171b78a4f5c5b1d,9ad81509d10477a5,train,2,bfcl,main,strong_ground_truth_ready,20260726
bfcl_parallel_multiple_139_step_1,bfcl,bfcl_tool_use_single_turn,parallel_multiple_139,1,1,lg_103113979d3247a5,b903fe93a70103bd07d2cac99afb03856b23ab70b3d245f8fbf4ebd1bb4e7f4e,c17b4483d4b95623,train,3,bfcl,main,strong_ground_truth_ready,20260726
bfcl_parallel_multiple_145_step_1,bfcl,bfcl_tool_use_single_turn,parallel_multiple_145,1,1,lg_bec185a4dee97b16,7536bf36c8ea4ee952ed82e9af32351cdde77f7842a69814bea11aedde245503,ca9223b6553603c3,train,3,bfcl,main,strong_ground_truth_ready,20260726
bfcl_parallel_multiple_147_step_1,bfcl,bfcl_tool_use_single_turn,parallel_multiple_147,1,1,lg_f51e1adb65fbd0a9,f870139344185ebf290a4e5f903b8f9696e5ebf752a12aa899d8b3a048cc573c,7facffca9fffe76c,train,2,bfcl,main,strong_ground_truth_ready,20260726
bfcl_parallel_multiple_151_step_1,bfcl,bfcl_tool_use_single_turn,parallel_multiple_151,1,1,lg_28340581d9dde55f,1cd1cefed26fa86c0b5ac00d3278c68a8f92f9d10dcc69162d64360490f71ec8,f1d4a6b2d55aa443,train,3,bfcl,main,strong_ground_truth_ready,20260726
bfcl_parallel_multiple_153_step_1,bfcl,bfcl_tool_use_single_turn,parallel_multiple_153,1,1,lg_987271d36bc58225,8a5e46947dc45c022416ac242c6b228870252aa008b3c23c4fb88fec30a8fd92,93845bf915f2d554,train,3,bfcl,main,strong_ground_truth_ready,20260726
bfcl_parallel_multiple_158_step_1,bfcl,bfcl_tool_use_single_turn,parallel_multiple_158,1,1,lg_318a68325dbbea19,b2ffdb691f1728ca8cbf0a0dee71ab8d2552983ef7edfa629b1125e9659db63c,14dd84be1795f307,train,2,bfcl,main,strong_ground_truth_ready,20260726
bfcl_parallel_multiple_159_step_1,bfcl,bfcl_tool_use_single_turn,parallel_multiple_159,1,1,lg_428b42bbcb1675e7,e1c43c4634000ba18f9583ac764afb4ec023b635c3c4379163c542f45972a2df,fdefb85e27fcf66f,validation,0,bfcl,main,strong_ground_truth_ready,20260726
bfcl_parallel_multiple_167_step_1,bfcl,bfcl_tool_use_single_turn,parallel_multiple_167,1,1,lg_9f5ae9785b29cf2f,86c969595a48b781334f18d05fe0fea119bc9efdde94aa6d2b4211f7ba737510,80d2aa2be27ce272,train,3,bfcl,main,strong_ground_truth_ready,20260726
bfcl_parallel_multiple_170_step_1,bfcl,bfcl_tool_use_single_turn,parallel_multiple_170,1,1,lg_2b4c6b192d7d4e81,6ce69119abd7b864356d1e8131fd699b8a7673a8f8f700db22bbd0ec6cf7a8d8,57f9cc36b9bdc336,test,4,bfcl,main,strong_ground_truth_ready,20260726
bfcl_parallel_multiple_179_step_1,bfcl,bfcl_tool_use_single_turn,parallel_multiple_179,1,1,lg_8e24c6f98a0d5d61,18a94c0b74829a04eacc1d66b9e1b7384e1cc7fc1464cb3ee2594f16125d89ed,07f61e6ae73c3728,validation,0,bfcl,main,strong_ground_truth_ready,20260726
bfcl_parallel_multiple_188_step_1,bfcl,bfcl_tool_use_single_turn,parallel_multiple_188,1,1,lg_a7d15c03ac83edfc,d6b946fa8992b58377c5df16bdad32a1c76fb17d64165c4c82321986f150e5bf,d9790107016e5f39,test,4,bfcl,main,strong_ground_truth_ready,20260726
bfcl_parallel_multiple_189_step_1,bfcl,bfcl_tool_use_single_turn,parallel_multiple_189,1,1,lg_a94789f6b45d4fb7,f8ede808b2fd16e1ae7be6a622964897430709ea9914afa9f550cc0c7159e6db,578f17b7cda47a55,test,4,bfcl,main,strong_ground_truth_ready,20260726
bfcl_parallel_multiple_191_step_1,bfcl,bfcl_tool_use_single_turn,parallel_multiple_191,1,1,lg_bc1518fbbb1ed8be,baae9f76e1f2ec73b5a6bb1bf88d7e0be4026b6f17f7276a13accd2918c080a9,730c60d79a3fe9d7,train,3,bfcl,main,strong_ground_truth_ready,20260726
bfcl_parallel_multiple_193_step_1,bfcl,bfcl_tool_use_single_turn,parallel_multiple_193,1,1,lg_8ec05bf2c8e6adfd,62d6677e64c19df83a63fe9ba55c91fe020b947808f05e40c133b2419644e3e6,7692761e09805e51,train,2,bfcl,main,strong_ground_truth_ready,20260726
bfcl_parallel_multiple_194_step_1,bfcl,bfcl_tool_use_single_turn,parallel_multiple_194,1,1,lg_aec9407c4399f213,5325e205fe3e1b7f64d18c0438d3dac54af6f749a37cd8bfcb37284318eeb026,fadb6e20ef994035,train,3,bfcl,main,strong_ground_truth_ready,20260726
bfcl_parallel_multiple_195_step_1,bfcl,bfcl_tool_use_single_turn,parallel_multiple_195,1,1,lg_05c8127ce36fd215,aeab9ffa0201000e966c464327cea284d1e26bdc42a9e2028af43b40a1e6fced,5d83cbf286615e2e,train,1,bfcl,main,strong_ground_truth_ready,20260726
bfcl_parallel_multiple_1_step_1,bfcl,bfcl_tool_use_single_turn,parallel_multiple_1,1,1,lg_eb1533131c3c8db7,1d51d4cc3c71ed977abb1b984455e71662712d28f4dfa1af20429fa5ef17f813,3be9ffcba7cbc643,test,4,bfcl,main,strong_ground_truth_ready,20260726
bfcl_parallel_multiple_2_step_1,bfcl,bfcl_tool_use_single_turn,parallel_multiple_2,1,1,lg_6820df6c4daae4eb,a381b23353c13d30fc42d0e859e6e95c7acea6047d2e5124f13c80bc1924c19e,303555859d262fc9,test,4,bfcl,main,strong_ground_truth_ready,20260726
bfcl_parallel_multiple_10_step_1,bfcl,bfcl_tool_use_single_turn,parallel_multiple_10,1,1,lg_d355e45292d62094,1f611e6428a70814f2a207a67535888e5c363ad6a7258b7b7e0cdb5f70b1950d,5506f6abae2273e1,test,4,bfcl,main,strong_ground_truth_ready,20260726
bfcl_parallel_multiple_14_step_1,bfcl,bfcl_tool_use_single_turn,parallel_multiple_14,1,1,lg_2ae1496a2749c6bc,f1f25b6d121c8c99b44e3d4ab2106ae8f2fb4588542439970fa80d7eddf15590,e1ae4ef9efbe4bad,train,2,bfcl,main,strong_ground_truth_ready,20260726
bfcl_parallel_multiple_20_step_1,bfcl,bfcl_tool_use_single_turn,parallel_multiple_20,1,1,lg_f79a6188f1e033f0,930a6ecc51be7ea0ecdd9d7112bd5d7a83b32ce8542eae59b477c501cea45020,2d93bdec12205341,train,3,bfcl,main,strong_ground_truth_ready,20260726
bfcl_parallel_multiple_22_step_1,bfcl,bfcl_tool_use_single_turn,parallel_multiple_22,1,1,lg_a75f0e361ed2e0c6,e2b3fe33a745c6f9916719bfe0198aec9b62fb44d79c0183d23992967be25153,e5a121e4feb85bf8,train,2,bfcl,main,strong_ground_truth_ready,20260726
bfcl_parallel_multiple_30_step_1,bfcl,bfcl_tool_use_single_turn,parallel_multiple_30,1,1,lg_333099cf9c5d1ed3,43fc9815a6088f62aef8636c4a66e634dbfe72353ee18b358da33d314dc1a871,0e0ebd2c082ac498,test,4,bfcl,main,strong_ground_truth_ready,20260726
bfcl_parallel_multiple_40_step_1,bfcl,bfcl_tool_use_single_turn,parallel_multiple_40,1,1,lg_aa690ecc6b7c75f5,5434d9080264ec898dfbce0aa83763577154b6268ef685a391d1108e5fe9fca0,3931614e34415548,validation,0,bfcl,main,strong_ground_truth_ready,20260726
bfcl_parallel_multiple_41_step_1,bfcl,bfcl_tool_use_single_turn,parallel_multiple_41,1,1,lg_c62b74a9cef2a1ac,f611f0c6f6057bf1b9319c83926369565f70e8c2a1ce614f95f42fa7e8d033c3,55b8bb9133fca83b,test,4,bfcl,main,strong_ground_truth_ready,20260726
bfcl_parallel_multiple_42_step_1,bfcl,bfcl_tool_use_single_turn,parallel_multiple_42,1,1,lg_72e91be040e809df,317f9ef94e3b88e56116af9945c897315670f5a1bf814e94153ff36af2d1abe1,d99cc5951bb4ffad,train,2,bfcl,main,strong_ground_truth_ready,20260726
bfcl_parallel_multiple_46_step_1,bfcl,bfcl_tool_use_single_turn,parallel_multiple_46,1,1,lg_687b0a514116e3eb,e03837c76d0bc38a586941859ca7b20d6e1b59a770bdfb7b55f91c25f53db298,5249b2ff542fed67,test,4,bfcl,main,strong_ground_truth_ready,20260726
bfcl_parallel_multiple_59_step_1,bfcl,bfcl_tool_use_single_turn,parallel_multiple_59,1,1,lg_a4815f9c83233c3d,30dae4100a4d2a1b375ee43ba0f9040f0d29b98fadb23fc161d39a8451eb1822,364f80f95467b52b,test,4,bfcl,main,strong_ground_truth_ready,20260726
bfcl_parallel_multiple_0_step_1,bfcl,bfcl_tool_use_single_turn,parallel_multiple_0,1,1,lg_460d587b7eb2b67a,ee22e5c218b2e1639f9c705ce7eed464c55a55f88d0605fb09a3c579275c3dee,a82acf63a130649a,train,1,bfcl,main,strong_ground_truth_ready,20260726
bfcl_parallel_multiple_3_step_1,bfcl,bfcl_tool_use_single_turn,parallel_multiple_3,1,1,lg_89d74641ea510cda,3f5c55660632978cabed686263f96e86ffbc391a8f8872543903a35e21bdca8d,f9c3623b97fe2bdd,test,4,bfcl,main,strong_ground_truth_ready,20260726
bfcl_parallel_multiple_4_step_1,bfcl,bfcl_tool_use_single_turn,parallel_multiple_4,1,1,lg_0642c2d0b662be0c,441d385b1796c86bbe833a3f1033692c4b1101f5660f7faafd4d94bf3242a818,29476f5a05f7e985,train,2,bfcl,main,strong_ground_truth_ready,20260726
bfcl_multi_turn_base_97_step_1,bfcl,bfcl_tool_use_multi_turn,multi_turn_base_97,1,6,lg_d6533ec105867f69,d7d1441c4b739ec5444c4095e2247ed1d7c4261604065d144264e32da0e5e62e,475a829a7566dc04,train,3,bfcl,main,strong_ground_truth_ready,20260726
bfcl_multi_turn_base_97_step_2,bfcl,bfcl_tool_use_multi_turn,multi_turn_base_97,2,6,lg_d6533ec105867f69,d7d1441c4b739ec5444c4095e2247ed1d7c4261604065d144264e32da0e5e62e,475a829a7566dc04,train,3,bfcl,main,strong_ground_truth_ready,20260726
bfcl_multi_turn_base_97_step_3,bfcl,bfcl_tool_use_multi_turn,multi_turn_base_97,3,6,lg_d6533ec105867f69,d7d1441c4b739ec5444c4095e2247ed1d7c4261604065d144264e32da0e5e62e,475a829a7566dc04,train,3,bfcl,main,strong_ground_truth_ready,20260726
bfcl_multi_turn_base_97_step_4,bfcl,bfcl_tool_use_multi_turn,multi_turn_base_97,4,6,lg_d6533ec105867f69,d7d1441c4b739ec5444c4095e2247ed1d7c4261604065d144264e32da0e5e62e,475a829a7566dc04,train,3,bfcl,main,strong_ground_truth_ready,20260726
bfcl_multi_turn_base_97_step_5,bfcl,bfcl_tool_use_multi_turn,multi_turn_base_97,5,6,lg_d6533ec105867f69,d7d1441c4b739ec5444c4095e2247ed1d7c4261604065d144264e32da0e5e62e,475a829a7566dc04,train,3,bfcl,main,strong_ground_truth_ready,20260726
bfcl_multi_turn_base_97_step_6,bfcl,bfcl_tool_use_multi_turn,multi_turn_base_97,6,6,lg_d6533ec105867f69,d7d1441c4b739ec5444c4095e2247ed1d7c4261604065d144264e32da0e5e62e,475a829a7566dc04,train,3,bfcl,main,strong_ground_truth_ready,20260726
bfcl_multi_turn_base_131_step_1,bfcl,bfcl_tool_use_multi_turn,multi_turn_base_131,1,7,lg_701b4a6d902d0e61,d07730bec894eb941530f9b0e4ee0fbb2e37546c54c68223a028e8883ecd5287,e9d8786ce97f42ac,validation,0,bfcl,main,strong_ground_truth_ready,20260726
bfcl_multi_turn_base_131_step_2,bfcl,bfcl_tool_use_multi_turn,multi_turn_base_131,2,7,lg_701b4a6d902d0e61,d07730bec894eb941530f9b0e4ee0fbb2e37546c54c68223a028e8883ecd5287,e9d8786ce97f42ac,validation,0,bfcl,main,strong_ground_truth_ready,20260726
bfcl_multi_turn_base_131_step_3,bfcl,bfcl_tool_use_multi_turn,multi_turn_base_131,3,7,lg_701b4a6d902d0e61,d07730bec894eb941530f9b0e4ee0fbb2e37546c54c68223a028e8883ecd5287,e9d8786ce97f42ac,validation,0,bfcl,main,strong_ground_truth_ready,20260726
bfcl_multi_turn_base_131_step_4,bfcl,bfcl_tool_use_multi_turn,multi_turn_base_131,4,7,lg_701b4a6d902d0e61,d07730bec894eb941530f9b0e4ee0fbb2e37546c54c68223a028e8883ecd5287,e9d8786ce97f42ac,validation,0,bfcl,main,strong_ground_truth_ready,20260726
bfcl_multi_turn_base_131_step_5,bfcl,bfcl_tool_use_multi_turn,multi_turn_base_131,5,7,lg_701b4a6d902d0e61,d07730bec894eb941530f9b0e4ee0fbb2e37546c54c68223a028e8883ecd5287,e9d8786ce97f42ac,validation,0,bfcl,main,strong_ground_truth_ready,20260726
bfcl_multi_turn_base_131_step_6,bfcl,bfcl_tool_use_multi_turn,multi_turn_base_131,6,7,lg_701b4a6d902d0e61,d07730bec894eb941530f9b0e4ee0fbb2e37546c54c68223a028e8883ecd5287,e9d8786ce97f42ac,validation,0,bfcl,main,strong_ground_truth_ready,20260726
bfcl_multi_turn_base_131_step_7,bfcl,bfcl_tool_use_multi_turn,multi_turn_base_131,7,7,lg_701b4a6d902d0e61,d07730bec894eb941530f9b0e4ee0fbb2e37546c54c68223a028e8883ecd5287,e9d8786ce97f42ac,validation,0,bfcl,main,strong_ground_truth_ready,20260726
bfcl_multi_turn_base_110_step_1,bfcl,bfcl_tool_use_multi_turn,multi_turn_base_110,1,6,lg_3172862d3fc7cb33,7116c465aa6195b20b1e31f107c108b05e0b75c771c28a635c612e2ad2039519,a6927d3658c5afb7,train,3,bfcl,main,strong_ground_truth_ready,20260726
bfcl_multi_turn_base_110_step_2,bfcl,bfcl_tool_use_multi_turn,multi_turn_base_110,2,6,lg_3172862d3fc7cb33,7116c465aa6195b20b1e31f107c108b05e0b75c771c28a635c612e2ad2039519,a6927d3658c5afb7,train,3,bfcl,main,strong_ground_truth_ready,20260726
bfcl_multi_turn_base_110_step_3,bfcl,bfcl_tool_use_multi_turn,multi_turn_base_110,3,6,lg_3172862d3fc7cb33,7116c465aa6195b20b1e31f107c108b05e0b75c771c28a635c612e2ad2039519,a6927d3658c5afb7,train,3,bfcl,main,strong_ground_truth_ready,20260726
bfcl_multi_turn_base_110_step_4,bfcl,bfcl_tool_use_multi_turn,multi_turn_base_110,4,6,lg_3172862d3fc7cb33,7116c465aa6195b20b1e31f107c108b05e0b75c771c28a635c612e2ad2039519,a6927d3658c5afb7,train,3,bfcl,main,strong_ground_truth_ready,20260726
bfcl_multi_turn_base_110_step_5,bfcl,bfcl_tool_use_multi_turn,multi_turn_base_110,5,6,lg_3172862d3fc7cb33,7116c465aa6195b20b1e31f107c108b05e0b75c771c28a635c612e2ad2039519,a6927d3658c5afb7,train,3,bfcl,main,strong_ground_truth_ready,20260726
bfcl_multi_turn_base_110_step_6,bfcl,bfcl_tool_use_multi_turn,multi_turn_base_110,6,6,lg_3172862d3fc7cb33,7116c465aa6195b20b1e31f107c108b05e0b75c771c28a635c612e2ad2039519,a6927d3658c5afb7,train,3,bfcl,main,strong_ground_truth_ready,20260726
bfcl_multi_turn_base_170_step_1,bfcl,bfcl_tool_use_multi_turn,multi_turn_base_170,1,6,lg_78986686fc78bff4,1079c18b8ce49bf424831c7e7ba28064e6cca6324a06799d5671f8ee9fbcd935,3bb9f918ee0b7640,train,1,bfcl,main,strong_ground_truth_ready,20260726
bfcl_multi_turn_base_170_step_2,bfcl,bfcl_tool_use_multi_turn,multi_turn_base_170,2,6,lg_78986686fc78bff4,1079c18b8ce49bf424831c7e7ba28064e6cca6324a06799d5671f8ee9fbcd935,3bb9f918ee0b7640,train,1,bfcl,main,strong_ground_truth_ready,20260726
bfcl_multi_turn_base_170_step_3,bfcl,bfcl_tool_use_multi_turn,multi_turn_base_170,3,6,lg_78986686fc78bff4,1079c18b8ce49bf424831c7e7ba28064e6cca6324a06799d5671f8ee9fbcd935,3bb9f918ee0b7640,train,1,bfcl,main,strong_ground_truth_ready,20260726
bfcl_multi_turn_base_170_step_4,bfcl,bfcl_tool_use_multi_turn,multi_turn_base_170,4,6,lg_78986686fc78bff4,1079c18b8ce49bf424831c7e7ba28064e6cca6324a06799d5671f8ee9fbcd935,3bb9f918ee0b7640,train,1,bfcl,main,strong_ground_truth_ready,20260726
bfcl_multi_turn_base_170_step_5,bfcl,bfcl_tool_use_multi_turn,multi_turn_base_170,5,6,lg_78986686fc78bff4,1079c18b8ce49bf424831c7e7ba28064e6cca6324a06799d5671f8ee9fbcd935,3bb9f918ee0b7640,train,1,bfcl,main,strong_ground_truth_ready,20260726
bfcl_multi_turn_base_170_step_6,bfcl,bfcl_tool_use_multi_turn,multi_turn_base_170,6,6,lg_78986686fc78bff4,1079c18b8ce49bf424831c7e7ba28064e6cca6324a06799d5671f8ee9fbcd935,3bb9f918ee0b7640,train,1,bfcl,main,strong_ground_truth_ready,20260726
bfcl_multi_turn_base_183_step_1,bfcl,bfcl_tool_use_multi_turn,multi_turn_base_183,1,6,lg_9deb54ead449dedd,3df34c603a6e047113b6590dc56c451520e549b56e291e440d23a0394365f648,74fd642bede6c0d7,test,4,bfcl,main,strong_ground_truth_ready,20260726
bfcl_multi_turn_base_183_step_2,bfcl,bfcl_tool_use_multi_turn,multi_turn_base_183,2,6,lg_9deb54ead449dedd,3df34c603a6e047113b6590dc56c451520e549b56e291e440d23a0394365f648,74fd642bede6c0d7,test,4,bfcl,main,strong_ground_truth_ready,20260726
bfcl_multi_turn_base_183_step_3,bfcl,bfcl_tool_use_multi_turn,multi_turn_base_183,3,6,lg_9deb54ead449dedd,3df34c603a6e047113b6590dc56c451520e549b56e291e440d23a0394365f648,74fd642bede6c0d7,test,4,bfcl,main,strong_ground_truth_ready,20260726
bfcl_multi_turn_base_183_step_4,bfcl,bfcl_tool_use_multi_turn,multi_turn_base_183,4,6,lg_9deb54ead449dedd,3df34c603a6e047113b6590dc56c451520e549b56e291e440d23a0394365f648,74fd642bede6c0d7,test,4,bfcl,main,strong_ground_truth_ready,20260726
bfcl_multi_turn_base_183_step_5,bfcl,bfcl_tool_use_multi_turn,multi_turn_base_183,5,6,lg_9deb54ead449dedd,3df34c603a6e047113b6590dc56c451520e549b56e291e440d23a0394365f648,74fd642bede6c0d7,test,4,bfcl,main,strong_ground_truth_ready,20260726
bfcl_multi_turn_base_183_step_6,bfcl,bfcl_tool_use_multi_turn,multi_turn_base_183,6,6,lg_9deb54ead449dedd,3df34c603a6e047113b6590dc56c451520e549b56e291e440d23a0394365f648,74fd642bede6c0d7,test,4,bfcl,main,strong_ground_truth_ready,20260726
bfcl_multi_turn_base_55_step_1,bfcl,bfcl_tool_use_multi_turn,multi_turn_base_55,1,5,lg_c3796973d69c71fb,851d24dba44f8bb437bc32b9aca6482b8719add174f99a6e01433e96f1419aa3,df68efea3ca21b25,train,1,bfcl,main,strong_ground_truth_ready,20260726
bfcl_multi_turn_base_55_step_2,bfcl,bfcl_tool_use_multi_turn,multi_turn_base_55,2,5,lg_c3796973d69c71fb,851d24dba44f8bb437bc32b9aca6482b8719add174f99a6e01433e96f1419aa3,df68efea3ca21b25,train,1,bfcl,main,strong_ground_truth_ready,20260726
bfcl_multi_turn_base_55_step_3,bfcl,bfcl_tool_use_multi_turn,multi_turn_base_55,3,5,lg_c3796973d69c71fb,851d24dba44f8bb437bc32b9aca6482b8719add174f99a6e01433e96f1419aa3,df68efea3ca21b25,train,1,bfcl,main,strong_ground_truth_ready,20260726
bfcl_multi_turn_base_55_step_4,bfcl,bfcl_tool_use_multi_turn,multi_turn_base_55,4,5,lg_c3796973d69c71fb,851d24dba44f8bb437bc32b9aca6482b8719add174f99a6e01433e96f1419aa3,df68efea3ca21b25,train,1,bfcl,main,strong_ground_truth_ready,20260726
bfcl_multi_turn_base_55_step_5,bfcl,bfcl_tool_use_multi_turn,multi_turn_base_55,5,5,lg_c3796973d69c71fb,851d24dba44f8bb437bc32b9aca6482b8719add174f99a6e01433e96f1419aa3,df68efea3ca21b25,train,1,bfcl,main,strong_ground_truth_ready,20260726
bfcl_multi_turn_base_162_step_1,bfcl,bfcl_tool_use_multi_turn,multi_turn_base_162,1,6,lg_d60ae30979a08b9e,2831b954258af0231305b701e642a991422b30ed5d7c2498e50705ebe4eb4cb6,e602eb6af05ff64f,validation,0,bfcl,main,strong_ground_truth_ready,20260726
bfcl_multi_turn_base_162_step_2,bfcl,bfcl_tool_use_multi_turn,multi_turn_base_162,2,6,lg_d60ae30979a08b9e,2831b954258af0231305b701e642a991422b30ed5d7c2498e50705ebe4eb4cb6,e602eb6af05ff64f,validation,0,bfcl,main,strong_ground_truth_ready,20260726
bfcl_multi_turn_base_162_step_3,bfcl,bfcl_tool_use_multi_turn,multi_turn_base_162,3,6,lg_d60ae30979a08b9e,2831b954258af0231305b701e642a991422b30ed5d7c2498e50705ebe4eb4cb6,e602eb6af05ff64f,validation,0,bfcl,main,strong_ground_truth_ready,20260726
bfcl_multi_turn_base_162_step_4,bfcl,bfcl_tool_use_multi_turn,multi_turn_base_162,4,6,lg_d60ae30979a08b9e,2831b954258af0231305b701e642a991422b30ed5d7c2498e50705ebe4eb4cb6,e602eb6af05ff64f,validation,0,bfcl,main,strong_ground_truth_ready,20260726
bfcl_multi_turn_base_162_step_5,bfcl,bfcl_tool_use_multi_turn,multi_turn_base_162,5,6,lg_d60ae30979a08b9e,2831b954258af0231305b701e642a991422b30ed5d7c2498e50705ebe4eb4cb6,e602eb6af05ff64f,validation,0,bfcl,main,strong_ground_truth_ready,20260726
bfcl_multi_turn_base_162_step_6,bfcl,bfcl_tool_use_multi_turn,multi_turn_base_162,6,6,lg_d60ae30979a08b9e,2831b954258af0231305b701e642a991422b30ed5d7c2498e50705ebe4eb4cb6,e602eb6af05ff64f,validation,0,bfcl,main,strong_ground_truth_ready,20260726
bfcl_multi_turn_base_180_step_1,bfcl,bfcl_tool_use_multi_turn,multi_turn_base_180,1,6,lg_a33fa71a226a7196,b48aadaeed288f4f372299214ad344c5543857af47b01e413680bdc3c60be842,b3824bee9efd5b91,train,2,bfcl,main,strong_ground_truth_ready,20260726
bfcl_multi_turn_base_180_step_2,bfcl,bfcl_tool_use_multi_turn,multi_turn_base_180,2,6,lg_a33fa71a226a7196,b48aadaeed288f4f372299214ad344c5543857af47b01e413680bdc3c60be842,b3824bee9efd5b91,train,2,bfcl,main,strong_ground_truth_ready,20260726
bfcl_multi_turn_base_180_step_3,bfcl,bfcl_tool_use_multi_turn,multi_turn_base_180,3,6,lg_a33fa71a226a7196,b48aadaeed288f4f372299214ad344c5543857af47b01e413680bdc3c60be842,b3824bee9efd5b91,train,2,bfcl,main,strong_ground_truth_ready,20260726
bfcl_multi_turn_base_180_step_4,bfcl,bfcl_tool_use_multi_turn,multi_turn_base_180,4,6,lg_a33fa71a226a7196,b48aadaeed288f4f372299214ad344c5543857af47b01e413680bdc3c60be842,b3824bee9efd5b91,train,2,bfcl,main,strong_ground_truth_ready,20260726
bfcl_multi_turn_base_180_step_5,bfcl,bfcl_tool_use_multi_turn,multi_turn_base_180,5,6,lg_a33fa71a226a7196,b48aadaeed288f4f372299214ad344c5543857af47b01e413680bdc3c60be842,b3824bee9efd5b91,train,2,bfcl,main,strong_ground_truth_ready,20260726
bfcl_multi_turn_base_180_step_6,bfcl,bfcl_tool_use_multi_turn,multi_turn_base_180,6,6,lg_a33fa71a226a7196,b48aadaeed288f4f372299214ad344c5543857af47b01e413680bdc3c60be842,b3824bee9efd5b91,train,2,bfcl,main,strong_ground_truth_ready,20260726
bfcl_multi_turn_base_184_step_1,bfcl,bfcl_tool_use_multi_turn,multi_turn_base_184,1,6,lg_35fe61e937e1427b,e2a8dafd7f10faa7c8234378cae04c36300810ce7bee1f96c8658b42f5bb292c,65fb35fbdcf34665,train,3,bfcl,main,strong_ground_truth_ready,20260726
bfcl_multi_turn_base_184_step_2,bfcl,bfcl_tool_use_multi_turn,multi_turn_base_184,2,6,lg_35fe61e937e1427b,e2a8dafd7f10faa7c8234378cae04c36300810ce7bee1f96c8658b42f5bb292c,65fb35fbdcf34665,train,3,bfcl,main,strong_ground_truth_ready,20260726
bfcl_multi_turn_base_184_step_3,bfcl,bfcl_tool_use_multi_turn,multi_turn_base_184,3,6,lg_35fe61e937e1427b,e2a8dafd7f10faa7c8234378cae04c36300810ce7bee1f96c8658b42f5bb292c,65fb35fbdcf34665,train,3,bfcl,main,strong_ground_truth_ready,20260726
bfcl_multi_turn_base_184_step_4,bfcl,bfcl_tool_use_multi_turn,multi_turn_base_184,4,6,lg_35fe61e937e1427b,e2a8dafd7f10faa7c8234378cae04c36300810ce7bee1f96c8658b42f5bb292c,65fb35fbdcf34665,train,3,bfcl,main,strong_ground_truth_ready,20260726
bfcl_multi_turn_base_184_step_5,bfcl,bfcl_tool_use_multi_turn,multi_turn_base_184,5,6,lg_35fe61e937e1427b,e2a8dafd7f10faa7c8234378cae04c36300810ce7bee1f96c8658b42f5bb292c,65fb35fbdcf34665,train,3,bfcl,main,strong_ground_truth_ready,20260726
bfcl_multi_turn_base_184_step_6,bfcl,bfcl_tool_use_multi_turn,multi_turn_base_184,6,6,lg_35fe61e937e1427b,e2a8dafd7f10faa7c8234378cae04c36300810ce7bee1f96c8658b42f5bb292c,65fb35fbdcf34665,train,3,bfcl,main,strong_ground_truth_ready,20260726
bfcl_multi_turn_base_186_step_1,bfcl,bfcl_tool_use_multi_turn,multi_turn_base_186,1,6,lg_3a3ccf42dbe75531,3f243dd36411b216c7885d375c92be9c357546bac89974283b1a853b223fdc11,ffb8b643d0eb375a,train,1,bfcl,main,strong_ground_truth_ready,20260726
bfcl_multi_turn_base_186_step_2,bfcl,bfcl_tool_use_multi_turn,multi_turn_base_186,2,6,lg_3a3ccf42dbe75531,3f243dd36411b216c7885d375c92be9c357546bac89974283b1a853b223fdc11,ffb8b643d0eb375a,train,1,bfcl,main,strong_ground_truth_ready,20260726
bfcl_multi_turn_base_186_step_3,bfcl,bfcl_tool_use_multi_turn,multi_turn_base_186,3,6,lg_3a3ccf42dbe75531,3f243dd36411b216c7885d375c92be9c357546bac89974283b1a853b223fdc11,ffb8b643d0eb375a,train,1,bfcl,main,strong_ground_truth_ready,20260726
bfcl_multi_turn_base_186_step_4,bfcl,bfcl_tool_use_multi_turn,multi_turn_base_186,4,6,lg_3a3ccf42dbe75531,3f243dd36411b216c7885d375c92be9c357546bac89974283b1a853b223fdc11,ffb8b643d0eb375a,train,1,bfcl,main,strong_ground_truth_ready,20260726
bfcl_multi_turn_base_186_step_5,bfcl,bfcl_tool_use_multi_turn,multi_turn_base_186,5,6,lg_3a3ccf42dbe75531,3f243dd36411b216c7885d375c92be9c357546bac89974283b1a853b223fdc11,ffb8b643d0eb375a,train,1,bfcl,main,strong_ground_truth_ready,20260726
bfcl_multi_turn_base_186_step_6,bfcl,bfcl_tool_use_multi_turn,multi_turn_base_186,6,6,lg_3a3ccf42dbe75531,3f243dd36411b216c7885d375c92be9c357546bac89974283b1a853b223fdc11,ffb8b643d0eb375a,train,1,bfcl,main,strong_ground_truth_ready,20260726
bfcl_multi_turn_base_0_step_1,bfcl,bfcl_tool_use_multi_turn,multi_turn_base_0,1,4,lg_be204b353ac0a628,c683731c7795f2eac28dfcc6da28f966665a0adf2857663ae7d182085959a442,12616ed7cfd7c1b5,validation,0,bfcl,main,strong_ground_truth_ready,20260726
bfcl_multi_turn_base_0_step_2,bfcl,bfcl_tool_use_multi_turn,multi_turn_base_0,2,4,lg_be204b353ac0a628,c683731c7795f2eac28dfcc6da28f966665a0adf2857663ae7d182085959a442,12616ed7cfd7c1b5,validation,0,bfcl,main,strong_ground_truth_ready,20260726
bfcl_multi_turn_base_0_step_3,bfcl,bfcl_tool_use_multi_turn,multi_turn_base_0,3,4,lg_be204b353ac0a628,c683731c7795f2eac28dfcc6da28f966665a0adf2857663ae7d182085959a442,12616ed7cfd7c1b5,validation,0,bfcl,main,strong_ground_truth_ready,20260726
bfcl_multi_turn_base_0_step_4,bfcl,bfcl_tool_use_multi_turn,multi_turn_base_0,4,4,lg_be204b353ac0a628,c683731c7795f2eac28dfcc6da28f966665a0adf2857663ae7d182085959a442,12616ed7cfd7c1b5,validation,0,bfcl,main,strong_ground_truth_ready,20260726
bfcl_multi_turn_base_174_step_1,bfcl,bfcl_tool_use_multi_turn,multi_turn_base_174,1,5,lg_c57d6ff3c1c3bc49,c7d1b7cc901300491e3342cacdf4719e0cc77f93ca2ffad051fe9ddb3fc4f826,903d3c95e69b256e,train,1,bfcl,main,strong_ground_truth_ready,20260726
bfcl_multi_turn_base_174_step_2,bfcl,bfcl_tool_use_multi_turn,multi_turn_base_174,2,5,lg_c57d6ff3c1c3bc49,c7d1b7cc901300491e3342cacdf4719e0cc77f93ca2ffad051fe9ddb3fc4f826,903d3c95e69b256e,train,1,bfcl,main,strong_ground_truth_ready,20260726
bfcl_multi_turn_base_174_step_3,bfcl,bfcl_tool_use_multi_turn,multi_turn_base_174,3,5,lg_c57d6ff3c1c3bc49,c7d1b7cc901300491e3342cacdf4719e0cc77f93ca2ffad051fe9ddb3fc4f826,903d3c95e69b256e,train,1,bfcl,main,strong_ground_truth_ready,20260726
bfcl_multi_turn_base_174_step_4,bfcl,bfcl_tool_use_multi_turn,multi_turn_base_174,4,5,lg_c57d6ff3c1c3bc49,c7d1b7cc901300491e3342cacdf4719e0cc77f93ca2ffad051fe9ddb3fc4f826,903d3c95e69b256e,train,1,bfcl,main,strong_ground_truth_ready,20260726
bfcl_multi_turn_base_174_step_5,bfcl,bfcl_tool_use_multi_turn,multi_turn_base_174,5,5,lg_c57d6ff3c1c3bc49,c7d1b7cc901300491e3342cacdf4719e0cc77f93ca2ffad051fe9ddb3fc4f826,903d3c95e69b256e,train,1,bfcl,main,strong_ground_truth_ready,20260726
bfcl_multi_turn_base_15_step_1,bfcl,bfcl_tool_use_multi_turn,multi_turn_base_15,1,5,lg_0d0b5258d42ed31d,aefe3be3daadc9210009287981a8ae00a8224da8861b65a2b69f20de5c83f649,8f8509467a95c948,train,3,bfcl,main,strong_ground_truth_ready,20260726
bfcl_multi_turn_base_15_step_2,bfcl,bfcl_tool_use_multi_turn,multi_turn_base_15,2,5,lg_0d0b5258d42ed31d,aefe3be3daadc9210009287981a8ae00a8224da8861b65a2b69f20de5c83f649,8f8509467a95c948,train,3,bfcl,main,strong_ground_truth_ready,20260726
bfcl_multi_turn_base_15_step_3,bfcl,bfcl_tool_use_multi_turn,multi_turn_base_15,3,5,lg_0d0b5258d42ed31d,aefe3be3daadc9210009287981a8ae00a8224da8861b65a2b69f20de5c83f649,8f8509467a95c948,train,3,bfcl,main,strong_ground_truth_ready,20260726
bfcl_multi_turn_base_15_step_4,bfcl,bfcl_tool_use_multi_turn,multi_turn_base_15,4,5,lg_0d0b5258d42ed31d,aefe3be3daadc9210009287981a8ae00a8224da8861b65a2b69f20de5c83f649,8f8509467a95c948,train,3,bfcl,main,strong_ground_truth_ready,20260726
bfcl_multi_turn_base_15_step_5,bfcl,bfcl_tool_use_multi_turn,multi_turn_base_15,5,5,lg_0d0b5258d42ed31d,aefe3be3daadc9210009287981a8ae00a8224da8861b65a2b69f20de5c83f649,8f8509467a95c948,train,3,bfcl,main,strong_ground_truth_ready,20260726
bfcl_multi_turn_long_context_38_step_1,bfcl,bfcl_tool_use_multi_turn,multi_turn_long_context_38,1,2,lg_834484d29f18e358,9b5c546bc1a28d5a7d92e7d4a0eacc6f98852078ed0dd1fe7f8bf675af828e65,ebc4fff4c957a471,train,1,bfcl,main,strong_ground_truth_ready,20260726
bfcl_multi_turn_long_context_38_step_2,bfcl,bfcl_tool_use_multi_turn,multi_turn_long_context_38,2,2,lg_834484d29f18e358,9b5c546bc1a28d5a7d92e7d4a0eacc6f98852078ed0dd1fe7f8bf675af828e65,ebc4fff4c957a471,train,1,bfcl,main,strong_ground_truth_ready,20260726
bfcl_multi_turn_long_context_46_step_1,bfcl,bfcl_tool_use_multi_turn,multi_turn_long_context_46,1,1,lg_3d2a37596ad4c9cd,2add093f368840e3de04cbccd3bd6c2d31cf47547e4dbe79405a697a677b9272,1c36a75449af5874,train,3,bfcl,main,strong_ground_truth_ready,20260726
bfcl_multi_turn_long_context_109_step_1,bfcl,bfcl_tool_use_multi_turn,multi_turn_long_context_109,1,7,lg_491451bf3d5bd515,ab1cef72dd777e787e82bf90833678da5ec1fc40c35d9362d45b44254c9325d9,fa8afff7159ac577,train,2,bfcl,main,strong_ground_truth_ready,20260726
bfcl_multi_turn_long_context_109_step_2,bfcl,bfcl_tool_use_multi_turn,multi_turn_long_context_109,2,7,lg_491451bf3d5bd515,ab1cef72dd777e787e82bf90833678da5ec1fc40c35d9362d45b44254c9325d9,fa8afff7159ac577,train,2,bfcl,main,strong_ground_truth_ready,20260726
bfcl_multi_turn_long_context_109_step_3,bfcl,bfcl_tool_use_multi_turn,multi_turn_long_context_109,3,7,lg_491451bf3d5bd515,ab1cef72dd777e787e82bf90833678da5ec1fc40c35d9362d45b44254c9325d9,fa8afff7159ac577,train,2,bfcl,main,strong_ground_truth_ready,20260726
bfcl_multi_turn_long_context_109_step_4,bfcl,bfcl_tool_use_multi_turn,multi_turn_long_context_109,4,7,lg_491451bf3d5bd515,ab1cef72dd777e787e82bf90833678da5ec1fc40c35d9362d45b44254c9325d9,fa8afff7159ac577,train,2,bfcl,main,strong_ground_truth_ready,20260726
bfcl_multi_turn_long_context_109_step_5,bfcl,bfcl_tool_use_multi_turn,multi_turn_long_context_109,5,7,lg_491451bf3d5bd515,ab1cef72dd777e787e82bf90833678da5ec1fc40c35d9362d45b44254c9325d9,fa8afff7159ac577,train,2,bfcl,main,strong_ground_truth_ready,20260726
bfcl_multi_turn_long_context_109_step_6,bfcl,bfcl_tool_use_multi_turn,multi_turn_long_context_109,6,7,lg_491451bf3d5bd515,ab1cef72dd777e787e82bf90833678da5ec1fc40c35d9362d45b44254c9325d9,fa8afff7159ac577,train,2,bfcl,main,strong_ground_truth_ready,20260726
bfcl_multi_turn_long_context_109_step_7,bfcl,bfcl_tool_use_multi_turn,multi_turn_long_context_109,7,7,lg_491451bf3d5bd515,ab1cef72dd777e787e82bf90833678da5ec1fc40c35d9362d45b44254c9325d9,fa8afff7159ac577,train,2,bfcl,main,strong_ground_truth_ready,20260726
bfcl_multi_turn_long_context_131_step_1,bfcl,bfcl_tool_use_multi_turn,multi_turn_long_context_131,1,7,lg_701b4a6d902d0e61,d07730bec894eb941530f9b0e4ee0fbb2e37546c54c68223a028e8883ecd5287,e9d8786ce97f42ac,validation,0,bfcl,main,strong_ground_truth_ready,20260726
bfcl_multi_turn_long_context_131_step_2,bfcl,bfcl_tool_use_multi_turn,multi_turn_long_context_131,2,7,lg_701b4a6d902d0e61,d07730bec894eb941530f9b0e4ee0fbb2e37546c54c68223a028e8883ecd5287,e9d8786ce97f42ac,validation,0,bfcl,main,strong_ground_truth_ready,20260726
bfcl_multi_turn_long_context_131_step_3,bfcl,bfcl_tool_use_multi_turn,multi_turn_long_context_131,3,7,lg_701b4a6d902d0e61,d07730bec894eb941530f9b0e4ee0fbb2e37546c54c68223a028e8883ecd5287,e9d8786ce97f42ac,validation,0,bfcl,main,strong_ground_truth_ready,20260726
bfcl_multi_turn_long_context_131_step_4,bfcl,bfcl_tool_use_multi_turn,multi_turn_long_context_131,4,7,lg_701b4a6d902d0e61,d07730bec894eb941530f9b0e4ee0fbb2e37546c54c68223a028e8883ecd5287,e9d8786ce97f42ac,validation,0,bfcl,main,strong_ground_truth_ready,20260726
bfcl_multi_turn_long_context_131_step_5,bfcl,bfcl_tool_use_multi_turn,multi_turn_long_context_131,5,7,lg_701b4a6d902d0e61,d07730bec894eb941530f9b0e4ee0fbb2e37546c54c68223a028e8883ecd5287,e9d8786ce97f42ac,validation,0,bfcl,main,strong_ground_truth_ready,20260726
bfcl_multi_turn_long_context_131_step_6,bfcl,bfcl_tool_use_multi_turn,multi_turn_long_context_131,6,7,lg_701b4a6d902d0e61,d07730bec894eb941530f9b0e4ee0fbb2e37546c54c68223a028e8883ecd5287,e9d8786ce97f42ac,validation,0,bfcl,main,strong_ground_truth_ready,20260726
bfcl_multi_turn_long_context_131_step_7,bfcl,bfcl_tool_use_multi_turn,multi_turn_long_context_131,7,7,lg_701b4a6d902d0e61,d07730bec894eb941530f9b0e4ee0fbb2e37546c54c68223a028e8883ecd5287,e9d8786ce97f42ac,validation,0,bfcl,main,strong_ground_truth_ready,20260726
bfcl_multi_turn_long_context_110_step_1,bfcl,bfcl_tool_use_multi_turn,multi_turn_long_context_110,1,6,lg_3172862d3fc7cb33,7116c465aa6195b20b1e31f107c108b05e0b75c771c28a635c612e2ad2039519,a6927d3658c5afb7,train,3,bfcl,main,strong_ground_truth_ready,20260726
bfcl_multi_turn_long_context_110_step_2,bfcl,bfcl_tool_use_multi_turn,multi_turn_long_context_110,2,6,lg_3172862d3fc7cb33,7116c465aa6195b20b1e31f107c108b05e0b75c771c28a635c612e2ad2039519,a6927d3658c5afb7,train,3,bfcl,main,strong_ground_truth_ready,20260726
bfcl_multi_turn_long_context_110_step_3,bfcl,bfcl_tool_use_multi_turn,multi_turn_long_context_110,3,6,lg_3172862d3fc7cb33,7116c465aa6195b20b1e31f107c108b05e0b75c771c28a635c612e2ad2039519,a6927d3658c5afb7,train,3,bfcl,main,strong_ground_truth_ready,20260726
bfcl_multi_turn_long_context_110_step_4,bfcl,bfcl_tool_use_multi_turn,multi_turn_long_context_110,4,6,lg_3172862d3fc7cb33,7116c465aa6195b20b1e31f107c108b05e0b75c771c28a635c612e2ad2039519,a6927d3658c5afb7,train,3,bfcl,main,strong_ground_truth_ready,20260726
bfcl_multi_turn_long_context_110_step_5,bfcl,bfcl_tool_use_multi_turn,multi_turn_long_context_110,5,6,lg_3172862d3fc7cb33,7116c465aa6195b20b1e31f107c108b05e0b75c771c28a635c612e2ad2039519,a6927d3658c5afb7,train,3,bfcl,main,strong_ground_truth_ready,20260726
bfcl_multi_turn_long_context_110_step_6,bfcl,bfcl_tool_use_multi_turn,multi_turn_long_context_110,6,6,lg_3172862d3fc7cb33,7116c465aa6195b20b1e31f107c108b05e0b75c771c28a635c612e2ad2039519,a6927d3658c5afb7,train,3,bfcl,main,strong_ground_truth_ready,20260726
bfcl_multi_turn_long_context_170_step_1,bfcl,bfcl_tool_use_multi_turn,multi_turn_long_context_170,1,6,lg_78986686fc78bff4,1079c18b8ce49bf424831c7e7ba28064e6cca6324a06799d5671f8ee9fbcd935,3bb9f918ee0b7640,train,1,bfcl,main,strong_ground_truth_ready,20260726
bfcl_multi_turn_long_context_170_step_2,bfcl,bfcl_tool_use_multi_turn,multi_turn_long_context_170,2,6,lg_78986686fc78bff4,1079c18b8ce49bf424831c7e7ba28064e6cca6324a06799d5671f8ee9fbcd935,3bb9f918ee0b7640,train,1,bfcl,main,strong_ground_truth_ready,20260726
bfcl_multi_turn_long_context_170_step_3,bfcl,bfcl_tool_use_multi_turn,multi_turn_long_context_170,3,6,lg_78986686fc78bff4,1079c18b8ce49bf424831c7e7ba28064e6cca6324a06799d5671f8ee9fbcd935,3bb9f918ee0b7640,train,1,bfcl,main,strong_ground_truth_ready,20260726
bfcl_multi_turn_long_context_170_step_4,bfcl,bfcl_tool_use_multi_turn,multi_turn_long_context_170,4,6,lg_78986686fc78bff4,1079c18b8ce49bf424831c7e7ba28064e6cca6324a06799d5671f8ee9fbcd935,3bb9f918ee0b7640,train,1,bfcl,main,strong_ground_truth_ready,20260726
bfcl_multi_turn_long_context_170_step_5,bfcl,bfcl_tool_use_multi_turn,multi_turn_long_context_170,5,6,lg_78986686fc78bff4,1079c18b8ce49bf424831c7e7ba28064e6cca6324a06799d5671f8ee9fbcd935,3bb9f918ee0b7640,train,1,bfcl,main,strong_ground_truth_ready,20260726
bfcl_multi_turn_long_context_170_step_6,bfcl,bfcl_tool_use_multi_turn,multi_turn_long_context_170,6,6,lg_78986686fc78bff4,1079c18b8ce49bf424831c7e7ba28064e6cca6324a06799d5671f8ee9fbcd935,3bb9f918ee0b7640,train,1,bfcl,main,strong_ground_truth_ready,20260726
bfcl_multi_turn_long_context_183_step_1,bfcl,bfcl_tool_use_multi_turn,multi_turn_long_context_183,1,6,lg_9deb54ead449dedd,3df34c603a6e047113b6590dc56c451520e549b56e291e440d23a0394365f648,74fd642bede6c0d7,test,4,bfcl,main,strong_ground_truth_ready,20260726
bfcl_multi_turn_long_context_183_step_2,bfcl,bfcl_tool_use_multi_turn,multi_turn_long_context_183,2,6,lg_9deb54ead449dedd,3df34c603a6e047113b6590dc56c451520e549b56e291e440d23a0394365f648,74fd642bede6c0d7,test,4,bfcl,main,strong_ground_truth_ready,20260726
bfcl_multi_turn_long_context_183_step_3,bfcl,bfcl_tool_use_multi_turn,multi_turn_long_context_183,3,6,lg_9deb54ead449dedd,3df34c603a6e047113b6590dc56c451520e549b56e291e440d23a0394365f648,74fd642bede6c0d7,test,4,bfcl,main,strong_ground_truth_ready,20260726
bfcl_multi_turn_long_context_183_step_4,bfcl,bfcl_tool_use_multi_turn,multi_turn_long_context_183,4,6,lg_9deb54ead449dedd,3df34c603a6e047113b6590dc56c451520e549b56e291e440d23a0394365f648,74fd642bede6c0d7,test,4,bfcl,main,strong_ground_truth_ready,20260726
bfcl_multi_turn_long_context_183_step_5,bfcl,bfcl_tool_use_multi_turn,multi_turn_long_context_183,5,6,lg_9deb54ead449dedd,3df34c603a6e047113b6590dc56c451520e549b56e291e440d23a0394365f648,74fd642bede6c0d7,test,4,bfcl,main,strong_ground_truth_ready,20260726
bfcl_multi_turn_long_context_183_step_6,bfcl,bfcl_tool_use_multi_turn,multi_turn_long_context_183,6,6,lg_9deb54ead449dedd,3df34c603a6e047113b6590dc56c451520e549b56e291e440d23a0394365f648,74fd642bede6c0d7,test,4,bfcl,main,strong_ground_truth_ready,20260726
bfcl_multi_turn_long_context_186_step_1,bfcl,bfcl_tool_use_multi_turn,multi_turn_long_context_186,1,6,lg_3a3ccf42dbe75531,3f243dd36411b216c7885d375c92be9c357546bac89974283b1a853b223fdc11,ffb8b643d0eb375a,train,1,bfcl,main,strong_ground_truth_ready,20260726
bfcl_multi_turn_long_context_186_step_2,bfcl,bfcl_tool_use_multi_turn,multi_turn_long_context_186,2,6,lg_3a3ccf42dbe75531,3f243dd36411b216c7885d375c92be9c357546bac89974283b1a853b223fdc11,ffb8b643d0eb375a,train,1,bfcl,main,strong_ground_truth_ready,20260726
bfcl_multi_turn_long_context_186_step_3,bfcl,bfcl_tool_use_multi_turn,multi_turn_long_context_186,3,6,lg_3a3ccf42dbe75531,3f243dd36411b216c7885d375c92be9c357546bac89974283b1a853b223fdc11,ffb8b643d0eb375a,train,1,bfcl,main,strong_ground_truth_ready,20260726
bfcl_multi_turn_long_context_186_step_4,bfcl,bfcl_tool_use_multi_turn,multi_turn_long_context_186,4,6,lg_3a3ccf42dbe75531,3f243dd36411b216c7885d375c92be9c357546bac89974283b1a853b223fdc11,ffb8b643d0eb375a,train,1,bfcl,main,strong_ground_truth_ready,20260726
bfcl_multi_turn_long_context_186_step_5,bfcl,bfcl_tool_use_multi_turn,multi_turn_long_context_186,5,6,lg_3a3ccf42dbe75531,3f243dd36411b216c7885d375c92be9c357546bac89974283b1a853b223fdc11,ffb8b643d0eb375a,train,1,bfcl,main,strong_ground_truth_ready,20260726
bfcl_multi_turn_long_context_186_step_6,bfcl,bfcl_tool_use_multi_turn,multi_turn_long_context_186,6,6,lg_3a3ccf42dbe75531,3f243dd36411b216c7885d375c92be9c357546bac89974283b1a853b223fdc11,ffb8b643d0eb375a,train,1,bfcl,main,strong_ground_truth_ready,20260726
bfcl_multi_turn_long_context_1_step_1,bfcl,bfcl_tool_use_multi_turn,multi_turn_long_context_1,1,4,lg_e7101c59fa184da1,f423f151dc9d7d9ab5ff688e82d216dee0674feb82750e5f96ec0fb81925c9cb,88144317ef030d3b,validation,0,bfcl,main,strong_ground_truth_ready,20260726
bfcl_multi_turn_long_context_1_step_2,bfcl,bfcl_tool_use_multi_turn,multi_turn_long_context_1,2,4,lg_e7101c59fa184da1,f423f151dc9d7d9ab5ff688e82d216dee0674feb82750e5f96ec0fb81925c9cb,88144317ef030d3b,validation,0,bfcl,main,strong_ground_truth_ready,20260726
bfcl_multi_turn_long_context_1_step_3,bfcl,bfcl_tool_use_multi_turn,multi_turn_long_context_1,3,4,lg_e7101c59fa184da1,f423f151dc9d7d9ab5ff688e82d216dee0674feb82750e5f96ec0fb81925c9cb,88144317ef030d3b,validation,0,bfcl,main,strong_ground_truth_ready,20260726
bfcl_multi_turn_long_context_1_step_4,bfcl,bfcl_tool_use_multi_turn,multi_turn_long_context_1,4,4,lg_e7101c59fa184da1,f423f151dc9d7d9ab5ff688e82d216dee0674feb82750e5f96ec0fb81925c9cb,88144317ef030d3b,validation,0,bfcl,main,strong_ground_truth_ready,20260726
bfcl_multi_turn_long_context_12_step_1,bfcl,bfcl_tool_use_multi_turn,multi_turn_long_context_12,1,3,lg_2e68866f1ef05790,b618ae720c023eb86e8ce1aee9ecdc36a50573e01d785c6d3e1d39171a23da74,0adaf3575a489c08,validation,0,bfcl,main,strong_ground_truth_ready,20260726
bfcl_multi_turn_long_context_12_step_2,bfcl,bfcl_tool_use_multi_turn,multi_turn_long_context_12,2,3,lg_2e68866f1ef05790,b618ae720c023eb86e8ce1aee9ecdc36a50573e01d785c6d3e1d39171a23da74,0adaf3575a489c08,validation,0,bfcl,main,strong_ground_truth_ready,20260726
bfcl_multi_turn_long_context_12_step_3,bfcl,bfcl_tool_use_multi_turn,multi_turn_long_context_12,3,3,lg_2e68866f1ef05790,b618ae720c023eb86e8ce1aee9ecdc36a50573e01d785c6d3e1d39171a23da74,0adaf3575a489c08,validation,0,bfcl,main,strong_ground_truth_ready,20260726
bfcl_multi_turn_long_context_14_step_1,bfcl,bfcl_tool_use_multi_turn,multi_turn_long_context_14,1,4,lg_97a3d1a8325c19e1,e8131aa24f379af19c96e0388ba42e5882679242968e19c3621303aacad9cde6,a1afda90d85ed38b,train,1,bfcl,main,strong_ground_truth_ready,20260726
bfcl_multi_turn_long_context_14_step_2,bfcl,bfcl_tool_use_multi_turn,multi_turn_long_context_14,2,4,lg_97a3d1a8325c19e1,e8131aa24f379af19c96e0388ba42e5882679242968e19c3621303aacad9cde6,a1afda90d85ed38b,train,1,bfcl,main,strong_ground_truth_ready,20260726
bfcl_multi_turn_long_context_14_step_3,bfcl,bfcl_tool_use_multi_turn,multi_turn_long_context_14,3,4,lg_97a3d1a8325c19e1,e8131aa24f379af19c96e0388ba42e5882679242968e19c3621303aacad9cde6,a1afda90d85ed38b,train,1,bfcl,main,strong_ground_truth_ready,20260726
bfcl_multi_turn_long_context_14_step_4,bfcl,bfcl_tool_use_multi_turn,multi_turn_long_context_14,4,4,lg_97a3d1a8325c19e1,e8131aa24f379af19c96e0388ba42e5882679242968e19c3621303aacad9cde6,a1afda90d85ed38b,train,1,bfcl,main,strong_ground_truth_ready,20260726
bfcl_multi_turn_long_context_15_step_1,bfcl,bfcl_tool_use_multi_turn,multi_turn_long_context_15,1,5,lg_0d0b5258d42ed31d,aefe3be3daadc9210009287981a8ae00a8224da8861b65a2b69f20de5c83f649,8f8509467a95c948,train,3,bfcl,main,strong_ground_truth_ready,20260726
bfcl_multi_turn_long_context_15_step_2,bfcl,bfcl_tool_use_multi_turn,multi_turn_long_context_15,2,5,lg_0d0b5258d42ed31d,aefe3be3daadc9210009287981a8ae00a8224da8861b65a2b69f20de5c83f649,8f8509467a95c948,train,3,bfcl,main,strong_ground_truth_ready,20260726
bfcl_multi_turn_long_context_15_step_3,bfcl,bfcl_tool_use_multi_turn,multi_turn_long_context_15,3,5,lg_0d0b5258d42ed31d,aefe3be3daadc9210009287981a8ae00a8224da8861b65a2b69f20de5c83f649,8f8509467a95c948,train,3,bfcl,main,strong_ground_truth_ready,20260726
bfcl_multi_turn_long_context_15_step_4,bfcl,bfcl_tool_use_multi_turn,multi_turn_long_context_15,4,5,lg_0d0b5258d42ed31d,aefe3be3daadc9210009287981a8ae00a8224da8861b65a2b69f20de5c83f649,8f8509467a95c948,train,3,bfcl,main,strong_ground_truth_ready,20260726
bfcl_multi_turn_long_context_15_step_5,bfcl,bfcl_tool_use_multi_turn,multi_turn_long_context_15,5,5,lg_0d0b5258d42ed31d,aefe3be3daadc9210009287981a8ae00a8224da8861b65a2b69f20de5c83f649,8f8509467a95c948,train,3,bfcl,main,strong_ground_truth_ready,20260726
bfcl_multi_turn_long_context_2_step_1,bfcl,bfcl_tool_use_multi_turn,multi_turn_long_context_2,1,5,lg_dfd6763fe5fc3e82,ef8fbee6a6f331b392ba27ac103ea9cb07ac475d7b5951f3b74c70ad233d9cab,450a84f213aff289,test,4,bfcl,main,strong_ground_truth_ready,20260726
bfcl_multi_turn_long_context_2_step_2,bfcl,bfcl_tool_use_multi_turn,multi_turn_long_context_2,2,5,lg_dfd6763fe5fc3e82,ef8fbee6a6f331b392ba27ac103ea9cb07ac475d7b5951f3b74c70ad233d9cab,450a84f213aff289,test,4,bfcl,main,strong_ground_truth_ready,20260726
bfcl_multi_turn_long_context_2_step_3,bfcl,bfcl_tool_use_multi_turn,multi_turn_long_context_2,3,5,lg_dfd6763fe5fc3e82,ef8fbee6a6f331b392ba27ac103ea9cb07ac475d7b5951f3b74c70ad233d9cab,450a84f213aff289,test,4,bfcl,main,strong_ground_truth_ready,20260726
bfcl_multi_turn_long_context_2_step_4,bfcl,bfcl_tool_use_multi_turn,multi_turn_long_context_2,4,5,lg_dfd6763fe5fc3e82,ef8fbee6a6f331b392ba27ac103ea9cb07ac475d7b5951f3b74c70ad233d9cab,450a84f213aff289,test,4,bfcl,main,strong_ground_truth_ready,20260726
bfcl_multi_turn_long_context_2_step_5,bfcl,bfcl_tool_use_multi_turn,multi_turn_long_context_2,5,5,lg_dfd6763fe5fc3e82,ef8fbee6a6f331b392ba27ac103ea9cb07ac475d7b5951f3b74c70ad233d9cab,450a84f213aff289,test,4,bfcl,main,strong_ground_truth_ready,20260726
bfcl_multi_turn_long_context_3_step_1,bfcl,bfcl_tool_use_multi_turn,multi_turn_long_context_3,1,2,lg_865810f713ac634e,1ef0b480305010f833ae5f4f2855df99dc8a5628b34a8f0ead68bd83770e19bb,d1487ade2685b259,train,3,bfcl,main,strong_ground_truth_ready,20260726
bfcl_multi_turn_long_context_3_step_2,bfcl,bfcl_tool_use_multi_turn,multi_turn_long_context_3,2,2,lg_865810f713ac634e,1ef0b480305010f833ae5f4f2855df99dc8a5628b34a8f0ead68bd83770e19bb,d1487ade2685b259,train,3,bfcl,main,strong_ground_truth_ready,20260726
bfcl_multi_turn_long_context_4_step_1,bfcl,bfcl_tool_use_multi_turn,multi_turn_long_context_4,1,3,lg_5bc88b59b8e1654a,ee350a01f8ce76e98a0b20d10622fba96b55485fe4db441914a33ababbf09b6c,e8eef1dde95d1737,train,1,bfcl,main,strong_ground_truth_ready,20260726
bfcl_multi_turn_long_context_4_step_2,bfcl,bfcl_tool_use_multi_turn,multi_turn_long_context_4,2,3,lg_5bc88b59b8e1654a,ee350a01f8ce76e98a0b20d10622fba96b55485fe4db441914a33ababbf09b6c,e8eef1dde95d1737,train,1,bfcl,main,strong_ground_truth_ready,20260726
bfcl_multi_turn_long_context_4_step_3,bfcl,bfcl_tool_use_multi_turn,multi_turn_long_context_4,3,3,lg_5bc88b59b8e1654a,ee350a01f8ce76e98a0b20d10622fba96b55485fe4db441914a33ababbf09b6c,e8eef1dde95d1737,train,1,bfcl,main,strong_ground_truth_ready,20260726
bfcl_multi_turn_long_context_5_step_1,bfcl,bfcl_tool_use_multi_turn,multi_turn_long_context_5,1,4,lg_590ee098608447ce,92167eaf3d366c8c72af1100e0cf748a69687762016d4d5a4bebef1693a60eab,f0b62617043c3453,validation,0,bfcl,main,strong_ground_truth_ready,20260726
bfcl_multi_turn_long_context_5_step_2,bfcl,bfcl_tool_use_multi_turn,multi_turn_long_context_5,2,4,lg_590ee098608447ce,92167eaf3d366c8c72af1100e0cf748a69687762016d4d5a4bebef1693a60eab,f0b62617043c3453,validation,0,bfcl,main,strong_ground_truth_ready,20260726
bfcl_multi_turn_long_context_5_step_3,bfcl,bfcl_tool_use_multi_turn,multi_turn_long_context_5,3,4,lg_590ee098608447ce,92167eaf3d366c8c72af1100e0cf748a69687762016d4d5a4bebef1693a60eab,f0b62617043c3453,validation,0,bfcl,main,strong_ground_truth_ready,20260726
bfcl_multi_turn_long_context_5_step_4,bfcl,bfcl_tool_use_multi_turn,multi_turn_long_context_5,4,4,lg_590ee098608447ce,92167eaf3d366c8c72af1100e0cf748a69687762016d4d5a4bebef1693a60eab,f0b62617043c3453,validation,0,bfcl,main,strong_ground_truth_ready,20260726
bfcl_multi_turn_long_context_7_step_1,bfcl,bfcl_tool_use_multi_turn,multi_turn_long_context_7,1,3,lg_efa21f52c7ec10d4,7bf8133bddb7a1ff6c972bae934f0f2b442cba621317ed5051f2301c5c8bbf01,b512ec6c36a84b33,validation,0,bfcl,main,strong_ground_truth_ready,20260726
bfcl_multi_turn_long_context_7_step_2,bfcl,bfcl_tool_use_multi_turn,multi_turn_long_context_7,2,3,lg_efa21f52c7ec10d4,7bf8133bddb7a1ff6c972bae934f0f2b442cba621317ed5051f2301c5c8bbf01,b512ec6c36a84b33,validation,0,bfcl,main,strong_ground_truth_ready,20260726
bfcl_multi_turn_long_context_7_step_3,bfcl,bfcl_tool_use_multi_turn,multi_turn_long_context_7,3,3,lg_efa21f52c7ec10d4,7bf8133bddb7a1ff6c972bae934f0f2b442cba621317ed5051f2301c5c8bbf01,b512ec6c36a84b33,validation,0,bfcl,main,strong_ground_truth_ready,20260726
