context_id,instance_id,step_index,recommended_tier,applied_tier,previous_tier,transition,sticky_override,benchmark,scenario,quality_threshold,target_tier,target_tier_id,first_pass_sufficient,applied_call_cost,always_high_cost,theoretical_savings_vs_always_high,oracle_only
mtrag_0208bf26ec357a803445290fa88a2e9e_turn_5_step_1,0208bf26ec357a803445290fa88a2e9e_turn_5,1,low,low,,start,False,mtrag,rag_multiturn,0.8,low,0,True,0.00024009999999999998,0.0108012,0.0105611,True
mtrag_0208bf26ec357a803445290fa88a2e9e_turn_6_step_1,0208bf26ec357a803445290fa88a2e9e_turn_6,1,low,low,,start,False,mtrag,rag_multiturn,0.8,low,0,True,0.0002164,0.0100428,0.009826399999999999,True
mtrag_04f83f1199c7ce4d7bef50be70f2db73_turn_2_step_1,04f83f1199c7ce4d7bef50be70f2db73_turn_2,1,low,low,,start,False,mtrag,rag_multiturn,0.8,low,0,True,0.00028960000000000005,0.0123852,0.012095600000000001,True
mtrag_04f83f1199c7ce4d7bef50be70f2db73_turn_3_step_1,04f83f1199c7ce4d7bef50be70f2db73_turn_3,1,low,low,,start,False,mtrag,rag_multiturn,0.8,low,0,True,0.0002426,0.0108812,0.0106386,True
mtrag_0ef145e49938dfb9b6eefe781d21dca8_turn_1_step_1,0ef145e49938dfb9b6eefe781d21dca8_turn_1,1,low,low,,start,False,mtrag,rag_multiturn,0.8,low,0,True,0.00024730000000000005,0.0110316,0.0107843,True
mtrag_0ef145e49938dfb9b6eefe781d21dca8_turn_5_step_1,0ef145e49938dfb9b6eefe781d21dca8_turn_5,1,low,low,,start,False,mtrag,rag_multiturn,0.8,low,0,True,0.00036580000000000006,0.0148236,0.0144578,True
mtrag_0ef145e49938dfb9b6eefe781d21dca8_turn_7_step_1,0ef145e49938dfb9b6eefe781d21dca8_turn_7,1,low,low,,start,False,mtrag,rag_multiturn,0.8,low,0,True,0.0004065,0.016125999999999998,0.015719499999999997,True
mtrag_124e27c3861eff7dadd17993719a0beb_turn_1_step_1,124e27c3861eff7dadd17993719a0beb_turn_1,1,low,low,,start,False,mtrag,rag_multiturn,0.8,low,0,True,0.0002618,0.0114956,0.0112338,True
mtrag_13a398b30067d58d179fa8cbc2592449_turn_1_step_1,13a398b30067d58d179fa8cbc2592449_turn_1,1,low,low,,start,False,mtrag,rag_multiturn,0.8,low,0,True,0.00022,0.010158,0.009938,True
mtrag_13a398b30067d58d179fa8cbc2592449_turn_2_step_1,13a398b30067d58d179fa8cbc2592449_turn_2,1,mid,mid,,start,False,mtrag,rag_multiturn,0.8,mid,1,True,0.0008041500000000001,0.0095468,0.00874265,True
mtrag_13a398b30067d58d179fa8cbc2592449_turn_3_step_1,13a398b30067d58d179fa8cbc2592449_turn_3,1,low,low,,start,False,mtrag,rag_multiturn,0.8,low,0,True,0.00024070000000000002,0.0108204,0.010579700000000001,True
mtrag_13a398b30067d58d179fa8cbc2592449_turn_6_step_1,13a398b30067d58d179fa8cbc2592449_turn_6,1,low,low,,start,False,mtrag,rag_multiturn,0.8,low,0,True,0.00033160000000000004,0.0137292,0.0133976,True
mtrag_1be66272113492407e814eaf21a761d4_turn_6_step_1,1be66272113492407e814eaf21a761d4_turn_6,1,low,low,,start,False,mtrag,rag_multiturn,0.8,low,0,True,0.00030250000000000003,0.012798,0.0124955,True
mtrag_1c041ce47a81941c26899fdf08bde961_turn_5_step_1,1c041ce47a81941c26899fdf08bde961_turn_5,1,low,low,,start,False,mtrag,rag_multiturn,0.8,low,0,True,0.00026490000000000004,0.011594799999999999,0.011329899999999999,True
mtrag_1c74814752c3f9d4ed0b99c16e1ed192_turn_4_step_1,1c74814752c3f9d4ed0b99c16e1ed192_turn_4,1,low,low,,start,False,mtrag,rag_multiturn,0.8,low,0,True,0.00026120000000000006,0.011476400000000001,0.011215200000000002,True
mtrag_1c74814752c3f9d4ed0b99c16e1ed192_turn_5_step_1,1c74814752c3f9d4ed0b99c16e1ed192_turn_5,1,low,low,,start,False,mtrag,rag_multiturn,0.8,low,0,True,0.0002841000000000001,0.0122092,0.0119251,True
mtrag_1c74814752c3f9d4ed0b99c16e1ed192_turn_6_step_1,1c74814752c3f9d4ed0b99c16e1ed192_turn_6,1,low,low,,start,False,mtrag,rag_multiturn,0.8,low,0,True,0.00027020000000000006,0.011764400000000001,0.011494200000000001,True
mtrag_1c74814752c3f9d4ed0b99c16e1ed192_turn_9_step_1,1c74814752c3f9d4ed0b99c16e1ed192_turn_9,1,low,low,,start,False,mtrag,rag_multiturn,0.8,low,0,True,0.00042990000000000004,0.016874800000000002,0.016444900000000002,True
mtrag_1dcbbeb35d4d25ba1ffb787a9f2080e2_turn_2_step_1,1dcbbeb35d4d25ba1ffb787a9f2080e2_turn_2,1,mid,mid,,start,False,mtrag,rag_multiturn,0.8,mid,1,True,0.00092,0.010605999999999999,0.009685999999999998,True
mtrag_20c2cbd18c16c12c9c2bbead6aef1a21_turn_1_step_1,20c2cbd18c16c12c9c2bbead6aef1a21_turn_1,1,low,low,,start,False,mtrag,rag_multiturn,0.8,low,0,True,0.0002297,0.0104684,0.0102387,True
mtrag_20c2cbd18c16c12c9c2bbead6aef1a21_turn_4_step_1,20c2cbd18c16c12c9c2bbead6aef1a21_turn_4,1,low,low,,start,False,mtrag,rag_multiturn,0.8,low,0,True,0.0001985,0.00947,0.009271499999999998,True
mtrag_20c2cbd18c16c12c9c2bbead6aef1a21_turn_6_step_1,20c2cbd18c16c12c9c2bbead6aef1a21_turn_6,1,low,low,,start,False,mtrag,rag_multiturn,0.8,low,0,True,0.0002421,0.0108652,0.0106231,True
mtrag_20c2cbd18c16c12c9c2bbead6aef1a21_turn_7_step_1,20c2cbd18c16c12c9c2bbead6aef1a21_turn_7,1,low,low,,start,False,mtrag,rag_multiturn,0.8,low,0,True,0.000299,0.012686,0.012386999999999999,True
mtrag_251e29286cef45d899d7889e94ae25d5_turn_1_step_1,251e29286cef45d899d7889e94ae25d5_turn_1,1,low,low,,start,False,mtrag,rag_multiturn,0.8,low,0,True,0.00017010000000000001,0.0085612,0.0083911,True
mtrag_251e29286cef45d899d7889e94ae25d5_turn_2_step_1,251e29286cef45d899d7889e94ae25d5_turn_2,1,low,low,,start,False,mtrag,rag_multiturn,0.8,low,0,True,0.00028030000000000004,0.0120876,0.0118073,True
mtrag_251e29286cef45d899d7889e94ae25d5_turn_3_step_1,251e29286cef45d899d7889e94ae25d5_turn_3,1,low,low,,start,False,mtrag,rag_multiturn,0.8,low,0,True,0.0002885,0.01235,0.0120615,True
mtrag_251e29286cef45d899d7889e94ae25d5_turn_5_step_1,251e29286cef45d899d7889e94ae25d5_turn_5,1,low,low,,start,False,mtrag,rag_multiturn,0.8,low,0,True,0.000282,0.012142,0.01186,True
mtrag_258193fc88e0e73322e288aa03719260_turn_3_step_1,258193fc88e0e73322e288aa03719260_turn_3,1,low,low,,start,False,mtrag,rag_multiturn,0.8,low,0,True,0.00026560000000000006,0.011617200000000001,0.011351600000000002,True
mtrag_258193fc88e0e73322e288aa03719260_turn_6_step_1,258193fc88e0e73322e288aa03719260_turn_6,1,low,low,,start,False,mtrag,rag_multiturn,0.8,low,0,True,0.0002931,0.0124972,0.0122041,True
mtrag_258193fc88e0e73322e288aa03719260_turn_8_step_1,258193fc88e0e73322e288aa03719260_turn_8,1,low,low,,start,False,mtrag,rag_multiturn,0.8,low,0,True,0.0003663,0.0148396,0.0144733,True
mtrag_29e3ec96a6e8916a0326ebcdab78abae_turn_2_step_1,29e3ec96a6e8916a0326ebcdab78abae_turn_2,1,low,low,,start,False,mtrag,rag_multiturn,0.8,low,0,True,0.0001802,0.008884399999999999,0.008704199999999999,True
mtrag_29e3ec96a6e8916a0326ebcdab78abae_turn_8_step_1,29e3ec96a6e8916a0326ebcdab78abae_turn_8,1,low,low,,start,False,mtrag,rag_multiturn,0.8,low,0,True,0.0002872000000000001,0.0123084,0.012021200000000001,True
mtrag_2b34f5e7861ca9b1b3eab65ad6d6b4b0_turn_4_step_1,2b34f5e7861ca9b1b3eab65ad6d6b4b0_turn_4,1,low,low,,start,False,mtrag,rag_multiturn,0.8,low,0,True,0.0002153,0.0100076,0.0097923,True
mtrag_2cc753bcef23767c18aedad06c4405c4_turn_1_step_1,2cc753bcef23767c18aedad06c4405c4_turn_1,1,low,low,,start,False,mtrag,rag_multiturn,0.8,low,0,True,0.00017230000000000001,0.0086316,0.0084593,True
mtrag_2cc753bcef23767c18aedad06c4405c4_turn_4_step_1,2cc753bcef23767c18aedad06c4405c4_turn_4,1,low,low,,start,False,mtrag,rag_multiturn,0.8,low,0,True,0.00031560000000000003,0.0132172,0.012901600000000001,True
mtrag_2cc753bcef23767c18aedad06c4405c4_turn_6_step_1,2cc753bcef23767c18aedad06c4405c4_turn_6,1,low,low,,start,False,mtrag,rag_multiturn,0.8,low,0,True,0.0003556,0.0144972,0.0141416,True
mtrag_2cc753bcef23767c18aedad06c4405c4_turn_7_step_1,2cc753bcef23767c18aedad06c4405c4_turn_7,1,low,low,,start,False,mtrag,rag_multiturn,0.8,low,0,True,0.00026530000000000005,0.0116076,0.0113423,True
mtrag_2cc753bcef23767c18aedad06c4405c4_turn_9_step_1,2cc753bcef23767c18aedad06c4405c4_turn_9,1,low,low,,start,False,mtrag,rag_multiturn,0.8,low,0,True,0.00032410000000000007,0.0134892,0.013165099999999999,True
mtrag_2f013337236ea4635ad106813275dab7_turn_8_step_1,2f013337236ea4635ad106813275dab7_turn_8,1,low,low,,start,False,mtrag,rag_multiturn,0.8,low,0,True,0.00037210000000000005,0.0150252,0.0146531,True
mtrag_2f94b6fb4c6f941decd0609eb126610b_turn_2_step_1,2f94b6fb4c6f941decd0609eb126610b_turn_2,1,low,low,,start,False,mtrag,rag_multiturn,0.8,low,0,True,0.00020969999999999997,0.0098284,0.009618699999999999,True
mtrag_2f94b6fb4c6f941decd0609eb126610b_turn_3_step_1,2f94b6fb4c6f941decd0609eb126610b_turn_3,1,low,low,,start,False,mtrag,rag_multiturn,0.8,low,0,True,0.00026020000000000004,0.0114444,0.0111842,True
mtrag_34ac6bedd4b35167cc59e289893e206a_turn_9_step_1,34ac6bedd4b35167cc59e289893e206a_turn_9,1,low,low,,start,False,mtrag,rag_multiturn,0.8,low,0,True,0.00040610000000000006,0.0161132,0.0157071,True
mtrag_35e6be0f2049527ae17cf77169cc4f70_turn_4_step_1,35e6be0f2049527ae17cf77169cc4f70_turn_4,1,low,low,,start,False,mtrag,rag_multiturn,0.8,low,0,True,0.00028970000000000005,0.0123884,0.0120987,True
mtrag_3a07680acfb0f951fc3210a8c1a282c9_turn_7_step_1,3a07680acfb0f951fc3210a8c1a282c9_turn_7,1,low,low,,start,False,mtrag,rag_multiturn,0.8,low,0,True,0.0002888,0.0123596,0.0120708,True
mtrag_3f5fa378239f7475baac89fa40288aaa_turn_1_step_1,3f5fa378239f7475baac89fa40288aaa_turn_1,1,low,low,,start,False,mtrag,rag_multiturn,0.8,low,0,True,0.000219,0.010126,0.009907,True
mtrag_3f5fa378239f7475baac89fa40288aaa_turn_3_step_1,3f5fa378239f7475baac89fa40288aaa_turn_3,1,low,low,,start,False,mtrag,rag_multiturn,0.8,low,0,True,0.0001911,0.0092332,0.0090421,True
mtrag_41a4006bfa6841516188c1695ebaf16c_turn_1_step_1,41a4006bfa6841516188c1695ebaf16c_turn_1,1,low,low,,start,False,mtrag,rag_multiturn,0.8,low,0,True,0.00014869999999999998,0.007876399999999999,0.007727699999999999,True
mtrag_41a4006bfa6841516188c1695ebaf16c_turn_4_step_1,41a4006bfa6841516188c1695ebaf16c_turn_4,1,low,low,,start,False,mtrag,rag_multiturn,0.8,low,0,True,0.0001467,0.007812399999999999,0.007665699999999999,True
mtrag_41a4006bfa6841516188c1695ebaf16c_turn_6_step_1,41a4006bfa6841516188c1695ebaf16c_turn_6,1,low,low,,start,False,mtrag,rag_multiturn,0.8,low,0,True,0.00018310000000000003,0.008977200000000001,0.008794100000000001,True
mtrag_41a4006bfa6841516188c1695ebaf16c_turn_7_step_1,41a4006bfa6841516188c1695ebaf16c_turn_7,1,low,low,,start,False,mtrag,rag_multiturn,0.8,low,0,True,0.00024170000000000002,0.010852400000000002,0.010610700000000002,True
mtrag_4751cd8210b4adb8bce5cbc3fe913096_turn_1_step_1,4751cd8210b4adb8bce5cbc3fe913096_turn_1,1,low,low,,start,False,mtrag,rag_multiturn,0.8,low,0,True,0.0001785,0.00883,0.0086515,True
mtrag_4751cd8210b4adb8bce5cbc3fe913096_turn_3_step_1,4751cd8210b4adb8bce5cbc3fe913096_turn_3,1,low,low,,start,False,mtrag,rag_multiturn,0.8,low,0,True,0.00018140000000000002,0.008922799999999998,0.008741399999999998,True
mtrag_4751cd8210b4adb8bce5cbc3fe913096_turn_6_step_1,4751cd8210b4adb8bce5cbc3fe913096_turn_6,1,low,low,,start,False,mtrag,rag_multiturn,0.8,low,0,True,0.00033380000000000004,0.0137996,0.0134658,True
mtrag_4751cd8210b4adb8bce5cbc3fe913096_turn_7_step_1,4751cd8210b4adb8bce5cbc3fe913096_turn_7,1,low,low,,start,False,mtrag,rag_multiturn,0.8,low,0,True,0.00025590000000000004,0.011306799999999999,0.011050899999999999,True
mtrag_47b2471404382af6e973013ab1cf96b9_turn_1_step_1,47b2471404382af6e973013ab1cf96b9_turn_1,1,low,low,,start,False,mtrag,rag_multiturn,0.8,low,0,True,0.0002095,0.009822,0.0096125,True
mtrag_47b2471404382af6e973013ab1cf96b9_turn_9_step_1,47b2471404382af6e973013ab1cf96b9_turn_9,1,mid_high,mid_high,,start,False,mtrag,rag_multiturn,0.8,mid_high,2,True,0.0051886,0.0161292,0.0109406,True
mtrag_4a8369b7403e54df94d7fa495a4eff27_turn_2_step_1,4a8369b7403e54df94d7fa495a4eff27_turn_2,1,low,low,,start,False,mtrag,rag_multiturn,0.8,low,0,True,0.0002334,0.010586799999999999,0.010353399999999999,True
mtrag_4a8369b7403e54df94d7fa495a4eff27_turn_5_step_1,4a8369b7403e54df94d7fa495a4eff27_turn_5,1,low,low,,start,False,mtrag,rag_multiturn,0.8,low,0,True,0.00038250000000000003,0.015358,0.0149755,True
mtrag_4c86c8740c3d49e06b7aca9d308119fa_turn_1_step_1,4c86c8740c3d49e06b7aca9d308119fa_turn_1,1,low,low,,start,False,mtrag,rag_multiturn,0.8,low,0,True,0.0002282,0.0104204,0.0101922,True
mtrag_4c86c8740c3d49e06b7aca9d308119fa_turn_3_step_1,4c86c8740c3d49e06b7aca9d308119fa_turn_3,1,low,low,,start,False,mtrag,rag_multiturn,0.8,low,0,True,0.00025610000000000005,0.0113132,0.0110571,True
mtrag_4da5a7f42f3b2dc4d875dcfa2fcdefef_turn_5_step_1,4da5a7f42f3b2dc4d875dcfa2fcdefef_turn_5,1,low,low,,start,False,mtrag,rag_multiturn,0.8,low,0,True,0.00024490000000000004,0.010954799999999999,0.0107099,True
mtrag_5503c6e98c54d4901332d0f1c6030bd9_turn_3_step_1,5503c6e98c54d4901332d0f1c6030bd9_turn_3,1,low,low,,start,False,mtrag,rag_multiturn,0.8,low,0,True,0.0003467000000000001,0.014212400000000002,0.013865700000000002,True
mtrag_5503c6e98c54d4901332d0f1c6030bd9_turn_4_step_1,5503c6e98c54d4901332d0f1c6030bd9_turn_4,1,low,low,,start,False,mtrag,rag_multiturn,0.8,low,0,True,0.0002062,0.0097164,0.0095102,True
mtrag_5503c6e98c54d4901332d0f1c6030bd9_turn_6_step_1,5503c6e98c54d4901332d0f1c6030bd9_turn_6,1,low,low,,start,False,mtrag,rag_multiturn,0.8,low,0,True,0.00036970000000000004,0.014948399999999999,0.014578699999999998,True
mtrag_5600fe1c05a1fc415416d9dee6347000_turn_1_step_1,5600fe1c05a1fc415416d9dee6347000_turn_1,1,low,low,,start,False,mtrag,rag_multiturn,0.8,low,0,True,0.0002764,0.011962799999999999,0.0116864,True
mtrag_5600fe1c05a1fc415416d9dee6347000_turn_2_step_1,5600fe1c05a1fc415416d9dee6347000_turn_2,1,low,low,,start,False,mtrag,rag_multiturn,0.8,low,0,True,0.0001754,0.008730799999999999,0.0085554,True
mtrag_5600fe1c05a1fc415416d9dee6347000_turn_5_step_1,5600fe1c05a1fc415416d9dee6347000_turn_5,1,low,low,,start,False,mtrag,rag_multiturn,0.8,low,0,True,0.0006239,0.0230828,0.0224589,True
mtrag_5600fe1c05a1fc415416d9dee6347000_turn_6_step_1,5600fe1c05a1fc415416d9dee6347000_turn_6,1,low,low,,start,False,mtrag,rag_multiturn,0.8,low,0,True,0.0003087000000000001,0.012996400000000002,0.012687700000000001,True
mtrag_5815bb4a99e2a0d8a986348da4c49083_turn_1_step_1,5815bb4a99e2a0d8a986348da4c49083_turn_1,1,low,low,,start,False,mtrag,rag_multiturn,0.8,low,0,True,0.0002182,0.010100399999999999,0.009882199999999999,True
mtrag_5815bb4a99e2a0d8a986348da4c49083_turn_2_step_1,5815bb4a99e2a0d8a986348da4c49083_turn_2,1,high,high,,start,False,mtrag,rag_multiturn,0.8,high,3,True,0.008948399999999999,0.008948399999999999,0.0,True
mtrag_5815bb4a99e2a0d8a986348da4c49083_turn_3_step_1,5815bb4a99e2a0d8a986348da4c49083_turn_3,1,low,low,,start,False,mtrag,rag_multiturn,0.8,low,0,True,0.0003554,0.014490799999999998,0.014135399999999998,True
mtrag_5815bb4a99e2a0d8a986348da4c49083_turn_4_step_1,5815bb4a99e2a0d8a986348da4c49083_turn_4,1,low,low,,start,False,mtrag,rag_multiturn,0.8,low,0,True,0.0003767,0.015172399999999999,0.014795699999999998,True
mtrag_5815bb4a99e2a0d8a986348da4c49083_turn_6_step_1,5815bb4a99e2a0d8a986348da4c49083_turn_6,1,low,low,,start,False,mtrag,rag_multiturn,0.8,low,0,True,0.00039600000000000003,0.01579,0.015393999999999998,True
mtrag_5815bb4a99e2a0d8a986348da4c49083_turn_8_step_1,5815bb4a99e2a0d8a986348da4c49083_turn_8,1,low,low,,start,False,mtrag,rag_multiturn,0.8,low,0,True,0.0003394,0.0139788,0.0136394,True
mtrag_5b2404d71f9ff7edabddb3b1a8b329e7_turn_7_step_1,5b2404d71f9ff7edabddb3b1a8b329e7_turn_7,1,low,low,,start,False,mtrag,rag_multiturn,0.8,low,0,True,0.0003287000000000001,0.013636400000000002,0.013307700000000002,True
mtrag_5b9edac124aea30a2256705d27226d7f_turn_3_step_1,5b9edac124aea30a2256705d27226d7f_turn_3,1,low,low,,start,False,mtrag,rag_multiturn,0.8,low,0,True,0.00025800000000000004,0.011374,0.011116000000000001,True
mtrag_5c13daa9432149f6243aa1115629cd1a_turn_1_step_1,5c13daa9432149f6243aa1115629cd1a_turn_1,1,low,low,,start,False,mtrag,rag_multiturn,0.8,low,0,True,0.0001709,0.008586799999999999,0.008415899999999999,True
mtrag_5c13daa9432149f6243aa1115629cd1a_turn_2_step_1,5c13daa9432149f6243aa1115629cd1a_turn_2,1,low,low,,start,False,mtrag,rag_multiturn,0.8,low,0,True,0.0001818,0.0089356,0.0087538,True
mtrag_5c13daa9432149f6243aa1115629cd1a_turn_4_step_1,5c13daa9432149f6243aa1115629cd1a_turn_4,1,low,low,,start,False,mtrag,rag_multiturn,0.8,low,0,True,0.0002355,0.010654,0.0104185,True
mtrag_5e79e465134d923edf68580733a81c68_turn_2_step_1,5e79e465134d923edf68580733a81c68_turn_2,1,low,low,,start,False,mtrag,rag_multiturn,0.8,low,0,True,0.00023030000000000001,0.0104876,0.0102573,True
mtrag_5e79e465134d923edf68580733a81c68_turn_3_step_1,5e79e465134d923edf68580733a81c68_turn_3,1,low,low,,start,False,mtrag,rag_multiturn,0.8,low,0,True,0.000234,0.010605999999999999,0.010372,True
mtrag_5e79e465134d923edf68580733a81c68_turn_4_step_1,5e79e465134d923edf68580733a81c68_turn_4,1,low,low,,start,False,mtrag,rag_multiturn,0.8,low,0,True,0.00029630000000000005,0.0125996,0.012303300000000001,True
mtrag_5f9ccf0a4ff691fc482432af64cc3c9d_turn_5_step_1,5f9ccf0a4ff691fc482432af64cc3c9d_turn_5,1,mid,mid,,start,False,mtrag,rag_multiturn,0.8,mid,1,True,0.0014639000000000002,0.0155788,0.0141149,True
mtrag_61374b240d5742f957706d00f9ed0dd6_turn_2_step_1,61374b240d5742f957706d00f9ed0dd6_turn_2,1,low,low,,start,False,mtrag,rag_multiturn,0.8,low,0,True,0.0002479,0.0110508,0.010802899999999999,True
mtrag_61374b240d5742f957706d00f9ed0dd6_turn_7_step_1,61374b240d5742f957706d00f9ed0dd6_turn_7,1,low,low,,start,False,mtrag,rag_multiturn,0.8,low,0,True,0.0002642,0.011572400000000002,0.011308200000000001,True
mtrag_62a5aee8a497bee6fc467df13bf23cfc_turn_4_step_1,62a5aee8a497bee6fc467df13bf23cfc_turn_4,1,low,low,,start,False,mtrag,rag_multiturn,0.8,low,0,True,0.00026510000000000005,0.0116012,0.0113361,True
mtrag_6495c82abb6bef2d8efd06020cde3adf_turn_2_step_1,6495c82abb6bef2d8efd06020cde3adf_turn_2,1,low,low,,start,False,mtrag,rag_multiturn,0.8,low,0,True,0.00032170000000000007,0.013412400000000001,0.013090700000000002,True
mtrag_6528deeee4180c1b2b770a2929482e82_turn_3_step_1,6528deeee4180c1b2b770a2929482e82_turn_3,1,low,low,,start,False,mtrag,rag_multiturn,0.8,low,0,True,0.00022419999999999997,0.010292399999999998,0.010068199999999998,True
mtrag_674aa142d92a6b4262de254df0c3f7b2_turn_2_step_1,674aa142d92a6b4262de254df0c3f7b2_turn_2,1,low,low,,start,False,mtrag,rag_multiturn,0.8,low,0,True,0.00028070000000000005,0.0121004,0.0118197,True
mtrag_674aa142d92a6b4262de254df0c3f7b2_turn_3_step_1,674aa142d92a6b4262de254df0c3f7b2_turn_3,1,low,low,,start,False,mtrag,rag_multiturn,0.8,low,0,True,0.0002297,0.0104684,0.0102387,True
mtrag_6a738cc02c5aa0b74319acd0e8a809dd_turn_8_step_1,6a738cc02c5aa0b74319acd0e8a809dd_turn_8,1,low,low,,start,False,mtrag,rag_multiturn,0.8,low,0,True,0.0002457,0.010980400000000001,0.010734700000000002,True
mtrag_6af5334fbd010b919d7fa174823abd12_turn_2_step_1,6af5334fbd010b919d7fa174823abd12_turn_2,1,low,low,,start,False,mtrag,rag_multiturn,0.8,low,0,True,0.00026520000000000005,0.0116044,0.0113392,True
mtrag_717ca9138f07b4621887812f47499d74_turn_2_step_1,717ca9138f07b4621887812f47499d74_turn_2,1,low,low,,start,False,mtrag,rag_multiturn,0.8,low,0,True,0.00020060000000000002,0.009537200000000001,0.0093366,True
mtrag_717ca9138f07b4621887812f47499d74_turn_3_step_1,717ca9138f07b4621887812f47499d74_turn_3,1,low,low,,start,False,mtrag,rag_multiturn,0.8,low,0,True,0.00019860000000000003,0.009473200000000001,0.009274600000000001,True
mtrag_717ca9138f07b4621887812f47499d74_turn_8_step_1,717ca9138f07b4621887812f47499d74_turn_8,1,mid,mid,,start,False,mtrag,rag_multiturn,0.8,mid,1,True,0.00116885,0.0128812,0.01171235,True
mtrag_72ba19c38518da1fc894fc638a2802f7_turn_4_step_1,72ba19c38518da1fc894fc638a2802f7_turn_4,1,low,low,,start,False,mtrag,rag_multiturn,0.8,low,0,True,0.00031200000000000005,0.013101999999999999,0.01279,True
mtrag_72ba19c38518da1fc894fc638a2802f7_turn_6_step_1,72ba19c38518da1fc894fc638a2802f7_turn_6,1,low,low,,start,False,mtrag,rag_multiturn,0.8,low,0,True,0.00038350000000000005,0.01539,0.015006499999999999,True
mtrag_747a810abfd6da4a9c37cdb74feec95e_turn_1_step_1,747a810abfd6da4a9c37cdb74feec95e_turn_1,1,mid,mid,,start,False,mtrag,rag_multiturn,0.8,mid,1,True,0.0009413500000000001,0.0108012,0.00985985,True
mtrag_747a810abfd6da4a9c37cdb74feec95e_turn_2_step_1,747a810abfd6da4a9c37cdb74feec95e_turn_2,1,low,low,,start,False,mtrag,rag_multiturn,0.8,low,0,True,0.00028980000000000005,0.0123916,0.0121018,True
mtrag_747a810abfd6da4a9c37cdb74feec95e_turn_7_step_1,747a810abfd6da4a9c37cdb74feec95e_turn_7,1,low,low,,start,False,mtrag,rag_multiturn,0.8,low,0,True,0.00037450000000000005,0.015101999999999999,0.0147275,True
mtrag_79f0d0539d9ec0acbf90cb3388b30c17_turn_1_step_1,79f0d0539d9ec0acbf90cb3388b30c17_turn_1,1,low,low,,start,False,mtrag,rag_multiturn,0.8,low,0,True,0.0001528,0.0080076,0.0078548,True
mtrag_79f0d0539d9ec0acbf90cb3388b30c17_turn_5_step_1,79f0d0539d9ec0acbf90cb3388b30c17_turn_5,1,low,low,,start,False,mtrag,rag_multiturn,0.8,low,0,True,0.0002639,0.011562799999999998,0.011298899999999999,True
mtrag_7cb06b3f8068674fce61a11e9777f708_turn_2_step_1,7cb06b3f8068674fce61a11e9777f708_turn_2,1,low,low,,start,False,mtrag,rag_multiturn,0.8,low,0,True,0.0001973,0.0094316,0.0092343,True
mtrag_7cb06b3f8068674fce61a11e9777f708_turn_4_step_1,7cb06b3f8068674fce61a11e9777f708_turn_4,1,low,low,,start,False,mtrag,rag_multiturn,0.8,low,0,True,0.00029560000000000003,0.0125772,0.0122816,True
mtrag_7cb06b3f8068674fce61a11e9777f708_turn_5_step_1,7cb06b3f8068674fce61a11e9777f708_turn_5,1,low,low,,start,False,mtrag,rag_multiturn,0.8,low,0,True,0.00033650000000000005,0.013885999999999999,0.013549499999999999,True
mtrag_7cb06b3f8068674fce61a11e9777f708_turn_7_step_1,7cb06b3f8068674fce61a11e9777f708_turn_7,1,low,low,,start,False,mtrag,rag_multiturn,0.8,low,0,True,0.00032760000000000005,0.0136012,0.0132736,True
mtrag_8040ccdfc0a0ffb8e3f82d94f92ddb5c_turn_3_step_1,8040ccdfc0a0ffb8e3f82d94f92ddb5c_turn_3,1,low,low,,start,False,mtrag,rag_multiturn,0.8,low,0,True,0.0001773,0.0087916,0.0086143,True
mtrag_81afaf82a0d9a5fad6eaa196f8d9641c_turn_8_step_1,81afaf82a0d9a5fad6eaa196f8d9641c_turn_8,1,low,low,,start,False,mtrag,rag_multiturn,0.8,low,0,True,0.0004604000000000001,0.017850800000000003,0.017390400000000004,True
mtrag_91204c45fc829e328f9a3643d9dd4c2b_turn_1_step_1,91204c45fc829e328f9a3643d9dd4c2b_turn_1,1,low,low,,start,False,mtrag,rag_multiturn,0.8,low,0,True,0.000176,0.008749999999999999,0.008573999999999998,True
mtrag_91204c45fc829e328f9a3643d9dd4c2b_turn_2_step_1,91204c45fc829e328f9a3643d9dd4c2b_turn_2,1,low,low,,start,False,mtrag,rag_multiturn,0.8,low,0,True,0.00018119999999999999,0.0089164,0.0087352,True
mtrag_91204c45fc829e328f9a3643d9dd4c2b_turn_6_step_1,91204c45fc829e328f9a3643d9dd4c2b_turn_6,1,low,low,,start,False,mtrag,rag_multiturn,0.8,low,0,True,0.00019240000000000001,0.0092748,0.0090824,True
mtrag_91204c45fc829e328f9a3643d9dd4c2b_turn_8_step_1,91204c45fc829e328f9a3643d9dd4c2b_turn_8,1,low,low,,start,False,mtrag,rag_multiturn,0.8,low,0,True,0.0002195,0.010142,0.0099225,True
mtrag_91715ec6ec7e9a11925e58e707b6626e_turn_6_step_1,91715ec6ec7e9a11925e58e707b6626e_turn_6,1,low,low,,start,False,mtrag,rag_multiturn,0.8,low,0,True,0.00029420000000000005,0.0125324,0.012238200000000001,True
mtrag_94d04f2cd47fee9a0aaa13fa3ae1de53_turn_1_step_1,94d04f2cd47fee9a0aaa13fa3ae1de53_turn_1,1,low,low,,start,False,mtrag,rag_multiturn,0.8,low,0,True,0.0001792,0.0088524,0.0086732,True
mtrag_94d04f2cd47fee9a0aaa13fa3ae1de53_turn_6_step_1,94d04f2cd47fee9a0aaa13fa3ae1de53_turn_6,1,low,low,,start,False,mtrag,rag_multiturn,0.8,low,0,True,0.0002829,0.012170799999999999,0.0118879,True
mtrag_95a0893567c7519c090ecbcdd14daccd_turn_1_step_1,95a0893567c7519c090ecbcdd14daccd_turn_1,1,low,low,,start,False,mtrag,rag_multiturn,0.8,low,0,True,0.00023119999999999998,0.010516399999999999,0.010285199999999998,True
mtrag_95a0893567c7519c090ecbcdd14daccd_turn_2_step_1,95a0893567c7519c090ecbcdd14daccd_turn_2,1,low,low,,start,False,mtrag,rag_multiturn,0.8,low,0,True,0.00026370000000000007,0.011556400000000001,0.011292700000000001,True
mtrag_95a0893567c7519c090ecbcdd14daccd_turn_6_step_1,95a0893567c7519c090ecbcdd14daccd_turn_6,1,low,low,,start,False,mtrag,rag_multiturn,0.8,low,0,True,0.00025870000000000005,0.011396400000000001,0.0111377,True
mtrag_9c52934a9aea1c3647d4b558d8afdf1c_turn_3_step_1,9c52934a9aea1c3647d4b558d8afdf1c_turn_3,1,low,low,,start,False,mtrag,rag_multiturn,0.8,low,0,True,0.0002617,0.011492400000000002,0.011230700000000001,True
mtrag_9c52934a9aea1c3647d4b558d8afdf1c_turn_9_step_1,9c52934a9aea1c3647d4b558d8afdf1c_turn_9,1,low,low,,start,False,mtrag,rag_multiturn,0.8,low,0,True,0.00035200000000000005,0.014381999999999999,0.014029999999999999,True
qmsum_ES2004a_gen_0_step_1,ES2004a_gen_0,1,low,low,,start,False,qmsum,meeting_query_summarization,0.8,low,0,True,0.000635,0.023438,0.022803,True
qmsum_ES2004a_spec_0_step_1,ES2004a_spec_0,1,low,low,,start,False,qmsum,meeting_query_summarization,0.8,low,0,True,0.00036930000000000003,0.0149356,0.0145663,True
qmsum_ES2004a_spec_1_step_1,ES2004a_spec_1,1,low,low,,start,False,qmsum,meeting_query_summarization,0.8,low,0,True,0.0001889,0.009162799999999999,0.008973899999999998,True
qmsum_ES2004a_spec_2_step_1,ES2004a_spec_2,1,mid,mid,,start,False,qmsum,meeting_query_summarization,0.8,mid,1,True,0.0006151500000000001,0.0078188,0.007203650000000001,True
qmsum_ES2004a_spec_3_step_1,ES2004a_spec_3,1,low,low,,start,False,qmsum,meeting_query_summarization,0.8,low,0,True,0.0001717,0.0086124,0.008440699999999999,True
qmsum_ES2004a_spec_5_step_1,ES2004a_spec_5,1,low,low,,start,False,qmsum,meeting_query_summarization,0.8,low,0,True,0.0001362,0.007476399999999999,0.007340199999999999,True
qmsum_ES2004b_gen_0_step_1,ES2004b_gen_0,1,low,low,,start,False,qmsum,meeting_query_summarization,0.8,low,0,True,0.00026250000000000004,0.011517999999999999,0.011255499999999998,True
qmsum_ES2004b_spec_0_step_1,ES2004b_spec_0,1,low,low,,start,False,qmsum,meeting_query_summarization,0.8,low,0,True,0.0003579,0.014570799999999998,0.014212899999999999,True
qmsum_ES2004b_spec_1_step_1,ES2004b_spec_1,1,low,low,,start,False,qmsum,meeting_query_summarization,0.8,low,0,True,0.0001819,0.008938799999999998,0.008756899999999998,True
qmsum_ES2004b_spec_2_step_1,ES2004b_spec_2,1,low,low,,start,False,qmsum,meeting_query_summarization,0.8,low,0,True,0.0008862000000000001,0.0314764,0.0305902,True
qmsum_ES2004b_spec_3_step_1,ES2004b_spec_3,1,low,low,,start,False,qmsum,meeting_query_summarization,0.8,low,0,True,0.000196,0.009389999999999999,0.009193999999999999,True
qmsum_ES2004b_spec_4_step_1,ES2004b_spec_4,1,low,low,,start,False,qmsum,meeting_query_summarization,0.8,low,0,True,0.00016240000000000002,0.008314799999999999,0.008152399999999999,True
qmsum_ES2004b_spec_5_step_1,ES2004b_spec_5,1,low,low,,start,False,qmsum,meeting_query_summarization,0.8,low,0,True,0.0002485,0.01107,0.0108215,True
qmsum_ES2004c_gen_0_step_1,ES2004c_gen_0,1,low,low,,start,False,qmsum,meeting_query_summarization,0.8,low,0,True,0.00026250000000000004,0.011517999999999999,0.011255499999999998,True
qmsum_ES2004c_gen_1_step_1,ES2004c_gen_1,1,low,low,,start,False,qmsum,meeting_query_summarization,0.8,low,0,True,0.00026250000000000004,0.011517999999999999,0.011255499999999998,True
qmsum_ES2004c_spec_0_step_1,ES2004c_spec_0,1,low,low,,start,False,qmsum,meeting_query_summarization,0.8,low,0,True,0.0001393,0.0075756,0.0074363,True
qmsum_ES2004c_spec_1_step_1,ES2004c_spec_1,1,low,low,,start,False,qmsum,meeting_query_summarization,0.8,low,0,True,0.00017860000000000003,0.008833200000000001,0.008654600000000002,True
qmsum_ES2004c_spec_2_step_1,ES2004c_spec_2,1,low,low,,start,False,qmsum,meeting_query_summarization,0.8,low,0,True,0.00016209999999999998,0.0083052,0.0081431,True
qmsum_ES2004c_spec_3_step_1,ES2004c_spec_3,1,low,low,,start,False,qmsum,meeting_query_summarization,0.8,low,0,True,0.00038800000000000005,0.015534,0.015146,True
qmsum_ES2004c_spec_4_step_1,ES2004c_spec_4,1,low,low,,start,False,qmsum,meeting_query_summarization,0.8,low,0,True,0.0002172,0.0100684,0.0098512,True
qmsum_ES2004c_spec_5_step_1,ES2004c_spec_5,1,low,low,,start,False,qmsum,meeting_query_summarization,0.8,low,0,True,0.0001937,0.009316399999999999,0.0091227,True
qmsum_ES2004c_spec_6_step_1,ES2004c_spec_6,1,low,low,,start,False,qmsum,meeting_query_summarization,0.8,low,0,True,0.000154,0.008046,0.007892,True
qmsum_ES2004c_spec_7_step_1,ES2004c_spec_7,1,low,low,,start,False,qmsum,meeting_query_summarization,0.8,low,0,True,0.00016869999999999998,0.008516399999999999,0.008347699999999998,True
qmsum_ES2004c_spec_8_step_1,ES2004c_spec_8,1,low,low,,start,False,qmsum,meeting_query_summarization,0.8,low,0,True,0.0007461000000000001,0.026993200000000002,0.026247100000000002,True
qmsum_ES2004c_spec_9_step_1,ES2004c_spec_9,1,low,low,,start,False,qmsum,meeting_query_summarization,0.8,low,0,True,0.0002975,0.012638,0.0123405,True
qmsum_ES2004d_gen_0_step_1,ES2004d_gen_0,1,low,low,,start,False,qmsum,meeting_query_summarization,0.8,low,0,True,0.00026250000000000004,0.011517999999999999,0.011255499999999998,True
qmsum_ES2004d_spec_0_step_1,ES2004d_spec_0,1,low,low,,start,False,qmsum,meeting_query_summarization,0.8,low,0,True,0.00044960000000000003,0.017505200000000002,0.0170556,True
qmsum_ES2004d_spec_1_step_1,ES2004d_spec_1,1,mid,mid,,start,False,qmsum,meeting_query_summarization,0.8,mid,1,True,0.0006515500000000001,0.0081516,0.00750005,True
qmsum_ES2004d_spec_2_step_1,ES2004d_spec_2,1,low,low,,start,False,qmsum,meeting_query_summarization,0.8,low,0,True,0.00016109999999999999,0.0082732,0.008112099999999999,True
qmsum_ES2004d_spec_3_step_1,ES2004d_spec_3,1,low,low,,start,False,qmsum,meeting_query_summarization,0.8,low,0,True,0.0004142000000000001,0.016372400000000002,0.015958200000000002,True
qmsum_ES2004d_spec_4_step_1,ES2004d_spec_4,1,low,low,,start,False,qmsum,meeting_query_summarization,0.8,low,0,True,0.0001629,0.0083308,0.008167899999999999,True
qmsum_ES2004d_spec_5_step_1,ES2004d_spec_5,1,low,low,,start,False,qmsum,meeting_query_summarization,0.8,low,0,True,0.00019660000000000004,0.0094092,0.0092126,True
qmsum_ES2011a_gen_0_step_1,ES2011a_gen_0,1,low,low,,start,False,qmsum,meeting_query_summarization,0.8,low,0,True,0.000619,0.022926,0.022306999999999997,True
qmsum_ES2011a_spec_0_step_1,ES2011a_spec_0,1,low,low,,start,False,qmsum,meeting_query_summarization,0.8,low,0,True,0.0002984,0.012666799999999999,0.012368399999999998,True
qmsum_ES2011a_spec_1_step_1,ES2011a_spec_1,1,low,low,,start,False,qmsum,meeting_query_summarization,0.8,low,0,True,0.00018830000000000002,0.0091436,0.0089553,True
qmsum_ES2011a_spec_2_step_1,ES2011a_spec_2,1,low,low,,start,False,qmsum,meeting_query_summarization,0.8,low,0,True,0.00015780000000000001,0.0081676,0.008009800000000001,True
qmsum_ES2011a_spec_3_step_1,ES2011a_spec_3,1,low,low,,start,False,qmsum,meeting_query_summarization,0.8,low,0,True,0.0002037,0.0096364,0.0094327,True
qmsum_ES2011a_spec_4_step_1,ES2011a_spec_4,1,low,low,,start,False,qmsum,meeting_query_summarization,0.8,low,0,True,0.0001372,0.007508399999999999,0.0073712,True
qmsum_ES2011a_spec_5_step_1,ES2011a_spec_5,1,low,low,,start,False,qmsum,meeting_query_summarization,0.8,low,0,True,0.0001424,0.0076748,0.0075324,True
qmsum_ES2011b_gen_0_step_1,ES2011b_gen_0,1,low,low,,start,False,qmsum,meeting_query_summarization,0.8,low,0,True,0.0009199000000000001,0.03255480000000001,0.03163490000000001,True
qmsum_ES2011b_spec_0_step_1,ES2011b_spec_0,1,mid_high,mid_high,,start,False,qmsum,meeting_query_summarization,0.8,mid_high,2,True,0.0035155,0.011262,0.0077465,True
qmsum_ES2011b_spec_1_step_1,ES2011b_spec_1,1,low,low,,start,False,qmsum,meeting_query_summarization,0.8,low,0,True,0.000233,0.010574,0.010341,True
qmsum_ES2011b_spec_2_step_1,ES2011b_spec_2,1,low,low,,start,False,qmsum,meeting_query_summarization,0.8,low,0,True,0.00015769999999999998,0.008164399999999999,0.008006699999999999,True
qmsum_ES2011b_spec_3_step_1,ES2011b_spec_3,1,low,low,,start,False,qmsum,meeting_query_summarization,0.8,low,0,True,0.0001678,0.0084876,0.0083198,True
qmsum_ES2011c_gen_0_step_1,ES2011c_gen_0,1,low,low,,start,False,qmsum,meeting_query_summarization,0.8,low,0,True,0.00026250000000000004,0.011517999999999999,0.011255499999999998,True
qmsum_ES2011c_spec_0_step_1,ES2011c_spec_0,1,low,low,,start,False,qmsum,meeting_query_summarization,0.8,low,0,True,0.0002843,0.0122156,0.0119313,True
qmsum_ES2011c_spec_1_step_1,ES2011c_spec_1,1,low,low,,start,False,qmsum,meeting_query_summarization,0.8,low,0,True,0.0001694,0.0085388,0.008369399999999999,True
qmsum_ES2011c_spec_2_step_1,ES2011c_spec_2,1,low,low,,start,False,qmsum,meeting_query_summarization,0.8,low,0,True,0.0003418,0.0140556,0.0137138,True
qmsum_ES2011c_spec_4_step_1,ES2011c_spec_4,1,low,low,,start,False,qmsum,meeting_query_summarization,0.8,low,0,True,0.0001406,0.007617199999999999,0.007476599999999999,True
qmsum_ES2011c_spec_5_step_1,ES2011c_spec_5,1,low,low,,start,False,qmsum,meeting_query_summarization,0.8,low,0,True,0.0001373,0.0075116,0.0073743,True
qmsum_ES2011d_gen_0_step_1,ES2011d_gen_0,1,low,low,,start,False,qmsum,meeting_query_summarization,0.8,low,0,True,0.00026250000000000004,0.011517999999999999,0.011255499999999998,True
qmsum_ES2011d_spec_0_step_1,ES2011d_spec_0,1,mid,mid,,start,False,qmsum,meeting_query_summarization,0.8,mid,1,True,0.0017781999999999997,0.0184524,0.0166742,True
qmsum_ES2011d_spec_1_step_1,ES2011d_spec_1,1,low,low,,start,False,qmsum,meeting_query_summarization,0.8,low,0,True,0.00036520000000000004,0.014804399999999999,0.0144392,True
qmsum_ES2011d_spec_2_step_1,ES2011d_spec_2,1,low,low,,start,False,qmsum,meeting_query_summarization,0.8,low,0,True,0.0004497000000000001,0.0175084,0.0170587,True
qmsum_ES2011d_spec_3_step_1,ES2011d_spec_3,1,low,low,,start,False,qmsum,meeting_query_summarization,0.8,low,0,True,0.00036560000000000005,0.0148172,0.0144516,True
qmsum_ES2011d_spec_4_step_1,ES2011d_spec_4,1,low,low,,start,False,qmsum,meeting_query_summarization,0.8,low,0,True,0.0001495,0.007902,0.007752499999999999,True
qmsum_ES2011d_spec_5_step_1,ES2011d_spec_5,1,low,low,,start,False,qmsum,meeting_query_summarization,0.8,low,0,True,0.0001955,0.009374,0.009178500000000001,True
qmsum_IS1003a_gen_0_step_1,IS1003a_gen_0,1,low,low,,start,False,qmsum,meeting_query_summarization,0.8,low,0,True,0.0004937,0.0189164,0.0184227,True
qmsum_IS1003a_spec_0_step_1,IS1003a_spec_0,1,low,low,,start,False,qmsum,meeting_query_summarization,0.8,low,0,True,0.0001909,0.009226799999999999,0.009035899999999998,True
qmsum_IS1003a_spec_1_step_1,IS1003a_spec_1,1,low,low,,start,False,qmsum,meeting_query_summarization,0.8,low,0,True,0.0001414,0.0076428,0.0075014,True
qmsum_IS1003a_spec_2_step_1,IS1003a_spec_2,1,low,low,,start,False,qmsum,meeting_query_summarization,0.8,low,0,True,0.0001393,0.0075756,0.0074363,True
qmsum_IS1003a_spec_3_step_1,IS1003a_spec_3,1,low,low,,start,False,qmsum,meeting_query_summarization,0.8,low,0,True,0.00021660000000000003,0.010049200000000001,0.0098326,True
qmsum_IS1003a_spec_4_step_1,IS1003a_spec_4,1,low,low,,start,False,qmsum,meeting_query_summarization,0.8,low,0,True,0.0001399,0.0075948,0.0074548999999999995,True
qmsum_IS1003b_gen_0_step_1,IS1003b_gen_0,1,low,low,,start,False,qmsum,meeting_query_summarization,0.8,low,0,True,0.0008452,0.0301644,0.0293192,True
qmsum_IS1003b_spec_0_step_1,IS1003b_spec_0,1,low,low,,start,False,qmsum,meeting_query_summarization,0.8,low,0,True,0.00031860000000000005,0.0133132,0.0129946,True
qmsum_IS1003b_spec_1_step_1,IS1003b_spec_1,1,low,low,,start,False,qmsum,meeting_query_summarization,0.8,low,0,True,0.00018710000000000002,0.0091052,0.0089181,True
qmsum_IS1003b_spec_2_step_1,IS1003b_spec_2,1,low,low,,start,False,qmsum,meeting_query_summarization,0.8,low,0,True,0.0001471,0.0078252,0.007678099999999999,True
qmsum_IS1003b_spec_3_step_1,IS1003b_spec_3,1,low,low,,start,False,qmsum,meeting_query_summarization,0.8,low,0,True,0.0004094000000000001,0.016218800000000002,0.0158094,True
qmsum_IS1003b_spec_4_step_1,IS1003b_spec_4,1,mid,mid,,start,False,qmsum,meeting_query_summarization,0.8,mid,1,True,0.0008562999999999999,0.0100236,0.0091673,True
qmsum_IS1003b_spec_5_step_1,IS1003b_spec_5,1,low,low,,start,False,qmsum,meeting_query_summarization,0.8,low,0,True,0.0001656,0.0084172,0.0082516,True
qmsum_IS1003b_spec_6_step_1,IS1003b_spec_6,1,low,low,,start,False,qmsum,meeting_query_summarization,0.8,low,0,True,0.00025120000000000003,0.0111564,0.0109052,True
qmsum_IS1003b_spec_7_step_1,IS1003b_spec_7,1,low,low,,start,False,qmsum,meeting_query_summarization,0.8,low,0,True,0.0001494,0.0078988,0.007749399999999999,True
qmsum_IS1003b_spec_8_step_1,IS1003b_spec_8,1,low,low,,start,False,qmsum,meeting_query_summarization,0.8,low,0,True,0.00017230000000000001,0.0086316,0.0084593,True
qmsum_IS1003c_gen_0_step_1,IS1003c_gen_0,1,low,low,,start,False,qmsum,meeting_query_summarization,0.8,low,0,True,0.00026250000000000004,0.011517999999999999,0.011255499999999998,True
qmsum_IS1003c_spec_0_step_1,IS1003c_spec_0,1,mid_high,mid_high,,start,False,qmsum,meeting_query_summarization,0.8,mid_high,2,True,0.008458900000000002,0.0256428,0.0171839,True
qmsum_IS1003c_spec_1_step_1,IS1003c_spec_1,1,low,low,,start,False,qmsum,meeting_query_summarization,0.8,low,0,True,0.0002384,0.010746799999999999,0.0105084,True
qmsum_IS1003c_spec_2_step_1,IS1003c_spec_2,1,low,low,,start,False,qmsum,meeting_query_summarization,0.8,low,0,True,0.00041770000000000007,0.0164844,0.0160667,True
qmsum_IS1003c_spec_3_step_1,IS1003c_spec_3,1,low,low,,start,False,qmsum,meeting_query_summarization,0.8,low,0,True,0.00025330000000000003,0.0112236,0.0109703,True
qmsum_IS1003c_spec_4_step_1,IS1003c_spec_4,1,low,low,,start,False,qmsum,meeting_query_summarization,0.8,low,0,True,0.0001637,0.0083564,0.0081927,True
qmsum_IS1003c_spec_5_step_1,IS1003c_spec_5,1,low,low,,start,False,qmsum,meeting_query_summarization,0.8,low,0,True,0.0001614,0.008282799999999998,0.008121399999999997,True
qmsum_IS1003c_spec_6_step_1,IS1003c_spec_6,1,low,low,,start,False,qmsum,meeting_query_summarization,0.8,low,0,True,0.000184,0.009006,0.008822,True
qmsum_IS1003c_spec_7_step_1,IS1003c_spec_7,1,low,low,,start,False,qmsum,meeting_query_summarization,0.8,low,0,True,0.0001998,0.0095116,0.0093118,True
qmsum_IS1003c_spec_8_step_1,IS1003c_spec_8,1,mid,mid,,start,False,qmsum,meeting_query_summarization,0.8,mid,1,True,0.00070755,0.0086636,0.007956050000000001,True
qmsum_IS1003d_gen_0_step_1,IS1003d_gen_0,1,low,low,,start,False,qmsum,meeting_query_summarization,0.8,low,0,True,0.00026250000000000004,0.011517999999999999,0.011255499999999998,True
qmsum_IS1003d_spec_0_step_1,IS1003d_spec_0,1,low,low,,start,False,qmsum,meeting_query_summarization,0.8,low,0,True,0.0002377,0.0107244,0.0104867,True
qmsum_IS1003d_spec_1_step_1,IS1003d_spec_1,1,low,low,,start,False,qmsum,meeting_query_summarization,0.8,low,0,True,0.0001418,0.0076556,0.0075138,True
qmsum_IS1003d_spec_2_step_1,IS1003d_spec_2,1,low,low,,start,False,qmsum,meeting_query_summarization,0.8,low,0,True,0.0002154,0.010010799999999999,0.0097954,True
qmsum_IS1003d_spec_3_step_1,IS1003d_spec_3,1,low,low,,start,False,qmsum,meeting_query_summarization,0.8,low,0,True,0.0006603000000000001,0.0242476,0.023587300000000002,True
qmsum_IS1003d_spec_4_step_1,IS1003d_spec_4,1,low,low,,start,False,qmsum,meeting_query_summarization,0.8,low,0,True,0.00017030000000000002,0.0085676,0.0083973,True
qmsum_IS1003d_spec_5_step_1,IS1003d_spec_5,1,low,low,,start,False,qmsum,meeting_query_summarization,0.8,low,0,True,0.0004474000000000001,0.017434800000000004,0.016987400000000003,True
qmsum_IS1003d_spec_6_step_1,IS1003d_spec_6,1,low,low,,start,False,qmsum,meeting_query_summarization,0.8,low,0,True,0.0006258000000000001,0.0231436,0.0225178,True
qmsum_IS1003d_spec_7_step_1,IS1003d_spec_7,1,low,low,,start,False,qmsum,meeting_query_summarization,0.8,low,0,True,0.000167,0.008461999999999999,0.008294999999999999,True
qmsum_IS1003d_spec_8_step_1,IS1003d_spec_8,1,low,low,,start,False,qmsum,meeting_query_summarization,0.8,low,0,True,0.0001788,0.0088396,0.0086608,True
qmsum_TS3004a_gen_0_step_1,TS3004a_gen_0,1,low,low,,start,False,qmsum,meeting_query_summarization,0.8,low,0,True,0.0007402000000000001,0.026804400000000003,0.026064200000000003,True
qmsum_TS3004a_spec_0_step_1,TS3004a_spec_0,1,low,low,,start,False,qmsum,meeting_query_summarization,0.8,low,0,True,0.00033850000000000004,0.013949999999999999,0.013611499999999999,True
qmsum_TS3004a_spec_1_step_1,TS3004a_spec_1,1,mid,mid,,start,False,qmsum,meeting_query_summarization,0.8,mid,1,True,0.0006652000000000001,0.0082764,0.007611199999999999,True
qmsum_TS3004a_spec_2_step_1,TS3004a_spec_2,1,low,low,,start,False,qmsum,meeting_query_summarization,0.8,low,0,True,0.0001402,0.007604399999999999,0.007464199999999999,True
qmsum_TS3004a_spec_3_step_1,TS3004a_spec_3,1,low,low,,start,False,qmsum,meeting_query_summarization,0.8,low,0,True,0.000171,0.00859,0.008419000000000001,True
qmsum_TS3004a_spec_4_step_1,TS3004a_spec_4,1,low,low,,start,False,qmsum,meeting_query_summarization,0.8,low,0,True,0.0002506,0.0111372,0.0108866,True
qmsum_TS3004a_spec_5_step_1,TS3004a_spec_5,1,low,low,,start,False,qmsum,meeting_query_summarization,0.8,low,0,True,0.00015340000000000002,0.0080268,0.007873400000000001,True
qmsum_TS3004b_gen_0_step_1,TS3004b_gen_0,1,low,low,,start,False,qmsum,meeting_query_summarization,0.8,low,0,True,0.00026250000000000004,0.011517999999999999,0.011255499999999998,True
qmsum_TS3004b_spec_0_step_1,TS3004b_spec_0,1,low,low,,start,False,qmsum,meeting_query_summarization,0.8,low,0,True,0.0003824000000000001,0.0153548,0.0149724,True
qmsum_TS3004b_spec_1_step_1,TS3004b_spec_1,1,low,low,,start,False,qmsum,meeting_query_summarization,0.8,low,0,True,0.000158,0.008173999999999999,0.008015999999999999,True
qmsum_TS3004b_spec_2_step_1,TS3004b_spec_2,1,mid,mid,,start,False,qmsum,meeting_query_summarization,0.8,mid,1,True,0.000682,0.00843,0.007748,True
qmsum_TS3004b_spec_3_step_1,TS3004b_spec_3,1,low,low,,start,False,qmsum,meeting_query_summarization,0.8,low,0,True,0.00039150000000000003,0.015646,0.0152545,True
qmsum_TS3004c_gen_0_step_1,TS3004c_gen_0,1,low,low,,start,False,qmsum,meeting_query_summarization,0.8,low,0,True,0.00026250000000000004,0.011517999999999999,0.011255499999999998,True
qmsum_TS3004c_spec_0_step_1,TS3004c_spec_0,1,low,low,,start,False,qmsum,meeting_query_summarization,0.8,low,0,True,0.0003154,0.013210799999999998,0.012895399999999998,True
qmsum_TS3004c_spec_1_step_1,TS3004c_spec_1,1,mid,mid,,start,False,qmsum,meeting_query_summarization,0.8,mid,1,True,0.0006113000000000001,0.0077836,0.0071722999999999995,True
qmsum_TS3004c_spec_2_step_1,TS3004c_spec_2,1,low,low,,start,False,qmsum,meeting_query_summarization,0.8,low,0,True,0.0001446,0.0077452,0.0076006,True
qmsum_TS3004c_spec_3_step_1,TS3004c_spec_3,1,low,low,,start,False,qmsum,meeting_query_summarization,0.8,low,0,True,0.0008272,0.0295884,0.0287612,True
qmsum_TS3004c_spec_5_step_1,TS3004c_spec_5,1,low,low,,start,False,qmsum,meeting_query_summarization,0.8,low,0,True,0.0001574,0.0081548,0.0079974,True
qmsum_TS3004d_gen_0_step_1,TS3004d_gen_0,1,low,low,,start,False,qmsum,meeting_query_summarization,0.8,low,0,True,0.00026250000000000004,0.011517999999999999,0.011255499999999998,True
qmsum_TS3004d_spec_0_step_1,TS3004d_spec_0,1,low,low,,start,False,qmsum,meeting_query_summarization,0.8,low,0,True,0.0006588000000000001,0.0241996,0.0235408,True
qmsum_TS3004d_spec_1_step_1,TS3004d_spec_1,1,low,low,,start,False,qmsum,meeting_query_summarization,0.8,low,0,True,0.0001843,0.0090156,0.0088313,True
qmsum_TS3004d_spec_3_step_1,TS3004d_spec_3,1,low,low,,start,False,qmsum,meeting_query_summarization,0.8,low,0,True,0.0004293,0.0168556,0.016426299999999998,True
qmsum_TS3004d_spec_4_step_1,TS3004d_spec_4,1,low,low,,start,False,qmsum,meeting_query_summarization,0.8,low,0,True,0.00014340000000000002,0.0077068,0.0075634,True
qmsum_TS3011a_gen_0_step_1,TS3011a_gen_0,1,low,low,,start,False,qmsum,meeting_query_summarization,0.8,low,0,True,0.0007399000000000001,0.026794800000000004,0.026054900000000002,True
qmsum_TS3011a_spec_0_step_1,TS3011a_spec_0,1,low,low,,start,False,qmsum,meeting_query_summarization,0.8,low,0,True,0.0002521,0.011185200000000001,0.010933100000000001,True
qmsum_TS3011a_spec_1_step_1,TS3011a_spec_1,1,low,low,,start,False,qmsum,meeting_query_summarization,0.8,low,0,True,0.00017930000000000002,0.0088556,0.0086763,True
qmsum_TS3011a_spec_2_step_1,TS3011a_spec_2,1,low,low,,start,False,qmsum,meeting_query_summarization,0.8,low,0,True,0.00015659999999999998,0.0081292,0.0079726,True
qmsum_TS3011a_spec_3_step_1,TS3011a_spec_3,1,low,low,,start,False,qmsum,meeting_query_summarization,0.8,low,0,True,0.00018930000000000002,0.0091756,0.008986300000000001,True
qmsum_TS3011a_spec_4_step_1,TS3011a_spec_4,1,low,low,,start,False,qmsum,meeting_query_summarization,0.8,low,0,True,0.0001541,0.0080492,0.007895099999999999,True
qmsum_TS3011a_spec_5_step_1,TS3011a_spec_5,1,low,low,,start,False,qmsum,meeting_query_summarization,0.8,low,0,True,0.00015230000000000002,0.0079916,0.0078393,True
qmsum_TS3011b_gen_0_step_1,TS3011b_gen_0,1,low,low,,start,False,qmsum,meeting_query_summarization,0.8,low,0,True,0.00026250000000000004,0.011517999999999999,0.011255499999999998,True
qmsum_TS3011b_spec_0_step_1,TS3011b_spec_0,1,low,low,,start,False,qmsum,meeting_query_summarization,0.8,low,0,True,0.0005553,0.0208876,0.020332299999999998,True
qmsum_TS3011b_spec_1_step_1,TS3011b_spec_1,1,low,low,,start,False,qmsum,meeting_query_summarization,0.8,low,0,True,0.00024359999999999999,0.0109132,0.0106696,True
qmsum_TS3011b_spec_2_step_1,TS3011b_spec_2,1,low,low,,start,False,qmsum,meeting_query_summarization,0.8,low,0,True,0.0001775,0.008798,0.0086205,True
qmsum_TS3011b_spec_3_step_1,TS3011b_spec_3,1,low,low,,start,False,qmsum,meeting_query_summarization,0.8,low,0,True,0.0005321000000000001,0.020145200000000002,0.0196131,True
qmsum_TS3011b_spec_4_step_1,TS3011b_spec_4,1,low,low,,start,False,qmsum,meeting_query_summarization,0.8,low,0,True,0.0003285,0.01363,0.013301499999999999,True
qmsum_TS3011b_spec_5_step_1,TS3011b_spec_5,1,low,low,,start,False,qmsum,meeting_query_summarization,0.8,low,0,True,0.00015309999999999998,0.008017199999999999,0.007864099999999999,True
qmsum_TS3011c_gen_0_step_1,TS3011c_gen_0,1,low,low,,start,False,qmsum,meeting_query_summarization,0.8,low,0,True,0.00026250000000000004,0.011517999999999999,0.011255499999999998,True
qmsum_TS3011c_gen_1_step_1,TS3011c_gen_1,1,low,low,,start,False,qmsum,meeting_query_summarization,0.8,low,0,True,0.00026250000000000004,0.011517999999999999,0.011255499999999998,True
qmsum_TS3011c_spec_0_step_1,TS3011c_spec_0,1,low,low,,start,False,qmsum,meeting_query_summarization,0.8,low,0,True,0.00042620000000000006,0.0167564,0.0163302,True
qmsum_TS3011c_spec_1_step_1,TS3011c_spec_1,1,mid,mid,,start,False,qmsum,meeting_query_summarization,0.8,mid,1,True,0.0006603000000000001,0.0082316,0.0075713,True
qmsum_TS3011c_spec_2_step_1,TS3011c_spec_2,1,low,low,,start,False,qmsum,meeting_query_summarization,0.8,low,0,True,0.0001601,0.0082412,0.0080811,True
qmsum_TS3011c_spec_3_step_1,TS3011c_spec_3,1,low,low,,start,False,qmsum,meeting_query_summarization,0.8,low,0,True,0.00042210000000000007,0.0166252,0.016203099999999998,True
qmsum_TS3011c_spec_4_step_1,TS3011c_spec_4,1,low,low,,start,False,qmsum,meeting_query_summarization,0.8,low,0,True,0.00022860000000000003,0.0104332,0.0102046,True
qmsum_TS3011c_spec_5_step_1,TS3011c_spec_5,1,mid_high,mid_high,,start,False,qmsum,meeting_query_summarization,0.8,mid_high,2,True,0.0026542,0.0087564,0.0061021999999999995,True
qmsum_TS3011d_gen_0_step_1,TS3011d_gen_0,1,low,low,,start,False,qmsum,meeting_query_summarization,0.8,low,0,True,0.00026250000000000004,0.011517999999999999,0.011255499999999998,True
qmsum_TS3011d_spec_0_step_1,TS3011d_spec_0,1,mid,mid,,start,False,qmsum,meeting_query_summarization,0.8,mid,1,True,0.00195775,0.020094,0.01813625,True
qmsum_TS3011d_spec_1_step_1,TS3011d_spec_1,1,low,low,,start,False,qmsum,meeting_query_summarization,0.8,low,0,True,0.00016130000000000002,0.0082796,0.0081183,True
qmsum_TS3011d_spec_2_step_1,TS3011d_spec_2,1,low,low,,start,False,qmsum,meeting_query_summarization,0.8,low,0,True,0.00019419999999999998,0.0093324,0.009138199999999999,True
qmsum_TS3011d_spec_3_step_1,TS3011d_spec_3,1,low,low,,start,False,qmsum,meeting_query_summarization,0.8,low,0,True,0.00032320000000000005,0.0134604,0.013137200000000002,True
qmsum_TS3011d_spec_4_step_1,TS3011d_spec_4,1,low,low,,start,False,qmsum,meeting_query_summarization,0.8,low,0,True,0.0002539,0.011242799999999999,0.0109889,True
qmsum_TS3011d_spec_5_step_1,TS3011d_spec_5,1,low,low,,start,False,qmsum,meeting_query_summarization,0.8,low,0,True,0.0001456,0.0077772,0.0076316,True
mtrag_a2698b2973ea7db1ee5adb5e70ec02e4_turn_8_step_1,a2698b2973ea7db1ee5adb5e70ec02e4_turn_8,1,low,low,,start,False,mtrag,rag_multiturn,0.8,low,0,True,0.00037400000000000004,0.015086,0.014712000000000001,True
mtrag_a2698b2973ea7db1ee5adb5e70ec02e4_turn_9_step_1,a2698b2973ea7db1ee5adb5e70ec02e4_turn_9,1,low,low,,start,False,mtrag,rag_multiturn,0.8,low,0,True,0.00045760000000000006,0.0177612,0.017303600000000002,True
mtrag_a277cf5022616282aa819ee76c9343de_turn_1_step_1,a277cf5022616282aa819ee76c9343de_turn_1,1,low,low,,start,False,mtrag,rag_multiturn,0.8,low,0,True,0.0001628,0.0083276,0.0081648,True
mtrag_a277cf5022616282aa819ee76c9343de_turn_2_step_1,a277cf5022616282aa819ee76c9343de_turn_2,1,low,low,,start,False,mtrag,rag_multiturn,0.8,low,0,True,0.00022160000000000002,0.0102092,0.0099876,True
mtrag_a277cf5022616282aa819ee76c9343de_turn_7_step_1,a277cf5022616282aa819ee76c9343de_turn_7,1,low,low,,start,False,mtrag,rag_multiturn,0.8,low,0,True,0.0003184,0.013306799999999999,0.012988399999999999,True
mtrag_a3f07e9ed5f257db6aecd30511f03af1_turn_1_step_1,a3f07e9ed5f257db6aecd30511f03af1_turn_1,1,low,low,,start,False,mtrag,rag_multiturn,0.8,low,0,True,0.0001655,0.008414,0.008248499999999999,True
mtrag_a3f07e9ed5f257db6aecd30511f03af1_turn_5_step_1,a3f07e9ed5f257db6aecd30511f03af1_turn_5,1,low,low,,start,False,mtrag,rag_multiturn,0.8,low,0,True,0.0002019,0.009578799999999998,0.009376899999999999,True
mtrag_a6eab3f851684c4ba01ae141ce590342_turn_1_step_1,a6eab3f851684c4ba01ae141ce590342_turn_1,1,low,low,,start,False,mtrag,rag_multiturn,0.8,low,0,True,0.0001899,0.0091948,0.0090049,True
mtrag_adf9b1f61c73d715809bc7b37ac02724_turn_3_step_1,adf9b1f61c73d715809bc7b37ac02724_turn_3,1,low,low,,start,False,mtrag,rag_multiturn,0.8,low,0,True,0.0003345,0.013822,0.0134875,True
mtrag_adf9b1f61c73d715809bc7b37ac02724_turn_6_step_1,adf9b1f61c73d715809bc7b37ac02724_turn_6,1,low,low,,start,False,mtrag,rag_multiturn,0.8,low,0,True,0.00029270000000000007,0.012484400000000001,0.012191700000000001,True
mtrag_adf9b1f61c73d715809bc7b37ac02724_turn_8_step_1,adf9b1f61c73d715809bc7b37ac02724_turn_8,1,low,low,,start,False,mtrag,rag_multiturn,0.8,low,0,True,0.0004632000000000001,0.017940400000000002,0.017477200000000002,True
mtrag_aea2634b0e5f1c2444550d31c41adc94_turn_2_step_1,aea2634b0e5f1c2444550d31c41adc94_turn_2,1,low,low,,start,False,mtrag,rag_multiturn,0.8,low,0,True,0.0002162,0.0100364,0.0098202,True
mtrag_aea2634b0e5f1c2444550d31c41adc94_turn_3_step_1,aea2634b0e5f1c2444550d31c41adc94_turn_3,1,low,low,,start,False,mtrag,rag_multiturn,0.8,low,0,True,0.000216,0.010029999999999999,0.009814,True
mtrag_af57ff6995d958858fc451e606fdb54d_turn_7_step_1,af57ff6995d958858fc451e606fdb54d_turn_7,1,low,low,,start,False,mtrag,rag_multiturn,0.8,low,0,True,0.00022160000000000002,0.0102092,0.0099876,True
mtrag_af5e45e59e1254e0b7869cb477674d02_turn_2_step_1,af5e45e59e1254e0b7869cb477674d02_turn_2,1,low,low,,start,False,mtrag,rag_multiturn,0.8,low,0,True,0.00016580000000000002,0.0084236,0.0082578,True
mtrag_af5e45e59e1254e0b7869cb477674d02_turn_3_step_1,af5e45e59e1254e0b7869cb477674d02_turn_3,1,low,low,,start,False,mtrag,rag_multiturn,0.8,low,0,True,0.0001899,0.0091948,0.0090049,True
mtrag_af5e45e59e1254e0b7869cb477674d02_turn_9_step_1,af5e45e59e1254e0b7869cb477674d02_turn_9,1,low,low,,start,False,mtrag,rag_multiturn,0.8,low,0,True,0.00027650000000000005,0.011966,0.011689499999999999,True
swebench_astropy__astropy-12907_step_1,astropy__astropy-12907,1,mid_high,mid_high,,start,False,swebench,code_swe,0.8,mid_high,2,True,0.0034913,0.0111916,0.007700299999999999,True
swebench_astropy__astropy-12907_step_2,astropy__astropy-12907,2,high,high,mid_high,escalate,False,swebench,code_swe,0.8,high,3,True,0.0121292,0.0121292,0.0,True
swebench_astropy__astropy-12907_step_3,astropy__astropy-12907,3,mid,high,high,sticky_hold,True,swebench,code_swe,0.8,mid,1,True,0.0201068,0.0201068,0.0,True
swebench_astropy__astropy-12907_step_4,astropy__astropy-12907,4,low,high,high,sticky_hold,True,swebench,code_swe,0.8,low,0,True,0.021918,0.021918,0.0,True
swebench_astropy__astropy-12907_step_5,astropy__astropy-12907,5,high,high,high,stay,False,swebench,code_swe,0.8,high,3,True,0.0239052,0.0239052,0.0,True
swebench_astropy__astropy-12907_step_6,astropy__astropy-12907,6,high,high,high,stay,False,swebench,code_swe,0.8,high,3,True,0.0252172,0.0252172,0.0,True
swebench_astropy__astropy-12907_step_7,astropy__astropy-12907,7,low,high,high,sticky_hold,True,swebench,code_swe,0.8,low,0,True,0.025998,0.025998,0.0,True
swebench_astropy__astropy-13033_step_1,astropy__astropy-13033,1,low,low,,start,False,swebench,code_swe,0.8,low,0,True,0.0002909,0.012426799999999998,0.012135899999999998,True
swebench_astropy__astropy-13033_step_2,astropy__astropy-13033,2,high,high,low,escalate,False,swebench,code_swe,0.8,high,3,True,0.013674799999999999,0.013674799999999999,0.0,True
swebench_astropy__astropy-13033_step_3,astropy__astropy-13033,3,mid,high,high,sticky_hold,True,swebench,code_swe,0.8,mid,1,True,0.0159916,0.0159916,0.0,True
swebench_astropy__astropy-13033_step_4,astropy__astropy-13033,4,high,high,high,stay,False,swebench,code_swe,0.8,high,3,True,0.019261999999999998,0.019261999999999998,0.0,True
swebench_astropy__astropy-13033_step_5,astropy__astropy-13033,5,high,high,high,stay,False,swebench,code_swe,0.8,high,3,True,0.020138800000000002,0.020138800000000002,0.0,True
swebench_astropy__astropy-13033_step_6,astropy__astropy-13033,6,high,high,high,stay,False,swebench,code_swe,0.8,high,3,True,0.023943600000000002,0.023943600000000002,0.0,True
swebench_astropy__astropy-13033_step_7,astropy__astropy-13033,7,low,high,high,sticky_hold,True,swebench,code_swe,0.8,low,0,True,0.0253324,0.0253324,0.0,True
mtrag_b2805ee4c478194c234e2384ffb0a6bf_turn_4_step_1,b2805ee4c478194c234e2384ffb0a6bf_turn_4,1,low,low,,start,False,mtrag,rag_multiturn,0.8,low,0,True,0.0002243,0.0102956,0.0100713,True
mtrag_b4614daadceeecb400f7baf0aa48dcb8_turn_1_step_1,b4614daadceeecb400f7baf0aa48dcb8_turn_1,1,mid,mid,,start,False,mtrag,rag_multiturn,0.8,mid,1,True,0.0010523,0.0118156,0.0107633,True
mtrag_b4614daadceeecb400f7baf0aa48dcb8_turn_8_step_1,b4614daadceeecb400f7baf0aa48dcb8_turn_8,1,low,low,,start,False,mtrag,rag_multiturn,0.8,low,0,True,0.0003375,0.013918,0.0135805,True
mtrag_be461bfeda2d4826cdb663dcaa7d1ced_turn_2_step_1,be461bfeda2d4826cdb663dcaa7d1ced_turn_2,1,low,low,,start,False,mtrag,rag_multiturn,0.8,low,0,True,0.0002944,0.0125388,0.012244399999999999,True
mtrag_be461bfeda2d4826cdb663dcaa7d1ced_turn_3_step_1,be461bfeda2d4826cdb663dcaa7d1ced_turn_3,1,low,low,,start,False,mtrag,rag_multiturn,0.8,low,0,True,0.00032110000000000005,0.013393200000000001,0.013072100000000001,True
mtrag_be461bfeda2d4826cdb663dcaa7d1ced_turn_6_step_1,be461bfeda2d4826cdb663dcaa7d1ced_turn_6,1,low,low,,start,False,mtrag,rag_multiturn,0.8,low,0,True,0.00029910000000000006,0.012689200000000001,0.012390100000000001,True
mtrag_c1e53df98a28f19448f4af244304b89a_turn_1_step_1,c1e53df98a28f19448f4af244304b89a_turn_1,1,low,low,,start,False,mtrag,rag_multiturn,0.8,low,0,True,0.000133,0.0073739999999999995,0.007240999999999999,True
mtrag_c1e53df98a28f19448f4af244304b89a_turn_5_step_1,c1e53df98a28f19448f4af244304b89a_turn_5,1,low,low,,start,False,mtrag,rag_multiturn,0.8,low,0,True,0.0001799,0.008874799999999999,0.008694899999999998,True
mtrag_c5518952b78b171de2d5b9317103ba62_turn_8_step_1,c5518952b78b171de2d5b9317103ba62_turn_8,1,low,low,,start,False,mtrag,rag_multiturn,0.8,low,0,True,0.0002821,0.0121452,0.0118631,True
mtrag_c6c3b02ca32795af64c903dd76700517_turn_1_step_1,c6c3b02ca32795af64c903dd76700517_turn_1,1,low,low,,start,False,mtrag,rag_multiturn,0.8,low,0,True,0.0002385,0.01075,0.0105115,True
mtrag_c6c3b02ca32795af64c903dd76700517_turn_2_step_1,c6c3b02ca32795af64c903dd76700517_turn_2,1,low,low,,start,False,mtrag,rag_multiturn,0.8,low,0,True,0.00039380000000000003,0.0157196,0.0153258,True
mtrag_c6c3b02ca32795af64c903dd76700517_turn_5_step_1,c6c3b02ca32795af64c903dd76700517_turn_5,1,low,low,,start,False,mtrag,rag_multiturn,0.8,low,0,True,0.00032250000000000003,0.013438,0.0131155,True
mtrag_c6c3b02ca32795af64c903dd76700517_turn_9_step_1,c6c3b02ca32795af64c903dd76700517_turn_9,1,low,low,,start,False,mtrag,rag_multiturn,0.8,low,0,True,0.00032310000000000005,0.0134572,0.013134100000000001,True
mtrag_ca6f0197d2c0c4d6e3be090c3f8bf30f_turn_1_step_1,ca6f0197d2c0c4d6e3be090c3f8bf30f_turn_1,1,low,low,,start,False,mtrag,rag_multiturn,0.8,low,0,True,0.0001725,0.008638,0.008465499999999999,True
mtrag_ca6f0197d2c0c4d6e3be090c3f8bf30f_turn_5_step_1,ca6f0197d2c0c4d6e3be090c3f8bf30f_turn_5,1,low,low,,start,False,mtrag,rag_multiturn,0.8,low,0,True,0.00023160000000000002,0.0105292,0.0102976,True
mtrag_ccdfb6b6f98c55047ae81b705104dbd6_turn_3_step_1,ccdfb6b6f98c55047ae81b705104dbd6_turn_3,1,low,low,,start,False,mtrag,rag_multiturn,0.8,low,0,True,0.0002572,0.011348400000000002,0.0110912,True
mtrag_ccdfb6b6f98c55047ae81b705104dbd6_turn_5_step_1,ccdfb6b6f98c55047ae81b705104dbd6_turn_5,1,low,low,,start,False,mtrag,rag_multiturn,0.8,low,0,True,0.00029060000000000007,0.0124172,0.0121266,True
mtrag_ccdfb6b6f98c55047ae81b705104dbd6_turn_9_step_1,ccdfb6b6f98c55047ae81b705104dbd6_turn_9,1,low,low,,start,False,mtrag,rag_multiturn,0.8,low,0,True,0.0004542000000000001,0.017652400000000002,0.017198200000000004,True
mtrag_cfbcfa3e382f12aed450b10f87a72aeb_turn_1_step_1,cfbcfa3e382f12aed450b10f87a72aeb_turn_1,1,low,low,,start,False,mtrag,rag_multiturn,0.8,low,0,True,0.00015309999999999998,0.008017199999999999,0.007864099999999999,True
mtrag_cfbcfa3e382f12aed450b10f87a72aeb_turn_2_step_1,cfbcfa3e382f12aed450b10f87a72aeb_turn_2,1,low,low,,start,False,mtrag,rag_multiturn,0.8,low,0,True,0.0001828,0.0089676,0.008784799999999999,True
mtrag_cfbcfa3e382f12aed450b10f87a72aeb_turn_3_step_1,cfbcfa3e382f12aed450b10f87a72aeb_turn_3,1,low,low,,start,False,mtrag,rag_multiturn,0.8,low,0,True,0.0001763,0.0087596,0.008583299999999999,True
mtrag_d2432696b32af73cf3dabd7090997afb_turn_7_step_1,d2432696b32af73cf3dabd7090997afb_turn_7,1,low,low,,start,False,mtrag,rag_multiturn,0.8,low,0,True,0.0005812,0.0217164,0.0211352,True
mtrag_d2432696b32af73cf3dabd7090997afb_turn_9_step_1,d2432696b32af73cf3dabd7090997afb_turn_9,1,low,low,,start,False,mtrag,rag_multiturn,0.8,low,0,True,0.0005358,0.0202636,0.0197278,True
mtrag_d4d8edb3e0c456d11033b14b28e99470_turn_7_step_1,d4d8edb3e0c456d11033b14b28e99470_turn_7,1,low,low,,start,False,mtrag,rag_multiturn,0.8,low,0,True,0.0003959000000000001,0.0157868,0.0153909,True
mtrag_d5b1e735a040853ed361a3dfde1b8ef0_turn_3_step_1,d5b1e735a040853ed361a3dfde1b8ef0_turn_3,1,low,low,,start,False,mtrag,rag_multiturn,0.8,low,0,True,0.0001945,0.009342,0.0091475,True
mtrag_d5b1e735a040853ed361a3dfde1b8ef0_turn_6_step_1,d5b1e735a040853ed361a3dfde1b8ef0_turn_6,1,low,low,,start,False,mtrag,rag_multiturn,0.8,low,0,True,0.0002199,0.010154799999999999,0.009934899999999998,True
mtrag_d5b1e735a040853ed361a3dfde1b8ef0_turn_8_step_1,d5b1e735a040853ed361a3dfde1b8ef0_turn_8,1,low,low,,start,False,mtrag,rag_multiturn,0.8,low,0,True,0.000364,0.014766,0.014402,True
mtrag_d5b1e735a040853ed361a3dfde1b8ef0_turn_9_step_1,d5b1e735a040853ed361a3dfde1b8ef0_turn_9,1,low,low,,start,False,mtrag,rag_multiturn,0.8,low,0,True,0.00031020000000000006,0.013044400000000001,0.012734200000000001,True
mtrag_d5f0e7023ab90fe0240b7fc46cf00c26_turn_3_step_1,d5f0e7023ab90fe0240b7fc46cf00c26_turn_3,1,low,low,,start,False,mtrag,rag_multiturn,0.8,low,0,True,0.0001756,0.0087372,0.0085616,True
mtrag_d5f0e7023ab90fe0240b7fc46cf00c26_turn_5_step_1,d5f0e7023ab90fe0240b7fc46cf00c26_turn_5,1,low,low,,start,False,mtrag,rag_multiturn,0.8,low,0,True,0.00024,0.010798,0.010558,True
mtrag_d7b4f863baa92fd08c1db2b1a95170dd_turn_2_step_1,d7b4f863baa92fd08c1db2b1a95170dd_turn_2,1,low,low,,start,False,mtrag,rag_multiturn,0.8,low,0,True,0.0002305,0.010494,0.0102635,True
mtrag_d7b4f863baa92fd08c1db2b1a95170dd_turn_5_step_1,d7b4f863baa92fd08c1db2b1a95170dd_turn_5,1,low,low,,start,False,mtrag,rag_multiturn,0.8,low,0,True,0.00025830000000000004,0.0113836,0.011125300000000001,True
mtrag_d7b4f863baa92fd08c1db2b1a95170dd_turn_9_step_1,d7b4f863baa92fd08c1db2b1a95170dd_turn_9,1,low,low,,start,False,mtrag,rag_multiturn,0.8,low,0,True,0.0003657,0.0148204,0.0144547,True
mtrag_dc1aaac0b33553d8c897d4150955d803_turn_3_step_1,dc1aaac0b33553d8c897d4150955d803_turn_3,1,low,low,,start,False,mtrag,rag_multiturn,0.8,low,0,True,0.00041490000000000006,0.0163948,0.015979900000000002,True
mtrag_dc1aaac0b33553d8c897d4150955d803_turn_4_step_1,dc1aaac0b33553d8c897d4150955d803_turn_4,1,low,low,,start,False,mtrag,rag_multiturn,0.8,low,0,True,0.0002924,0.0124748,0.0121824,True
mtrag_dd6b6ffd177f2b311abe676261279d2f_turn_4_step_1,dd6b6ffd177f2b311abe676261279d2f_turn_4,1,low,low,,start,False,mtrag,rag_multiturn,0.8,low,0,True,0.0001663,0.0084396,0.0082733,True
mtrag_dd82f0f978316e73618cf0addd369cd8_turn_6_step_1,dd82f0f978316e73618cf0addd369cd8_turn_6,1,low,low,,start,False,mtrag,rag_multiturn,0.8,low,0,True,0.0002591,0.0114092,0.0111501,True
mtrag_ddbbbe7ea13560c5768639207e1ca604_turn_1_step_1,ddbbbe7ea13560c5768639207e1ca604_turn_1,1,low,low,,start,False,mtrag,rag_multiturn,0.8,low,0,True,0.0002263,0.0103596,0.0101333,True
mtrag_ddbbbe7ea13560c5768639207e1ca604_turn_7_step_1,ddbbbe7ea13560c5768639207e1ca604_turn_7,1,low,low,,start,False,mtrag,rag_multiturn,0.8,low,0,True,0.0005151,0.0196012,0.019086099999999998,True
swebench_django__django-10097_step_1,django__django-10097,1,low,low,,start,False,swebench,code_swe,0.8,low,0,True,0.00028750000000000005,0.012317999999999999,0.0120305,True
swebench_django__django-10097_step_2,django__django-10097,2,high,high,low,escalate,False,swebench,code_swe,0.8,high,3,True,0.013105200000000001,0.013105200000000001,0.0,True
swebench_django__django-10097_step_3,django__django-10097,3,high,high,high,stay,False,swebench,code_swe,0.8,high,3,True,0.0208556,0.0208556,0.0,True
swebench_django__django-10097_step_4,django__django-10097,4,high,high,high,stay,False,swebench,code_swe,0.8,high,3,True,0.023079600000000002,0.023079600000000002,0.0,True
swebench_django__django-10097_step_5,django__django-10097,5,low,high,high,sticky_hold,True,swebench,code_swe,0.8,low,0,True,0.02371,0.02371,0.0,True
swebench_django__django-10554_step_1,django__django-10554,1,low,low,,start,False,swebench,code_swe,0.8,low,0,True,0.0002939,0.012522799999999999,0.0122289,True
swebench_django__django-10554_step_2,django__django-10554,2,high,high,low,escalate,False,swebench,code_swe,0.8,high,3,True,0.013038,0.013038,0.0,True
swebench_django__django-10554_step_3,django__django-10554,3,high,high,high,stay,False,swebench,code_swe,0.8,high,3,True,0.0162764,0.0162764,0.0,True
swebench_django__django-10554_step_4,django__django-10554,4,high,high,high,stay,False,swebench,code_swe,0.8,high,3,True,0.0261516,0.0261516,0.0,True
swebench_django__django-10554_step_5,django__django-10554,5,high,high,high,stay,False,swebench,code_swe,0.8,high,3,True,0.032513200000000006,0.032513200000000006,0.0,True
swebench_django__django-10554_step_6,django__django-10554,6,mid_high,high,high,sticky_hold,True,swebench,code_swe,0.8,mid_high,2,True,0.032622000000000005,0.032622000000000005,0.0,True
swebench_django__django-10554_step_7,django__django-10554,7,mid_high,high,high,sticky_hold,True,swebench,code_swe,0.8,mid_high,2,True,0.03269880000000001,0.03269880000000001,0.0,True
swebench_django__django-10554_step_8,django__django-10554,8,low,high,high,sticky_hold,True,swebench,code_swe,0.8,low,0,True,0.032558000000000004,0.032558000000000004,0.0,True
swebench_django__django-10554_step_9,django__django-10554,9,high,high,high,stay,False,swebench,code_swe,0.8,high,3,True,0.03272440000000001,0.03272440000000001,0.0,True
swebench_django__django-10554_step_10,django__django-10554,10,high,high,high,stay,False,swebench,code_swe,0.8,high,3,True,0.032542,0.032542,0.0,True
swebench_django__django-10554_step_11,django__django-10554,11,mid,high,high,sticky_hold,True,swebench,code_swe,0.8,mid,1,True,0.03271160000000001,0.03271160000000001,0.0,True
swebench_django__django-10880_step_1,django__django-10880,1,low,low,,start,False,swebench,code_swe,0.8,low,0,True,0.00022810000000000001,0.0104172,0.0101891,True
swebench_django__django-10880_step_2,django__django-10880,2,mid_high,mid_high,low,escalate,False,swebench,code_swe,0.8,mid_high,2,True,0.0035859,0.0114668,0.0078809,True
swebench_django__django-10880_step_3,django__django-10880,3,high,high,mid_high,escalate,False,swebench,code_swe,0.8,high,3,True,0.0166764,0.0166764,0.0,True
swebench_django__django-10880_step_4,django__django-10880,4,high,high,high,stay,False,swebench,code_swe,0.8,high,3,True,0.019726,0.019726,0.0,True
swebench_django__django-10880_step_5,django__django-10880,5,high,high,high,stay,False,swebench,code_swe,0.8,high,3,True,0.021018800000000004,0.021018800000000004,0.0,True
swebench_django__django-10880_step_6,django__django-10880,6,mid,high,high,sticky_hold,True,swebench,code_swe,0.8,mid,1,True,0.0217004,0.0217004,0.0,True
swebench_django__django-10880_step_7,django__django-10880,7,high,high,high,stay,False,swebench,code_swe,0.8,high,3,True,0.0219052,0.0219052,0.0,True
swebench_django__django-10914_step_1,django__django-10914,1,mid_high,mid_high,,start,False,swebench,code_swe,0.8,mid_high,2,True,0.0034297,0.0110124,0.0075827,True
swebench_django__django-10914_step_2,django__django-10914,2,mid,mid_high,mid_high,sticky_hold,True,swebench,code_swe,0.8,mid,1,True,0.0035616999999999997,0.011396400000000001,0.007834700000000002,True
swebench_django__django-10914_step_3,django__django-10914,3,mid_high,mid_high,mid_high,stay,False,swebench,code_swe,0.8,mid_high,2,True,0.0036948000000000003,0.0117836,0.0080888,True
swebench_django__django-10914_step_4,django__django-10914,4,high,high,mid_high,escalate,False,swebench,code_swe,0.8,high,3,True,0.0152172,0.0152172,0.0,True
swebench_django__django-10914_step_5,django__django-10914,5,high,high,high,stay,False,swebench,code_swe,0.8,high,3,True,0.019588400000000002,0.019588400000000002,0.0,True
swebench_django__django-10914_step_6,django__django-10914,6,low,high,high,sticky_hold,True,swebench,code_swe,0.8,low,0,True,0.021066800000000004,0.021066800000000004,0.0,True
swebench_django__django-10914_step_7,django__django-10914,7,low,high,high,sticky_hold,True,swebench,code_swe,0.8,low,0,True,0.0212012,0.0212012,0.0,True
swebench_django__django-10914_step_8,django__django-10914,8,low,high,high,sticky_hold,True,swebench,code_swe,0.8,low,0,True,0.021806,0.021806,0.0,True
swebench_django__django-10973_step_1,django__django-10973,1,low,low,,start,False,swebench,code_swe,0.8,low,0,True,0.0002301,0.0104812,0.010251099999999999,True
swebench_django__django-10973_step_2,django__django-10973,2,high,high,low,escalate,False,swebench,code_swe,0.8,high,3,True,0.0114156,0.0114156,0.0,True
swebench_django__django-10973_step_3,django__django-10973,3,high,high,high,stay,False,swebench,code_swe,0.8,high,3,True,0.0151404,0.0151404,0.0,True
swebench_django__django-10973_step_4,django__django-10973,4,mid,high,high,sticky_hold,True,swebench,code_swe,0.8,mid,1,True,0.016052399999999998,0.016052399999999998,0.0,True
swebench_django__django-10973_step_5,django__django-10973,5,high,high,high,stay,False,swebench,code_swe,0.8,high,3,True,0.016506800000000002,0.016506800000000002,0.0,True
swebench_django__django-10973_step_6,django__django-10973,6,high,high,high,stay,False,swebench,code_swe,0.8,high,3,True,0.019086,0.019086,0.0,True
swebench_django__django-10973_step_7,django__django-10973,7,high,high,high,stay,False,swebench,code_swe,0.8,high,3,True,0.021415599999999996,0.021415599999999996,0.0,True
swebench_django__django-10973_step_8,django__django-10973,8,low,high,high,sticky_hold,True,swebench,code_swe,0.8,low,0,True,0.0215692,0.0215692,0.0,True
swebench_django__django-10973_step_9,django__django-10973,9,mid_high,high,high,sticky_hold,True,swebench,code_swe,0.8,mid_high,2,True,0.0238252,0.0238252,0.0,True
swebench_django__django-10999_step_1,django__django-10999,1,low,low,,start,False,swebench,code_swe,0.8,low,0,True,0.0002365,0.010686,0.010449499999999999,True
swebench_django__django-10999_step_2,django__django-10999,2,high,high,low,escalate,False,swebench,code_swe,0.8,high,3,True,0.0109996,0.0109996,0.0,True
swebench_django__django-10999_step_3,django__django-10999,3,high,high,high,stay,False,swebench,code_swe,0.8,high,3,True,0.0161708,0.0161708,0.0,True
swebench_django__django-10999_step_4,django__django-10999,4,high,high,high,stay,False,swebench,code_swe,0.8,high,3,True,0.016666800000000002,0.016666800000000002,0.0,True
swebench_django__django-10999_step_5,django__django-10999,5,low,high,high,sticky_hold,True,swebench,code_swe,0.8,low,0,True,0.01899,0.01899,0.0,True
swebench_django__django-10999_step_6,django__django-10999,6,high,high,high,stay,False,swebench,code_swe,0.8,high,3,True,0.0195212,0.0195212,0.0,True
swebench_django__django-10999_step_7,django__django-10999,7,low,high,high,sticky_hold,True,swebench,code_swe,0.8,low,0,True,0.0196652,0.0196652,0.0,True
swebench_django__django-10999_step_8,django__django-10999,8,mid,high,high,sticky_hold,True,swebench,code_swe,0.8,mid,1,True,0.0201772,0.0201772,0.0,True
swebench_django__django-11066_step_1,django__django-11066,1,low,low,,start,False,swebench,code_swe,0.8,low,0,True,0.00026780000000000006,0.0116876,0.011419799999999999,True
swebench_django__django-11066_step_2,django__django-11066,2,mid,mid,low,escalate,False,swebench,code_swe,0.8,mid,1,True,0.00116395,0.012836400000000001,0.011672450000000001,True
swebench_django__django-11066_step_3,django__django-11066,3,low,mid,mid,sticky_hold,True,swebench,code_swe,0.8,low,0,True,0.0016136999999999998,0.016948400000000002,0.015334700000000003,True
swebench_django__django-11066_step_4,django__django-11066,4,low,mid,mid,sticky_hold,True,swebench,code_swe,0.8,low,0,True,0.0016738999999999999,0.017498800000000002,0.015824900000000003,True
swebench_django__django-11066_step_5,django__django-11066,5,low,mid,mid,sticky_hold,True,swebench,code_swe,0.8,low,0,True,0.0018079499999999998,0.018724400000000002,0.016916450000000003,True
swebench_django__django-11066_step_6,django__django-11066,6,low,mid,mid,sticky_hold,True,swebench,code_swe,0.8,low,0,True,0.00182545,0.018884400000000003,0.017058950000000003,True
swebench_django__django-11066_step_7,django__django-11066,7,low,mid,mid,sticky_hold,True,swebench,code_swe,0.8,low,0,True,0.00190525,0.019614,0.01770875,True
swebench_django__django-11087_step_1,django__django-11087,1,mid_high,mid_high,,start,False,swebench,code_swe,0.8,mid_high,2,True,0.005692399999999999,0.017594800000000004,0.011902400000000004,True
swebench_django__django-11087_step_2,django__django-11087,2,high,high,mid_high,escalate,False,swebench,code_swe,0.8,high,3,True,0.017822,0.017822,0.0,True
swebench_django__django-11087_step_3,django__django-11087,3,high,high,high,stay,False,swebench,code_swe,0.8,high,3,True,0.0277132,0.0277132,0.0,True
swebench_django__django-11087_step_4,django__django-11087,4,high,high,high,stay,False,swebench,code_swe,0.8,high,3,True,0.0290732,0.0290732,0.0,True
swebench_django__django-11087_step_5,django__django-11087,5,high,high,high,stay,False,swebench,code_swe,0.8,high,3,True,0.0313932,0.0313932,0.0,True
swebench_django__django-11087_step_6,django__django-11087,6,high,high,high,stay,False,swebench,code_swe,0.8,high,3,True,0.026126,0.026126,0.0,True
swebench_django__django-11087_step_7,django__django-11087,7,high,high,high,stay,False,swebench,code_swe,0.8,high,3,True,0.0268076,0.0268076,0.0,True
swebench_django__django-11087_step_8,django__django-11087,8,high,high,high,stay,False,swebench,code_swe,0.8,high,3,True,0.027786800000000004,0.027786800000000004,0.0,True
swebench_django__django-11087_step_9,django__django-11087,9,low,high,high,sticky_hold,True,swebench,code_swe,0.8,low,0,True,0.0287116,0.0287116,0.0,True
swebench_django__django-11099_step_1,django__django-11099,1,mid,mid,,start,False,swebench,code_swe,0.8,mid,1,True,0.0009417000000000001,0.0108044,0.0098627,True
swebench_django__django-11099_step_2,django__django-11099,2,high,high,mid,escalate,False,swebench,code_swe,0.8,high,3,True,0.0114476,0.0114476,0.0,True
swebench_django__django-11099_step_3,django__django-11099,3,mid,high,high,sticky_hold,True,swebench,code_swe,0.8,mid,1,True,0.0122636,0.0122636,0.0,True
swebench_django__django-11099_step_4,django__django-11099,4,high,high,high,stay,False,swebench,code_swe,0.8,high,3,True,0.0148492,0.0148492,0.0,True
swebench_django__django-11099_step_5,django__django-11099,5,high,high,high,stay,False,swebench,code_swe,0.8,high,3,True,0.0163468,0.0163468,0.0,True
swebench_django__django-11099_step_6,django__django-11099,6,low,high,high,sticky_hold,True,swebench,code_swe,0.8,low,0,True,0.0166572,0.0166572,0.0,True
swebench_django__django-11099_step_7,django__django-11099,7,low,high,high,sticky_hold,True,swebench,code_swe,0.8,low,0,True,0.0176012,0.0176012,0.0,True
swebench_django__django-11119_step_1,django__django-11119,1,low,low,,start,False,swebench,code_swe,0.8,low,0,True,0.00023040000000000002,0.010490799999999998,0.010260399999999998,True
swebench_django__django-11119_step_2,django__django-11119,2,mid_high,mid_high,low,escalate,False,swebench,code_swe,0.8,mid_high,2,True,0.0037641000000000003,0.0119852,0.008221099999999999,True
swebench_django__django-11119_step_3,django__django-11119,3,high,high,mid_high,escalate,False,swebench,code_swe,0.8,high,3,True,0.0122668,0.0122668,0.0,True
swebench_django__django-11119_step_4,django__django-11119,4,mid,high,high,sticky_hold,True,swebench,code_swe,0.8,mid,1,True,0.020119599999999998,0.020119599999999998,0.0,True
swebench_django__django-11119_step_5,django__django-11119,5,high,high,high,stay,False,swebench,code_swe,0.8,high,3,True,0.022068400000000002,0.022068400000000002,0.0,True
swebench_django__django-11119_step_6,django__django-11119,6,mid,high,high,sticky_hold,True,swebench,code_swe,0.8,mid,1,True,0.024474799999999998,0.024474799999999998,0.0,True
swebench_django__django-11119_step_7,django__django-11119,7,high,high,high,stay,False,swebench,code_swe,0.8,high,3,True,0.0248012,0.0248012,0.0,True
swebench_django__django-11119_step_8,django__django-11119,8,high,high,high,stay,False,swebench,code_swe,0.8,high,3,True,0.025671600000000003,0.025671600000000003,0.0,True
swebench_django__django-11119_step_9,django__django-11119,9,low,high,high,sticky_hold,True,swebench,code_swe,0.8,low,0,True,0.026862,0.026862,0.0,True
swebench_django__django-11133_step_1,django__django-11133,1,low,low,,start,False,swebench,code_swe,0.8,low,0,True,0.0002435,0.01091,0.010666499999999999,True
swebench_django__django-11133_step_2,django__django-11133,2,mid_high,mid_high,low,escalate,False,swebench,code_swe,0.8,mid_high,2,True,0.0036211000000000004,0.0115692,0.0079481,True
swebench_django__django-11133_step_3,django__django-11133,3,high,high,mid_high,escalate,False,swebench,code_swe,0.8,high,3,True,0.014609200000000001,0.014609200000000001,0.0,True
swebench_django__django-11133_step_4,django__django-11133,4,mid,high,high,sticky_hold,True,swebench,code_swe,0.8,mid,1,True,0.0154476,0.0154476,0.0,True
swebench_django__django-11133_step_5,django__django-11133,5,mid_high,high,high,sticky_hold,True,swebench,code_swe,0.8,mid_high,2,True,0.016788400000000002,0.016788400000000002,0.0,True
swebench_django__django-11133_step_6,django__django-11133,6,high,high,high,stay,False,swebench,code_swe,0.8,high,3,True,0.018807599999999997,0.018807599999999997,0.0,True
swebench_django__django-11133_step_7,django__django-11133,7,high,high,high,stay,False,swebench,code_swe,0.8,high,3,True,0.020327599999999998,0.020327599999999998,0.0,True
swebench_django__django-11133_step_8,django__django-11133,8,low,high,high,sticky_hold,True,swebench,code_swe,0.8,low,0,True,0.0212012,0.0212012,0.0,True
swebench_django__django-11163_step_1,django__django-11163,1,low,low,,start,False,swebench,code_swe,0.8,low,0,True,0.0002313,0.0105196,0.0102883,True
swebench_django__django-11163_step_2,django__django-11163,2,mid,mid,low,escalate,False,swebench,code_swe,0.8,mid,1,True,0.0009382,0.010772400000000001,0.009834200000000001,True
swebench_django__django-11163_step_3,django__django-11163,3,high,high,mid,escalate,False,swebench,code_swe,0.8,high,3,True,0.0114604,0.0114604,0.0,True
swebench_django__django-11163_step_4,django__django-11163,4,high,high,high,stay,False,swebench,code_swe,0.8,high,3,True,0.012404400000000001,0.012404400000000001,0.0,True
swebench_django__django-11163_step_5,django__django-11163,5,high,high,high,stay,False,swebench,code_swe,0.8,high,3,True,0.013268400000000001,0.013268400000000001,0.0,True
swebench_django__django-11163_step_6,django__django-11163,6,high,high,high,stay,False,swebench,code_swe,0.8,high,3,True,0.0138892,0.0138892,0.0,True
swebench_django__django-11163_step_7,django__django-11163,7,mid,high,high,sticky_hold,True,swebench,code_swe,0.8,mid,1,True,0.0145388,0.0145388,0.0,True
swebench_django__django-11163_step_8,django__django-11163,8,low,high,high,sticky_hold,True,swebench,code_swe,0.8,low,0,True,0.0147756,0.0147756,0.0,True
swebench_django__django-11163_step_9,django__django-11163,9,low,high,high,sticky_hold,True,swebench,code_swe,0.8,low,0,True,0.0154412,0.0154412,0.0,True
swebench_django__django-11999_step_1,django__django-11999,1,mid,mid,,start,False,swebench,code_swe,0.8,mid,1,True,0.0009196500000000002,0.010602799999999999,0.009683149999999998,True
swebench_django__django-11999_step_2,django__django-11999,2,mid_high,mid_high,mid,escalate,False,swebench,code_swe,0.8,mid_high,2,True,0.0033978000000000003,0.0109196,0.0075217999999999995,True
swebench_django__django-11999_step_3,django__django-11999,3,high,high,mid_high,escalate,False,swebench,code_swe,0.8,high,3,True,0.011268400000000001,0.011268400000000001,0.0,True
swebench_django__django-11999_step_4,django__django-11999,4,mid_high,high,high,sticky_hold,True,swebench,code_swe,0.8,mid_high,2,True,0.0121836,0.0121836,0.0,True
swebench_django__django-11999_step_5,django__django-11999,5,high,high,high,stay,False,swebench,code_swe,0.8,high,3,True,0.013370799999999999,0.013370799999999999,0.0,True
swebench_django__django-11999_step_6,django__django-11999,6,mid_high,high,high,sticky_hold,True,swebench,code_swe,0.8,mid_high,2,True,0.014494,0.014494,0.0,True
swebench_django__django-11999_step_7,django__django-11999,7,high,high,high,stay,False,swebench,code_swe,0.8,high,3,True,0.0158188,0.0158188,0.0,True
swebench_django__django-11999_step_8,django__django-11999,8,high,high,high,stay,False,swebench,code_swe,0.8,high,3,True,0.0176492,0.0176492,0.0,True
swebench_django__django-11999_step_9,django__django-11999,9,mid_high,high,high,sticky_hold,True,swebench,code_swe,0.8,mid_high,2,True,0.018775599999999996,0.018775599999999996,0.0,True
swebench_django__django-11999_step_10,django__django-11999,10,mid_high,high,high,sticky_hold,True,swebench,code_swe,0.8,mid_high,2,True,0.019050800000000003,0.019050800000000003,0.0,True
swebench_django__django-11999_step_11,django__django-11999,11,low,high,high,sticky_hold,True,swebench,code_swe,0.8,low,0,True,0.0198252,0.0198252,0.0,True
swebench_django__django-12262_step_1,django__django-12262,1,high,high,,start,False,swebench,code_swe,0.8,high,3,True,0.011018799999999999,0.011018799999999999,0.0,True
swebench_django__django-12262_step_2,django__django-12262,2,mid,high,high,sticky_hold,True,swebench,code_swe,0.8,mid,1,True,0.012778799999999998,0.012778799999999998,0.0,True
swebench_django__django-12262_step_3,django__django-12262,3,mid_high,high,high,sticky_hold,True,swebench,code_swe,0.8,mid_high,2,True,0.0214764,0.0214764,0.0,True
swebench_django__django-12262_step_4,django__django-12262,4,high,high,high,stay,False,swebench,code_swe,0.8,high,3,True,0.0288652,0.0288652,0.0,True
swebench_django__django-12262_step_5,django__django-12262,5,high,high,high,stay,False,swebench,code_swe,0.8,high,3,True,0.031444400000000004,0.031444400000000004,0.0,True
swebench_django__django-12262_step_6,django__django-12262,6,low,high,high,sticky_hold,True,swebench,code_swe,0.8,low,0,True,0.031703600000000005,0.031703600000000005,0.0,True
swebench_django__django-12262_step_7,django__django-12262,7,low,high,high,sticky_hold,True,swebench,code_swe,0.8,low,0,True,0.0326284,0.0326284,0.0,True
swebench_django__django-12273_step_1,django__django-12273,1,mid_high,mid_high,,start,False,swebench,code_swe,0.8,mid_high,2,True,0.0034033,0.0109356,0.0075323000000000005,True
swebench_django__django-12273_step_2,django__django-12273,2,high,high,mid_high,escalate,False,swebench,code_swe,0.8,high,3,True,0.0131148,0.0131148,0.0,True
swebench_django__django-12273_step_3,django__django-12273,3,high,high,high,stay,False,swebench,code_swe,0.8,high,3,True,0.0248812,0.0248812,0.0,True
swebench_django__django-12273_step_4,django__django-12273,4,high,high,high,stay,False,swebench,code_swe,0.8,high,3,True,0.03035,0.03035,0.0,True
swebench_django__django-12273_step_5,django__django-12273,5,mid_high,high,high,sticky_hold,True,swebench,code_swe,0.8,mid_high,2,True,0.0312556,0.0312556,0.0,True
swebench_django__django-12276_step_1,django__django-12276,1,low,low,,start,False,swebench,code_swe,0.8,low,0,True,0.00023620000000000002,0.0106764,0.0104402,True
swebench_django__django-12276_step_2,django__django-12276,2,low,low,low,stay,False,swebench,code_swe,0.8,low,0,True,0.00027100000000000003,0.01179,0.011519,True
swebench_django__django-12276_step_3,django__django-12276,3,high,high,low,escalate,False,swebench,code_swe,0.8,high,3,True,0.0123532,0.0123532,0.0,True
swebench_django__django-12276_step_4,django__django-12276,4,high,high,high,stay,False,swebench,code_swe,0.8,high,3,True,0.018804400000000002,0.018804400000000002,0.0,True
swebench_django__django-12276_step_5,django__django-12276,5,low,high,high,sticky_hold,True,swebench,code_swe,0.8,low,0,True,0.0213356,0.0213356,0.0,True
swebench_django__django-12276_step_6,django__django-12276,6,high,high,high,stay,False,swebench,code_swe,0.8,high,3,True,0.022286,0.022286,0.0,True
swebench_django__django-12276_step_7,django__django-12276,7,high,high,high,stay,False,swebench,code_swe,0.8,high,3,True,0.0232236,0.0232236,0.0,True
swebench_django__django-12276_step_8,django__django-12276,8,low,high,high,sticky_hold,True,swebench,code_swe,0.8,low,0,True,0.0235116,0.0235116,0.0,True
swebench_django__django-12276_step_9,django__django-12276,9,low,high,high,sticky_hold,True,swebench,code_swe,0.8,low,0,True,0.0242956,0.0242956,0.0,True
swebench_django__django-12325_step_1,django__django-12325,1,mid,mid,,start,False,swebench,code_swe,0.8,mid,1,True,0.0009536000000000001,0.0109132,0.009959599999999999,True
swebench_django__django-12325_step_2,django__django-12325,2,high,high,mid,escalate,False,swebench,code_swe,0.8,high,3,True,0.0120172,0.0120172,0.0,True
swebench_django__django-12325_step_3,django__django-12325,3,high,high,high,stay,False,swebench,code_swe,0.8,high,3,True,0.0154156,0.0154156,0.0,True
swebench_django__django-12325_step_4,django__django-12325,4,high,high,high,stay,False,swebench,code_swe,0.8,high,3,True,0.021076400000000002,0.021076400000000002,0.0,True
swebench_django__django-12325_step_5,django__django-12325,5,high,high,high,stay,False,swebench,code_swe,0.8,high,3,True,0.0223852,0.0223852,0.0,True
swebench_django__django-12325_step_6,django__django-12325,6,mid_high,high,high,sticky_hold,True,swebench,code_swe,0.8,mid_high,2,True,0.0239052,0.0239052,0.0,True
swebench_django__django-12325_step_7,django__django-12325,7,low,high,high,sticky_hold,True,swebench,code_swe,0.8,low,0,True,0.0251084,0.0251084,0.0,True
mtrag_e0f8a53d3ab93e7900633fc8fa40631e_turn_4_step_1,e0f8a53d3ab93e7900633fc8fa40631e_turn_4,1,low,low,,start,False,mtrag,rag_multiturn,0.8,low,0,True,0.0002378,0.0107276,0.0104898,True
mtrag_e1b602e47ded79a35d8df4eefe194e39_turn_4_step_1,e1b602e47ded79a35d8df4eefe194e39_turn_4,1,low,low,,start,False,mtrag,rag_multiturn,0.8,low,0,True,0.0004243,0.016695599999999998,0.0162713,True
mtrag_e1b602e47ded79a35d8df4eefe194e39_turn_5_step_1,e1b602e47ded79a35d8df4eefe194e39_turn_5,1,low,low,,start,False,mtrag,rag_multiturn,0.8,low,0,True,0.0002954,0.012570799999999998,0.012275399999999999,True
mtrag_e52ab8d5f61ccdfc3712a2608d8c2aba_turn_2_step_1,e52ab8d5f61ccdfc3712a2608d8c2aba_turn_2,1,low,low,,start,False,mtrag,rag_multiturn,0.8,low,0,True,0.00017960000000000003,0.0088652,0.0086856,True
mtrag_e9dd465e8dd63a80dda8f3ce9cba6848_turn_3_step_1,e9dd465e8dd63a80dda8f3ce9cba6848_turn_3,1,low,low,,start,False,mtrag,rag_multiturn,0.8,low,0,True,0.0001699,0.0085548,0.008384899999999999,True
mtrag_e9dd465e8dd63a80dda8f3ce9cba6848_turn_4_step_1,e9dd465e8dd63a80dda8f3ce9cba6848_turn_4,1,low,low,,start,False,mtrag,rag_multiturn,0.8,low,0,True,0.00018869999999999998,0.009156399999999999,0.008967699999999999,True
mtrag_e9dd465e8dd63a80dda8f3ce9cba6848_turn_6_step_1,e9dd465e8dd63a80dda8f3ce9cba6848_turn_6,1,mid,mid,,start,False,mtrag,rag_multiturn,0.8,mid,1,True,0.0008241,0.0097292,0.0089051,True
mtrag_f05ba9633e1b377f9c4d64afd3da3c45_turn_2_step_1,f05ba9633e1b377f9c4d64afd3da3c45_turn_2,1,low,low,,start,False,mtrag,rag_multiturn,0.8,low,0,True,0.0002434,0.0109068,0.0106634,True
mtrag_f0d30863222ebd30fc68c43ac3ae94bb_turn_1_step_1,f0d30863222ebd30fc68c43ac3ae94bb_turn_1,1,low,low,,start,False,mtrag,rag_multiturn,0.8,low,0,True,0.000174,0.008686,0.008511999999999999,True
mtrag_f1121a39d8a9e36eaef4c2367bd43532_turn_1_step_1,f1121a39d8a9e36eaef4c2367bd43532_turn_1,1,low,low,,start,False,mtrag,rag_multiturn,0.8,low,0,True,0.0001778,0.0088076,0.0086298,True
mtrag_f1121a39d8a9e36eaef4c2367bd43532_turn_3_step_1,f1121a39d8a9e36eaef4c2367bd43532_turn_3,1,low,low,,start,False,mtrag,rag_multiturn,0.8,low,0,True,0.00024870000000000003,0.011076400000000002,0.010827700000000003,True
mtrag_f5a8ca2f2bc12180940167fb920bb018_turn_5_step_1,f5a8ca2f2bc12180940167fb920bb018_turn_5,1,low,low,,start,False,mtrag,rag_multiturn,0.8,low,0,True,0.0003194,0.0133388,0.0130194,True
mtrag_f5a8ca2f2bc12180940167fb920bb018_turn_6_step_1,f5a8ca2f2bc12180940167fb920bb018_turn_6,1,mid,mid,,start,False,mtrag,rag_multiturn,0.8,mid,1,True,0.0012633499999999999,0.0137452,0.012481850000000001,True
mtrag_fc3e765d7ffc28ffc7ee7ea38fd3c73a_turn_4_step_1,fc3e765d7ffc28ffc7ee7ea38fd3c73a_turn_4,1,low,low,,start,False,mtrag,rag_multiturn,0.8,low,0,True,0.00028560000000000006,0.012257200000000001,0.0119716,True
mtrag_fc3e765d7ffc28ffc7ee7ea38fd3c73a_turn_5_step_1,fc3e765d7ffc28ffc7ee7ea38fd3c73a_turn_5,1,low,low,,start,False,mtrag,rag_multiturn,0.8,low,0,True,0.00027410000000000005,0.0118892,0.011615100000000001,True
mtrag_fd99b316e5e64f19ff938598aea9b285_turn_5_step_1,fd99b316e5e64f19ff938598aea9b285_turn_5,1,low,low,,start,False,mtrag,rag_multiturn,0.8,low,0,True,0.0002101,0.0098412,0.0096311,True
mtrag_fdee20f7fd677e420742b09989623d68_turn_5_step_1,fdee20f7fd677e420742b09989623d68_turn_5,1,low,low,,start,False,mtrag,rag_multiturn,0.8,low,0,True,0.0003157000000000001,0.0132204,0.0129047,True
bfcl_live_irrelevance_103-3-0_step_1,live_irrelevance_103-3-0,1,low,low,,start,False,bfcl,bfcl_tool_use_single_turn,0.8,low,0,True,0.0001115,0.006685999999999999,0.0065745,True
bfcl_live_irrelevance_252-53-0_step_1,live_irrelevance_252-53-0,1,low,low,,start,False,bfcl,bfcl_tool_use_single_turn,0.8,low,0,True,0.0001082,0.006580399999999999,0.006472199999999999,True
bfcl_live_irrelevance_253-53-1_step_1,live_irrelevance_253-53-1,1,low,low,,start,False,bfcl,bfcl_tool_use_single_turn,0.8,low,0,True,0.0001082,0.006580399999999999,0.006472199999999999,True
bfcl_live_irrelevance_254-53-2_step_1,live_irrelevance_254-53-2,1,low,low,,start,False,bfcl,bfcl_tool_use_single_turn,0.8,low,0,True,0.00010790000000000001,0.0065708,0.0064629,True
bfcl_live_irrelevance_417-96-0_step_1,live_irrelevance_417-96-0,1,low,low,,start,False,bfcl,bfcl_tool_use_single_turn,0.8,low,0,True,0.0001093,0.0066156,0.0065063000000000005,True
bfcl_live_irrelevance_418-96-1_step_1,live_irrelevance_418-96-1,1,low,low,,start,False,bfcl,bfcl_tool_use_single_turn,0.8,low,0,True,0.0001085,0.0065899999999999995,0.006481499999999999,True
bfcl_live_irrelevance_660-211-0_step_1,live_irrelevance_660-211-0,1,low,low,,start,False,bfcl,bfcl_tool_use_single_turn,0.8,low,0,True,0.0001125,0.006718,0.0066055,True
bfcl_live_irrelevance_731-246-0_step_1,live_irrelevance_731-246-0,1,low,low,,start,False,bfcl,bfcl_tool_use_single_turn,0.8,low,0,True,0.0001096,0.0066251999999999995,0.0065156,True
bfcl_live_irrelevance_747-258-0_step_1,live_irrelevance_747-258-0,1,low,low,,start,False,bfcl,bfcl_tool_use_single_turn,0.8,low,0,True,0.0001766,0.0087692,0.008592599999999999,True
bfcl_live_multiple_100-42-4_step_1,live_multiple_100-42-4,1,low,low,,start,False,bfcl,bfcl_tool_use_single_turn,0.8,low,0,True,0.0001102,0.006644399999999999,0.006534199999999999,True
bfcl_live_multiple_101-42-5_step_1,live_multiple_101-42-5,1,low,low,,start,False,bfcl,bfcl_tool_use_single_turn,0.8,low,0,True,0.0001097,0.0066284,0.0065187,True
bfcl_live_multiple_102-43-0_step_1,live_multiple_102-43-0,1,low,low,,start,False,bfcl,bfcl_tool_use_single_turn,0.8,low,0,True,0.00011,0.006638,0.006528,True
bfcl_live_multiple_103-43-1_step_1,live_multiple_103-43-1,1,low,low,,start,False,bfcl,bfcl_tool_use_single_turn,0.8,low,0,True,0.0001141,0.0067691999999999995,0.0066551,True
bfcl_live_multiple_104-43-2_step_1,live_multiple_104-43-2,1,low,low,,start,False,bfcl,bfcl_tool_use_single_turn,0.8,low,0,True,0.00011,0.006638,0.006528,True
bfcl_live_multiple_105-43-3_step_1,live_multiple_105-43-3,1,low,low,,start,False,bfcl,bfcl_tool_use_single_turn,0.8,low,0,True,0.0001097,0.0066284,0.0065187,True
bfcl_live_multiple_106-43-4_step_1,live_multiple_106-43-4,1,low,low,,start,False,bfcl,bfcl_tool_use_single_turn,0.8,low,0,True,0.00011190000000000001,0.0066987999999999995,0.0065869,True
bfcl_live_multiple_107-43-5_step_1,live_multiple_107-43-5,1,low,low,,start,False,bfcl,bfcl_tool_use_single_turn,0.8,low,0,True,0.00011059999999999999,0.006657199999999999,0.0065466,True
bfcl_live_multiple_108-43-6_step_1,live_multiple_108-43-6,1,low,low,,start,False,bfcl,bfcl_tool_use_single_turn,0.8,low,0,True,0.00011009999999999999,0.006641199999999999,0.006531099999999999,True
bfcl_live_multiple_109-43-7_step_1,live_multiple_109-43-7,1,low,low,,start,False,bfcl,bfcl_tool_use_single_turn,0.8,low,0,True,0.0001089,0.0066028,0.0064938999999999995,True
bfcl_live_multiple_110-43-8_step_1,live_multiple_110-43-8,1,low,low,,start,False,bfcl,bfcl_tool_use_single_turn,0.8,low,0,True,0.00011,0.006638,0.006528,True
bfcl_live_multiple_111-43-9_step_1,live_multiple_111-43-9,1,low,low,,start,False,bfcl,bfcl_tool_use_single_turn,0.8,low,0,True,0.0001112,0.006676399999999999,0.006565199999999999,True
bfcl_live_multiple_112-43-10_step_1,live_multiple_112-43-10,1,low,low,,start,False,bfcl,bfcl_tool_use_single_turn,0.8,low,0,True,0.0001103,0.0066476,0.0065373,True
bfcl_live_multiple_180-76-0_step_1,live_multiple_180-76-0,1,low,low,,start,False,bfcl,bfcl_tool_use_single_turn,0.8,low,0,True,0.000121,0.00699,0.006869,True
bfcl_live_multiple_181-76-1_step_1,live_multiple_181-76-1,1,mid,mid,,start,False,bfcl,bfcl_tool_use_single_turn,0.8,mid,1,True,0.0004863500000000001,0.006641199999999999,0.006154849999999999,True
bfcl_live_multiple_185-80-0_step_1,live_multiple_185-80-0,1,low,low,,start,False,bfcl,bfcl_tool_use_single_turn,0.8,low,0,True,0.0001099,0.0066348,0.0065249,True
bfcl_live_multiple_217-93-0_step_1,live_multiple_217-93-0,1,low,low,,start,False,bfcl,bfcl_tool_use_single_turn,0.8,low,0,True,0.0001088,0.0065996,0.0064908,True
bfcl_live_multiple_25-6-0_step_1,live_multiple_25-6-0,1,low,low,,start,False,bfcl,bfcl_tool_use_single_turn,0.8,low,0,True,0.0001088,0.0065996,0.0064908,True
bfcl_live_multiple_26-6-1_step_1,live_multiple_26-6-1,1,low,low,,start,False,bfcl,bfcl_tool_use_single_turn,0.8,low,0,True,0.00022610000000000002,0.0103532,0.0101271,True
bfcl_live_multiple_44-17-0_step_1,live_multiple_44-17-0,1,low,low,,start,False,bfcl,bfcl_tool_use_single_turn,0.8,low,0,True,0.00011740000000000001,0.0068747999999999995,0.006757399999999999,True
bfcl_live_multiple_96-42-0_step_1,live_multiple_96-42-0,1,low,low,,start,False,bfcl,bfcl_tool_use_single_turn,0.8,low,0,True,0.0001099,0.0066348,0.0065249,True
bfcl_live_multiple_97-42-1_step_1,live_multiple_97-42-1,1,low,low,,start,False,bfcl,bfcl_tool_use_single_turn,0.8,low,0,True,0.0001115,0.006685999999999999,0.0065745,True
bfcl_live_multiple_98-42-2_step_1,live_multiple_98-42-2,1,low,low,,start,False,bfcl,bfcl_tool_use_single_turn,0.8,low,0,True,0.0001096,0.0066251999999999995,0.0065156,True
bfcl_live_multiple_985-216-0_step_1,live_multiple_985-216-0,1,low,low,,start,False,bfcl,bfcl_tool_use_single_turn,0.8,low,0,True,0.00011240000000000001,0.0067148,0.0066024,True
bfcl_live_multiple_99-42-3_step_1,live_multiple_99-42-3,1,low,low,,start,False,bfcl,bfcl_tool_use_single_turn,0.8,low,0,True,0.0001091,0.006609199999999999,0.006500099999999999,True
bfcl_live_parallel_multiple_0-0-0_step_1,live_parallel_multiple_0-0-0,1,low,low,,start,False,bfcl,bfcl_tool_use_single_turn,0.8,low,0,True,0.00011229999999999999,0.0067116,0.0065993,True
bfcl_live_parallel_multiple_1-1-0_step_1,live_parallel_multiple_1-1-0,1,low,low,,start,False,bfcl,bfcl_tool_use_single_turn,0.8,low,0,True,0.0001085,0.0065899999999999995,0.006481499999999999,True
bfcl_live_parallel_multiple_11-10-0_step_1,live_parallel_multiple_11-10-0,1,low,low,,start,False,bfcl,bfcl_tool_use_single_turn,0.8,low,0,True,0.000123,0.0070539999999999995,0.006931,True
bfcl_live_parallel_multiple_12-10-1_step_1,live_parallel_multiple_12-10-1,1,mid,mid,,start,False,bfcl,bfcl_tool_use_single_turn,0.8,mid,1,True,0.0005010500000000001,0.0067756,0.006274549999999999,True
bfcl_live_parallel_multiple_13-11-0_step_1,live_parallel_multiple_13-11-0,1,low,low,,start,False,bfcl,bfcl_tool_use_single_turn,0.8,low,0,True,0.00011070000000000001,0.0066603999999999995,0.0065496999999999994,True
bfcl_live_parallel_multiple_14-12-0_step_1,live_parallel_multiple_14-12-0,1,low,low,,start,False,bfcl,bfcl_tool_use_single_turn,0.8,low,0,True,0.00011159999999999999,0.006689199999999999,0.006577599999999999,True
bfcl_live_parallel_multiple_15-13-0_step_1,live_parallel_multiple_15-13-0,1,low,low,,start,False,bfcl,bfcl_tool_use_single_turn,0.8,low,0,True,0.0001102,0.006644399999999999,0.006534199999999999,True
bfcl_live_parallel_multiple_16-14-0_step_1,live_parallel_multiple_16-14-0,1,low,low,,start,False,bfcl,bfcl_tool_use_single_turn,0.8,low,0,True,0.0001102,0.006644399999999999,0.006534199999999999,True
bfcl_live_parallel_multiple_17-15-0_step_1,live_parallel_multiple_17-15-0,1,low,low,,start,False,bfcl,bfcl_tool_use_single_turn,0.8,low,0,True,0.0001088,0.0065996,0.0064908,True
bfcl_live_parallel_multiple_18-16-0_step_1,live_parallel_multiple_18-16-0,1,low,low,,start,False,bfcl,bfcl_tool_use_single_turn,0.8,low,0,True,0.0001096,0.0066251999999999995,0.0065156,True
bfcl_live_parallel_multiple_19-16-1_step_1,live_parallel_multiple_19-16-1,1,low,low,,start,False,bfcl,bfcl_tool_use_single_turn,0.8,low,0,True,0.00011009999999999999,0.006641199999999999,0.006531099999999999,True
bfcl_live_parallel_multiple_2-2-0_step_1,live_parallel_multiple_2-2-0,1,low,low,,start,False,bfcl,bfcl_tool_use_single_turn,0.8,low,0,True,0.0001084,0.006586799999999999,0.0064784,True
bfcl_live_parallel_multiple_20-17-0_step_1,live_parallel_multiple_20-17-0,1,low,low,,start,False,bfcl,bfcl_tool_use_single_turn,0.8,low,0,True,0.00011570000000000001,0.006820399999999999,0.006704699999999999,True
bfcl_live_parallel_multiple_21-18-0_step_1,live_parallel_multiple_21-18-0,1,low,low,,start,False,bfcl,bfcl_tool_use_single_turn,0.8,low,0,True,0.0001112,0.006676399999999999,0.006565199999999999,True
bfcl_live_parallel_multiple_22-19-0_step_1,live_parallel_multiple_22-19-0,1,low,low,,start,False,bfcl,bfcl_tool_use_single_turn,0.8,low,0,True,0.00011009999999999999,0.006641199999999999,0.006531099999999999,True
bfcl_live_parallel_multiple_23-20-0_step_1,live_parallel_multiple_23-20-0,1,low,low,,start,False,bfcl,bfcl_tool_use_single_turn,0.8,low,0,True,0.0001093,0.0066156,0.0065063000000000005,True
bfcl_live_parallel_multiple_3-2-1_step_1,live_parallel_multiple_3-2-1,1,low,low,,start,False,bfcl,bfcl_tool_use_single_turn,0.8,low,0,True,0.0001127,0.006724399999999999,0.006611699999999999,True
bfcl_live_parallel_multiple_4-3-0_step_1,live_parallel_multiple_4-3-0,1,low,low,,start,False,bfcl,bfcl_tool_use_single_turn,0.8,low,0,True,0.00011159999999999999,0.006689199999999999,0.006577599999999999,True
bfcl_live_parallel_multiple_5-4-0_step_1,live_parallel_multiple_5-4-0,1,low,low,,start,False,bfcl,bfcl_tool_use_single_turn,0.8,low,0,True,0.00011070000000000001,0.0066603999999999995,0.0065496999999999994,True
bfcl_live_parallel_multiple_6-5-0_step_1,live_parallel_multiple_6-5-0,1,low,low,,start,False,bfcl,bfcl_tool_use_single_turn,0.8,low,0,True,0.0001086,0.0065932,0.006484599999999999,True
bfcl_live_parallel_multiple_7-6-0_step_1,live_parallel_multiple_7-6-0,1,low,low,,start,False,bfcl,bfcl_tool_use_single_turn,0.8,low,0,True,0.0001091,0.006609199999999999,0.006500099999999999,True
bfcl_live_parallel_multiple_9-8-0_step_1,live_parallel_multiple_9-8-0,1,mid,mid,,start,False,bfcl,bfcl_tool_use_single_turn,0.8,mid,1,True,0.00051995,0.0069483999999999995,0.00642845,True
swebench_matplotlib__matplotlib-13989_step_1,matplotlib__matplotlib-13989,1,low,low,,start,False,swebench,code_swe,0.8,low,0,True,0.000264,0.011566,0.011302,True
swebench_matplotlib__matplotlib-13989_step_2,matplotlib__matplotlib-13989,2,high,high,low,escalate,False,swebench,code_swe,0.8,high,3,True,0.0129292,0.0129292,0.0,True
swebench_matplotlib__matplotlib-13989_step_3,matplotlib__matplotlib-13989,3,mid,high,high,sticky_hold,True,swebench,code_swe,0.8,mid,1,True,0.0167276,0.0167276,0.0,True
swebench_matplotlib__matplotlib-13989_step_4,matplotlib__matplotlib-13989,4,low,high,high,sticky_hold,True,swebench,code_swe,0.8,low,0,True,0.019281200000000002,0.019281200000000002,0.0,True
swebench_matplotlib__matplotlib-13989_step_5,matplotlib__matplotlib-13989,5,high,high,high,stay,False,swebench,code_swe,0.8,high,3,True,0.019882800000000003,0.019882800000000003,0.0,True
swebench_matplotlib__matplotlib-13989_step_6,matplotlib__matplotlib-13989,6,high,high,high,stay,False,swebench,code_swe,0.8,high,3,True,0.021159599999999997,0.021159599999999997,0.0,True
swebench_matplotlib__matplotlib-13989_step_7,matplotlib__matplotlib-13989,7,high,high,high,stay,False,swebench,code_swe,0.8,high,3,True,0.022068400000000002,0.022068400000000002,0.0,True
swebench_matplotlib__matplotlib-13989_step_8,matplotlib__matplotlib-13989,8,low,high,high,sticky_hold,True,swebench,code_swe,0.8,low,0,True,0.0224012,0.0224012,0.0,True
swebench_matplotlib__matplotlib-13989_step_9,matplotlib__matplotlib-13989,9,low,high,high,sticky_hold,True,swebench,code_swe,0.8,low,0,True,0.022993200000000002,0.022993200000000002,0.0,True
swebench_matplotlib__matplotlib-14623_step_1,matplotlib__matplotlib-14623,1,low,low,,start,False,swebench,code_swe,0.8,low,0,True,0.0002491,0.0110892,0.0108401,True
swebench_matplotlib__matplotlib-14623_step_2,matplotlib__matplotlib-14623,2,high,high,low,escalate,False,swebench,code_swe,0.8,high,3,True,0.0125804,0.0125804,0.0,True
swebench_matplotlib__matplotlib-14623_step_3,matplotlib__matplotlib-14623,3,high,high,high,stay,False,swebench,code_swe,0.8,high,3,True,0.023034799999999998,0.023034799999999998,0.0,True
swebench_matplotlib__matplotlib-14623_step_4,matplotlib__matplotlib-14623,4,high,high,high,stay,False,swebench,code_swe,0.8,high,3,True,0.0288908,0.0288908,0.0,True
swebench_matplotlib__matplotlib-14623_step_5,matplotlib__matplotlib-14623,5,high,high,high,stay,False,swebench,code_swe,0.8,high,3,True,0.0293996,0.0293996,0.0,True
swebench_matplotlib__matplotlib-14623_step_6,matplotlib__matplotlib-14623,6,high,high,high,stay,False,swebench,code_swe,0.8,high,3,True,0.030078,0.030078,0.0,True
swebench_matplotlib__matplotlib-14623_step_7,matplotlib__matplotlib-14623,7,high,high,high,stay,False,swebench,code_swe,0.8,high,3,True,0.031822,0.031822,0.0,True
swebench_matplotlib__matplotlib-14623_step_8,matplotlib__matplotlib-14623,8,high,high,high,stay,False,swebench,code_swe,0.8,high,3,True,0.031495600000000006,0.031495600000000006,0.0,True
swebench_matplotlib__matplotlib-14623_step_9,matplotlib__matplotlib-14623,9,mid_high,high,high,sticky_hold,True,swebench,code_swe,0.8,mid_high,2,True,0.032670000000000005,0.032670000000000005,0.0,True
swebench_matplotlib__matplotlib-14623_step_10,matplotlib__matplotlib-14623,10,low,high,high,sticky_hold,True,swebench,code_swe,0.8,low,0,True,0.0325772,0.0325772,0.0,True
swebench_matplotlib__matplotlib-14623_step_11,matplotlib__matplotlib-14623,11,low,high,high,sticky_hold,True,swebench,code_swe,0.8,low,0,True,0.032695600000000005,0.032695600000000005,0.0,True
swebench_matplotlib__matplotlib-20488_step_1,matplotlib__matplotlib-20488,1,high,high,,start,False,swebench,code_swe,0.8,high,3,True,0.0117548,0.0117548,0.0,True
swebench_matplotlib__matplotlib-20488_step_2,matplotlib__matplotlib-20488,2,high,high,high,stay,False,swebench,code_swe,0.8,high,3,True,0.017422,0.017422,0.0,True
swebench_matplotlib__matplotlib-20488_step_3,matplotlib__matplotlib-20488,3,high,high,high,stay,False,swebench,code_swe,0.8,high,3,True,0.020503599999999997,0.020503599999999997,0.0,True
swebench_matplotlib__matplotlib-20488_step_4,matplotlib__matplotlib-20488,4,mid,high,high,sticky_hold,True,swebench,code_swe,0.8,mid,1,True,0.0228652,0.0228652,0.0,True
swebench_matplotlib__matplotlib-20488_step_5,matplotlib__matplotlib-20488,5,high,high,high,stay,False,swebench,code_swe,0.8,high,3,True,0.0235404,0.0235404,0.0,True
swebench_matplotlib__matplotlib-20488_step_6,matplotlib__matplotlib-20488,6,low,high,high,sticky_hold,True,swebench,code_swe,0.8,low,0,True,0.0252812,0.0252812,0.0,True
bfcl_multi_turn_base_0_step_1,multi_turn_base_0,1,low,low,,start,False,bfcl,bfcl_tool_use_multi_turn,0.8,low,0,True,0.00011059999999999999,0.006657199999999999,0.0065466,True
bfcl_multi_turn_base_0_step_2,multi_turn_base_0,2,low,low,low,stay,False,bfcl,bfcl_tool_use_multi_turn,0.8,low,0,True,0.00015069999999999998,0.007940399999999999,0.007789699999999998,True
bfcl_multi_turn_base_0_step_3,multi_turn_base_0,3,low,low,low,stay,False,bfcl,bfcl_tool_use_multi_turn,0.8,low,0,True,0.0001729,0.008650799999999998,0.008477899999999998,True
bfcl_multi_turn_base_0_step_4,multi_turn_base_0,4,low,low,low,stay,False,bfcl,bfcl_tool_use_multi_turn,0.8,low,0,True,0.0001943,0.0093356,0.0091413,True
bfcl_multi_turn_base_110_step_1,multi_turn_base_110,1,low,low,,start,False,bfcl,bfcl_tool_use_multi_turn,0.8,low,0,True,0.00011229999999999999,0.0067116,0.0065993,True
bfcl_multi_turn_base_110_step_2,multi_turn_base_110,2,low,low,low,stay,False,bfcl,bfcl_tool_use_multi_turn,0.8,low,0,True,0.00012780000000000002,0.0072076,0.0070798,True
bfcl_multi_turn_base_110_step_3,multi_turn_base_110,3,low,low,low,stay,False,bfcl,bfcl_tool_use_multi_turn,0.8,low,0,True,0.0001544,0.0080588,0.007904399999999999,True
bfcl_multi_turn_base_110_step_4,multi_turn_base_110,4,low,low,low,stay,False,bfcl,bfcl_tool_use_multi_turn,0.8,low,0,True,0.00017610000000000002,0.008753200000000001,0.0085771,True
bfcl_multi_turn_base_110_step_5,multi_turn_base_110,5,low,low,low,stay,False,bfcl,bfcl_tool_use_multi_turn,0.8,low,0,True,0.0001935,0.009309999999999999,0.0091165,True
bfcl_multi_turn_base_110_step_6,multi_turn_base_110,6,low,low,low,stay,False,bfcl,bfcl_tool_use_multi_turn,0.8,low,0,True,0.00021810000000000002,0.0100972,0.0098791,True
bfcl_multi_turn_base_131_step_1,multi_turn_base_131,1,low,low,,start,False,bfcl,bfcl_tool_use_multi_turn,0.8,low,0,True,0.0001102,0.006644399999999999,0.006534199999999999,True
bfcl_multi_turn_base_131_step_2,multi_turn_base_131,2,low,low,low,stay,False,bfcl,bfcl_tool_use_multi_turn,0.8,low,0,True,0.0001231,0.0070572,0.0069340999999999995,True
bfcl_multi_turn_base_131_step_3,multi_turn_base_131,3,low,low,low,stay,False,bfcl,bfcl_tool_use_multi_turn,0.8,low,0,True,0.0001411,0.0076332,0.0074921,True
bfcl_multi_turn_base_131_step_4,multi_turn_base_131,4,low,low,low,stay,False,bfcl,bfcl_tool_use_multi_turn,0.8,low,0,True,0.0001829,0.0089708,0.0087879,True
bfcl_multi_turn_base_131_step_5,multi_turn_base_131,5,low,low,low,stay,False,bfcl,bfcl_tool_use_multi_turn,0.8,low,0,True,0.00020930000000000002,0.0098156,0.0096063,True
bfcl_multi_turn_base_131_step_6,multi_turn_base_131,6,low,low,low,stay,False,bfcl,bfcl_tool_use_multi_turn,0.8,low,0,True,0.0002398,0.0107916,0.0105518,True
bfcl_multi_turn_base_131_step_7,multi_turn_base_131,7,low,low,low,stay,False,bfcl,bfcl_tool_use_multi_turn,0.8,low,0,True,0.00026820000000000007,0.011700400000000001,0.011432200000000002,True
bfcl_multi_turn_base_15_step_1,multi_turn_base_15,1,low,low,,start,False,bfcl,bfcl_tool_use_multi_turn,0.8,low,0,True,0.0001126,0.006721199999999999,0.006608599999999999,True
bfcl_multi_turn_base_15_step_2,multi_turn_base_15,2,low,low,low,stay,False,bfcl,bfcl_tool_use_multi_turn,0.8,low,0,True,0.00012780000000000002,0.0072076,0.0070798,True
bfcl_multi_turn_base_15_step_3,multi_turn_base_15,3,low,low,low,stay,False,bfcl,bfcl_tool_use_multi_turn,0.8,low,0,True,0.0001353,0.0074475999999999995,0.0073123,True
bfcl_multi_turn_base_15_step_4,multi_turn_base_15,4,low,low,low,stay,False,bfcl,bfcl_tool_use_multi_turn,0.8,low,0,True,0.0001517,0.0079724,0.0078207,True
bfcl_multi_turn_base_15_step_5,multi_turn_base_15,5,mid,mid,low,escalate,False,bfcl,bfcl_tool_use_multi_turn,0.8,mid,1,True,0.0007124500000000001,0.0087084,0.00799595,True
bfcl_multi_turn_base_162_step_1,multi_turn_base_162,1,low,low,,start,False,bfcl,bfcl_tool_use_multi_turn,0.8,low,0,True,0.0001109,0.0066668,0.0065559,True
bfcl_multi_turn_base_162_step_2,multi_turn_base_162,2,low,low,low,stay,False,bfcl,bfcl_tool_use_multi_turn,0.8,low,0,True,0.0001439,0.0077228,0.0075789,True
bfcl_multi_turn_base_162_step_3,multi_turn_base_162,3,low,low,low,stay,False,bfcl,bfcl_tool_use_multi_turn,0.8,low,0,True,0.0001604,0.008250799999999999,0.0080904,True
bfcl_multi_turn_base_162_step_4,multi_turn_base_162,4,low,low,low,stay,False,bfcl,bfcl_tool_use_multi_turn,0.8,low,0,True,0.00018460000000000001,0.0090252,0.0088406,True
bfcl_multi_turn_base_162_step_5,multi_turn_base_162,5,low,low,low,stay,False,bfcl,bfcl_tool_use_multi_turn,0.8,low,0,True,0.000221,0.01019,0.009968999999999999,True
bfcl_multi_turn_base_162_step_6,multi_turn_base_162,6,low,low,low,stay,False,bfcl,bfcl_tool_use_multi_turn,0.8,low,0,True,0.00025100000000000003,0.01115,0.010899,True
bfcl_multi_turn_base_170_step_1,multi_turn_base_170,1,low,low,,start,False,bfcl,bfcl_tool_use_multi_turn,0.8,low,0,True,0.00011679999999999999,0.0068556,0.0067388,True
bfcl_multi_turn_base_170_step_2,multi_turn_base_170,2,low,low,low,stay,False,bfcl,bfcl_tool_use_multi_turn,0.8,low,0,True,0.0001778,0.0088076,0.0086298,True
bfcl_multi_turn_base_170_step_3,multi_turn_base_170,3,low,low,low,stay,False,bfcl,bfcl_tool_use_multi_turn,0.8,low,0,True,0.00020240000000000001,0.009594799999999999,0.009392399999999999,True
bfcl_multi_turn_base_170_step_4,multi_turn_base_170,4,low,low,low,stay,False,bfcl,bfcl_tool_use_multi_turn,0.8,low,0,True,0.0002377,0.0107244,0.0104867,True
bfcl_multi_turn_base_170_step_5,multi_turn_base_170,5,low,low,low,stay,False,bfcl,bfcl_tool_use_multi_turn,0.8,low,0,True,0.0002683,0.0117036,0.011435299999999999,True
bfcl_multi_turn_base_170_step_6,multi_turn_base_170,6,low,low,low,stay,False,bfcl,bfcl_tool_use_multi_turn,0.8,low,0,True,0.00029880000000000005,0.0126796,0.012380799999999999,True
bfcl_multi_turn_base_174_step_1,multi_turn_base_174,1,low,low,,start,False,bfcl,bfcl_tool_use_multi_turn,0.8,low,0,True,0.00011559999999999999,0.0068172,0.0067016,True
bfcl_multi_turn_base_174_step_2,multi_turn_base_174,2,low,low,low,stay,False,bfcl,bfcl_tool_use_multi_turn,0.8,low,0,True,0.0001684,0.008506799999999998,0.008338399999999998,True
bfcl_multi_turn_base_174_step_3,multi_turn_base_174,3,low,low,low,stay,False,bfcl,bfcl_tool_use_multi_turn,0.8,low,0,True,0.0001992,0.0094924,0.0092932,True
bfcl_multi_turn_base_174_step_4,multi_turn_base_174,4,low,low,low,stay,False,bfcl,bfcl_tool_use_multi_turn,0.8,low,0,True,0.0002464,0.011002799999999998,0.010756399999999998,True
bfcl_multi_turn_base_174_step_5,multi_turn_base_174,5,low,low,low,stay,False,bfcl,bfcl_tool_use_multi_turn,0.8,low,0,True,0.00027800000000000004,0.012014,0.011736,True
bfcl_multi_turn_base_180_step_1,multi_turn_base_180,1,low,low,,start,False,bfcl,bfcl_tool_use_multi_turn,0.8,low,0,True,0.0001133,0.0067436,0.0066302999999999996,True
bfcl_multi_turn_base_180_step_2,multi_turn_base_180,2,low,low,low,stay,False,bfcl,bfcl_tool_use_multi_turn,0.8,low,0,True,0.0001475,0.007838,0.007690499999999999,True
bfcl_multi_turn_base_180_step_3,multi_turn_base_180,3,low,low,low,stay,False,bfcl,bfcl_tool_use_multi_turn,0.8,low,0,True,0.0001894,0.009178799999999999,0.0089894,True
bfcl_multi_turn_base_180_step_4,multi_turn_base_180,4,low,low,low,stay,False,bfcl,bfcl_tool_use_multi_turn,0.8,low,0,True,0.00021380000000000002,0.0099596,0.0097458,True
bfcl_multi_turn_base_180_step_5,multi_turn_base_180,5,low,low,low,stay,False,bfcl,bfcl_tool_use_multi_turn,0.8,low,0,True,0.0002531,0.0112172,0.010964100000000001,True
bfcl_multi_turn_base_180_step_6,multi_turn_base_180,6,low,low,low,stay,False,bfcl,bfcl_tool_use_multi_turn,0.8,low,0,True,0.00034500000000000004,0.014158,0.013813,True
bfcl_multi_turn_base_183_step_1,multi_turn_base_183,1,low,low,,start,False,bfcl,bfcl_tool_use_multi_turn,0.8,low,0,True,0.0001132,0.006740399999999999,0.006627199999999999,True
bfcl_multi_turn_base_183_step_2,multi_turn_base_183,2,low,low,low,stay,False,bfcl,bfcl_tool_use_multi_turn,0.8,low,0,True,0.0001388,0.0075596,0.0074208,True
bfcl_multi_turn_base_183_step_3,multi_turn_base_183,3,low,low,low,stay,False,bfcl,bfcl_tool_use_multi_turn,0.8,low,0,True,0.0001788,0.0088396,0.0086608,True
bfcl_multi_turn_base_183_step_4,multi_turn_base_183,4,low,low,low,stay,False,bfcl,bfcl_tool_use_multi_turn,0.8,low,0,True,0.0002009,0.0095468,0.009345899999999999,True
bfcl_multi_turn_base_183_step_5,multi_turn_base_183,5,low,low,low,stay,False,bfcl,bfcl_tool_use_multi_turn,0.8,low,0,True,0.0002327,0.0105644,0.0103317,True
bfcl_multi_turn_base_183_step_6,multi_turn_base_183,6,low,low,low,stay,False,bfcl,bfcl_tool_use_multi_turn,0.8,low,0,True,0.00025840000000000005,0.011386799999999999,0.011128399999999998,True
bfcl_multi_turn_base_184_step_1,multi_turn_base_184,1,low,low,,start,False,bfcl,bfcl_tool_use_multi_turn,0.8,low,0,True,0.000117,0.006861999999999999,0.006744999999999999,True
bfcl_multi_turn_base_184_step_2,multi_turn_base_184,2,low,low,low,stay,False,bfcl,bfcl_tool_use_multi_turn,0.8,low,0,True,0.00014780000000000001,0.0078476,0.0076998,True
bfcl_multi_turn_base_184_step_3,multi_turn_base_184,3,low,low,low,stay,False,bfcl,bfcl_tool_use_multi_turn,0.8,low,0,True,0.0001719,0.0086188,0.0084469,True
bfcl_multi_turn_base_184_step_4,multi_turn_base_184,4,low,low,low,stay,False,bfcl,bfcl_tool_use_multi_turn,0.8,low,0,True,0.00019119999999999999,0.009236399999999999,0.009045199999999998,True
bfcl_multi_turn_base_184_step_5,multi_turn_base_184,5,low,low,low,stay,False,bfcl,bfcl_tool_use_multi_turn,0.8,low,0,True,0.00021140000000000002,0.009882799999999999,0.009671399999999998,True
bfcl_multi_turn_base_184_step_6,multi_turn_base_184,6,low,low,low,stay,False,bfcl,bfcl_tool_use_multi_turn,0.8,low,0,True,0.0002361,0.0106732,0.010437100000000001,True
bfcl_multi_turn_base_186_step_1,multi_turn_base_186,1,low,low,,start,False,bfcl,bfcl_tool_use_multi_turn,0.8,low,0,True,0.00011520000000000001,0.0068043999999999995,0.006689199999999999,True
bfcl_multi_turn_base_186_step_2,multi_turn_base_186,2,low,low,low,stay,False,bfcl,bfcl_tool_use_multi_turn,0.8,low,0,True,0.0001495,0.007902,0.007752499999999999,True
bfcl_multi_turn_base_186_step_3,multi_turn_base_186,3,low,low,low,stay,False,bfcl,bfcl_tool_use_multi_turn,0.8,low,0,True,0.00017930000000000002,0.0088556,0.0086763,True
bfcl_multi_turn_base_186_step_4,multi_turn_base_186,4,low,low,low,stay,False,bfcl,bfcl_tool_use_multi_turn,0.8,low,0,True,0.0002125,0.009918,0.0097055,True
bfcl_multi_turn_base_186_step_5,multi_turn_base_186,5,low,low,low,stay,False,bfcl,bfcl_tool_use_multi_turn,0.8,low,0,True,0.0002596000000000001,0.0114252,0.0111656,True
bfcl_multi_turn_base_186_step_6,multi_turn_base_186,6,low,low,low,stay,False,bfcl,bfcl_tool_use_multi_turn,0.8,low,0,True,0.00028930000000000004,0.0123756,0.012086300000000001,True
bfcl_multi_turn_base_55_step_1,multi_turn_base_55,1,low,low,,start,False,bfcl,bfcl_tool_use_multi_turn,0.8,low,0,True,0.0001122,0.006708399999999999,0.006596199999999999,True
bfcl_multi_turn_base_55_step_2,multi_turn_base_55,2,low,low,low,stay,False,bfcl,bfcl_tool_use_multi_turn,0.8,low,0,True,0.0001744,0.0086988,0.0085244,True
bfcl_multi_turn_base_55_step_3,multi_turn_base_55,3,low,low,low,stay,False,bfcl,bfcl_tool_use_multi_turn,0.8,low,0,True,0.0002102,0.0098444,0.009634199999999999,True
bfcl_multi_turn_base_55_step_4,multi_turn_base_55,4,low,low,low,stay,False,bfcl,bfcl_tool_use_multi_turn,0.8,low,0,True,0.0002368,0.0106956,0.010458799999999999,True
bfcl_multi_turn_base_55_step_5,multi_turn_base_55,5,low,low,low,stay,False,bfcl,bfcl_tool_use_multi_turn,0.8,low,0,True,0.00026270000000000004,0.0115244,0.011261700000000001,True
bfcl_multi_turn_base_97_step_1,multi_turn_base_97,1,low,low,,start,False,bfcl,bfcl_tool_use_multi_turn,0.8,low,0,True,0.000113,0.0067339999999999995,0.006620999999999999,True
bfcl_multi_turn_base_97_step_2,multi_turn_base_97,2,low,low,low,stay,False,bfcl,bfcl_tool_use_multi_turn,0.8,low,0,True,0.0001427,0.007684399999999999,0.007541699999999999,True
bfcl_multi_turn_base_97_step_3,multi_turn_base_97,3,low,low,low,stay,False,bfcl,bfcl_tool_use_multi_turn,0.8,low,0,True,0.00019380000000000002,0.0093196,0.009125800000000002,True
bfcl_multi_turn_base_97_step_4,multi_turn_base_97,4,low,low,low,stay,False,bfcl,bfcl_tool_use_multi_turn,0.8,low,0,True,0.0002088,0.0097996,0.0095908,True
bfcl_multi_turn_base_97_step_5,multi_turn_base_97,5,low,low,low,stay,False,bfcl,bfcl_tool_use_multi_turn,0.8,low,0,True,0.0002574,0.011354799999999998,0.011097399999999999,True
bfcl_multi_turn_base_97_step_6,multi_turn_base_97,6,low,low,low,stay,False,bfcl,bfcl_tool_use_multi_turn,0.8,low,0,True,0.00027580000000000004,0.0119436,0.0116678,True
bfcl_multi_turn_long_context_1_step_1,multi_turn_long_context_1,1,low,low,,start,False,bfcl,bfcl_tool_use_multi_turn,0.8,low,0,True,0.0001112,0.006676399999999999,0.006565199999999999,True
bfcl_multi_turn_long_context_1_step_2,multi_turn_long_context_1,2,low,low,low,stay,False,bfcl,bfcl_tool_use_multi_turn,0.8,low,0,True,0.00012550000000000001,0.007134,0.0070085,True
bfcl_multi_turn_long_context_1_step_3,multi_turn_long_context_1,3,low,low,low,stay,False,bfcl,bfcl_tool_use_multi_turn,0.8,low,0,True,0.0001447,0.007748399999999999,0.007603699999999999,True
bfcl_multi_turn_long_context_1_step_4,multi_turn_long_context_1,4,low,low,low,stay,False,bfcl,bfcl_tool_use_multi_turn,0.8,low,0,True,0.0001672,0.0084684,0.0083012,True
bfcl_multi_turn_long_context_109_step_1,multi_turn_long_context_109,1,low,low,,start,False,bfcl,bfcl_tool_use_multi_turn,0.8,low,0,True,0.0001105,0.006653999999999999,0.006543499999999999,True
bfcl_multi_turn_long_context_109_step_2,multi_turn_long_context_109,2,low,low,low,stay,False,bfcl,bfcl_tool_use_multi_turn,0.8,low,0,True,0.00042660000000000007,0.0167692,0.016342600000000002,True
bfcl_multi_turn_long_context_109_step_3,multi_turn_long_context_109,3,low,low,low,stay,False,bfcl,bfcl_tool_use_multi_turn,0.8,low,0,True,0.0004693,0.018135599999999998,0.0176663,True
bfcl_multi_turn_long_context_109_step_4,multi_turn_long_context_109,4,low,low,low,stay,False,bfcl,bfcl_tool_use_multi_turn,0.8,low,0,True,0.0005069,0.019338800000000003,0.018831900000000002,True
bfcl_multi_turn_long_context_109_step_5,multi_turn_long_context_109,5,low,low,low,stay,False,bfcl,bfcl_tool_use_multi_turn,0.8,low,0,True,0.0007561,0.0273132,0.0265571,True
bfcl_multi_turn_long_context_109_step_6,multi_turn_long_context_109,6,low,low,low,stay,False,bfcl,bfcl_tool_use_multi_turn,0.8,low,0,True,0.000787,0.028302,0.027515,True
bfcl_multi_turn_long_context_109_step_7,multi_turn_long_context_109,7,low,low,low,stay,False,bfcl,bfcl_tool_use_multi_turn,0.8,low,0,True,0.0008306,0.0296972,0.0288666,True
bfcl_multi_turn_long_context_110_step_1,multi_turn_long_context_110,1,low,low,,start,False,bfcl,bfcl_tool_use_multi_turn,0.8,low,0,True,0.00011229999999999999,0.0067116,0.0065993,True
bfcl_multi_turn_long_context_110_step_2,multi_turn_long_context_110,2,low,low,low,stay,False,bfcl,bfcl_tool_use_multi_turn,0.8,low,0,True,0.00043890000000000004,0.017162800000000002,0.016723900000000003,True
bfcl_multi_turn_long_context_110_step_3,multi_turn_long_context_110,3,low,low,low,stay,False,bfcl,bfcl_tool_use_multi_turn,0.8,low,0,True,0.0004677000000000001,0.0180844,0.0176167,True
bfcl_multi_turn_long_context_110_step_4,multi_turn_long_context_110,4,low,low,low,stay,False,bfcl,bfcl_tool_use_multi_turn,0.8,low,0,True,0.0008486,0.0302732,0.0294246,True
bfcl_multi_turn_long_context_110_step_5,multi_turn_long_context_110,5,low,low,low,stay,False,bfcl,bfcl_tool_use_multi_turn,0.8,low,0,True,0.0008722000000000001,0.0310284,0.0301562,True
bfcl_multi_turn_long_context_110_step_6,multi_turn_long_context_110,6,low,low,low,stay,False,bfcl,bfcl_tool_use_multi_turn,0.8,low,0,True,0.0009154000000000001,0.032410800000000003,0.03149540000000001,True
bfcl_multi_turn_long_context_12_step_1,multi_turn_long_context_12,1,low,low,,start,False,bfcl,bfcl_tool_use_multi_turn,0.8,low,0,True,0.000111,0.00667,0.006559,True
bfcl_multi_turn_long_context_12_step_2,multi_turn_long_context_12,2,low,low,low,stay,False,bfcl,bfcl_tool_use_multi_turn,0.8,low,0,True,0.0001901,0.0092012,0.0090111,True
bfcl_multi_turn_long_context_12_step_3,multi_turn_long_context_12,3,low,low,low,stay,False,bfcl,bfcl_tool_use_multi_turn,0.8,low,0,True,0.0002047,0.009668399999999999,0.009463699999999999,True
bfcl_multi_turn_long_context_131_step_1,multi_turn_long_context_131,1,low,low,,start,False,bfcl,bfcl_tool_use_multi_turn,0.8,low,0,True,0.0001102,0.006644399999999999,0.006534199999999999,True
bfcl_multi_turn_long_context_131_step_2,multi_turn_long_context_131,2,low,low,low,stay,False,bfcl,bfcl_tool_use_multi_turn,0.8,low,0,True,0.0001188,0.0069196,0.0068008,True
bfcl_multi_turn_long_context_131_step_3,multi_turn_long_context_131,3,low,low,low,stay,False,bfcl,bfcl_tool_use_multi_turn,0.8,low,0,True,0.00044090000000000004,0.017226800000000004,0.016785900000000003,True
bfcl_multi_turn_long_context_131_step_4,multi_turn_long_context_131,4,low,low,low,stay,False,bfcl,bfcl_tool_use_multi_turn,0.8,low,0,True,0.0005020000000000001,0.019182,0.018680000000000002,True
bfcl_multi_turn_long_context_131_step_5,multi_turn_long_context_131,5,low,low,low,stay,False,bfcl,bfcl_tool_use_multi_turn,0.8,low,0,True,0.0005396,0.0203852,0.019845599999999998,True
bfcl_multi_turn_long_context_131_step_6,multi_turn_long_context_131,6,low,low,low,stay,False,bfcl,bfcl_tool_use_multi_turn,0.8,low,0,True,0.0007909000000000001,0.028426800000000002,0.0276359,True
bfcl_multi_turn_long_context_131_step_7,multi_turn_long_context_131,7,low,low,low,stay,False,bfcl,bfcl_tool_use_multi_turn,0.8,low,0,True,0.0008163000000000001,0.0292396,0.028423300000000002,True
bfcl_multi_turn_long_context_14_step_1,multi_turn_long_context_14,1,low,low,,start,False,bfcl,bfcl_tool_use_multi_turn,0.8,low,0,True,0.0001099,0.0066348,0.0065249,True
bfcl_multi_turn_long_context_14_step_2,multi_turn_long_context_14,2,low,low,low,stay,False,bfcl,bfcl_tool_use_multi_turn,0.8,low,0,True,0.00012590000000000002,0.0071468,0.0070209,True
bfcl_multi_turn_long_context_14_step_3,multi_turn_long_context_14,3,low,low,low,stay,False,bfcl,bfcl_tool_use_multi_turn,0.8,low,0,True,0.00015219999999999999,0.0079884,0.0078362,True
bfcl_multi_turn_long_context_14_step_4,multi_turn_long_context_14,4,low,low,low,stay,False,bfcl,bfcl_tool_use_multi_turn,0.8,low,0,True,0.00017769999999999998,0.008804399999999999,0.0086267,True
bfcl_multi_turn_long_context_15_step_1,multi_turn_long_context_15,1,low,low,,start,False,bfcl,bfcl_tool_use_multi_turn,0.8,low,0,True,0.0001126,0.006721199999999999,0.006608599999999999,True
bfcl_multi_turn_long_context_15_step_2,multi_turn_long_context_15,2,low,low,low,stay,False,bfcl,bfcl_tool_use_multi_turn,0.8,low,0,True,0.0001285,0.0072299999999999994,0.007101499999999999,True
bfcl_multi_turn_long_context_15_step_3,multi_turn_long_context_15,3,low,low,low,stay,False,bfcl,bfcl_tool_use_multi_turn,0.8,low,0,True,0.000136,0.007469999999999999,0.007333999999999999,True
bfcl_multi_turn_long_context_15_step_4,multi_turn_long_context_15,4,low,low,low,stay,False,bfcl,bfcl_tool_use_multi_turn,0.8,low,0,True,0.00015659999999999998,0.0081292,0.0079726,True
bfcl_multi_turn_long_context_15_step_5,multi_turn_long_context_15,5,mid,mid,low,escalate,False,bfcl,bfcl_tool_use_multi_turn,0.8,mid,1,True,0.00074675,0.009021999999999999,0.008275249999999998,True
bfcl_multi_turn_long_context_170_step_1,multi_turn_long_context_170,1,low,low,,start,False,bfcl,bfcl_tool_use_multi_turn,0.8,low,0,True,0.00011679999999999999,0.0068556,0.0067388,True
bfcl_multi_turn_long_context_170_step_2,multi_turn_long_context_170,2,low,low,low,stay,False,bfcl,bfcl_tool_use_multi_turn,0.8,low,0,True,0.00030980000000000005,0.0130316,0.0127218,True
bfcl_multi_turn_long_context_170_step_3,multi_turn_long_context_170,3,low,low,low,stay,False,bfcl,bfcl_tool_use_multi_turn,0.8,low,0,True,0.0003354,0.013850799999999998,0.013515399999999999,True
bfcl_multi_turn_long_context_170_step_4,multi_turn_long_context_170,4,low,low,low,stay,False,bfcl,bfcl_tool_use_multi_turn,0.8,low,0,True,0.00036990000000000005,0.0149548,0.014584900000000001,True
bfcl_multi_turn_long_context_170_step_5,multi_turn_long_context_170,5,low,low,low,stay,False,bfcl,bfcl_tool_use_multi_turn,0.8,low,0,True,0.00040190000000000007,0.0159788,0.015576900000000001,True
bfcl_multi_turn_long_context_170_step_6,multi_turn_long_context_170,6,low,low,low,stay,False,bfcl,bfcl_tool_use_multi_turn,0.8,low,0,True,0.0004337000000000001,0.016996400000000002,0.016562700000000003,True
bfcl_multi_turn_long_context_183_step_1,multi_turn_long_context_183,1,low,low,,start,False,bfcl,bfcl_tool_use_multi_turn,0.8,low,0,True,0.0001132,0.006740399999999999,0.006627199999999999,True
bfcl_multi_turn_long_context_183_step_2,multi_turn_long_context_183,2,low,low,low,stay,False,bfcl,bfcl_tool_use_multi_turn,0.8,low,0,True,0.00013890000000000002,0.0075628,0.0074239,True
bfcl_multi_turn_long_context_183_step_3,multi_turn_long_context_183,3,low,low,low,stay,False,bfcl,bfcl_tool_use_multi_turn,0.8,low,0,True,0.00029360000000000003,0.0125132,0.0122196,True
bfcl_multi_turn_long_context_183_step_4,multi_turn_long_context_183,4,low,low,low,stay,False,bfcl,bfcl_tool_use_multi_turn,0.8,low,0,True,0.0003198,0.0133516,0.0130318,True
bfcl_multi_turn_long_context_183_step_5,multi_turn_long_context_183,5,low,low,low,stay,False,bfcl,bfcl_tool_use_multi_turn,0.8,low,0,True,0.0003604,0.014650799999999999,0.014290399999999998,True
bfcl_multi_turn_long_context_183_step_6,multi_turn_long_context_183,6,low,low,low,stay,False,bfcl,bfcl_tool_use_multi_turn,0.8,low,0,True,0.0003844000000000001,0.0154188,0.0150344,True
bfcl_multi_turn_long_context_186_step_1,multi_turn_long_context_186,1,low,low,,start,False,bfcl,bfcl_tool_use_multi_turn,0.8,low,0,True,0.00011520000000000001,0.0068043999999999995,0.006689199999999999,True
bfcl_multi_turn_long_context_186_step_2,multi_turn_long_context_186,2,low,low,low,stay,False,bfcl,bfcl_tool_use_multi_turn,0.8,low,0,True,0.0001862,0.0090764,0.008890200000000001,True
bfcl_multi_turn_long_context_186_step_3,multi_turn_long_context_186,3,low,low,low,stay,False,bfcl,bfcl_tool_use_multi_turn,0.8,low,0,True,0.00030010000000000003,0.0127212,0.012421100000000001,True
bfcl_multi_turn_long_context_186_step_4,multi_turn_long_context_186,4,low,low,low,stay,False,bfcl,bfcl_tool_use_multi_turn,0.8,low,0,True,0.0003333,0.0137836,0.0134503,True
bfcl_multi_turn_long_context_186_step_5,multi_turn_long_context_186,5,low,low,low,stay,False,bfcl,bfcl_tool_use_multi_turn,0.8,low,0,True,0.00038720000000000003,0.015508399999999999,0.015121199999999998,True
bfcl_multi_turn_long_context_186_step_6,multi_turn_long_context_186,6,low,low,low,stay,False,bfcl,bfcl_tool_use_multi_turn,0.8,low,0,True,0.0004247000000000001,0.0167084,0.0162837,True
bfcl_multi_turn_long_context_2_step_1,multi_turn_long_context_2,1,low,low,,start,False,bfcl,bfcl_tool_use_multi_turn,0.8,low,0,True,0.0001109,0.0066668,0.0065559,True
bfcl_multi_turn_long_context_2_step_2,multi_turn_long_context_2,2,low,low,low,stay,False,bfcl,bfcl_tool_use_multi_turn,0.8,low,0,True,0.00015869999999999998,0.0081964,0.0080377,True
bfcl_multi_turn_long_context_2_step_3,multi_turn_long_context_2,3,low,low,low,stay,False,bfcl,bfcl_tool_use_multi_turn,0.8,low,0,True,0.0001845,0.009021999999999999,0.008837499999999998,True
bfcl_multi_turn_long_context_2_step_4,multi_turn_long_context_2,4,low,low,low,stay,False,bfcl,bfcl_tool_use_multi_turn,0.8,low,0,True,0.0003114,0.013082799999999999,0.012771399999999999,True
bfcl_multi_turn_long_context_2_step_5,multi_turn_long_context_2,5,low,low,low,stay,False,bfcl,bfcl_tool_use_multi_turn,0.8,low,0,True,0.00038800000000000005,0.015534,0.015146,True
bfcl_multi_turn_long_context_3_step_1,multi_turn_long_context_3,1,low,low,,start,False,bfcl,bfcl_tool_use_multi_turn,0.8,low,0,True,0.00011190000000000001,0.0066987999999999995,0.0065869,True
bfcl_multi_turn_long_context_3_step_2,multi_turn_long_context_3,2,low,low,low,stay,False,bfcl,bfcl_tool_use_multi_turn,0.8,low,0,True,0.000135,0.007437999999999999,0.007303,True
bfcl_multi_turn_long_context_38_step_1,multi_turn_long_context_38,1,mid,mid,,start,False,bfcl,bfcl_tool_use_multi_turn,0.8,mid,1,True,0.0004937,0.006708399999999999,0.006214699999999999,True
bfcl_multi_turn_long_context_38_step_2,multi_turn_long_context_38,2,low,mid,mid,sticky_hold,True,bfcl,bfcl_tool_use_multi_turn,0.8,low,0,True,0.0011755000000000001,0.012942,0.011766500000000001,True
bfcl_multi_turn_long_context_4_step_1,multi_turn_long_context_4,1,mid,mid,,start,False,bfcl,bfcl_tool_use_multi_turn,0.8,mid,1,True,0.00048670000000000007,0.006644399999999999,0.006157699999999999,True
bfcl_multi_turn_long_context_4_step_2,multi_turn_long_context_4,2,low,mid,mid,sticky_hold,True,bfcl,bfcl_tool_use_multi_turn,0.8,low,0,True,0.0008885000000000001,0.010317999999999999,0.009429499999999999,True
bfcl_multi_turn_long_context_4_step_3,multi_turn_long_context_4,3,mid,mid,mid,stay,False,bfcl,bfcl_tool_use_multi_turn,0.8,mid,1,True,0.0009837000000000001,0.011188400000000001,0.0102047,True
bfcl_multi_turn_long_context_46_step_1,multi_turn_long_context_46,1,mid_high,mid_high,,start,False,bfcl,bfcl_tool_use_multi_turn,0.8,mid_high,2,True,0.0019194000000000001,0.0066188,0.0046994,True
bfcl_multi_turn_long_context_5_step_1,multi_turn_long_context_5,1,low,low,,start,False,bfcl,bfcl_tool_use_multi_turn,0.8,low,0,True,0.00011140000000000001,0.0066828,0.0065714,True
bfcl_multi_turn_long_context_5_step_2,multi_turn_long_context_5,2,low,low,low,stay,False,bfcl,bfcl_tool_use_multi_turn,0.8,low,0,True,0.0001485,0.00787,0.0077215,True
bfcl_multi_turn_long_context_5_step_3,multi_turn_long_context_5,3,low,low,low,stay,False,bfcl,bfcl_tool_use_multi_turn,0.8,low,0,True,0.0003519,0.014378799999999999,0.014026899999999998,True
bfcl_multi_turn_long_context_5_step_4,multi_turn_long_context_5,4,low,low,low,stay,False,bfcl,bfcl_tool_use_multi_turn,0.8,low,0,True,0.0003798,0.0152716,0.0148918,True
bfcl_multi_turn_long_context_7_step_1,multi_turn_long_context_7,1,low,low,,start,False,bfcl,bfcl_tool_use_multi_turn,0.8,low,0,True,0.0001133,0.0067436,0.0066302999999999996,True
bfcl_multi_turn_long_context_7_step_2,multi_turn_long_context_7,2,low,low,low,stay,False,bfcl,bfcl_tool_use_multi_turn,0.8,low,0,True,0.0001318,0.0073356,0.007203800000000001,True
bfcl_multi_turn_long_context_7_step_3,multi_turn_long_context_7,3,low,low,low,stay,False,bfcl,bfcl_tool_use_multi_turn,0.8,low,0,True,0.000137,0.007502,0.007365,True
bfcl_multiple_103_step_1,multiple_103,1,low,low,,start,False,bfcl,bfcl_tool_use_single_turn,0.8,low,0,True,0.0001097,0.0066284,0.0065187,True
bfcl_multiple_104_step_1,multiple_104,1,low,low,,start,False,bfcl,bfcl_tool_use_single_turn,0.8,low,0,True,0.0001096,0.0066251999999999995,0.0065156,True
bfcl_multiple_106_step_1,multiple_106,1,low,low,,start,False,bfcl,bfcl_tool_use_single_turn,0.8,low,0,True,0.0001097,0.0066284,0.0065187,True
bfcl_multiple_113_step_1,multiple_113,1,low,low,,start,False,bfcl,bfcl_tool_use_single_turn,0.8,low,0,True,0.0001125,0.006718,0.0066055,True
bfcl_multiple_115_step_1,multiple_115,1,low,low,,start,False,bfcl,bfcl_tool_use_single_turn,0.8,low,0,True,0.00011009999999999999,0.006641199999999999,0.006531099999999999,True
bfcl_multiple_119_step_1,multiple_119,1,low,low,,start,False,bfcl,bfcl_tool_use_single_turn,0.8,low,0,True,0.0001099,0.0066348,0.0065249,True
bfcl_multiple_120_step_1,multiple_120,1,low,low,,start,False,bfcl,bfcl_tool_use_single_turn,0.8,low,0,True,0.0001098,0.0066316,0.0065217999999999995,True
bfcl_multiple_122_step_1,multiple_122,1,low,low,,start,False,bfcl,bfcl_tool_use_single_turn,0.8,low,0,True,0.0001115,0.006685999999999999,0.0065745,True
bfcl_multiple_127_step_1,multiple_127,1,low,low,,start,False,bfcl,bfcl_tool_use_single_turn,0.8,low,0,True,0.000111,0.00667,0.006559,True
bfcl_multiple_128_step_1,multiple_128,1,low,low,,start,False,bfcl,bfcl_tool_use_single_turn,0.8,low,0,True,0.0001113,0.0066796,0.0065683,True
bfcl_multiple_98_step_1,multiple_98,1,low,low,,start,False,bfcl,bfcl_tool_use_single_turn,0.8,low,0,True,0.00010899999999999999,0.006606,0.006497,True
swebench_pallets__flask-5014_step_1,pallets__flask-5014,1,low,low,,start,False,swebench,code_swe,0.8,low,0,True,0.000226,0.01035,0.010124,True
swebench_pallets__flask-5014_step_2,pallets__flask-5014,2,mid_high,mid_high,low,escalate,False,swebench,code_swe,0.8,mid_high,2,True,0.0036211000000000004,0.0115692,0.0079481,True
swebench_pallets__flask-5014_step_3,pallets__flask-5014,3,high,high,mid_high,escalate,False,swebench,code_swe,0.8,high,3,True,0.0117036,0.0117036,0.0,True
swebench_pallets__flask-5014_step_4,pallets__flask-5014,4,high,high,high,stay,False,swebench,code_swe,0.8,high,3,True,0.019991599999999998,0.019991599999999998,0.0,True
swebench_pallets__flask-5014_step_5,pallets__flask-5014,5,mid,high,high,sticky_hold,True,swebench,code_swe,0.8,mid,1,True,0.0249036,0.0249036,0.0,True
swebench_pallets__flask-5014_step_6,pallets__flask-5014,6,high,high,high,stay,False,swebench,code_swe,0.8,high,3,True,0.0252908,0.0252908,0.0,True
swebench_pallets__flask-5014_step_7,pallets__flask-5014,7,low,high,high,sticky_hold,True,swebench,code_swe,0.8,low,0,True,0.026266800000000003,0.026266800000000003,0.0,True
bfcl_parallel_multiple_0_step_1,parallel_multiple_0,1,low,low,,start,False,bfcl,bfcl_tool_use_single_turn,0.8,low,0,True,0.00011059999999999999,0.006657199999999999,0.0065466,True
bfcl_parallel_multiple_1_step_1,parallel_multiple_1,1,low,low,,start,False,bfcl,bfcl_tool_use_single_turn,0.8,low,0,True,0.0001104,0.0066508,0.0065404,True
bfcl_parallel_multiple_10_step_1,parallel_multiple_10,1,low,low,,start,False,bfcl,bfcl_tool_use_single_turn,0.8,low,0,True,0.0001112,0.006676399999999999,0.006565199999999999,True
bfcl_parallel_multiple_136_step_1,parallel_multiple_136,1,low,low,,start,False,bfcl,bfcl_tool_use_single_turn,0.8,low,0,True,0.00012670000000000002,0.007172399999999999,0.0070456999999999985,True
bfcl_parallel_multiple_137_step_1,parallel_multiple_137,1,low,low,,start,False,bfcl,bfcl_tool_use_single_turn,0.8,low,0,True,0.0001172,0.006868399999999999,0.0067512,True
bfcl_parallel_multiple_139_step_1,parallel_multiple_139,1,low,low,,start,False,bfcl,bfcl_tool_use_single_turn,0.8,low,0,True,0.0001378,0.0075276,0.0073898,True
bfcl_parallel_multiple_14_step_1,parallel_multiple_14,1,low,low,,start,False,bfcl,bfcl_tool_use_single_turn,0.8,low,0,True,0.0001122,0.006708399999999999,0.006596199999999999,True
bfcl_parallel_multiple_145_step_1,parallel_multiple_145,1,low,low,,start,False,bfcl,bfcl_tool_use_single_turn,0.8,low,0,True,0.0001329,0.007370799999999999,0.007237899999999999,True
bfcl_parallel_multiple_147_step_1,parallel_multiple_147,1,low,low,,start,False,bfcl,bfcl_tool_use_single_turn,0.8,low,0,True,0.00012190000000000001,0.0070187999999999995,0.006896899999999999,True
bfcl_parallel_multiple_151_step_1,parallel_multiple_151,1,low,low,,start,False,bfcl,bfcl_tool_use_single_turn,0.8,low,0,True,0.0001285,0.0072299999999999994,0.007101499999999999,True
bfcl_parallel_multiple_153_step_1,parallel_multiple_153,1,low,low,,start,False,bfcl,bfcl_tool_use_single_turn,0.8,low,0,True,0.0001258,0.0071436,0.0070178,True
bfcl_parallel_multiple_158_step_1,parallel_multiple_158,1,low,low,,start,False,bfcl,bfcl_tool_use_single_turn,0.8,low,0,True,0.0001242,0.0070924,0.0069682,True
bfcl_parallel_multiple_159_step_1,parallel_multiple_159,1,low,low,,start,False,bfcl,bfcl_tool_use_single_turn,0.8,low,0,True,0.0001229,0.007050799999999999,0.006927899999999999,True
bfcl_parallel_multiple_167_step_1,parallel_multiple_167,1,low,low,,start,False,bfcl,bfcl_tool_use_single_turn,0.8,low,0,True,0.00012020000000000001,0.006964399999999999,0.006844199999999999,True
bfcl_parallel_multiple_170_step_1,parallel_multiple_170,1,low,low,,start,False,bfcl,bfcl_tool_use_single_turn,0.8,low,0,True,0.0001301,0.0072812,0.0071511,True
bfcl_parallel_multiple_179_step_1,parallel_multiple_179,1,low,low,,start,False,bfcl,bfcl_tool_use_single_turn,0.8,low,0,True,0.00012330000000000002,0.0070636,0.0069403,True
bfcl_parallel_multiple_188_step_1,parallel_multiple_188,1,low,low,,start,False,bfcl,bfcl_tool_use_single_turn,0.8,low,0,True,0.0001258,0.0071436,0.0070178,True
bfcl_parallel_multiple_189_step_1,parallel_multiple_189,1,low,low,,start,False,bfcl,bfcl_tool_use_single_turn,0.8,low,0,True,0.0001197,0.0069483999999999995,0.006828699999999999,True
bfcl_parallel_multiple_191_step_1,parallel_multiple_191,1,low,low,,start,False,bfcl,bfcl_tool_use_single_turn,0.8,low,0,True,0.00012450000000000002,0.007102,0.0069775,True
bfcl_parallel_multiple_193_step_1,parallel_multiple_193,1,low,low,,start,False,bfcl,bfcl_tool_use_single_turn,0.8,low,0,True,0.0001192,0.006932399999999999,0.006813199999999999,True
bfcl_parallel_multiple_194_step_1,parallel_multiple_194,1,low,low,,start,False,bfcl,bfcl_tool_use_single_turn,0.8,low,0,True,0.00012690000000000002,0.0071788,0.0070519,True
bfcl_parallel_multiple_195_step_1,parallel_multiple_195,1,low,low,,start,False,bfcl,bfcl_tool_use_single_turn,0.8,low,0,True,0.0001228,0.0070476,0.0069248,True
bfcl_parallel_multiple_2_step_1,parallel_multiple_2,1,low,low,,start,False,bfcl,bfcl_tool_use_single_turn,0.8,low,0,True,0.00011070000000000001,0.0066603999999999995,0.0065496999999999994,True
bfcl_parallel_multiple_20_step_1,parallel_multiple_20,1,low,low,,start,False,bfcl,bfcl_tool_use_single_turn,0.8,low,0,True,0.00011059999999999999,0.006657199999999999,0.0065466,True
bfcl_parallel_multiple_22_step_1,parallel_multiple_22,1,low,low,,start,False,bfcl,bfcl_tool_use_single_turn,0.8,low,0,True,0.0001108,0.0066635999999999996,0.006552799999999999,True
bfcl_parallel_multiple_3_step_1,parallel_multiple_3,1,low,low,,start,False,bfcl,bfcl_tool_use_single_turn,0.8,low,0,True,0.00011,0.006638,0.006528,True
bfcl_parallel_multiple_30_step_1,parallel_multiple_30,1,low,low,,start,False,bfcl,bfcl_tool_use_single_turn,0.8,low,0,True,0.0001118,0.0066956,0.006583800000000001,True
bfcl_parallel_multiple_4_step_1,parallel_multiple_4,1,low,low,,start,False,bfcl,bfcl_tool_use_single_turn,0.8,low,0,True,0.0001104,0.0066508,0.0065404,True
bfcl_parallel_multiple_40_step_1,parallel_multiple_40,1,low,low,,start,False,bfcl,bfcl_tool_use_single_turn,0.8,low,0,True,0.000111,0.00667,0.006559,True
bfcl_parallel_multiple_41_step_1,parallel_multiple_41,1,low,low,,start,False,bfcl,bfcl_tool_use_single_turn,0.8,low,0,True,0.000111,0.00667,0.006559,True
bfcl_parallel_multiple_42_step_1,parallel_multiple_42,1,low,low,,start,False,bfcl,bfcl_tool_use_single_turn,0.8,low,0,True,0.00011240000000000001,0.0067148,0.0066024,True
bfcl_parallel_multiple_46_step_1,parallel_multiple_46,1,low,low,,start,False,bfcl,bfcl_tool_use_single_turn,0.8,low,0,True,0.00011140000000000001,0.0066828,0.0065714,True
bfcl_parallel_multiple_59_step_1,parallel_multiple_59,1,low,low,,start,False,bfcl,bfcl_tool_use_single_turn,0.8,low,0,True,0.0001265,0.007166,0.0070395,True
swebench_psf__requests-1142_step_1,psf__requests-1142,1,low,low,,start,False,swebench,code_swe,0.8,low,0,True,0.0002307,0.0105004,0.0102697,True
swebench_psf__requests-1142_step_2,psf__requests-1142,2,high,high,low,escalate,False,swebench,code_swe,0.8,high,3,True,0.0115692,0.0115692,0.0,True
swebench_psf__requests-1142_step_3,psf__requests-1142,3,high,high,high,stay,False,swebench,code_swe,0.8,high,3,True,0.0132332,0.0132332,0.0,True
swebench_psf__requests-1142_step_4,psf__requests-1142,4,low,high,high,sticky_hold,True,swebench,code_swe,0.8,low,0,True,0.0173484,0.0173484,0.0,True
swebench_psf__requests-1142_step_5,psf__requests-1142,5,high,high,high,stay,False,swebench,code_swe,0.8,high,3,True,0.017738800000000002,0.017738800000000002,0.0,True
swebench_psf__requests-1142_step_6,psf__requests-1142,6,high,high,high,stay,False,swebench,code_swe,0.8,high,3,True,0.020730800000000004,0.020730800000000004,0.0,True
swebench_psf__requests-1142_step_7,psf__requests-1142,7,high,high,high,stay,False,swebench,code_swe,0.8,high,3,True,0.022490800000000002,0.022490800000000002,0.0,True
swebench_psf__requests-1142_step_8,psf__requests-1142,8,low,high,high,sticky_hold,True,swebench,code_swe,0.8,low,0,True,0.022810800000000003,0.022810800000000003,0.0,True
swebench_psf__requests-1142_step_9,psf__requests-1142,9,low,high,high,sticky_hold,True,swebench,code_swe,0.8,low,0,True,0.023629999999999998,0.023629999999999998,0.0,True
swebench_psf__requests-1724_step_1,psf__requests-1724,1,low,low,,start,False,swebench,code_swe,0.8,low,0,True,0.00040800000000000005,0.016174,0.015766000000000002,True
swebench_psf__requests-1724_step_2,psf__requests-1724,2,high,high,low,escalate,False,swebench,code_swe,0.8,high,3,True,0.017034800000000003,0.017034800000000003,0.0,True
swebench_psf__requests-1724_step_3,psf__requests-1724,3,high,high,high,stay,False,swebench,code_swe,0.8,high,3,True,0.0208812,0.0208812,0.0,True
swebench_psf__requests-1724_step_4,psf__requests-1724,4,high,high,high,stay,False,swebench,code_swe,0.8,high,3,True,0.0251628,0.0251628,0.0,True
swebench_psf__requests-1724_step_5,psf__requests-1724,5,low,high,high,sticky_hold,True,swebench,code_swe,0.8,low,0,True,0.0294604,0.0294604,0.0,True
swebench_psf__requests-1724_step_6,psf__requests-1724,6,high,high,high,stay,False,swebench,code_swe,0.8,high,3,True,0.030772400000000002,0.030772400000000002,0.0,True
swebench_psf__requests-1724_step_7,psf__requests-1724,7,high,high,high,stay,False,swebench,code_swe,0.8,high,3,True,0.028045999999999998,0.028045999999999998,0.0,True
swebench_psf__requests-1724_step_8,psf__requests-1724,8,mid_high,high,high,sticky_hold,True,swebench,code_swe,0.8,mid_high,2,True,0.0286028,0.0286028,0.0,True
swebench_psf__requests-1724_step_9,psf__requests-1724,9,low,high,high,sticky_hold,True,swebench,code_swe,0.8,low,0,True,0.028740400000000003,0.028740400000000003,0.0,True
swebench_psf__requests-1724_step_10,psf__requests-1724,10,low,high,high,sticky_hold,True,swebench,code_swe,0.8,low,0,True,0.029284400000000002,0.029284400000000002,0.0,True
swebench_pydata__xarray-2905_step_1,pydata__xarray-2905,1,mid_high,mid_high,,start,False,swebench,code_swe,0.8,mid_high,2,True,0.0037355,0.011902,0.0081665,True
swebench_pydata__xarray-2905_step_2,pydata__xarray-2905,2,high,high,mid_high,escalate,False,swebench,code_swe,0.8,high,3,True,0.012964400000000001,0.012964400000000001,0.0,True
swebench_pydata__xarray-2905_step_3,pydata__xarray-2905,3,high,high,high,stay,False,swebench,code_swe,0.8,high,3,True,0.0214764,0.0214764,0.0,True
swebench_pydata__xarray-2905_step_4,pydata__xarray-2905,4,high,high,high,stay,False,swebench,code_swe,0.8,high,3,True,0.02675,0.02675,0.0,True
swebench_pydata__xarray-2905_step_5,pydata__xarray-2905,5,low,high,high,sticky_hold,True,swebench,code_swe,0.8,low,0,True,0.028862,0.028862,0.0,True
swebench_pydata__xarray-2905_step_6,pydata__xarray-2905,6,high,high,high,stay,False,swebench,code_swe,0.8,high,3,True,0.0298572,0.0298572,0.0,True
swebench_pydata__xarray-2905_step_7,pydata__xarray-2905,7,low,high,high,sticky_hold,True,swebench,code_swe,0.8,low,0,True,0.0305516,0.0305516,0.0,True
swebench_pydata__xarray-2905_step_8,pydata__xarray-2905,8,low,high,high,sticky_hold,True,swebench,code_swe,0.8,low,0,True,0.0312044,0.0312044,0.0,True
swebench_pydata__xarray-3095_step_1,pydata__xarray-3095,1,low,low,,start,False,swebench,code_swe,0.8,low,0,True,0.0002914,0.012442799999999999,0.012151399999999998,True
swebench_pydata__xarray-3095_step_2,pydata__xarray-3095,2,mid_high,mid_high,low,escalate,False,swebench,code_swe,0.8,mid_high,2,True,0.0041392,0.013076400000000002,0.008937200000000003,True
swebench_pydata__xarray-3095_step_3,pydata__xarray-3095,3,high,high,mid_high,escalate,False,swebench,code_swe,0.8,high,3,True,0.0144972,0.0144972,0.0,True
swebench_pydata__xarray-3095_step_4,pydata__xarray-3095,4,high,high,high,stay,False,swebench,code_swe,0.8,high,3,True,0.0261388,0.0261388,0.0,True
swebench_pydata__xarray-3095_step_5,pydata__xarray-3095,5,high,high,high,stay,False,swebench,code_swe,0.8,high,3,True,0.032634800000000005,0.032634800000000005,0.0,True
swebench_pydata__xarray-3095_step_6,pydata__xarray-3095,6,high,high,high,stay,False,swebench,code_swe,0.8,high,3,True,0.032606,0.032606,0.0,True
swebench_pydata__xarray-3095_step_7,pydata__xarray-3095,7,high,high,high,stay,False,swebench,code_swe,0.8,high,3,True,0.032654,0.032654,0.0,True
swebench_pydata__xarray-3095_step_8,pydata__xarray-3095,8,high,high,high,stay,False,swebench,code_swe,0.8,high,3,True,0.03265080000000001,0.03265080000000001,0.0,True
swebench_pydata__xarray-3095_step_9,pydata__xarray-3095,9,low,high,high,sticky_hold,True,swebench,code_swe,0.8,low,0,True,0.032695600000000005,0.032695600000000005,0.0,True
swebench_pydata__xarray-3095_step_10,pydata__xarray-3095,10,high,high,high,stay,False,swebench,code_swe,0.8,high,3,True,0.032609200000000005,0.032609200000000005,0.0,True
swebench_pylint-dev__pylint-4551_step_1,pylint-dev__pylint-4551,1,low,low,,start,False,swebench,code_swe,0.8,low,0,True,0.0002406,0.0108172,0.0105766,True
swebench_pylint-dev__pylint-4551_step_2,pylint-dev__pylint-4551,2,high,high,low,escalate,False,swebench,code_swe,0.8,high,3,True,0.012500400000000002,0.012500400000000002,0.0,True
swebench_pylint-dev__pylint-4551_step_3,pylint-dev__pylint-4551,3,high,high,high,stay,False,swebench,code_swe,0.8,high,3,True,0.0215116,0.0215116,0.0,True
swebench_pylint-dev__pylint-4551_step_4,pylint-dev__pylint-4551,4,mid_high,high,high,sticky_hold,True,swebench,code_swe,0.8,mid_high,2,True,0.02939,0.02939,0.0,True
swebench_pylint-dev__pylint-4551_step_5,pylint-dev__pylint-4551,5,high,high,high,stay,False,swebench,code_swe,0.8,high,3,True,0.0301836,0.0301836,0.0,True
swebench_pylint-dev__pylint-4551_step_6,pylint-dev__pylint-4551,6,high,high,high,stay,False,swebench,code_swe,0.8,high,3,True,0.032702,0.032702,0.0,True
swebench_pylint-dev__pylint-4551_step_7,pylint-dev__pylint-4551,7,high,high,high,stay,False,swebench,code_swe,0.8,high,3,True,0.031937200000000006,0.031937200000000006,0.0,True
swebench_pylint-dev__pylint-4551_step_8,pylint-dev__pylint-4551,8,high,high,high,stay,False,swebench,code_swe,0.8,high,3,True,0.0311692,0.0311692,0.0,True
swebench_pylint-dev__pylint-4551_step_9,pylint-dev__pylint-4551,9,high,high,high,stay,False,swebench,code_swe,0.8,high,3,True,0.03147320000000001,0.03147320000000001,0.0,True
swebench_pylint-dev__pylint-4551_step_10,pylint-dev__pylint-4551,10,low,high,high,sticky_hold,True,swebench,code_swe,0.8,low,0,True,0.03234360000000001,0.03234360000000001,0.0,True
swebench_pylint-dev__pylint-4604_step_1,pylint-dev__pylint-4604,1,low,low,,start,False,swebench,code_swe,0.8,low,0,True,0.00023830000000000002,0.0107436,0.0105053,True
swebench_pylint-dev__pylint-4604_step_2,pylint-dev__pylint-4604,2,high,high,low,escalate,False,swebench,code_swe,0.8,high,3,True,0.0116876,0.0116876,0.0,True
swebench_pylint-dev__pylint-4604_step_3,pylint-dev__pylint-4604,3,high,high,high,stay,False,swebench,code_swe,0.8,high,3,True,0.017930800000000004,0.017930800000000004,0.0,True
swebench_pylint-dev__pylint-4604_step_4,pylint-dev__pylint-4604,4,mid_high,high,high,sticky_hold,True,swebench,code_swe,0.8,mid_high,2,True,0.0274124,0.0274124,0.0,True
swebench_pylint-dev__pylint-4604_step_5,pylint-dev__pylint-4604,5,mid,high,high,sticky_hold,True,swebench,code_swe,0.8,mid,1,True,0.0304876,0.0304876,0.0,True
swebench_pylint-dev__pylint-4604_step_6,pylint-dev__pylint-4604,6,high,high,high,stay,False,swebench,code_swe,0.8,high,3,True,0.031181999999999998,0.031181999999999998,0.0,True
swebench_pylint-dev__pylint-4604_step_7,pylint-dev__pylint-4604,7,mid_high,high,high,sticky_hold,True,swebench,code_swe,0.8,mid_high,2,True,0.031326,0.031326,0.0,True
swebench_pylint-dev__pylint-4604_step_8,pylint-dev__pylint-4604,8,low,high,high,sticky_hold,True,swebench,code_swe,0.8,low,0,True,0.0319532,0.0319532,0.0,True
swebench_pytest-dev__pytest-10051_step_1,pytest-dev__pytest-10051,1,mid_high,mid_high,,start,False,swebench,code_swe,0.8,mid_high,2,True,0.0035254,0.011290799999999998,0.007765399999999999,True
swebench_pytest-dev__pytest-10051_step_2,pytest-dev__pytest-10051,2,high,high,mid_high,escalate,False,swebench,code_swe,0.8,high,3,True,0.0120652,0.0120652,0.0,True
swebench_pytest-dev__pytest-10051_step_3,pytest-dev__pytest-10051,3,high,high,high,stay,False,swebench,code_swe,0.8,high,3,True,0.0174284,0.0174284,0.0,True
swebench_pytest-dev__pytest-10051_step_4,pytest-dev__pytest-10051,4,low,high,high,sticky_hold,True,swebench,code_swe,0.8,low,0,True,0.0217996,0.0217996,0.0,True
swebench_pytest-dev__pytest-10081_step_1,pytest-dev__pytest-10081,1,low,low,,start,False,swebench,code_swe,0.8,low,0,True,0.00029380000000000004,0.0125196,0.0122258,True
swebench_pytest-dev__pytest-10081_step_2,pytest-dev__pytest-10081,2,mid,mid,low,escalate,False,swebench,code_swe,0.8,mid,1,True,0.0012143499999999999,0.0132972,0.012082850000000001,True
swebench_pytest-dev__pytest-10081_step_3,pytest-dev__pytest-10081,3,high,high,mid,escalate,False,swebench,code_swe,0.8,high,3,True,0.0194732,0.0194732,0.0,True
swebench_pytest-dev__pytest-10081_step_4,pytest-dev__pytest-10081,4,high,high,high,stay,False,swebench,code_swe,0.8,high,3,True,0.0222028,0.0222028,0.0,True
swebench_pytest-dev__pytest-10081_step_5,pytest-dev__pytest-10081,5,mid_high,high,high,sticky_hold,True,swebench,code_swe,0.8,mid_high,2,True,0.0228268,0.0228268,0.0,True
swebench_pytest-dev__pytest-10081_step_6,pytest-dev__pytest-10081,6,high,high,high,stay,False,swebench,code_swe,0.8,high,3,True,0.0232332,0.0232332,0.0,True
swebench_pytest-dev__pytest-10081_step_7,pytest-dev__pytest-10081,7,high,high,high,stay,False,swebench,code_swe,0.8,high,3,True,0.026890800000000003,0.026890800000000003,0.0,True
swebench_pytest-dev__pytest-10081_step_8,pytest-dev__pytest-10081,8,high,high,high,stay,False,swebench,code_swe,0.8,high,3,True,0.0285772,0.0285772,0.0,True
swebench_pytest-dev__pytest-10081_step_9,pytest-dev__pytest-10081,9,high,high,high,stay,False,swebench,code_swe,0.8,high,3,True,0.0293772,0.0293772,0.0,True
swebench_pytest-dev__pytest-10081_step_10,pytest-dev__pytest-10081,10,low,high,high,sticky_hold,True,swebench,code_swe,0.8,low,0,True,0.030228400000000002,0.030228400000000002,0.0,True
swebench_scikit-learn__scikit-learn-10297_step_1,scikit-learn__scikit-learn-10297,1,mid_high,mid_high,,start,False,swebench,code_swe,0.8,mid_high,2,True,0.0035661000000000004,0.0114092,0.007843099999999999,True
swebench_scikit-learn__scikit-learn-10297_step_2,scikit-learn__scikit-learn-10297,2,mid_high,mid_high,mid_high,stay,False,swebench,code_swe,0.8,mid_high,2,True,0.0038565,0.012254,0.008397499999999999,True
swebench_scikit-learn__scikit-learn-10297_step_3,scikit-learn__scikit-learn-10297,3,high,high,mid_high,escalate,False,swebench,code_swe,0.8,high,3,True,0.012602799999999999,0.012602799999999999,0.0,True
swebench_scikit-learn__scikit-learn-10297_step_4,scikit-learn__scikit-learn-10297,4,high,high,high,stay,False,swebench,code_swe,0.8,high,3,True,0.0161036,0.0161036,0.0,True
swebench_scikit-learn__scikit-learn-10297_step_5,scikit-learn__scikit-learn-10297,5,low,high,high,sticky_hold,True,swebench,code_swe,0.8,low,0,True,0.024929200000000002,0.024929200000000002,0.0,True
swebench_scikit-learn__scikit-learn-10297_step_6,scikit-learn__scikit-learn-10297,6,mid_high,high,high,sticky_hold,True,swebench,code_swe,0.8,mid_high,2,True,0.0264684,0.0264684,0.0,True
swebench_scikit-learn__scikit-learn-10297_step_7,scikit-learn__scikit-learn-10297,7,low,high,high,sticky_hold,True,swebench,code_swe,0.8,low,0,True,0.0279404,0.0279404,0.0,True
swebench_scikit-learn__scikit-learn-10297_step_8,scikit-learn__scikit-learn-10297,8,high,high,high,stay,False,swebench,code_swe,0.8,high,3,True,0.030295600000000002,0.030295600000000002,0.0,True
swebench_scikit-learn__scikit-learn-10297_step_9,scikit-learn__scikit-learn-10297,9,mid,high,high,sticky_hold,True,swebench,code_swe,0.8,mid,1,True,0.0306892,0.0306892,0.0,True
swebench_scikit-learn__scikit-learn-10297_step_10,scikit-learn__scikit-learn-10297,10,mid,high,high,sticky_hold,True,swebench,code_swe,0.8,mid,1,True,0.03154680000000001,0.03154680000000001,0.0,True
swebench_scikit-learn__scikit-learn-10844_step_1,scikit-learn__scikit-learn-10844,1,low,low,,start,False,swebench,code_swe,0.8,low,0,True,0.00028110000000000006,0.012113200000000001,0.011832100000000002,True
swebench_scikit-learn__scikit-learn-10844_step_2,scikit-learn__scikit-learn-10844,2,high,high,low,escalate,False,swebench,code_swe,0.8,high,3,True,0.0129772,0.0129772,0.0,True
swebench_scikit-learn__scikit-learn-10844_step_3,scikit-learn__scikit-learn-10844,3,high,high,high,stay,False,swebench,code_swe,0.8,high,3,True,0.015118,0.015118,0.0,True
swebench_scikit-learn__scikit-learn-10844_step_4,scikit-learn__scikit-learn-10844,4,high,high,high,stay,False,swebench,code_swe,0.8,high,3,True,0.017118,0.017118,0.0,True
swebench_scikit-learn__scikit-learn-10844_step_5,scikit-learn__scikit-learn-10844,5,low,high,high,sticky_hold,True,swebench,code_swe,0.8,low,0,True,0.0172684,0.0172684,0.0,True
swebench_scikit-learn__scikit-learn-10844_step_6,scikit-learn__scikit-learn-10844,6,low,high,high,sticky_hold,True,swebench,code_swe,0.8,low,0,True,0.017886,0.017886,0.0,True
swebench_sphinx-doc__sphinx-10323_step_1,sphinx-doc__sphinx-10323,1,mid,mid,,start,False,swebench,code_swe,0.8,mid,1,True,0.00114645,0.0126764,0.01152995,True
swebench_sphinx-doc__sphinx-10323_step_2,sphinx-doc__sphinx-10323,2,mid_high,mid_high,mid,escalate,False,swebench,code_swe,0.8,mid_high,2,True,0.0041282,0.013044400000000001,0.0089162,True
swebench_sphinx-doc__sphinx-10323_step_3,sphinx-doc__sphinx-10323,3,mid,mid_high,mid_high,sticky_hold,True,swebench,code_swe,0.8,mid,1,True,0.007129,0.021773999999999998,0.014644999999999998,True
swebench_sphinx-doc__sphinx-10323_step_4,sphinx-doc__sphinx-10323,4,high,high,mid_high,escalate,False,swebench,code_swe,0.8,high,3,True,0.02731,0.02731,0.0,True
swebench_sphinx-doc__sphinx-10323_step_5,sphinx-doc__sphinx-10323,5,high,high,high,stay,False,swebench,code_swe,0.8,high,3,True,0.0286828,0.0286828,0.0,True
swebench_sphinx-doc__sphinx-10323_step_6,sphinx-doc__sphinx-10323,6,mid,high,high,sticky_hold,True,swebench,code_swe,0.8,mid,1,True,0.030346800000000004,0.030346800000000004,0.0,True
swebench_sphinx-doc__sphinx-10323_step_7,sphinx-doc__sphinx-10323,7,high,high,high,stay,False,swebench,code_swe,0.8,high,3,True,0.030862,0.030862,0.0,True
swebench_sphinx-doc__sphinx-10323_step_8,sphinx-doc__sphinx-10323,8,high,high,high,stay,False,swebench,code_swe,0.8,high,3,True,0.031758,0.031758,0.0,True
swebench_sphinx-doc__sphinx-10323_step_9,sphinx-doc__sphinx-10323,9,mid_high,high,high,sticky_hold,True,swebench,code_swe,0.8,mid_high,2,True,0.032215600000000004,0.032215600000000004,0.0,True
swebench_sphinx-doc__sphinx-10323_step_10,sphinx-doc__sphinx-10323,10,low,high,high,sticky_hold,True,swebench,code_swe,0.8,low,0,True,0.03171960000000001,0.03171960000000001,0.0,True
swebench_sphinx-doc__sphinx-10435_step_1,sphinx-doc__sphinx-10435,1,low,low,,start,False,swebench,code_swe,0.8,low,0,True,0.0002757000000000001,0.0119404,0.0116647,True
swebench_sphinx-doc__sphinx-10435_step_2,sphinx-doc__sphinx-10435,2,high,high,low,escalate,False,swebench,code_swe,0.8,high,3,True,0.0122892,0.0122892,0.0,True
swebench_sphinx-doc__sphinx-10435_step_3,sphinx-doc__sphinx-10435,3,high,high,high,stay,False,swebench,code_swe,0.8,high,3,True,0.019886,0.019886,0.0,True
swebench_sphinx-doc__sphinx-10435_step_4,sphinx-doc__sphinx-10435,4,high,high,high,stay,False,swebench,code_swe,0.8,high,3,True,0.026382,0.026382,0.0,True
swebench_sphinx-doc__sphinx-10435_step_5,sphinx-doc__sphinx-10435,5,high,high,high,stay,False,swebench,code_swe,0.8,high,3,True,0.026842800000000003,0.026842800000000003,0.0,True
swebench_sphinx-doc__sphinx-10435_step_6,sphinx-doc__sphinx-10435,6,high,high,high,stay,False,swebench,code_swe,0.8,high,3,True,0.0284972,0.0284972,0.0,True
swebench_sphinx-doc__sphinx-10435_step_7,sphinx-doc__sphinx-10435,7,high,high,high,stay,False,swebench,code_swe,0.8,high,3,True,0.0301132,0.0301132,0.0,True
swebench_sphinx-doc__sphinx-10435_step_8,sphinx-doc__sphinx-10435,8,high,high,high,stay,False,swebench,code_swe,0.8,high,3,True,0.031022,0.031022,0.0,True
swebench_sphinx-doc__sphinx-10435_step_9,sphinx-doc__sphinx-10435,9,low,high,high,sticky_hold,True,swebench,code_swe,0.8,low,0,True,0.031962800000000006,0.031962800000000006,0.0,True
swebench_sphinx-doc__sphinx-10449_step_1,sphinx-doc__sphinx-10449,1,low,low,,start,False,swebench,code_swe,0.8,low,0,True,0.0003331000000000001,0.0137772,0.0134441,True
swebench_sphinx-doc__sphinx-10449_step_2,sphinx-doc__sphinx-10449,2,high,high,low,escalate,False,swebench,code_swe,0.8,high,3,True,0.0147852,0.0147852,0.0,True
swebench_sphinx-doc__sphinx-10449_step_3,sphinx-doc__sphinx-10449,3,high,high,high,stay,False,swebench,code_swe,0.8,high,3,True,0.0294732,0.0294732,0.0,True
swebench_sphinx-doc__sphinx-10449_step_4,sphinx-doc__sphinx-10449,4,high,high,high,stay,False,swebench,code_swe,0.8,high,3,True,0.032526000000000006,0.032526000000000006,0.0,True
swebench_sphinx-doc__sphinx-10449_step_5,sphinx-doc__sphinx-10449,5,mid_high,high,high,sticky_hold,True,swebench,code_swe,0.8,mid_high,2,True,0.030414,0.030414,0.0,True
swebench_sphinx-doc__sphinx-10449_step_6,sphinx-doc__sphinx-10449,6,high,high,high,stay,False,swebench,code_swe,0.8,high,3,True,0.0313772,0.0313772,0.0,True
swebench_sphinx-doc__sphinx-10449_step_7,sphinx-doc__sphinx-10449,7,mid,high,high,sticky_hold,True,swebench,code_swe,0.8,mid,1,True,0.032231600000000006,0.032231600000000006,0.0,True
swebench_sphinx-doc__sphinx-10449_step_8,sphinx-doc__sphinx-10449,8,low,high,high,sticky_hold,True,swebench,code_swe,0.8,low,0,True,0.032410800000000003,0.032410800000000003,0.0,True
swebench_sphinx-doc__sphinx-10449_step_9,sphinx-doc__sphinx-10449,9,high,high,high,stay,False,swebench,code_swe,0.8,high,3,True,0.032606,0.032606,0.0,True
swebench_sympy__sympy-11618_step_1,sympy__sympy-11618,1,low,low,,start,False,swebench,code_swe,0.8,low,0,True,0.0002274,0.0103948,0.0101674,True
swebench_sympy__sympy-11618_step_2,sympy__sympy-11618,2,low,low,low,stay,False,swebench,code_swe,0.8,low,0,True,0.00026490000000000004,0.011594799999999999,0.011329899999999999,True
swebench_sympy__sympy-11618_step_3,sympy__sympy-11618,3,low,low,low,stay,False,swebench,code_swe,0.8,low,0,True,0.00027470000000000006,0.011908400000000001,0.011633700000000002,True
swebench_sympy__sympy-11618_step_4,sympy__sympy-11618,4,high,high,low,escalate,False,swebench,code_swe,0.8,high,3,True,0.0167532,0.0167532,0.0,True
swebench_sympy__sympy-11618_step_5,sympy__sympy-11618,5,high,high,high,stay,False,swebench,code_swe,0.8,high,3,True,0.0195852,0.0195852,0.0,True
swebench_sympy__sympy-11618_step_6,sympy__sympy-11618,6,low,high,high,sticky_hold,True,swebench,code_swe,0.8,low,0,True,0.0239596,0.0239596,0.0,True
swebench_sympy__sympy-11618_step_7,sympy__sympy-11618,7,high,high,high,stay,False,swebench,code_swe,0.8,high,3,True,0.0248844,0.0248844,0.0,True
swebench_sympy__sympy-11618_step_8,sympy__sympy-11618,8,high,high,high,stay,False,swebench,code_swe,0.8,high,3,True,0.02587,0.02587,0.0,True
swebench_sympy__sympy-11618_step_9,sympy__sympy-11618,9,high,high,high,stay,False,swebench,code_swe,0.8,high,3,True,0.0272684,0.0272684,0.0,True
swebench_sympy__sympy-11618_step_10,sympy__sympy-11618,10,low,high,high,sticky_hold,True,swebench,code_swe,0.8,low,0,True,0.0275724,0.0275724,0.0,True
swebench_sympy__sympy-11618_step_11,sympy__sympy-11618,11,low,high,high,sticky_hold,True,swebench,code_swe,0.8,low,0,True,0.0283244,0.0283244,0.0,True
swebench_sympy__sympy-12096_step_1,sympy__sympy-12096,1,mid,mid,,start,False,swebench,code_swe,0.8,mid,1,True,0.0009273500000000001,0.0106732,0.00974585,True
swebench_sympy__sympy-12096_step_2,sympy__sympy-12096,2,mid,mid,mid,stay,False,swebench,code_swe,0.8,mid,1,True,0.001032,0.01163,0.010598,True
swebench_sympy__sympy-12096_step_3,sympy__sympy-12096,3,mid_high,mid_high,mid,escalate,False,swebench,code_swe,0.8,mid_high,2,True,0.0037212,0.011860400000000002,0.008139200000000003,True
swebench_sympy__sympy-12096_step_4,sympy__sympy-12096,4,mid_high,mid_high,mid_high,stay,False,swebench,code_swe,0.8,mid_high,2,True,0.0044802,0.014068400000000002,0.009588200000000002,True
swebench_sympy__sympy-12096_step_5,sympy__sympy-12096,5,low,mid_high,mid_high,sticky_hold,True,swebench,code_swe,0.8,low,0,True,0.005261200000000001,0.0163404,0.0110792,True
swebench_sympy__sympy-12096_step_6,sympy__sympy-12096,6,mid_high,mid_high,mid_high,stay,False,swebench,code_swe,0.8,mid_high,2,True,0.006166499999999999,0.018974,0.012807500000000003,True
swebench_sympy__sympy-12096_step_7,sympy__sympy-12096,7,low,mid_high,mid_high,sticky_hold,True,swebench,code_swe,0.8,low,0,True,0.0065625,0.020125999999999998,0.0135635,True
swebench_sympy__sympy-12096_step_8,sympy__sympy-12096,8,mid_high,mid_high,mid_high,stay,False,swebench,code_swe,0.8,mid_high,2,True,0.0066615,0.020413999999999998,0.013752499999999997,True
swebench_sympy__sympy-12096_step_9,sympy__sympy-12096,9,high,high,mid_high,escalate,False,swebench,code_swe,0.8,high,3,True,0.021146800000000004,0.021146800000000004,0.0,True
swebench_sympy__sympy-12096_step_10,sympy__sympy-12096,10,high,high,high,stay,False,swebench,code_swe,0.8,high,3,True,0.0217996,0.0217996,0.0,True
swebench_sympy__sympy-12096_step_11,sympy__sympy-12096,11,high,high,high,stay,False,swebench,code_swe,0.8,high,3,True,0.023092400000000003,0.023092400000000003,0.0,True
swebench_sympy__sympy-12096_step_12,sympy__sympy-12096,12,low,high,high,sticky_hold,True,swebench,code_swe,0.8,low,0,True,0.0232332,0.0232332,0.0,True
swebench_sympy__sympy-12096_step_13,sympy__sympy-12096,13,low,high,high,sticky_hold,True,swebench,code_swe,0.8,low,0,True,0.0237548,0.0237548,0.0,True
swebench_sympy__sympy-12419_step_1,sympy__sympy-12419,1,high,high,,start,False,swebench,code_swe,0.8,high,3,True,0.011108400000000001,0.011108400000000001,0.0,True
swebench_sympy__sympy-12419_step_2,sympy__sympy-12419,2,high,high,high,stay,False,swebench,code_swe,0.8,high,3,True,0.0138348,0.0138348,0.0,True
swebench_sympy__sympy-12419_step_3,sympy__sympy-12419,3,high,high,high,stay,False,swebench,code_swe,0.8,high,3,True,0.016788400000000002,0.016788400000000002,0.0,True
swebench_sympy__sympy-12419_step_4,sympy__sympy-12419,4,high,high,high,stay,False,swebench,code_swe,0.8,high,3,True,0.022679599999999998,0.022679599999999998,0.0,True
swebench_sympy__sympy-12419_step_5,sympy__sympy-12419,5,high,high,high,stay,False,swebench,code_swe,0.8,high,3,True,0.0246188,0.0246188,0.0,True
swebench_sympy__sympy-12419_step_6,sympy__sympy-12419,6,mid,high,high,sticky_hold,True,swebench,code_swe,0.8,mid,1,True,0.026564400000000002,0.026564400000000002,0.0,True
swebench_sympy__sympy-12419_step_7,sympy__sympy-12419,7,mid,high,high,sticky_hold,True,swebench,code_swe,0.8,mid,1,True,0.028702,0.028702,0.0,True
swebench_sympy__sympy-12481_step_1,sympy__sympy-12481,1,low,low,,start,False,swebench,code_swe,0.8,low,0,True,0.0002313,0.0105196,0.0102883,True
swebench_sympy__sympy-12481_step_2,sympy__sympy-12481,2,high,high,low,escalate,False,swebench,code_swe,0.8,high,3,True,0.0108204,0.0108204,0.0,True
swebench_sympy__sympy-12481_step_3,sympy__sympy-12481,3,high,high,high,stay,False,swebench,code_swe,0.8,high,3,True,0.0150156,0.0150156,0.0,True
swebench_sympy__sympy-12481_step_4,sympy__sympy-12481,4,high,high,high,stay,False,swebench,code_swe,0.8,high,3,True,0.018935599999999997,0.018935599999999997,0.0,True
swebench_sympy__sympy-12481_step_5,sympy__sympy-12481,5,high,high,high,stay,False,swebench,code_swe,0.8,high,3,True,0.02499,0.02499,0.0,True
swebench_sympy__sympy-12481_step_6,sympy__sympy-12481,6,high,high,high,stay,False,swebench,code_swe,0.8,high,3,True,0.0267276,0.0267276,0.0,True
swebench_sympy__sympy-12481_step_7,sympy__sympy-12481,7,high,high,high,stay,False,swebench,code_swe,0.8,high,3,True,0.027706800000000004,0.027706800000000004,0.0,True
swebench_sympy__sympy-12481_step_8,sympy__sympy-12481,8,mid_high,high,high,sticky_hold,True,swebench,code_swe,0.8,mid_high,2,True,0.0278572,0.0278572,0.0,True
swebench_sympy__sympy-12481_step_9,sympy__sympy-12481,9,low,high,high,sticky_hold,True,swebench,code_swe,0.8,low,0,True,0.028606,0.028606,0.0,True
pinchbench_task_01_calendar_step_1,task_01_calendar,1,low,low,,start,False,pinchbench,general_agent,0.8,low,0,True,0.00026580000000000006,0.0116236,0.0113578,True
pinchbench_task_01_calendar_step_2,task_01_calendar,2,mid,mid,low,escalate,False,pinchbench,general_agent,0.8,mid,1,True,0.0010589500000000001,0.0118764,0.010817450000000001,True
pinchbench_task_01_calendar_step_3,task_01_calendar,3,low,mid,mid,sticky_hold,True,pinchbench,general_agent,0.8,low,0,True,0.00110585,0.0123052,0.01119935,True
pinchbench_task_01_calendar_step_4,task_01_calendar,4,mid_high,mid_high,mid,escalate,False,pinchbench,general_agent,0.8,mid_high,2,True,0.0041216,0.0130252,0.008903600000000001,True
pinchbench_task_03_blog_step_1,task_03_blog,1,low,low,,start,False,pinchbench,general_agent,0.8,low,0,True,0.00025990000000000003,0.011434799999999998,0.011174899999999998,True
pinchbench_task_03_blog_step_2,task_03_blog,2,low,low,low,stay,False,pinchbench,general_agent,0.8,low,0,True,0.00036960000000000004,0.0149452,0.014575600000000001,True
pinchbench_task_04_weather_step_1,task_04_weather,1,low,low,,start,False,pinchbench,general_agent,0.8,low,0,True,0.00026040000000000004,0.011450799999999999,0.0111904,True
pinchbench_task_04_weather_step_2,task_04_weather,2,low,low,low,stay,False,pinchbench,general_agent,0.8,low,0,True,0.000311,0.01307,0.012759,True
pinchbench_task_04_weather_step_3,task_04_weather,3,mid_high,mid_high,low,escalate,False,pinchbench,general_agent,0.8,mid_high,2,True,0.0047464,0.014842800000000001,0.010096400000000002,True
pinchbench_task_04_weather_step_4,task_04_weather,4,low,mid_high,mid_high,sticky_hold,True,pinchbench,general_agent,0.8,low,0,True,0.004912499999999999,0.015326,0.0104135,True
pinchbench_task_04_weather_step_5,task_04_weather,5,mid_high,mid_high,mid_high,stay,False,pinchbench,general_agent,0.8,mid_high,2,True,0.0054207000000000005,0.0168044,0.0113837,True
pinchbench_task_04_weather_step_6,task_04_weather,6,low,mid_high,mid_high,sticky_hold,True,pinchbench,general_agent,0.8,low,0,True,0.010891,0.032718000000000004,0.021827000000000006,True
pinchbench_task_05_summary_step_1,task_05_summary,1,low,low,,start,False,pinchbench,general_agent,0.8,low,0,True,0.0002597,0.011428400000000002,0.011168700000000002,True
pinchbench_task_05_summary_step_2,task_05_summary,2,low,low,low,stay,False,pinchbench,general_agent,0.8,low,0,True,0.00036530000000000004,0.0148076,0.0144423,True
pinchbench_task_05_summary_step_3,task_05_summary,3,high,high,low,escalate,False,pinchbench,general_agent,0.8,high,3,True,0.015086,0.015086,0.0,True
pinchbench_task_05_summary_step_4,task_05_summary,4,low,high,high,sticky_hold,True,pinchbench,general_agent,0.8,low,0,True,0.016478,0.016478,0.0,True
pinchbench_task_07_email_step_1,task_07_email,1,low,low,,start,False,pinchbench,general_agent,0.8,low,0,True,0.00025990000000000003,0.011434799999999998,0.011174899999999998,True
pinchbench_task_07_email_step_2,task_07_email,2,low,low,low,stay,False,pinchbench,general_agent,0.8,low,0,True,0.00028730000000000004,0.0123116,0.0120243,True
pinchbench_task_09_files_step_1,task_09_files,1,low,low,,start,False,pinchbench,general_agent,0.8,low,0,True,0.00026080000000000005,0.0114636,0.011202799999999999,True
pinchbench_task_09_files_step_2,task_09_files,2,low,low,low,stay,False,pinchbench,general_agent,0.8,low,0,True,0.00029880000000000005,0.0126796,0.012380799999999999,True
pinchbench_task_09_files_step_3,task_09_files,3,low,low,low,stay,False,pinchbench,general_agent,0.8,low,0,True,0.0003021,0.0127852,0.0124831,True
pinchbench_task_11_clawdhub_step_1,task_11_clawdhub,1,low,low,,start,False,pinchbench,general_agent,0.8,low,0,True,0.00026810000000000007,0.0116972,0.0114291,True
pinchbench_task_11_clawdhub_step_2,task_11_clawdhub,2,low,low,low,stay,False,pinchbench,general_agent,0.8,low,0,True,0.00030080000000000005,0.0127436,0.0124428,True
pinchbench_task_11_clawdhub_step_3,task_11_clawdhub,3,low,low,low,stay,False,pinchbench,general_agent,0.8,low,0,True,0.0003402000000000001,0.0140044,0.0136642,True
pinchbench_task_11_clawdhub_step_4,task_11_clawdhub,4,low,low,low,stay,False,pinchbench,general_agent,0.8,low,0,True,0.00035150000000000003,0.014366,0.014014500000000001,True
pinchbench_task_12_skill_search_step_1,task_12_skill_search,1,low,low,,start,False,pinchbench,general_agent,0.8,low,0,True,0.00026970000000000005,0.0117484,0.011478700000000001,True
pinchbench_task_12_skill_search_step_2,task_12_skill_search,2,low,low,low,stay,False,pinchbench,general_agent,0.8,low,0,True,0.00028370000000000007,0.012196400000000001,0.011912700000000002,True
pinchbench_task_12_skill_search_step_3,task_12_skill_search,3,low,low,low,stay,False,pinchbench,general_agent,0.8,low,0,True,0.00028510000000000005,0.0122412,0.0119561,True
pinchbench_task_12_skill_search_step_4,task_12_skill_search,4,low,low,low,stay,False,pinchbench,general_agent,0.8,low,0,True,0.00030070000000000004,0.0127404,0.012439700000000001,True
pinchbench_task_12_skill_search_step_5,task_12_skill_search,5,low,low,low,stay,False,pinchbench,general_agent,0.8,low,0,True,0.00032170000000000007,0.013412400000000001,0.013090700000000002,True
pinchbench_task_12_skill_search_step_6,task_12_skill_search,6,low,low,low,stay,False,pinchbench,general_agent,0.8,low,0,True,0.0004951,0.0189612,0.0184661,True
pinchbench_task_14_humanizer_step_1,task_14_humanizer,1,low,low,,start,False,pinchbench,general_agent,0.8,low,0,True,0.0002665,0.011646,0.0113795,True
pinchbench_task_14_humanizer_step_2,task_14_humanizer,2,low,low,low,stay,False,pinchbench,general_agent,0.8,low,0,True,0.000386,0.01547,0.015084,True
pinchbench_task_14_humanizer_step_3,task_14_humanizer,3,low,low,low,stay,False,pinchbench,general_agent,0.8,low,0,True,0.00047770000000000006,0.0184044,0.0179267,True
pinchbench_task_15_daily_summary_step_1,task_15_daily_summary,1,low,low,,start,False,pinchbench,general_agent,0.8,low,0,True,0.00026460000000000003,0.0115852,0.0113206,True
pinchbench_task_15_daily_summary_step_2,task_15_daily_summary,2,low,low,low,stay,False,pinchbench,general_agent,0.8,low,0,True,0.000277,0.011982,0.011705,True
pinchbench_task_15_daily_summary_step_3,task_15_daily_summary,3,low,low,low,stay,False,pinchbench,general_agent,0.8,low,0,True,0.0003099,0.0130348,0.012724899999999999,True
pinchbench_task_15_daily_summary_step_4,task_15_daily_summary,4,low,low,low,stay,False,pinchbench,general_agent,0.8,low,0,True,0.00034330000000000005,0.014103599999999999,0.0137603,True
pinchbench_task_15_daily_summary_step_5,task_15_daily_summary,5,mid,mid,low,escalate,False,pinchbench,general_agent,0.8,mid,1,True,0.00141385,0.0151212,0.01370735,True
pinchbench_task_16_email_triage_step_1,task_16_email_triage,1,low,low,,start,False,pinchbench,general_agent,0.8,low,0,True,0.000277,0.011982,0.011705,True
pinchbench_task_16_email_triage_step_2,task_16_email_triage,2,low,low,low,stay,False,pinchbench,general_agent,0.8,low,0,True,0.0004934000000000001,0.0189068,0.0184134,True
pinchbench_task_16_email_triage_step_3,task_16_email_triage,3,low,low,low,stay,False,pinchbench,general_agent,0.8,low,0,True,0.0006159000000000002,0.0228268,0.022210900000000002,True
pinchbench_task_19_spreadsheet_summary_step_1,task_19_spreadsheet_summary,1,low,low,,start,False,pinchbench,general_agent,0.8,low,0,True,0.000281,0.01211,0.011829,True
pinchbench_task_19_spreadsheet_summary_step_2,task_19_spreadsheet_summary,2,low,low,low,stay,False,pinchbench,general_agent,0.8,low,0,True,0.00046130000000000005,0.0178796,0.017418299999999998,True
pinchbench_task_19_spreadsheet_summary_step_3,task_19_spreadsheet_summary,3,low,low,low,stay,False,pinchbench,general_agent,0.8,low,0,True,0.00047570000000000007,0.0183404,0.0178647,True
pinchbench_task_19_spreadsheet_summary_step_4,task_19_spreadsheet_summary,4,low,low,low,stay,False,pinchbench,general_agent,0.8,low,0,True,0.0005425,0.020478,0.0199355,True
pinchbench_task_19_spreadsheet_summary_step_5,task_19_spreadsheet_summary,5,mid,mid,low,escalate,False,pinchbench,general_agent,0.8,mid,1,True,0.00194795,0.020004400000000002,0.01805645,True
pinchbench_task_19_spreadsheet_summary_step_6,task_19_spreadsheet_summary,6,low,mid,mid,sticky_hold,True,pinchbench,general_agent,0.8,low,0,True,0.0028778999999999996,0.028506800000000002,0.025628900000000003,True
mtrag_0208bf26ec357a803445290fa88a2e9e_turn_5_step_1,0208bf26ec357a803445290fa88a2e9e_turn_5,1,low,low,,start,False,mtrag,rag_multiturn,0.9,low,0,True,0.00024009999999999998,0.0108012,0.0105611,True
mtrag_0208bf26ec357a803445290fa88a2e9e_turn_6_step_1,0208bf26ec357a803445290fa88a2e9e_turn_6,1,low,low,,start,False,mtrag,rag_multiturn,0.9,low,0,True,0.0002164,0.0100428,0.009826399999999999,True
mtrag_04f83f1199c7ce4d7bef50be70f2db73_turn_2_step_1,04f83f1199c7ce4d7bef50be70f2db73_turn_2,1,low,low,,start,False,mtrag,rag_multiturn,0.9,low,0,True,0.00028960000000000005,0.0123852,0.012095600000000001,True
mtrag_04f83f1199c7ce4d7bef50be70f2db73_turn_3_step_1,04f83f1199c7ce4d7bef50be70f2db73_turn_3,1,low,low,,start,False,mtrag,rag_multiturn,0.9,low,0,True,0.0002426,0.0108812,0.0106386,True
mtrag_0ef145e49938dfb9b6eefe781d21dca8_turn_1_step_1,0ef145e49938dfb9b6eefe781d21dca8_turn_1,1,low,low,,start,False,mtrag,rag_multiturn,0.9,low,0,True,0.00024730000000000005,0.0110316,0.0107843,True
mtrag_0ef145e49938dfb9b6eefe781d21dca8_turn_5_step_1,0ef145e49938dfb9b6eefe781d21dca8_turn_5,1,low,low,,start,False,mtrag,rag_multiturn,0.9,low,0,True,0.00036580000000000006,0.0148236,0.0144578,True
mtrag_0ef145e49938dfb9b6eefe781d21dca8_turn_7_step_1,0ef145e49938dfb9b6eefe781d21dca8_turn_7,1,low,low,,start,False,mtrag,rag_multiturn,0.9,low,0,True,0.0004065,0.016125999999999998,0.015719499999999997,True
mtrag_124e27c3861eff7dadd17993719a0beb_turn_1_step_1,124e27c3861eff7dadd17993719a0beb_turn_1,1,low,low,,start,False,mtrag,rag_multiturn,0.9,low,0,True,0.0002618,0.0114956,0.0112338,True
mtrag_13a398b30067d58d179fa8cbc2592449_turn_1_step_1,13a398b30067d58d179fa8cbc2592449_turn_1,1,low,low,,start,False,mtrag,rag_multiturn,0.9,low,0,True,0.00022,0.010158,0.009938,True
mtrag_13a398b30067d58d179fa8cbc2592449_turn_2_step_1,13a398b30067d58d179fa8cbc2592449_turn_2,1,mid,mid,,start,False,mtrag,rag_multiturn,0.9,mid,1,True,0.0008041500000000001,0.0095468,0.00874265,True
mtrag_13a398b30067d58d179fa8cbc2592449_turn_3_step_1,13a398b30067d58d179fa8cbc2592449_turn_3,1,low,low,,start,False,mtrag,rag_multiturn,0.9,low,0,True,0.00024070000000000002,0.0108204,0.010579700000000001,True
mtrag_13a398b30067d58d179fa8cbc2592449_turn_6_step_1,13a398b30067d58d179fa8cbc2592449_turn_6,1,low,low,,start,False,mtrag,rag_multiturn,0.9,low,0,True,0.00033160000000000004,0.0137292,0.0133976,True
mtrag_1be66272113492407e814eaf21a761d4_turn_6_step_1,1be66272113492407e814eaf21a761d4_turn_6,1,low,low,,start,False,mtrag,rag_multiturn,0.9,low,0,True,0.00030250000000000003,0.012798,0.0124955,True
mtrag_1c041ce47a81941c26899fdf08bde961_turn_5_step_1,1c041ce47a81941c26899fdf08bde961_turn_5,1,low,low,,start,False,mtrag,rag_multiturn,0.9,low,0,True,0.00026490000000000004,0.011594799999999999,0.011329899999999999,True
mtrag_1c74814752c3f9d4ed0b99c16e1ed192_turn_4_step_1,1c74814752c3f9d4ed0b99c16e1ed192_turn_4,1,low,low,,start,False,mtrag,rag_multiturn,0.9,low,0,True,0.00026120000000000006,0.011476400000000001,0.011215200000000002,True
mtrag_1c74814752c3f9d4ed0b99c16e1ed192_turn_5_step_1,1c74814752c3f9d4ed0b99c16e1ed192_turn_5,1,low,low,,start,False,mtrag,rag_multiturn,0.9,low,0,True,0.0002841000000000001,0.0122092,0.0119251,True
mtrag_1c74814752c3f9d4ed0b99c16e1ed192_turn_6_step_1,1c74814752c3f9d4ed0b99c16e1ed192_turn_6,1,low,low,,start,False,mtrag,rag_multiturn,0.9,low,0,True,0.00027020000000000006,0.011764400000000001,0.011494200000000001,True
mtrag_1c74814752c3f9d4ed0b99c16e1ed192_turn_9_step_1,1c74814752c3f9d4ed0b99c16e1ed192_turn_9,1,low,low,,start,False,mtrag,rag_multiturn,0.9,low,0,True,0.00042990000000000004,0.016874800000000002,0.016444900000000002,True
mtrag_1dcbbeb35d4d25ba1ffb787a9f2080e2_turn_2_step_1,1dcbbeb35d4d25ba1ffb787a9f2080e2_turn_2,1,mid,mid,,start,False,mtrag,rag_multiturn,0.9,mid,1,True,0.00092,0.010605999999999999,0.009685999999999998,True
mtrag_20c2cbd18c16c12c9c2bbead6aef1a21_turn_1_step_1,20c2cbd18c16c12c9c2bbead6aef1a21_turn_1,1,low,low,,start,False,mtrag,rag_multiturn,0.9,low,0,True,0.0002297,0.0104684,0.0102387,True
mtrag_20c2cbd18c16c12c9c2bbead6aef1a21_turn_4_step_1,20c2cbd18c16c12c9c2bbead6aef1a21_turn_4,1,low,low,,start,False,mtrag,rag_multiturn,0.9,low,0,True,0.0001985,0.00947,0.009271499999999998,True
mtrag_20c2cbd18c16c12c9c2bbead6aef1a21_turn_6_step_1,20c2cbd18c16c12c9c2bbead6aef1a21_turn_6,1,low,low,,start,False,mtrag,rag_multiturn,0.9,low,0,True,0.0002421,0.0108652,0.0106231,True
mtrag_20c2cbd18c16c12c9c2bbead6aef1a21_turn_7_step_1,20c2cbd18c16c12c9c2bbead6aef1a21_turn_7,1,low,low,,start,False,mtrag,rag_multiturn,0.9,low,0,True,0.000299,0.012686,0.012386999999999999,True
mtrag_251e29286cef45d899d7889e94ae25d5_turn_1_step_1,251e29286cef45d899d7889e94ae25d5_turn_1,1,low,low,,start,False,mtrag,rag_multiturn,0.9,low,0,True,0.00017010000000000001,0.0085612,0.0083911,True
mtrag_251e29286cef45d899d7889e94ae25d5_turn_2_step_1,251e29286cef45d899d7889e94ae25d5_turn_2,1,low,low,,start,False,mtrag,rag_multiturn,0.9,low,0,True,0.00028030000000000004,0.0120876,0.0118073,True
mtrag_251e29286cef45d899d7889e94ae25d5_turn_3_step_1,251e29286cef45d899d7889e94ae25d5_turn_3,1,low,low,,start,False,mtrag,rag_multiturn,0.9,low,0,True,0.0002885,0.01235,0.0120615,True
mtrag_251e29286cef45d899d7889e94ae25d5_turn_5_step_1,251e29286cef45d899d7889e94ae25d5_turn_5,1,low,low,,start,False,mtrag,rag_multiturn,0.9,low,0,True,0.000282,0.012142,0.01186,True
mtrag_258193fc88e0e73322e288aa03719260_turn_3_step_1,258193fc88e0e73322e288aa03719260_turn_3,1,low,low,,start,False,mtrag,rag_multiturn,0.9,low,0,True,0.00026560000000000006,0.011617200000000001,0.011351600000000002,True
mtrag_258193fc88e0e73322e288aa03719260_turn_6_step_1,258193fc88e0e73322e288aa03719260_turn_6,1,low,low,,start,False,mtrag,rag_multiturn,0.9,low,0,True,0.0002931,0.0124972,0.0122041,True
mtrag_258193fc88e0e73322e288aa03719260_turn_8_step_1,258193fc88e0e73322e288aa03719260_turn_8,1,low,low,,start,False,mtrag,rag_multiturn,0.9,low,0,True,0.0003663,0.0148396,0.0144733,True
mtrag_29e3ec96a6e8916a0326ebcdab78abae_turn_2_step_1,29e3ec96a6e8916a0326ebcdab78abae_turn_2,1,low,low,,start,False,mtrag,rag_multiturn,0.9,low,0,True,0.0001802,0.008884399999999999,0.008704199999999999,True
mtrag_29e3ec96a6e8916a0326ebcdab78abae_turn_8_step_1,29e3ec96a6e8916a0326ebcdab78abae_turn_8,1,low,low,,start,False,mtrag,rag_multiturn,0.9,low,0,True,0.0002872000000000001,0.0123084,0.012021200000000001,True
mtrag_2b34f5e7861ca9b1b3eab65ad6d6b4b0_turn_4_step_1,2b34f5e7861ca9b1b3eab65ad6d6b4b0_turn_4,1,low,low,,start,False,mtrag,rag_multiturn,0.9,low,0,True,0.0002153,0.0100076,0.0097923,True
mtrag_2cc753bcef23767c18aedad06c4405c4_turn_1_step_1,2cc753bcef23767c18aedad06c4405c4_turn_1,1,low,low,,start,False,mtrag,rag_multiturn,0.9,low,0,True,0.00017230000000000001,0.0086316,0.0084593,True
mtrag_2cc753bcef23767c18aedad06c4405c4_turn_4_step_1,2cc753bcef23767c18aedad06c4405c4_turn_4,1,low,low,,start,False,mtrag,rag_multiturn,0.9,low,0,True,0.00031560000000000003,0.0132172,0.012901600000000001,True
mtrag_2cc753bcef23767c18aedad06c4405c4_turn_6_step_1,2cc753bcef23767c18aedad06c4405c4_turn_6,1,low,low,,start,False,mtrag,rag_multiturn,0.9,low,0,True,0.0003556,0.0144972,0.0141416,True
mtrag_2cc753bcef23767c18aedad06c4405c4_turn_7_step_1,2cc753bcef23767c18aedad06c4405c4_turn_7,1,low,low,,start,False,mtrag,rag_multiturn,0.9,low,0,True,0.00026530000000000005,0.0116076,0.0113423,True
mtrag_2cc753bcef23767c18aedad06c4405c4_turn_9_step_1,2cc753bcef23767c18aedad06c4405c4_turn_9,1,low,low,,start,False,mtrag,rag_multiturn,0.9,low,0,True,0.00032410000000000007,0.0134892,0.013165099999999999,True
mtrag_2f013337236ea4635ad106813275dab7_turn_8_step_1,2f013337236ea4635ad106813275dab7_turn_8,1,low,low,,start,False,mtrag,rag_multiturn,0.9,low,0,True,0.00037210000000000005,0.0150252,0.0146531,True
mtrag_2f94b6fb4c6f941decd0609eb126610b_turn_2_step_1,2f94b6fb4c6f941decd0609eb126610b_turn_2,1,low,low,,start,False,mtrag,rag_multiturn,0.9,low,0,True,0.00020969999999999997,0.0098284,0.009618699999999999,True
mtrag_2f94b6fb4c6f941decd0609eb126610b_turn_3_step_1,2f94b6fb4c6f941decd0609eb126610b_turn_3,1,low,low,,start,False,mtrag,rag_multiturn,0.9,low,0,True,0.00026020000000000004,0.0114444,0.0111842,True
mtrag_34ac6bedd4b35167cc59e289893e206a_turn_9_step_1,34ac6bedd4b35167cc59e289893e206a_turn_9,1,low,low,,start,False,mtrag,rag_multiturn,0.9,low,0,True,0.00040610000000000006,0.0161132,0.0157071,True
mtrag_35e6be0f2049527ae17cf77169cc4f70_turn_4_step_1,35e6be0f2049527ae17cf77169cc4f70_turn_4,1,low,low,,start,False,mtrag,rag_multiturn,0.9,low,0,True,0.00028970000000000005,0.0123884,0.0120987,True
mtrag_3a07680acfb0f951fc3210a8c1a282c9_turn_7_step_1,3a07680acfb0f951fc3210a8c1a282c9_turn_7,1,low,low,,start,False,mtrag,rag_multiturn,0.9,low,0,True,0.0002888,0.0123596,0.0120708,True
mtrag_3f5fa378239f7475baac89fa40288aaa_turn_1_step_1,3f5fa378239f7475baac89fa40288aaa_turn_1,1,low,low,,start,False,mtrag,rag_multiturn,0.9,low,0,True,0.000219,0.010126,0.009907,True
mtrag_3f5fa378239f7475baac89fa40288aaa_turn_3_step_1,3f5fa378239f7475baac89fa40288aaa_turn_3,1,low,low,,start,False,mtrag,rag_multiturn,0.9,low,0,True,0.0001911,0.0092332,0.0090421,True
mtrag_41a4006bfa6841516188c1695ebaf16c_turn_1_step_1,41a4006bfa6841516188c1695ebaf16c_turn_1,1,low,low,,start,False,mtrag,rag_multiturn,0.9,low,0,True,0.00014869999999999998,0.007876399999999999,0.007727699999999999,True
mtrag_41a4006bfa6841516188c1695ebaf16c_turn_4_step_1,41a4006bfa6841516188c1695ebaf16c_turn_4,1,low,low,,start,False,mtrag,rag_multiturn,0.9,low,0,True,0.0001467,0.007812399999999999,0.007665699999999999,True
mtrag_41a4006bfa6841516188c1695ebaf16c_turn_6_step_1,41a4006bfa6841516188c1695ebaf16c_turn_6,1,low,low,,start,False,mtrag,rag_multiturn,0.9,low,0,True,0.00018310000000000003,0.008977200000000001,0.008794100000000001,True
mtrag_41a4006bfa6841516188c1695ebaf16c_turn_7_step_1,41a4006bfa6841516188c1695ebaf16c_turn_7,1,low,low,,start,False,mtrag,rag_multiturn,0.9,low,0,True,0.00024170000000000002,0.010852400000000002,0.010610700000000002,True
mtrag_4751cd8210b4adb8bce5cbc3fe913096_turn_1_step_1,4751cd8210b4adb8bce5cbc3fe913096_turn_1,1,low,low,,start,False,mtrag,rag_multiturn,0.9,low,0,True,0.0001785,0.00883,0.0086515,True
mtrag_4751cd8210b4adb8bce5cbc3fe913096_turn_3_step_1,4751cd8210b4adb8bce5cbc3fe913096_turn_3,1,low,low,,start,False,mtrag,rag_multiturn,0.9,low,0,True,0.00018140000000000002,0.008922799999999998,0.008741399999999998,True
mtrag_4751cd8210b4adb8bce5cbc3fe913096_turn_6_step_1,4751cd8210b4adb8bce5cbc3fe913096_turn_6,1,low,low,,start,False,mtrag,rag_multiturn,0.9,low,0,True,0.00033380000000000004,0.0137996,0.0134658,True
mtrag_4751cd8210b4adb8bce5cbc3fe913096_turn_7_step_1,4751cd8210b4adb8bce5cbc3fe913096_turn_7,1,low,low,,start,False,mtrag,rag_multiturn,0.9,low,0,True,0.00025590000000000004,0.011306799999999999,0.011050899999999999,True
mtrag_47b2471404382af6e973013ab1cf96b9_turn_1_step_1,47b2471404382af6e973013ab1cf96b9_turn_1,1,low,low,,start,False,mtrag,rag_multiturn,0.9,low,0,True,0.0002095,0.009822,0.0096125,True
mtrag_47b2471404382af6e973013ab1cf96b9_turn_9_step_1,47b2471404382af6e973013ab1cf96b9_turn_9,1,mid_high,mid_high,,start,False,mtrag,rag_multiturn,0.9,mid_high,2,True,0.0051886,0.0161292,0.0109406,True
mtrag_4a8369b7403e54df94d7fa495a4eff27_turn_2_step_1,4a8369b7403e54df94d7fa495a4eff27_turn_2,1,low,low,,start,False,mtrag,rag_multiturn,0.9,low,0,True,0.0002334,0.010586799999999999,0.010353399999999999,True
mtrag_4a8369b7403e54df94d7fa495a4eff27_turn_5_step_1,4a8369b7403e54df94d7fa495a4eff27_turn_5,1,low,low,,start,False,mtrag,rag_multiturn,0.9,low,0,True,0.00038250000000000003,0.015358,0.0149755,True
mtrag_4c86c8740c3d49e06b7aca9d308119fa_turn_1_step_1,4c86c8740c3d49e06b7aca9d308119fa_turn_1,1,low,low,,start,False,mtrag,rag_multiturn,0.9,low,0,True,0.0002282,0.0104204,0.0101922,True
mtrag_4c86c8740c3d49e06b7aca9d308119fa_turn_3_step_1,4c86c8740c3d49e06b7aca9d308119fa_turn_3,1,low,low,,start,False,mtrag,rag_multiturn,0.9,low,0,True,0.00025610000000000005,0.0113132,0.0110571,True
mtrag_4da5a7f42f3b2dc4d875dcfa2fcdefef_turn_5_step_1,4da5a7f42f3b2dc4d875dcfa2fcdefef_turn_5,1,low,low,,start,False,mtrag,rag_multiturn,0.9,low,0,True,0.00024490000000000004,0.010954799999999999,0.0107099,True
mtrag_5503c6e98c54d4901332d0f1c6030bd9_turn_3_step_1,5503c6e98c54d4901332d0f1c6030bd9_turn_3,1,low,low,,start,False,mtrag,rag_multiturn,0.9,low,0,True,0.0003467000000000001,0.014212400000000002,0.013865700000000002,True
mtrag_5503c6e98c54d4901332d0f1c6030bd9_turn_4_step_1,5503c6e98c54d4901332d0f1c6030bd9_turn_4,1,low,low,,start,False,mtrag,rag_multiturn,0.9,low,0,True,0.0002062,0.0097164,0.0095102,True
mtrag_5503c6e98c54d4901332d0f1c6030bd9_turn_6_step_1,5503c6e98c54d4901332d0f1c6030bd9_turn_6,1,low,low,,start,False,mtrag,rag_multiturn,0.9,low,0,True,0.00036970000000000004,0.014948399999999999,0.014578699999999998,True
mtrag_5600fe1c05a1fc415416d9dee6347000_turn_1_step_1,5600fe1c05a1fc415416d9dee6347000_turn_1,1,low,low,,start,False,mtrag,rag_multiturn,0.9,low,0,True,0.0002764,0.011962799999999999,0.0116864,True
mtrag_5600fe1c05a1fc415416d9dee6347000_turn_2_step_1,5600fe1c05a1fc415416d9dee6347000_turn_2,1,low,low,,start,False,mtrag,rag_multiturn,0.9,low,0,True,0.0001754,0.008730799999999999,0.0085554,True
mtrag_5600fe1c05a1fc415416d9dee6347000_turn_5_step_1,5600fe1c05a1fc415416d9dee6347000_turn_5,1,low,low,,start,False,mtrag,rag_multiturn,0.9,low,0,True,0.0006239,0.0230828,0.0224589,True
mtrag_5600fe1c05a1fc415416d9dee6347000_turn_6_step_1,5600fe1c05a1fc415416d9dee6347000_turn_6,1,low,low,,start,False,mtrag,rag_multiturn,0.9,low,0,True,0.0003087000000000001,0.012996400000000002,0.012687700000000001,True
mtrag_5815bb4a99e2a0d8a986348da4c49083_turn_1_step_1,5815bb4a99e2a0d8a986348da4c49083_turn_1,1,low,low,,start,False,mtrag,rag_multiturn,0.9,low,0,True,0.0002182,0.010100399999999999,0.009882199999999999,True
mtrag_5815bb4a99e2a0d8a986348da4c49083_turn_2_step_1,5815bb4a99e2a0d8a986348da4c49083_turn_2,1,high,high,,start,False,mtrag,rag_multiturn,0.9,high,3,True,0.008948399999999999,0.008948399999999999,0.0,True
mtrag_5815bb4a99e2a0d8a986348da4c49083_turn_3_step_1,5815bb4a99e2a0d8a986348da4c49083_turn_3,1,low,low,,start,False,mtrag,rag_multiturn,0.9,low,0,True,0.0003554,0.014490799999999998,0.014135399999999998,True
mtrag_5815bb4a99e2a0d8a986348da4c49083_turn_4_step_1,5815bb4a99e2a0d8a986348da4c49083_turn_4,1,low,low,,start,False,mtrag,rag_multiturn,0.9,low,0,True,0.0003767,0.015172399999999999,0.014795699999999998,True
mtrag_5815bb4a99e2a0d8a986348da4c49083_turn_6_step_1,5815bb4a99e2a0d8a986348da4c49083_turn_6,1,low,low,,start,False,mtrag,rag_multiturn,0.9,low,0,True,0.00039600000000000003,0.01579,0.015393999999999998,True
mtrag_5815bb4a99e2a0d8a986348da4c49083_turn_8_step_1,5815bb4a99e2a0d8a986348da4c49083_turn_8,1,low,low,,start,False,mtrag,rag_multiturn,0.9,low,0,True,0.0003394,0.0139788,0.0136394,True
mtrag_5b2404d71f9ff7edabddb3b1a8b329e7_turn_7_step_1,5b2404d71f9ff7edabddb3b1a8b329e7_turn_7,1,low,low,,start,False,mtrag,rag_multiturn,0.9,low,0,True,0.0003287000000000001,0.013636400000000002,0.013307700000000002,True
mtrag_5b9edac124aea30a2256705d27226d7f_turn_3_step_1,5b9edac124aea30a2256705d27226d7f_turn_3,1,low,low,,start,False,mtrag,rag_multiturn,0.9,low,0,True,0.00025800000000000004,0.011374,0.011116000000000001,True
mtrag_5c13daa9432149f6243aa1115629cd1a_turn_1_step_1,5c13daa9432149f6243aa1115629cd1a_turn_1,1,low,low,,start,False,mtrag,rag_multiturn,0.9,low,0,True,0.0001709,0.008586799999999999,0.008415899999999999,True
mtrag_5c13daa9432149f6243aa1115629cd1a_turn_2_step_1,5c13daa9432149f6243aa1115629cd1a_turn_2,1,low,low,,start,False,mtrag,rag_multiturn,0.9,low,0,True,0.0001818,0.0089356,0.0087538,True
mtrag_5c13daa9432149f6243aa1115629cd1a_turn_4_step_1,5c13daa9432149f6243aa1115629cd1a_turn_4,1,low,low,,start,False,mtrag,rag_multiturn,0.9,low,0,True,0.0002355,0.010654,0.0104185,True
mtrag_5e79e465134d923edf68580733a81c68_turn_2_step_1,5e79e465134d923edf68580733a81c68_turn_2,1,low,low,,start,False,mtrag,rag_multiturn,0.9,low,0,True,0.00023030000000000001,0.0104876,0.0102573,True
mtrag_5e79e465134d923edf68580733a81c68_turn_3_step_1,5e79e465134d923edf68580733a81c68_turn_3,1,low,low,,start,False,mtrag,rag_multiturn,0.9,low,0,True,0.000234,0.010605999999999999,0.010372,True
mtrag_5e79e465134d923edf68580733a81c68_turn_4_step_1,5e79e465134d923edf68580733a81c68_turn_4,1,low,low,,start,False,mtrag,rag_multiturn,0.9,low,0,True,0.00029630000000000005,0.0125996,0.012303300000000001,True
mtrag_5f9ccf0a4ff691fc482432af64cc3c9d_turn_5_step_1,5f9ccf0a4ff691fc482432af64cc3c9d_turn_5,1,mid,mid,,start,False,mtrag,rag_multiturn,0.9,mid,1,True,0.0014639000000000002,0.0155788,0.0141149,True
mtrag_61374b240d5742f957706d00f9ed0dd6_turn_2_step_1,61374b240d5742f957706d00f9ed0dd6_turn_2,1,low,low,,start,False,mtrag,rag_multiturn,0.9,low,0,True,0.0002479,0.0110508,0.010802899999999999,True
mtrag_61374b240d5742f957706d00f9ed0dd6_turn_7_step_1,61374b240d5742f957706d00f9ed0dd6_turn_7,1,low,low,,start,False,mtrag,rag_multiturn,0.9,low,0,True,0.0002642,0.011572400000000002,0.011308200000000001,True
mtrag_62a5aee8a497bee6fc467df13bf23cfc_turn_4_step_1,62a5aee8a497bee6fc467df13bf23cfc_turn_4,1,low,low,,start,False,mtrag,rag_multiturn,0.9,low,0,True,0.00026510000000000005,0.0116012,0.0113361,True
mtrag_6495c82abb6bef2d8efd06020cde3adf_turn_2_step_1,6495c82abb6bef2d8efd06020cde3adf_turn_2,1,low,low,,start,False,mtrag,rag_multiturn,0.9,low,0,True,0.00032170000000000007,0.013412400000000001,0.013090700000000002,True
mtrag_6528deeee4180c1b2b770a2929482e82_turn_3_step_1,6528deeee4180c1b2b770a2929482e82_turn_3,1,low,low,,start,False,mtrag,rag_multiturn,0.9,low,0,True,0.00022419999999999997,0.010292399999999998,0.010068199999999998,True
mtrag_674aa142d92a6b4262de254df0c3f7b2_turn_2_step_1,674aa142d92a6b4262de254df0c3f7b2_turn_2,1,low,low,,start,False,mtrag,rag_multiturn,0.9,low,0,True,0.00028070000000000005,0.0121004,0.0118197,True
mtrag_674aa142d92a6b4262de254df0c3f7b2_turn_3_step_1,674aa142d92a6b4262de254df0c3f7b2_turn_3,1,low,low,,start,False,mtrag,rag_multiturn,0.9,low,0,True,0.0002297,0.0104684,0.0102387,True
mtrag_6a738cc02c5aa0b74319acd0e8a809dd_turn_8_step_1,6a738cc02c5aa0b74319acd0e8a809dd_turn_8,1,low,low,,start,False,mtrag,rag_multiturn,0.9,low,0,True,0.0002457,0.010980400000000001,0.010734700000000002,True
mtrag_6af5334fbd010b919d7fa174823abd12_turn_2_step_1,6af5334fbd010b919d7fa174823abd12_turn_2,1,low,low,,start,False,mtrag,rag_multiturn,0.9,low,0,True,0.00026520000000000005,0.0116044,0.0113392,True
mtrag_717ca9138f07b4621887812f47499d74_turn_2_step_1,717ca9138f07b4621887812f47499d74_turn_2,1,low,low,,start,False,mtrag,rag_multiturn,0.9,low,0,True,0.00020060000000000002,0.009537200000000001,0.0093366,True
mtrag_717ca9138f07b4621887812f47499d74_turn_3_step_1,717ca9138f07b4621887812f47499d74_turn_3,1,low,low,,start,False,mtrag,rag_multiturn,0.9,low,0,True,0.00019860000000000003,0.009473200000000001,0.009274600000000001,True
mtrag_717ca9138f07b4621887812f47499d74_turn_8_step_1,717ca9138f07b4621887812f47499d74_turn_8,1,mid,mid,,start,False,mtrag,rag_multiturn,0.9,mid,1,True,0.00116885,0.0128812,0.01171235,True
mtrag_72ba19c38518da1fc894fc638a2802f7_turn_4_step_1,72ba19c38518da1fc894fc638a2802f7_turn_4,1,low,low,,start,False,mtrag,rag_multiturn,0.9,low,0,True,0.00031200000000000005,0.013101999999999999,0.01279,True
mtrag_72ba19c38518da1fc894fc638a2802f7_turn_6_step_1,72ba19c38518da1fc894fc638a2802f7_turn_6,1,low,low,,start,False,mtrag,rag_multiturn,0.9,low,0,True,0.00038350000000000005,0.01539,0.015006499999999999,True
mtrag_747a810abfd6da4a9c37cdb74feec95e_turn_1_step_1,747a810abfd6da4a9c37cdb74feec95e_turn_1,1,mid,mid,,start,False,mtrag,rag_multiturn,0.9,mid,1,True,0.0009413500000000001,0.0108012,0.00985985,True
mtrag_747a810abfd6da4a9c37cdb74feec95e_turn_2_step_1,747a810abfd6da4a9c37cdb74feec95e_turn_2,1,low,low,,start,False,mtrag,rag_multiturn,0.9,low,0,True,0.00028980000000000005,0.0123916,0.0121018,True
mtrag_747a810abfd6da4a9c37cdb74feec95e_turn_7_step_1,747a810abfd6da4a9c37cdb74feec95e_turn_7,1,low,low,,start,False,mtrag,rag_multiturn,0.9,low,0,True,0.00037450000000000005,0.015101999999999999,0.0147275,True
mtrag_79f0d0539d9ec0acbf90cb3388b30c17_turn_1_step_1,79f0d0539d9ec0acbf90cb3388b30c17_turn_1,1,low,low,,start,False,mtrag,rag_multiturn,0.9,low,0,True,0.0001528,0.0080076,0.0078548,True
mtrag_79f0d0539d9ec0acbf90cb3388b30c17_turn_5_step_1,79f0d0539d9ec0acbf90cb3388b30c17_turn_5,1,low,low,,start,False,mtrag,rag_multiturn,0.9,low,0,True,0.0002639,0.011562799999999998,0.011298899999999999,True
mtrag_7cb06b3f8068674fce61a11e9777f708_turn_2_step_1,7cb06b3f8068674fce61a11e9777f708_turn_2,1,low,low,,start,False,mtrag,rag_multiturn,0.9,low,0,True,0.0001973,0.0094316,0.0092343,True
mtrag_7cb06b3f8068674fce61a11e9777f708_turn_4_step_1,7cb06b3f8068674fce61a11e9777f708_turn_4,1,low,low,,start,False,mtrag,rag_multiturn,0.9,low,0,True,0.00029560000000000003,0.0125772,0.0122816,True
mtrag_7cb06b3f8068674fce61a11e9777f708_turn_5_step_1,7cb06b3f8068674fce61a11e9777f708_turn_5,1,low,low,,start,False,mtrag,rag_multiturn,0.9,low,0,True,0.00033650000000000005,0.013885999999999999,0.013549499999999999,True
mtrag_7cb06b3f8068674fce61a11e9777f708_turn_7_step_1,7cb06b3f8068674fce61a11e9777f708_turn_7,1,low,low,,start,False,mtrag,rag_multiturn,0.9,low,0,True,0.00032760000000000005,0.0136012,0.0132736,True
mtrag_8040ccdfc0a0ffb8e3f82d94f92ddb5c_turn_3_step_1,8040ccdfc0a0ffb8e3f82d94f92ddb5c_turn_3,1,low,low,,start,False,mtrag,rag_multiturn,0.9,low,0,True,0.0001773,0.0087916,0.0086143,True
mtrag_81afaf82a0d9a5fad6eaa196f8d9641c_turn_8_step_1,81afaf82a0d9a5fad6eaa196f8d9641c_turn_8,1,low,low,,start,False,mtrag,rag_multiturn,0.9,low,0,True,0.0004604000000000001,0.017850800000000003,0.017390400000000004,True
mtrag_91204c45fc829e328f9a3643d9dd4c2b_turn_1_step_1,91204c45fc829e328f9a3643d9dd4c2b_turn_1,1,low,low,,start,False,mtrag,rag_multiturn,0.9,low,0,True,0.000176,0.008749999999999999,0.008573999999999998,True
mtrag_91204c45fc829e328f9a3643d9dd4c2b_turn_2_step_1,91204c45fc829e328f9a3643d9dd4c2b_turn_2,1,low,low,,start,False,mtrag,rag_multiturn,0.9,low,0,True,0.00018119999999999999,0.0089164,0.0087352,True
mtrag_91204c45fc829e328f9a3643d9dd4c2b_turn_6_step_1,91204c45fc829e328f9a3643d9dd4c2b_turn_6,1,low,low,,start,False,mtrag,rag_multiturn,0.9,low,0,True,0.00019240000000000001,0.0092748,0.0090824,True
mtrag_91204c45fc829e328f9a3643d9dd4c2b_turn_8_step_1,91204c45fc829e328f9a3643d9dd4c2b_turn_8,1,low,low,,start,False,mtrag,rag_multiturn,0.9,low,0,True,0.0002195,0.010142,0.0099225,True
mtrag_91715ec6ec7e9a11925e58e707b6626e_turn_6_step_1,91715ec6ec7e9a11925e58e707b6626e_turn_6,1,low,low,,start,False,mtrag,rag_multiturn,0.9,low,0,True,0.00029420000000000005,0.0125324,0.012238200000000001,True
mtrag_94d04f2cd47fee9a0aaa13fa3ae1de53_turn_1_step_1,94d04f2cd47fee9a0aaa13fa3ae1de53_turn_1,1,low,low,,start,False,mtrag,rag_multiturn,0.9,low,0,True,0.0001792,0.0088524,0.0086732,True
mtrag_94d04f2cd47fee9a0aaa13fa3ae1de53_turn_6_step_1,94d04f2cd47fee9a0aaa13fa3ae1de53_turn_6,1,low,low,,start,False,mtrag,rag_multiturn,0.9,low,0,True,0.0002829,0.012170799999999999,0.0118879,True
mtrag_95a0893567c7519c090ecbcdd14daccd_turn_1_step_1,95a0893567c7519c090ecbcdd14daccd_turn_1,1,low,low,,start,False,mtrag,rag_multiturn,0.9,low,0,True,0.00023119999999999998,0.010516399999999999,0.010285199999999998,True
mtrag_95a0893567c7519c090ecbcdd14daccd_turn_2_step_1,95a0893567c7519c090ecbcdd14daccd_turn_2,1,low,low,,start,False,mtrag,rag_multiturn,0.9,low,0,True,0.00026370000000000007,0.011556400000000001,0.011292700000000001,True
mtrag_95a0893567c7519c090ecbcdd14daccd_turn_6_step_1,95a0893567c7519c090ecbcdd14daccd_turn_6,1,low,low,,start,False,mtrag,rag_multiturn,0.9,low,0,True,0.00025870000000000005,0.011396400000000001,0.0111377,True
mtrag_9c52934a9aea1c3647d4b558d8afdf1c_turn_3_step_1,9c52934a9aea1c3647d4b558d8afdf1c_turn_3,1,low,low,,start,False,mtrag,rag_multiturn,0.9,low,0,True,0.0002617,0.011492400000000002,0.011230700000000001,True
mtrag_9c52934a9aea1c3647d4b558d8afdf1c_turn_9_step_1,9c52934a9aea1c3647d4b558d8afdf1c_turn_9,1,low,low,,start,False,mtrag,rag_multiturn,0.9,low,0,True,0.00035200000000000005,0.014381999999999999,0.014029999999999999,True
qmsum_ES2004a_gen_0_step_1,ES2004a_gen_0,1,low,low,,start,False,qmsum,meeting_query_summarization,0.9,low,0,True,0.000635,0.023438,0.022803,True
qmsum_ES2004a_spec_0_step_1,ES2004a_spec_0,1,low,low,,start,False,qmsum,meeting_query_summarization,0.9,low,0,True,0.00036930000000000003,0.0149356,0.0145663,True
qmsum_ES2004a_spec_1_step_1,ES2004a_spec_1,1,low,low,,start,False,qmsum,meeting_query_summarization,0.9,low,0,True,0.0001889,0.009162799999999999,0.008973899999999998,True
qmsum_ES2004a_spec_2_step_1,ES2004a_spec_2,1,mid,mid,,start,False,qmsum,meeting_query_summarization,0.9,mid,1,True,0.0006151500000000001,0.0078188,0.007203650000000001,True
qmsum_ES2004a_spec_3_step_1,ES2004a_spec_3,1,low,low,,start,False,qmsum,meeting_query_summarization,0.9,low,0,True,0.0001717,0.0086124,0.008440699999999999,True
qmsum_ES2004a_spec_5_step_1,ES2004a_spec_5,1,low,low,,start,False,qmsum,meeting_query_summarization,0.9,low,0,True,0.0001362,0.007476399999999999,0.007340199999999999,True
qmsum_ES2004b_gen_0_step_1,ES2004b_gen_0,1,low,low,,start,False,qmsum,meeting_query_summarization,0.9,low,0,True,0.00026250000000000004,0.011517999999999999,0.011255499999999998,True
qmsum_ES2004b_spec_0_step_1,ES2004b_spec_0,1,low,low,,start,False,qmsum,meeting_query_summarization,0.9,low,0,True,0.0003579,0.014570799999999998,0.014212899999999999,True
qmsum_ES2004b_spec_1_step_1,ES2004b_spec_1,1,low,low,,start,False,qmsum,meeting_query_summarization,0.9,low,0,True,0.0001819,0.008938799999999998,0.008756899999999998,True
qmsum_ES2004b_spec_2_step_1,ES2004b_spec_2,1,low,low,,start,False,qmsum,meeting_query_summarization,0.9,low,0,True,0.0008862000000000001,0.0314764,0.0305902,True
qmsum_ES2004b_spec_3_step_1,ES2004b_spec_3,1,low,low,,start,False,qmsum,meeting_query_summarization,0.9,low,0,True,0.000196,0.009389999999999999,0.009193999999999999,True
qmsum_ES2004b_spec_4_step_1,ES2004b_spec_4,1,low,low,,start,False,qmsum,meeting_query_summarization,0.9,low,0,True,0.00016240000000000002,0.008314799999999999,0.008152399999999999,True
qmsum_ES2004b_spec_5_step_1,ES2004b_spec_5,1,low,low,,start,False,qmsum,meeting_query_summarization,0.9,low,0,True,0.0002485,0.01107,0.0108215,True
qmsum_ES2004c_gen_0_step_1,ES2004c_gen_0,1,low,low,,start,False,qmsum,meeting_query_summarization,0.9,low,0,True,0.00026250000000000004,0.011517999999999999,0.011255499999999998,True
qmsum_ES2004c_gen_1_step_1,ES2004c_gen_1,1,low,low,,start,False,qmsum,meeting_query_summarization,0.9,low,0,True,0.00026250000000000004,0.011517999999999999,0.011255499999999998,True
qmsum_ES2004c_spec_0_step_1,ES2004c_spec_0,1,low,low,,start,False,qmsum,meeting_query_summarization,0.9,low,0,True,0.0001393,0.0075756,0.0074363,True
qmsum_ES2004c_spec_1_step_1,ES2004c_spec_1,1,low,low,,start,False,qmsum,meeting_query_summarization,0.9,low,0,True,0.00017860000000000003,0.008833200000000001,0.008654600000000002,True
qmsum_ES2004c_spec_2_step_1,ES2004c_spec_2,1,low,low,,start,False,qmsum,meeting_query_summarization,0.9,low,0,True,0.00016209999999999998,0.0083052,0.0081431,True
qmsum_ES2004c_spec_3_step_1,ES2004c_spec_3,1,low,low,,start,False,qmsum,meeting_query_summarization,0.9,low,0,True,0.00038800000000000005,0.015534,0.015146,True
qmsum_ES2004c_spec_4_step_1,ES2004c_spec_4,1,low,low,,start,False,qmsum,meeting_query_summarization,0.9,low,0,True,0.0002172,0.0100684,0.0098512,True
qmsum_ES2004c_spec_5_step_1,ES2004c_spec_5,1,low,low,,start,False,qmsum,meeting_query_summarization,0.9,low,0,True,0.0001937,0.009316399999999999,0.0091227,True
qmsum_ES2004c_spec_6_step_1,ES2004c_spec_6,1,low,low,,start,False,qmsum,meeting_query_summarization,0.9,low,0,True,0.000154,0.008046,0.007892,True
qmsum_ES2004c_spec_7_step_1,ES2004c_spec_7,1,low,low,,start,False,qmsum,meeting_query_summarization,0.9,low,0,True,0.00016869999999999998,0.008516399999999999,0.008347699999999998,True
qmsum_ES2004c_spec_8_step_1,ES2004c_spec_8,1,low,low,,start,False,qmsum,meeting_query_summarization,0.9,low,0,True,0.0007461000000000001,0.026993200000000002,0.026247100000000002,True
qmsum_ES2004c_spec_9_step_1,ES2004c_spec_9,1,low,low,,start,False,qmsum,meeting_query_summarization,0.9,low,0,True,0.0002975,0.012638,0.0123405,True
qmsum_ES2004d_gen_0_step_1,ES2004d_gen_0,1,low,low,,start,False,qmsum,meeting_query_summarization,0.9,low,0,True,0.00026250000000000004,0.011517999999999999,0.011255499999999998,True
qmsum_ES2004d_spec_0_step_1,ES2004d_spec_0,1,low,low,,start,False,qmsum,meeting_query_summarization,0.9,low,0,True,0.00044960000000000003,0.017505200000000002,0.0170556,True
qmsum_ES2004d_spec_1_step_1,ES2004d_spec_1,1,mid,mid,,start,False,qmsum,meeting_query_summarization,0.9,mid,1,True,0.0006515500000000001,0.0081516,0.00750005,True
qmsum_ES2004d_spec_2_step_1,ES2004d_spec_2,1,low,low,,start,False,qmsum,meeting_query_summarization,0.9,low,0,True,0.00016109999999999999,0.0082732,0.008112099999999999,True
qmsum_ES2004d_spec_3_step_1,ES2004d_spec_3,1,low,low,,start,False,qmsum,meeting_query_summarization,0.9,low,0,True,0.0004142000000000001,0.016372400000000002,0.015958200000000002,True
qmsum_ES2004d_spec_4_step_1,ES2004d_spec_4,1,low,low,,start,False,qmsum,meeting_query_summarization,0.9,low,0,True,0.0001629,0.0083308,0.008167899999999999,True
qmsum_ES2004d_spec_5_step_1,ES2004d_spec_5,1,low,low,,start,False,qmsum,meeting_query_summarization,0.9,low,0,True,0.00019660000000000004,0.0094092,0.0092126,True
qmsum_ES2011a_gen_0_step_1,ES2011a_gen_0,1,low,low,,start,False,qmsum,meeting_query_summarization,0.9,low,0,True,0.000619,0.022926,0.022306999999999997,True
qmsum_ES2011a_spec_0_step_1,ES2011a_spec_0,1,low,low,,start,False,qmsum,meeting_query_summarization,0.9,low,0,True,0.0002984,0.012666799999999999,0.012368399999999998,True
qmsum_ES2011a_spec_1_step_1,ES2011a_spec_1,1,low,low,,start,False,qmsum,meeting_query_summarization,0.9,low,0,True,0.00018830000000000002,0.0091436,0.0089553,True
qmsum_ES2011a_spec_2_step_1,ES2011a_spec_2,1,low,low,,start,False,qmsum,meeting_query_summarization,0.9,low,0,True,0.00015780000000000001,0.0081676,0.008009800000000001,True
qmsum_ES2011a_spec_3_step_1,ES2011a_spec_3,1,low,low,,start,False,qmsum,meeting_query_summarization,0.9,low,0,True,0.0002037,0.0096364,0.0094327,True
qmsum_ES2011a_spec_4_step_1,ES2011a_spec_4,1,low,low,,start,False,qmsum,meeting_query_summarization,0.9,low,0,True,0.0001372,0.007508399999999999,0.0073712,True
qmsum_ES2011a_spec_5_step_1,ES2011a_spec_5,1,low,low,,start,False,qmsum,meeting_query_summarization,0.9,low,0,True,0.0001424,0.0076748,0.0075324,True
qmsum_ES2011b_gen_0_step_1,ES2011b_gen_0,1,low,low,,start,False,qmsum,meeting_query_summarization,0.9,low,0,True,0.0009199000000000001,0.03255480000000001,0.03163490000000001,True
qmsum_ES2011b_spec_0_step_1,ES2011b_spec_0,1,mid_high,mid_high,,start,False,qmsum,meeting_query_summarization,0.9,mid_high,2,True,0.0035155,0.011262,0.0077465,True
qmsum_ES2011b_spec_1_step_1,ES2011b_spec_1,1,low,low,,start,False,qmsum,meeting_query_summarization,0.9,low,0,True,0.000233,0.010574,0.010341,True
qmsum_ES2011b_spec_2_step_1,ES2011b_spec_2,1,low,low,,start,False,qmsum,meeting_query_summarization,0.9,low,0,True,0.00015769999999999998,0.008164399999999999,0.008006699999999999,True
qmsum_ES2011b_spec_3_step_1,ES2011b_spec_3,1,low,low,,start,False,qmsum,meeting_query_summarization,0.9,low,0,True,0.0001678,0.0084876,0.0083198,True
qmsum_ES2011c_gen_0_step_1,ES2011c_gen_0,1,low,low,,start,False,qmsum,meeting_query_summarization,0.9,low,0,True,0.00026250000000000004,0.011517999999999999,0.011255499999999998,True
qmsum_ES2011c_spec_0_step_1,ES2011c_spec_0,1,low,low,,start,False,qmsum,meeting_query_summarization,0.9,low,0,True,0.0002843,0.0122156,0.0119313,True
qmsum_ES2011c_spec_1_step_1,ES2011c_spec_1,1,low,low,,start,False,qmsum,meeting_query_summarization,0.9,low,0,True,0.0001694,0.0085388,0.008369399999999999,True
qmsum_ES2011c_spec_2_step_1,ES2011c_spec_2,1,low,low,,start,False,qmsum,meeting_query_summarization,0.9,low,0,True,0.0003418,0.0140556,0.0137138,True
qmsum_ES2011c_spec_4_step_1,ES2011c_spec_4,1,low,low,,start,False,qmsum,meeting_query_summarization,0.9,low,0,True,0.0001406,0.007617199999999999,0.007476599999999999,True
qmsum_ES2011c_spec_5_step_1,ES2011c_spec_5,1,low,low,,start,False,qmsum,meeting_query_summarization,0.9,low,0,True,0.0001373,0.0075116,0.0073743,True
qmsum_ES2011d_gen_0_step_1,ES2011d_gen_0,1,low,low,,start,False,qmsum,meeting_query_summarization,0.9,low,0,True,0.00026250000000000004,0.011517999999999999,0.011255499999999998,True
qmsum_ES2011d_spec_0_step_1,ES2011d_spec_0,1,mid,mid,,start,False,qmsum,meeting_query_summarization,0.9,mid,1,True,0.0017781999999999997,0.0184524,0.0166742,True
qmsum_ES2011d_spec_1_step_1,ES2011d_spec_1,1,low,low,,start,False,qmsum,meeting_query_summarization,0.9,low,0,True,0.00036520000000000004,0.014804399999999999,0.0144392,True
qmsum_ES2011d_spec_2_step_1,ES2011d_spec_2,1,low,low,,start,False,qmsum,meeting_query_summarization,0.9,low,0,True,0.0004497000000000001,0.0175084,0.0170587,True
qmsum_ES2011d_spec_3_step_1,ES2011d_spec_3,1,low,low,,start,False,qmsum,meeting_query_summarization,0.9,low,0,True,0.00036560000000000005,0.0148172,0.0144516,True
qmsum_ES2011d_spec_4_step_1,ES2011d_spec_4,1,low,low,,start,False,qmsum,meeting_query_summarization,0.9,low,0,True,0.0001495,0.007902,0.007752499999999999,True
qmsum_ES2011d_spec_5_step_1,ES2011d_spec_5,1,low,low,,start,False,qmsum,meeting_query_summarization,0.9,low,0,True,0.0001955,0.009374,0.009178500000000001,True
qmsum_IS1003a_gen_0_step_1,IS1003a_gen_0,1,low,low,,start,False,qmsum,meeting_query_summarization,0.9,low,0,True,0.0004937,0.0189164,0.0184227,True
qmsum_IS1003a_spec_0_step_1,IS1003a_spec_0,1,low,low,,start,False,qmsum,meeting_query_summarization,0.9,low,0,True,0.0001909,0.009226799999999999,0.009035899999999998,True
qmsum_IS1003a_spec_1_step_1,IS1003a_spec_1,1,low,low,,start,False,qmsum,meeting_query_summarization,0.9,low,0,True,0.0001414,0.0076428,0.0075014,True
qmsum_IS1003a_spec_2_step_1,IS1003a_spec_2,1,low,low,,start,False,qmsum,meeting_query_summarization,0.9,low,0,True,0.0001393,0.0075756,0.0074363,True
qmsum_IS1003a_spec_3_step_1,IS1003a_spec_3,1,low,low,,start,False,qmsum,meeting_query_summarization,0.9,low,0,True,0.00021660000000000003,0.010049200000000001,0.0098326,True
qmsum_IS1003a_spec_4_step_1,IS1003a_spec_4,1,low,low,,start,False,qmsum,meeting_query_summarization,0.9,low,0,True,0.0001399,0.0075948,0.0074548999999999995,True
qmsum_IS1003b_gen_0_step_1,IS1003b_gen_0,1,low,low,,start,False,qmsum,meeting_query_summarization,0.9,low,0,True,0.0008452,0.0301644,0.0293192,True
qmsum_IS1003b_spec_0_step_1,IS1003b_spec_0,1,low,low,,start,False,qmsum,meeting_query_summarization,0.9,low,0,True,0.00031860000000000005,0.0133132,0.0129946,True
qmsum_IS1003b_spec_1_step_1,IS1003b_spec_1,1,low,low,,start,False,qmsum,meeting_query_summarization,0.9,low,0,True,0.00018710000000000002,0.0091052,0.0089181,True
qmsum_IS1003b_spec_2_step_1,IS1003b_spec_2,1,low,low,,start,False,qmsum,meeting_query_summarization,0.9,low,0,True,0.0001471,0.0078252,0.007678099999999999,True
qmsum_IS1003b_spec_3_step_1,IS1003b_spec_3,1,low,low,,start,False,qmsum,meeting_query_summarization,0.9,low,0,True,0.0004094000000000001,0.016218800000000002,0.0158094,True
qmsum_IS1003b_spec_4_step_1,IS1003b_spec_4,1,mid,mid,,start,False,qmsum,meeting_query_summarization,0.9,mid,1,True,0.0008562999999999999,0.0100236,0.0091673,True
qmsum_IS1003b_spec_5_step_1,IS1003b_spec_5,1,low,low,,start,False,qmsum,meeting_query_summarization,0.9,low,0,True,0.0001656,0.0084172,0.0082516,True
qmsum_IS1003b_spec_6_step_1,IS1003b_spec_6,1,low,low,,start,False,qmsum,meeting_query_summarization,0.9,low,0,True,0.00025120000000000003,0.0111564,0.0109052,True
qmsum_IS1003b_spec_7_step_1,IS1003b_spec_7,1,low,low,,start,False,qmsum,meeting_query_summarization,0.9,low,0,True,0.0001494,0.0078988,0.007749399999999999,True
qmsum_IS1003b_spec_8_step_1,IS1003b_spec_8,1,low,low,,start,False,qmsum,meeting_query_summarization,0.9,low,0,True,0.00017230000000000001,0.0086316,0.0084593,True
qmsum_IS1003c_gen_0_step_1,IS1003c_gen_0,1,low,low,,start,False,qmsum,meeting_query_summarization,0.9,low,0,True,0.00026250000000000004,0.011517999999999999,0.011255499999999998,True
qmsum_IS1003c_spec_0_step_1,IS1003c_spec_0,1,mid_high,mid_high,,start,False,qmsum,meeting_query_summarization,0.9,mid_high,2,True,0.008458900000000002,0.0256428,0.0171839,True
qmsum_IS1003c_spec_1_step_1,IS1003c_spec_1,1,low,low,,start,False,qmsum,meeting_query_summarization,0.9,low,0,True,0.0002384,0.010746799999999999,0.0105084,True
qmsum_IS1003c_spec_2_step_1,IS1003c_spec_2,1,low,low,,start,False,qmsum,meeting_query_summarization,0.9,low,0,True,0.00041770000000000007,0.0164844,0.0160667,True
qmsum_IS1003c_spec_3_step_1,IS1003c_spec_3,1,low,low,,start,False,qmsum,meeting_query_summarization,0.9,low,0,True,0.00025330000000000003,0.0112236,0.0109703,True
qmsum_IS1003c_spec_4_step_1,IS1003c_spec_4,1,low,low,,start,False,qmsum,meeting_query_summarization,0.9,low,0,True,0.0001637,0.0083564,0.0081927,True
qmsum_IS1003c_spec_5_step_1,IS1003c_spec_5,1,low,low,,start,False,qmsum,meeting_query_summarization,0.9,low,0,True,0.0001614,0.008282799999999998,0.008121399999999997,True
qmsum_IS1003c_spec_6_step_1,IS1003c_spec_6,1,low,low,,start,False,qmsum,meeting_query_summarization,0.9,low,0,True,0.000184,0.009006,0.008822,True
qmsum_IS1003c_spec_7_step_1,IS1003c_spec_7,1,low,low,,start,False,qmsum,meeting_query_summarization,0.9,low,0,True,0.0001998,0.0095116,0.0093118,True
qmsum_IS1003c_spec_8_step_1,IS1003c_spec_8,1,mid,mid,,start,False,qmsum,meeting_query_summarization,0.9,mid,1,True,0.00070755,0.0086636,0.007956050000000001,True
qmsum_IS1003d_gen_0_step_1,IS1003d_gen_0,1,low,low,,start,False,qmsum,meeting_query_summarization,0.9,low,0,True,0.00026250000000000004,0.011517999999999999,0.011255499999999998,True
qmsum_IS1003d_spec_0_step_1,IS1003d_spec_0,1,low,low,,start,False,qmsum,meeting_query_summarization,0.9,low,0,True,0.0002377,0.0107244,0.0104867,True
qmsum_IS1003d_spec_1_step_1,IS1003d_spec_1,1,low,low,,start,False,qmsum,meeting_query_summarization,0.9,low,0,True,0.0001418,0.0076556,0.0075138,True
qmsum_IS1003d_spec_2_step_1,IS1003d_spec_2,1,low,low,,start,False,qmsum,meeting_query_summarization,0.9,low,0,True,0.0002154,0.010010799999999999,0.0097954,True
qmsum_IS1003d_spec_3_step_1,IS1003d_spec_3,1,low,low,,start,False,qmsum,meeting_query_summarization,0.9,low,0,True,0.0006603000000000001,0.0242476,0.023587300000000002,True
qmsum_IS1003d_spec_4_step_1,IS1003d_spec_4,1,low,low,,start,False,qmsum,meeting_query_summarization,0.9,low,0,True,0.00017030000000000002,0.0085676,0.0083973,True
qmsum_IS1003d_spec_5_step_1,IS1003d_spec_5,1,low,low,,start,False,qmsum,meeting_query_summarization,0.9,low,0,True,0.0004474000000000001,0.017434800000000004,0.016987400000000003,True
qmsum_IS1003d_spec_6_step_1,IS1003d_spec_6,1,low,low,,start,False,qmsum,meeting_query_summarization,0.9,low,0,True,0.0006258000000000001,0.0231436,0.0225178,True
qmsum_IS1003d_spec_7_step_1,IS1003d_spec_7,1,low,low,,start,False,qmsum,meeting_query_summarization,0.9,low,0,True,0.000167,0.008461999999999999,0.008294999999999999,True
qmsum_IS1003d_spec_8_step_1,IS1003d_spec_8,1,low,low,,start,False,qmsum,meeting_query_summarization,0.9,low,0,True,0.0001788,0.0088396,0.0086608,True
qmsum_TS3004a_gen_0_step_1,TS3004a_gen_0,1,low,low,,start,False,qmsum,meeting_query_summarization,0.9,low,0,True,0.0007402000000000001,0.026804400000000003,0.026064200000000003,True
qmsum_TS3004a_spec_0_step_1,TS3004a_spec_0,1,low,low,,start,False,qmsum,meeting_query_summarization,0.9,low,0,True,0.00033850000000000004,0.013949999999999999,0.013611499999999999,True
qmsum_TS3004a_spec_1_step_1,TS3004a_spec_1,1,mid,mid,,start,False,qmsum,meeting_query_summarization,0.9,mid,1,True,0.0006652000000000001,0.0082764,0.007611199999999999,True
qmsum_TS3004a_spec_2_step_1,TS3004a_spec_2,1,low,low,,start,False,qmsum,meeting_query_summarization,0.9,low,0,True,0.0001402,0.007604399999999999,0.007464199999999999,True
qmsum_TS3004a_spec_3_step_1,TS3004a_spec_3,1,low,low,,start,False,qmsum,meeting_query_summarization,0.9,low,0,True,0.000171,0.00859,0.008419000000000001,True
qmsum_TS3004a_spec_4_step_1,TS3004a_spec_4,1,low,low,,start,False,qmsum,meeting_query_summarization,0.9,low,0,True,0.0002506,0.0111372,0.0108866,True
qmsum_TS3004a_spec_5_step_1,TS3004a_spec_5,1,low,low,,start,False,qmsum,meeting_query_summarization,0.9,low,0,True,0.00015340000000000002,0.0080268,0.007873400000000001,True
qmsum_TS3004b_gen_0_step_1,TS3004b_gen_0,1,low,low,,start,False,qmsum,meeting_query_summarization,0.9,low,0,True,0.00026250000000000004,0.011517999999999999,0.011255499999999998,True
qmsum_TS3004b_spec_0_step_1,TS3004b_spec_0,1,low,low,,start,False,qmsum,meeting_query_summarization,0.9,low,0,True,0.0003824000000000001,0.0153548,0.0149724,True
qmsum_TS3004b_spec_1_step_1,TS3004b_spec_1,1,low,low,,start,False,qmsum,meeting_query_summarization,0.9,low,0,True,0.000158,0.008173999999999999,0.008015999999999999,True
qmsum_TS3004b_spec_2_step_1,TS3004b_spec_2,1,mid,mid,,start,False,qmsum,meeting_query_summarization,0.9,mid,1,True,0.000682,0.00843,0.007748,True
qmsum_TS3004b_spec_3_step_1,TS3004b_spec_3,1,low,low,,start,False,qmsum,meeting_query_summarization,0.9,low,0,True,0.00039150000000000003,0.015646,0.0152545,True
qmsum_TS3004c_gen_0_step_1,TS3004c_gen_0,1,low,low,,start,False,qmsum,meeting_query_summarization,0.9,low,0,True,0.00026250000000000004,0.011517999999999999,0.011255499999999998,True
qmsum_TS3004c_spec_0_step_1,TS3004c_spec_0,1,low,low,,start,False,qmsum,meeting_query_summarization,0.9,low,0,True,0.0003154,0.013210799999999998,0.012895399999999998,True
qmsum_TS3004c_spec_1_step_1,TS3004c_spec_1,1,mid,mid,,start,False,qmsum,meeting_query_summarization,0.9,mid,1,True,0.0006113000000000001,0.0077836,0.0071722999999999995,True
qmsum_TS3004c_spec_2_step_1,TS3004c_spec_2,1,low,low,,start,False,qmsum,meeting_query_summarization,0.9,low,0,True,0.0001446,0.0077452,0.0076006,True
qmsum_TS3004c_spec_3_step_1,TS3004c_spec_3,1,low,low,,start,False,qmsum,meeting_query_summarization,0.9,low,0,True,0.0008272,0.0295884,0.0287612,True
qmsum_TS3004c_spec_5_step_1,TS3004c_spec_5,1,low,low,,start,False,qmsum,meeting_query_summarization,0.9,low,0,True,0.0001574,0.0081548,0.0079974,True
qmsum_TS3004d_gen_0_step_1,TS3004d_gen_0,1,low,low,,start,False,qmsum,meeting_query_summarization,0.9,low,0,True,0.00026250000000000004,0.011517999999999999,0.011255499999999998,True
qmsum_TS3004d_spec_0_step_1,TS3004d_spec_0,1,low,low,,start,False,qmsum,meeting_query_summarization,0.9,low,0,True,0.0006588000000000001,0.0241996,0.0235408,True
qmsum_TS3004d_spec_1_step_1,TS3004d_spec_1,1,low,low,,start,False,qmsum,meeting_query_summarization,0.9,low,0,True,0.0001843,0.0090156,0.0088313,True
qmsum_TS3004d_spec_3_step_1,TS3004d_spec_3,1,low,low,,start,False,qmsum,meeting_query_summarization,0.9,low,0,True,0.0004293,0.0168556,0.016426299999999998,True
qmsum_TS3004d_spec_4_step_1,TS3004d_spec_4,1,low,low,,start,False,qmsum,meeting_query_summarization,0.9,low,0,True,0.00014340000000000002,0.0077068,0.0075634,True
qmsum_TS3011a_gen_0_step_1,TS3011a_gen_0,1,low,low,,start,False,qmsum,meeting_query_summarization,0.9,low,0,True,0.0007399000000000001,0.026794800000000004,0.026054900000000002,True
qmsum_TS3011a_spec_0_step_1,TS3011a_spec_0,1,low,low,,start,False,qmsum,meeting_query_summarization,0.9,low,0,True,0.0002521,0.011185200000000001,0.010933100000000001,True
qmsum_TS3011a_spec_1_step_1,TS3011a_spec_1,1,low,low,,start,False,qmsum,meeting_query_summarization,0.9,low,0,True,0.00017930000000000002,0.0088556,0.0086763,True
qmsum_TS3011a_spec_2_step_1,TS3011a_spec_2,1,low,low,,start,False,qmsum,meeting_query_summarization,0.9,low,0,True,0.00015659999999999998,0.0081292,0.0079726,True
qmsum_TS3011a_spec_3_step_1,TS3011a_spec_3,1,low,low,,start,False,qmsum,meeting_query_summarization,0.9,low,0,True,0.00018930000000000002,0.0091756,0.008986300000000001,True
qmsum_TS3011a_spec_4_step_1,TS3011a_spec_4,1,low,low,,start,False,qmsum,meeting_query_summarization,0.9,low,0,True,0.0001541,0.0080492,0.007895099999999999,True
qmsum_TS3011a_spec_5_step_1,TS3011a_spec_5,1,low,low,,start,False,qmsum,meeting_query_summarization,0.9,low,0,True,0.00015230000000000002,0.0079916,0.0078393,True
qmsum_TS3011b_gen_0_step_1,TS3011b_gen_0,1,low,low,,start,False,qmsum,meeting_query_summarization,0.9,low,0,True,0.00026250000000000004,0.011517999999999999,0.011255499999999998,True
qmsum_TS3011b_spec_0_step_1,TS3011b_spec_0,1,low,low,,start,False,qmsum,meeting_query_summarization,0.9,low,0,True,0.0005553,0.0208876,0.020332299999999998,True
qmsum_TS3011b_spec_1_step_1,TS3011b_spec_1,1,low,low,,start,False,qmsum,meeting_query_summarization,0.9,low,0,True,0.00024359999999999999,0.0109132,0.0106696,True
qmsum_TS3011b_spec_2_step_1,TS3011b_spec_2,1,low,low,,start,False,qmsum,meeting_query_summarization,0.9,low,0,True,0.0001775,0.008798,0.0086205,True
qmsum_TS3011b_spec_3_step_1,TS3011b_spec_3,1,low,low,,start,False,qmsum,meeting_query_summarization,0.9,low,0,True,0.0005321000000000001,0.020145200000000002,0.0196131,True
qmsum_TS3011b_spec_4_step_1,TS3011b_spec_4,1,low,low,,start,False,qmsum,meeting_query_summarization,0.9,low,0,True,0.0003285,0.01363,0.013301499999999999,True
qmsum_TS3011b_spec_5_step_1,TS3011b_spec_5,1,low,low,,start,False,qmsum,meeting_query_summarization,0.9,low,0,True,0.00015309999999999998,0.008017199999999999,0.007864099999999999,True
qmsum_TS3011c_gen_0_step_1,TS3011c_gen_0,1,low,low,,start,False,qmsum,meeting_query_summarization,0.9,low,0,True,0.00026250000000000004,0.011517999999999999,0.011255499999999998,True
qmsum_TS3011c_gen_1_step_1,TS3011c_gen_1,1,low,low,,start,False,qmsum,meeting_query_summarization,0.9,low,0,True,0.00026250000000000004,0.011517999999999999,0.011255499999999998,True
qmsum_TS3011c_spec_0_step_1,TS3011c_spec_0,1,low,low,,start,False,qmsum,meeting_query_summarization,0.9,low,0,True,0.00042620000000000006,0.0167564,0.0163302,True
qmsum_TS3011c_spec_1_step_1,TS3011c_spec_1,1,mid,mid,,start,False,qmsum,meeting_query_summarization,0.9,mid,1,True,0.0006603000000000001,0.0082316,0.0075713,True
qmsum_TS3011c_spec_2_step_1,TS3011c_spec_2,1,low,low,,start,False,qmsum,meeting_query_summarization,0.9,low,0,True,0.0001601,0.0082412,0.0080811,True
qmsum_TS3011c_spec_3_step_1,TS3011c_spec_3,1,low,low,,start,False,qmsum,meeting_query_summarization,0.9,low,0,True,0.00042210000000000007,0.0166252,0.016203099999999998,True
qmsum_TS3011c_spec_4_step_1,TS3011c_spec_4,1,low,low,,start,False,qmsum,meeting_query_summarization,0.9,low,0,True,0.00022860000000000003,0.0104332,0.0102046,True
qmsum_TS3011c_spec_5_step_1,TS3011c_spec_5,1,mid_high,mid_high,,start,False,qmsum,meeting_query_summarization,0.9,mid_high,2,True,0.0026542,0.0087564,0.0061021999999999995,True
qmsum_TS3011d_gen_0_step_1,TS3011d_gen_0,1,low,low,,start,False,qmsum,meeting_query_summarization,0.9,low,0,True,0.00026250000000000004,0.011517999999999999,0.011255499999999998,True
qmsum_TS3011d_spec_0_step_1,TS3011d_spec_0,1,mid,mid,,start,False,qmsum,meeting_query_summarization,0.9,mid,1,True,0.00195775,0.020094,0.01813625,True
qmsum_TS3011d_spec_1_step_1,TS3011d_spec_1,1,low,low,,start,False,qmsum,meeting_query_summarization,0.9,low,0,True,0.00016130000000000002,0.0082796,0.0081183,True
qmsum_TS3011d_spec_2_step_1,TS3011d_spec_2,1,low,low,,start,False,qmsum,meeting_query_summarization,0.9,low,0,True,0.00019419999999999998,0.0093324,0.009138199999999999,True
qmsum_TS3011d_spec_3_step_1,TS3011d_spec_3,1,low,low,,start,False,qmsum,meeting_query_summarization,0.9,low,0,True,0.00032320000000000005,0.0134604,0.013137200000000002,True
qmsum_TS3011d_spec_4_step_1,TS3011d_spec_4,1,low,low,,start,False,qmsum,meeting_query_summarization,0.9,low,0,True,0.0002539,0.011242799999999999,0.0109889,True
qmsum_TS3011d_spec_5_step_1,TS3011d_spec_5,1,low,low,,start,False,qmsum,meeting_query_summarization,0.9,low,0,True,0.0001456,0.0077772,0.0076316,True
mtrag_a2698b2973ea7db1ee5adb5e70ec02e4_turn_8_step_1,a2698b2973ea7db1ee5adb5e70ec02e4_turn_8,1,low,low,,start,False,mtrag,rag_multiturn,0.9,low,0,True,0.00037400000000000004,0.015086,0.014712000000000001,True
mtrag_a2698b2973ea7db1ee5adb5e70ec02e4_turn_9_step_1,a2698b2973ea7db1ee5adb5e70ec02e4_turn_9,1,low,low,,start,False,mtrag,rag_multiturn,0.9,low,0,True,0.00045760000000000006,0.0177612,0.017303600000000002,True
mtrag_a277cf5022616282aa819ee76c9343de_turn_1_step_1,a277cf5022616282aa819ee76c9343de_turn_1,1,low,low,,start,False,mtrag,rag_multiturn,0.9,low,0,True,0.0001628,0.0083276,0.0081648,True
mtrag_a277cf5022616282aa819ee76c9343de_turn_2_step_1,a277cf5022616282aa819ee76c9343de_turn_2,1,low,low,,start,False,mtrag,rag_multiturn,0.9,low,0,True,0.00022160000000000002,0.0102092,0.0099876,True
mtrag_a277cf5022616282aa819ee76c9343de_turn_7_step_1,a277cf5022616282aa819ee76c9343de_turn_7,1,low,low,,start,False,mtrag,rag_multiturn,0.9,low,0,True,0.0003184,0.013306799999999999,0.012988399999999999,True
mtrag_a3f07e9ed5f257db6aecd30511f03af1_turn_1_step_1,a3f07e9ed5f257db6aecd30511f03af1_turn_1,1,low,low,,start,False,mtrag,rag_multiturn,0.9,low,0,True,0.0001655,0.008414,0.008248499999999999,True
mtrag_a3f07e9ed5f257db6aecd30511f03af1_turn_5_step_1,a3f07e9ed5f257db6aecd30511f03af1_turn_5,1,low,low,,start,False,mtrag,rag_multiturn,0.9,low,0,True,0.0002019,0.009578799999999998,0.009376899999999999,True
mtrag_a6eab3f851684c4ba01ae141ce590342_turn_1_step_1,a6eab3f851684c4ba01ae141ce590342_turn_1,1,low,low,,start,False,mtrag,rag_multiturn,0.9,low,0,True,0.0001899,0.0091948,0.0090049,True
mtrag_adf9b1f61c73d715809bc7b37ac02724_turn_3_step_1,adf9b1f61c73d715809bc7b37ac02724_turn_3,1,low,low,,start,False,mtrag,rag_multiturn,0.9,low,0,True,0.0003345,0.013822,0.0134875,True
mtrag_adf9b1f61c73d715809bc7b37ac02724_turn_6_step_1,adf9b1f61c73d715809bc7b37ac02724_turn_6,1,low,low,,start,False,mtrag,rag_multiturn,0.9,low,0,True,0.00029270000000000007,0.012484400000000001,0.012191700000000001,True
mtrag_adf9b1f61c73d715809bc7b37ac02724_turn_8_step_1,adf9b1f61c73d715809bc7b37ac02724_turn_8,1,low,low,,start,False,mtrag,rag_multiturn,0.9,low,0,True,0.0004632000000000001,0.017940400000000002,0.017477200000000002,True
mtrag_aea2634b0e5f1c2444550d31c41adc94_turn_2_step_1,aea2634b0e5f1c2444550d31c41adc94_turn_2,1,low,low,,start,False,mtrag,rag_multiturn,0.9,low,0,True,0.0002162,0.0100364,0.0098202,True
mtrag_aea2634b0e5f1c2444550d31c41adc94_turn_3_step_1,aea2634b0e5f1c2444550d31c41adc94_turn_3,1,low,low,,start,False,mtrag,rag_multiturn,0.9,low,0,True,0.000216,0.010029999999999999,0.009814,True
mtrag_af57ff6995d958858fc451e606fdb54d_turn_7_step_1,af57ff6995d958858fc451e606fdb54d_turn_7,1,low,low,,start,False,mtrag,rag_multiturn,0.9,low,0,True,0.00022160000000000002,0.0102092,0.0099876,True
mtrag_af5e45e59e1254e0b7869cb477674d02_turn_2_step_1,af5e45e59e1254e0b7869cb477674d02_turn_2,1,low,low,,start,False,mtrag,rag_multiturn,0.9,low,0,True,0.00016580000000000002,0.0084236,0.0082578,True
mtrag_af5e45e59e1254e0b7869cb477674d02_turn_3_step_1,af5e45e59e1254e0b7869cb477674d02_turn_3,1,low,low,,start,False,mtrag,rag_multiturn,0.9,low,0,True,0.0001899,0.0091948,0.0090049,True
mtrag_af5e45e59e1254e0b7869cb477674d02_turn_9_step_1,af5e45e59e1254e0b7869cb477674d02_turn_9,1,low,low,,start,False,mtrag,rag_multiturn,0.9,low,0,True,0.00027650000000000005,0.011966,0.011689499999999999,True
swebench_astropy__astropy-12907_step_1,astropy__astropy-12907,1,mid_high,mid_high,,start,False,swebench,code_swe,0.9,mid_high,2,True,0.0034913,0.0111916,0.007700299999999999,True
swebench_astropy__astropy-12907_step_2,astropy__astropy-12907,2,high,high,mid_high,escalate,False,swebench,code_swe,0.9,high,3,True,0.0121292,0.0121292,0.0,True
swebench_astropy__astropy-12907_step_3,astropy__astropy-12907,3,mid,high,high,sticky_hold,True,swebench,code_swe,0.9,mid,1,True,0.0201068,0.0201068,0.0,True
swebench_astropy__astropy-12907_step_4,astropy__astropy-12907,4,low,high,high,sticky_hold,True,swebench,code_swe,0.9,low,0,True,0.021918,0.021918,0.0,True
swebench_astropy__astropy-12907_step_5,astropy__astropy-12907,5,high,high,high,stay,False,swebench,code_swe,0.9,high,3,True,0.0239052,0.0239052,0.0,True
swebench_astropy__astropy-12907_step_6,astropy__astropy-12907,6,high,high,high,stay,False,swebench,code_swe,0.9,high,3,True,0.0252172,0.0252172,0.0,True
swebench_astropy__astropy-12907_step_7,astropy__astropy-12907,7,low,high,high,sticky_hold,True,swebench,code_swe,0.9,low,0,True,0.025998,0.025998,0.0,True
swebench_astropy__astropy-13033_step_1,astropy__astropy-13033,1,low,low,,start,False,swebench,code_swe,0.9,low,0,True,0.0002909,0.012426799999999998,0.012135899999999998,True
swebench_astropy__astropy-13033_step_2,astropy__astropy-13033,2,high,high,low,escalate,False,swebench,code_swe,0.9,high,3,True,0.013674799999999999,0.013674799999999999,0.0,True
swebench_astropy__astropy-13033_step_3,astropy__astropy-13033,3,mid,high,high,sticky_hold,True,swebench,code_swe,0.9,mid,1,True,0.0159916,0.0159916,0.0,True
swebench_astropy__astropy-13033_step_4,astropy__astropy-13033,4,high,high,high,stay,False,swebench,code_swe,0.9,high,3,True,0.019261999999999998,0.019261999999999998,0.0,True
swebench_astropy__astropy-13033_step_5,astropy__astropy-13033,5,high,high,high,stay,False,swebench,code_swe,0.9,high,3,True,0.020138800000000002,0.020138800000000002,0.0,True
swebench_astropy__astropy-13033_step_6,astropy__astropy-13033,6,high,high,high,stay,False,swebench,code_swe,0.9,high,3,True,0.023943600000000002,0.023943600000000002,0.0,True
swebench_astropy__astropy-13033_step_7,astropy__astropy-13033,7,low,high,high,sticky_hold,True,swebench,code_swe,0.9,low,0,True,0.0253324,0.0253324,0.0,True
mtrag_b2805ee4c478194c234e2384ffb0a6bf_turn_4_step_1,b2805ee4c478194c234e2384ffb0a6bf_turn_4,1,low,low,,start,False,mtrag,rag_multiturn,0.9,low,0,True,0.0002243,0.0102956,0.0100713,True
mtrag_b4614daadceeecb400f7baf0aa48dcb8_turn_1_step_1,b4614daadceeecb400f7baf0aa48dcb8_turn_1,1,mid,mid,,start,False,mtrag,rag_multiturn,0.9,mid,1,True,0.0010523,0.0118156,0.0107633,True
mtrag_b4614daadceeecb400f7baf0aa48dcb8_turn_8_step_1,b4614daadceeecb400f7baf0aa48dcb8_turn_8,1,low,low,,start,False,mtrag,rag_multiturn,0.9,low,0,True,0.0003375,0.013918,0.0135805,True
mtrag_be461bfeda2d4826cdb663dcaa7d1ced_turn_2_step_1,be461bfeda2d4826cdb663dcaa7d1ced_turn_2,1,low,low,,start,False,mtrag,rag_multiturn,0.9,low,0,True,0.0002944,0.0125388,0.012244399999999999,True
mtrag_be461bfeda2d4826cdb663dcaa7d1ced_turn_3_step_1,be461bfeda2d4826cdb663dcaa7d1ced_turn_3,1,low,low,,start,False,mtrag,rag_multiturn,0.9,low,0,True,0.00032110000000000005,0.013393200000000001,0.013072100000000001,True
mtrag_be461bfeda2d4826cdb663dcaa7d1ced_turn_6_step_1,be461bfeda2d4826cdb663dcaa7d1ced_turn_6,1,low,low,,start,False,mtrag,rag_multiturn,0.9,low,0,True,0.00029910000000000006,0.012689200000000001,0.012390100000000001,True
mtrag_c1e53df98a28f19448f4af244304b89a_turn_1_step_1,c1e53df98a28f19448f4af244304b89a_turn_1,1,low,low,,start,False,mtrag,rag_multiturn,0.9,low,0,True,0.000133,0.0073739999999999995,0.007240999999999999,True
mtrag_c1e53df98a28f19448f4af244304b89a_turn_5_step_1,c1e53df98a28f19448f4af244304b89a_turn_5,1,low,low,,start,False,mtrag,rag_multiturn,0.9,low,0,True,0.0001799,0.008874799999999999,0.008694899999999998,True
mtrag_c5518952b78b171de2d5b9317103ba62_turn_8_step_1,c5518952b78b171de2d5b9317103ba62_turn_8,1,low,low,,start,False,mtrag,rag_multiturn,0.9,low,0,True,0.0002821,0.0121452,0.0118631,True
mtrag_c6c3b02ca32795af64c903dd76700517_turn_1_step_1,c6c3b02ca32795af64c903dd76700517_turn_1,1,low,low,,start,False,mtrag,rag_multiturn,0.9,low,0,True,0.0002385,0.01075,0.0105115,True
mtrag_c6c3b02ca32795af64c903dd76700517_turn_2_step_1,c6c3b02ca32795af64c903dd76700517_turn_2,1,low,low,,start,False,mtrag,rag_multiturn,0.9,low,0,True,0.00039380000000000003,0.0157196,0.0153258,True
mtrag_c6c3b02ca32795af64c903dd76700517_turn_5_step_1,c6c3b02ca32795af64c903dd76700517_turn_5,1,low,low,,start,False,mtrag,rag_multiturn,0.9,low,0,True,0.00032250000000000003,0.013438,0.0131155,True
mtrag_c6c3b02ca32795af64c903dd76700517_turn_9_step_1,c6c3b02ca32795af64c903dd76700517_turn_9,1,low,low,,start,False,mtrag,rag_multiturn,0.9,low,0,True,0.00032310000000000005,0.0134572,0.013134100000000001,True
mtrag_ca6f0197d2c0c4d6e3be090c3f8bf30f_turn_1_step_1,ca6f0197d2c0c4d6e3be090c3f8bf30f_turn_1,1,low,low,,start,False,mtrag,rag_multiturn,0.9,low,0,True,0.0001725,0.008638,0.008465499999999999,True
mtrag_ca6f0197d2c0c4d6e3be090c3f8bf30f_turn_5_step_1,ca6f0197d2c0c4d6e3be090c3f8bf30f_turn_5,1,low,low,,start,False,mtrag,rag_multiturn,0.9,low,0,True,0.00023160000000000002,0.0105292,0.0102976,True
mtrag_ccdfb6b6f98c55047ae81b705104dbd6_turn_3_step_1,ccdfb6b6f98c55047ae81b705104dbd6_turn_3,1,low,low,,start,False,mtrag,rag_multiturn,0.9,low,0,True,0.0002572,0.011348400000000002,0.0110912,True
mtrag_ccdfb6b6f98c55047ae81b705104dbd6_turn_5_step_1,ccdfb6b6f98c55047ae81b705104dbd6_turn_5,1,low,low,,start,False,mtrag,rag_multiturn,0.9,low,0,True,0.00029060000000000007,0.0124172,0.0121266,True
mtrag_ccdfb6b6f98c55047ae81b705104dbd6_turn_9_step_1,ccdfb6b6f98c55047ae81b705104dbd6_turn_9,1,low,low,,start,False,mtrag,rag_multiturn,0.9,low,0,True,0.0004542000000000001,0.017652400000000002,0.017198200000000004,True
mtrag_cfbcfa3e382f12aed450b10f87a72aeb_turn_1_step_1,cfbcfa3e382f12aed450b10f87a72aeb_turn_1,1,low,low,,start,False,mtrag,rag_multiturn,0.9,low,0,True,0.00015309999999999998,0.008017199999999999,0.007864099999999999,True
mtrag_cfbcfa3e382f12aed450b10f87a72aeb_turn_2_step_1,cfbcfa3e382f12aed450b10f87a72aeb_turn_2,1,low,low,,start,False,mtrag,rag_multiturn,0.9,low,0,True,0.0001828,0.0089676,0.008784799999999999,True
mtrag_cfbcfa3e382f12aed450b10f87a72aeb_turn_3_step_1,cfbcfa3e382f12aed450b10f87a72aeb_turn_3,1,low,low,,start,False,mtrag,rag_multiturn,0.9,low,0,True,0.0001763,0.0087596,0.008583299999999999,True
mtrag_d2432696b32af73cf3dabd7090997afb_turn_7_step_1,d2432696b32af73cf3dabd7090997afb_turn_7,1,low,low,,start,False,mtrag,rag_multiturn,0.9,low,0,True,0.0005812,0.0217164,0.0211352,True
mtrag_d2432696b32af73cf3dabd7090997afb_turn_9_step_1,d2432696b32af73cf3dabd7090997afb_turn_9,1,low,low,,start,False,mtrag,rag_multiturn,0.9,low,0,True,0.0005358,0.0202636,0.0197278,True
mtrag_d4d8edb3e0c456d11033b14b28e99470_turn_7_step_1,d4d8edb3e0c456d11033b14b28e99470_turn_7,1,low,low,,start,False,mtrag,rag_multiturn,0.9,low,0,True,0.0003959000000000001,0.0157868,0.0153909,True
mtrag_d5b1e735a040853ed361a3dfde1b8ef0_turn_3_step_1,d5b1e735a040853ed361a3dfde1b8ef0_turn_3,1,low,low,,start,False,mtrag,rag_multiturn,0.9,low,0,True,0.0001945,0.009342,0.0091475,True
mtrag_d5b1e735a040853ed361a3dfde1b8ef0_turn_6_step_1,d5b1e735a040853ed361a3dfde1b8ef0_turn_6,1,low,low,,start,False,mtrag,rag_multiturn,0.9,low,0,True,0.0002199,0.010154799999999999,0.009934899999999998,True
mtrag_d5b1e735a040853ed361a3dfde1b8ef0_turn_8_step_1,d5b1e735a040853ed361a3dfde1b8ef0_turn_8,1,low,low,,start,False,mtrag,rag_multiturn,0.9,low,0,True,0.000364,0.014766,0.014402,True
mtrag_d5b1e735a040853ed361a3dfde1b8ef0_turn_9_step_1,d5b1e735a040853ed361a3dfde1b8ef0_turn_9,1,low,low,,start,False,mtrag,rag_multiturn,0.9,low,0,True,0.00031020000000000006,0.013044400000000001,0.012734200000000001,True
mtrag_d5f0e7023ab90fe0240b7fc46cf00c26_turn_3_step_1,d5f0e7023ab90fe0240b7fc46cf00c26_turn_3,1,low,low,,start,False,mtrag,rag_multiturn,0.9,low,0,True,0.0001756,0.0087372,0.0085616,True
mtrag_d5f0e7023ab90fe0240b7fc46cf00c26_turn_5_step_1,d5f0e7023ab90fe0240b7fc46cf00c26_turn_5,1,low,low,,start,False,mtrag,rag_multiturn,0.9,low,0,True,0.00024,0.010798,0.010558,True
mtrag_d7b4f863baa92fd08c1db2b1a95170dd_turn_2_step_1,d7b4f863baa92fd08c1db2b1a95170dd_turn_2,1,low,low,,start,False,mtrag,rag_multiturn,0.9,low,0,True,0.0002305,0.010494,0.0102635,True
mtrag_d7b4f863baa92fd08c1db2b1a95170dd_turn_5_step_1,d7b4f863baa92fd08c1db2b1a95170dd_turn_5,1,low,low,,start,False,mtrag,rag_multiturn,0.9,low,0,True,0.00025830000000000004,0.0113836,0.011125300000000001,True
mtrag_d7b4f863baa92fd08c1db2b1a95170dd_turn_9_step_1,d7b4f863baa92fd08c1db2b1a95170dd_turn_9,1,low,low,,start,False,mtrag,rag_multiturn,0.9,low,0,True,0.0003657,0.0148204,0.0144547,True
mtrag_dc1aaac0b33553d8c897d4150955d803_turn_3_step_1,dc1aaac0b33553d8c897d4150955d803_turn_3,1,low,low,,start,False,mtrag,rag_multiturn,0.9,low,0,True,0.00041490000000000006,0.0163948,0.015979900000000002,True
mtrag_dc1aaac0b33553d8c897d4150955d803_turn_4_step_1,dc1aaac0b33553d8c897d4150955d803_turn_4,1,low,low,,start,False,mtrag,rag_multiturn,0.9,low,0,True,0.0002924,0.0124748,0.0121824,True
mtrag_dd6b6ffd177f2b311abe676261279d2f_turn_4_step_1,dd6b6ffd177f2b311abe676261279d2f_turn_4,1,low,low,,start,False,mtrag,rag_multiturn,0.9,low,0,True,0.0001663,0.0084396,0.0082733,True
mtrag_dd82f0f978316e73618cf0addd369cd8_turn_6_step_1,dd82f0f978316e73618cf0addd369cd8_turn_6,1,low,low,,start,False,mtrag,rag_multiturn,0.9,low,0,True,0.0002591,0.0114092,0.0111501,True
mtrag_ddbbbe7ea13560c5768639207e1ca604_turn_1_step_1,ddbbbe7ea13560c5768639207e1ca604_turn_1,1,low,low,,start,False,mtrag,rag_multiturn,0.9,low,0,True,0.0002263,0.0103596,0.0101333,True
mtrag_ddbbbe7ea13560c5768639207e1ca604_turn_7_step_1,ddbbbe7ea13560c5768639207e1ca604_turn_7,1,low,low,,start,False,mtrag,rag_multiturn,0.9,low,0,True,0.0005151,0.0196012,0.019086099999999998,True
swebench_django__django-10097_step_1,django__django-10097,1,low,low,,start,False,swebench,code_swe,0.9,low,0,True,0.00028750000000000005,0.012317999999999999,0.0120305,True
swebench_django__django-10097_step_2,django__django-10097,2,high,high,low,escalate,False,swebench,code_swe,0.9,high,3,True,0.013105200000000001,0.013105200000000001,0.0,True
swebench_django__django-10097_step_3,django__django-10097,3,high,high,high,stay,False,swebench,code_swe,0.9,high,3,True,0.0208556,0.0208556,0.0,True
swebench_django__django-10097_step_4,django__django-10097,4,high,high,high,stay,False,swebench,code_swe,0.9,high,3,True,0.023079600000000002,0.023079600000000002,0.0,True
swebench_django__django-10097_step_5,django__django-10097,5,low,high,high,sticky_hold,True,swebench,code_swe,0.9,low,0,True,0.02371,0.02371,0.0,True
swebench_django__django-10554_step_1,django__django-10554,1,low,low,,start,False,swebench,code_swe,0.9,low,0,True,0.0002939,0.012522799999999999,0.0122289,True
swebench_django__django-10554_step_2,django__django-10554,2,high,high,low,escalate,False,swebench,code_swe,0.9,high,3,True,0.013038,0.013038,0.0,True
swebench_django__django-10554_step_3,django__django-10554,3,high,high,high,stay,False,swebench,code_swe,0.9,high,3,True,0.0162764,0.0162764,0.0,True
swebench_django__django-10554_step_4,django__django-10554,4,high,high,high,stay,False,swebench,code_swe,0.9,high,3,True,0.0261516,0.0261516,0.0,True
swebench_django__django-10554_step_5,django__django-10554,5,high,high,high,stay,False,swebench,code_swe,0.9,high,3,True,0.032513200000000006,0.032513200000000006,0.0,True
swebench_django__django-10554_step_6,django__django-10554,6,mid_high,high,high,sticky_hold,True,swebench,code_swe,0.9,mid_high,2,True,0.032622000000000005,0.032622000000000005,0.0,True
swebench_django__django-10554_step_7,django__django-10554,7,mid_high,high,high,sticky_hold,True,swebench,code_swe,0.9,mid_high,2,True,0.03269880000000001,0.03269880000000001,0.0,True
swebench_django__django-10554_step_8,django__django-10554,8,low,high,high,sticky_hold,True,swebench,code_swe,0.9,low,0,True,0.032558000000000004,0.032558000000000004,0.0,True
swebench_django__django-10554_step_9,django__django-10554,9,high,high,high,stay,False,swebench,code_swe,0.9,high,3,True,0.03272440000000001,0.03272440000000001,0.0,True
swebench_django__django-10554_step_10,django__django-10554,10,high,high,high,stay,False,swebench,code_swe,0.9,high,3,True,0.032542,0.032542,0.0,True
swebench_django__django-10554_step_11,django__django-10554,11,mid,high,high,sticky_hold,True,swebench,code_swe,0.9,mid,1,True,0.03271160000000001,0.03271160000000001,0.0,True
swebench_django__django-10880_step_1,django__django-10880,1,low,low,,start,False,swebench,code_swe,0.9,low,0,True,0.00022810000000000001,0.0104172,0.0101891,True
swebench_django__django-10880_step_2,django__django-10880,2,mid_high,mid_high,low,escalate,False,swebench,code_swe,0.9,mid_high,2,True,0.0035859,0.0114668,0.0078809,True
swebench_django__django-10880_step_3,django__django-10880,3,high,high,mid_high,escalate,False,swebench,code_swe,0.9,high,3,True,0.0166764,0.0166764,0.0,True
swebench_django__django-10880_step_4,django__django-10880,4,high,high,high,stay,False,swebench,code_swe,0.9,high,3,True,0.019726,0.019726,0.0,True
swebench_django__django-10880_step_5,django__django-10880,5,high,high,high,stay,False,swebench,code_swe,0.9,high,3,True,0.021018800000000004,0.021018800000000004,0.0,True
swebench_django__django-10880_step_6,django__django-10880,6,mid,high,high,sticky_hold,True,swebench,code_swe,0.9,mid,1,True,0.0217004,0.0217004,0.0,True
swebench_django__django-10880_step_7,django__django-10880,7,high,high,high,stay,False,swebench,code_swe,0.9,high,3,True,0.0219052,0.0219052,0.0,True
swebench_django__django-10914_step_1,django__django-10914,1,mid_high,mid_high,,start,False,swebench,code_swe,0.9,mid_high,2,True,0.0034297,0.0110124,0.0075827,True
swebench_django__django-10914_step_2,django__django-10914,2,mid,mid_high,mid_high,sticky_hold,True,swebench,code_swe,0.9,mid,1,True,0.0035616999999999997,0.011396400000000001,0.007834700000000002,True
swebench_django__django-10914_step_3,django__django-10914,3,mid_high,mid_high,mid_high,stay,False,swebench,code_swe,0.9,mid_high,2,True,0.0036948000000000003,0.0117836,0.0080888,True
swebench_django__django-10914_step_4,django__django-10914,4,high,high,mid_high,escalate,False,swebench,code_swe,0.9,high,3,True,0.0152172,0.0152172,0.0,True
swebench_django__django-10914_step_5,django__django-10914,5,high,high,high,stay,False,swebench,code_swe,0.9,high,3,True,0.019588400000000002,0.019588400000000002,0.0,True
swebench_django__django-10914_step_6,django__django-10914,6,low,high,high,sticky_hold,True,swebench,code_swe,0.9,low,0,True,0.021066800000000004,0.021066800000000004,0.0,True
swebench_django__django-10914_step_7,django__django-10914,7,low,high,high,sticky_hold,True,swebench,code_swe,0.9,low,0,True,0.0212012,0.0212012,0.0,True
swebench_django__django-10914_step_8,django__django-10914,8,low,high,high,sticky_hold,True,swebench,code_swe,0.9,low,0,True,0.021806,0.021806,0.0,True
swebench_django__django-10973_step_1,django__django-10973,1,low,low,,start,False,swebench,code_swe,0.9,low,0,True,0.0002301,0.0104812,0.010251099999999999,True
swebench_django__django-10973_step_2,django__django-10973,2,high,high,low,escalate,False,swebench,code_swe,0.9,high,3,True,0.0114156,0.0114156,0.0,True
swebench_django__django-10973_step_3,django__django-10973,3,high,high,high,stay,False,swebench,code_swe,0.9,high,3,True,0.0151404,0.0151404,0.0,True
swebench_django__django-10973_step_4,django__django-10973,4,mid,high,high,sticky_hold,True,swebench,code_swe,0.9,mid,1,True,0.016052399999999998,0.016052399999999998,0.0,True
swebench_django__django-10973_step_5,django__django-10973,5,high,high,high,stay,False,swebench,code_swe,0.9,high,3,True,0.016506800000000002,0.016506800000000002,0.0,True
swebench_django__django-10973_step_6,django__django-10973,6,high,high,high,stay,False,swebench,code_swe,0.9,high,3,True,0.019086,0.019086,0.0,True
swebench_django__django-10973_step_7,django__django-10973,7,high,high,high,stay,False,swebench,code_swe,0.9,high,3,True,0.021415599999999996,0.021415599999999996,0.0,True
swebench_django__django-10973_step_8,django__django-10973,8,low,high,high,sticky_hold,True,swebench,code_swe,0.9,low,0,True,0.0215692,0.0215692,0.0,True
swebench_django__django-10973_step_9,django__django-10973,9,mid_high,high,high,sticky_hold,True,swebench,code_swe,0.9,mid_high,2,True,0.0238252,0.0238252,0.0,True
swebench_django__django-10999_step_1,django__django-10999,1,low,low,,start,False,swebench,code_swe,0.9,low,0,True,0.0002365,0.010686,0.010449499999999999,True
swebench_django__django-10999_step_2,django__django-10999,2,high,high,low,escalate,False,swebench,code_swe,0.9,high,3,True,0.0109996,0.0109996,0.0,True
swebench_django__django-10999_step_3,django__django-10999,3,high,high,high,stay,False,swebench,code_swe,0.9,high,3,True,0.0161708,0.0161708,0.0,True
swebench_django__django-10999_step_4,django__django-10999,4,high,high,high,stay,False,swebench,code_swe,0.9,high,3,True,0.016666800000000002,0.016666800000000002,0.0,True
swebench_django__django-10999_step_5,django__django-10999,5,low,high,high,sticky_hold,True,swebench,code_swe,0.9,low,0,True,0.01899,0.01899,0.0,True
swebench_django__django-10999_step_6,django__django-10999,6,high,high,high,stay,False,swebench,code_swe,0.9,high,3,True,0.0195212,0.0195212,0.0,True
swebench_django__django-10999_step_7,django__django-10999,7,low,high,high,sticky_hold,True,swebench,code_swe,0.9,low,0,True,0.0196652,0.0196652,0.0,True
swebench_django__django-10999_step_8,django__django-10999,8,mid,high,high,sticky_hold,True,swebench,code_swe,0.9,mid,1,True,0.0201772,0.0201772,0.0,True
swebench_django__django-11066_step_1,django__django-11066,1,low,low,,start,False,swebench,code_swe,0.9,low,0,True,0.00026780000000000006,0.0116876,0.011419799999999999,True
swebench_django__django-11066_step_2,django__django-11066,2,mid,mid,low,escalate,False,swebench,code_swe,0.9,mid,1,True,0.00116395,0.012836400000000001,0.011672450000000001,True
swebench_django__django-11066_step_3,django__django-11066,3,low,mid,mid,sticky_hold,True,swebench,code_swe,0.9,low,0,True,0.0016136999999999998,0.016948400000000002,0.015334700000000003,True
swebench_django__django-11066_step_4,django__django-11066,4,low,mid,mid,sticky_hold,True,swebench,code_swe,0.9,low,0,True,0.0016738999999999999,0.017498800000000002,0.015824900000000003,True
swebench_django__django-11066_step_5,django__django-11066,5,low,mid,mid,sticky_hold,True,swebench,code_swe,0.9,low,0,True,0.0018079499999999998,0.018724400000000002,0.016916450000000003,True
swebench_django__django-11066_step_6,django__django-11066,6,low,mid,mid,sticky_hold,True,swebench,code_swe,0.9,low,0,True,0.00182545,0.018884400000000003,0.017058950000000003,True
swebench_django__django-11066_step_7,django__django-11066,7,low,mid,mid,sticky_hold,True,swebench,code_swe,0.9,low,0,True,0.00190525,0.019614,0.01770875,True
swebench_django__django-11087_step_1,django__django-11087,1,mid_high,mid_high,,start,False,swebench,code_swe,0.9,mid_high,2,True,0.005692399999999999,0.017594800000000004,0.011902400000000004,True
swebench_django__django-11087_step_2,django__django-11087,2,high,high,mid_high,escalate,False,swebench,code_swe,0.9,high,3,True,0.017822,0.017822,0.0,True
swebench_django__django-11087_step_3,django__django-11087,3,high,high,high,stay,False,swebench,code_swe,0.9,high,3,True,0.0277132,0.0277132,0.0,True
swebench_django__django-11087_step_4,django__django-11087,4,high,high,high,stay,False,swebench,code_swe,0.9,high,3,True,0.0290732,0.0290732,0.0,True
swebench_django__django-11087_step_5,django__django-11087,5,high,high,high,stay,False,swebench,code_swe,0.9,high,3,True,0.0313932,0.0313932,0.0,True
swebench_django__django-11087_step_6,django__django-11087,6,high,high,high,stay,False,swebench,code_swe,0.9,high,3,True,0.026126,0.026126,0.0,True
swebench_django__django-11087_step_7,django__django-11087,7,high,high,high,stay,False,swebench,code_swe,0.9,high,3,True,0.0268076,0.0268076,0.0,True
swebench_django__django-11087_step_8,django__django-11087,8,high,high,high,stay,False,swebench,code_swe,0.9,high,3,True,0.027786800000000004,0.027786800000000004,0.0,True
swebench_django__django-11087_step_9,django__django-11087,9,low,high,high,sticky_hold,True,swebench,code_swe,0.9,low,0,True,0.0287116,0.0287116,0.0,True
swebench_django__django-11099_step_1,django__django-11099,1,mid,mid,,start,False,swebench,code_swe,0.9,mid,1,True,0.0009417000000000001,0.0108044,0.0098627,True
swebench_django__django-11099_step_2,django__django-11099,2,high,high,mid,escalate,False,swebench,code_swe,0.9,high,3,True,0.0114476,0.0114476,0.0,True
swebench_django__django-11099_step_3,django__django-11099,3,mid,high,high,sticky_hold,True,swebench,code_swe,0.9,mid,1,True,0.0122636,0.0122636,0.0,True
swebench_django__django-11099_step_4,django__django-11099,4,high,high,high,stay,False,swebench,code_swe,0.9,high,3,True,0.0148492,0.0148492,0.0,True
swebench_django__django-11099_step_5,django__django-11099,5,high,high,high,stay,False,swebench,code_swe,0.9,high,3,True,0.0163468,0.0163468,0.0,True
swebench_django__django-11099_step_6,django__django-11099,6,low,high,high,sticky_hold,True,swebench,code_swe,0.9,low,0,True,0.0166572,0.0166572,0.0,True
swebench_django__django-11099_step_7,django__django-11099,7,low,high,high,sticky_hold,True,swebench,code_swe,0.9,low,0,True,0.0176012,0.0176012,0.0,True
swebench_django__django-11119_step_1,django__django-11119,1,low,low,,start,False,swebench,code_swe,0.9,low,0,True,0.00023040000000000002,0.010490799999999998,0.010260399999999998,True
swebench_django__django-11119_step_2,django__django-11119,2,mid_high,mid_high,low,escalate,False,swebench,code_swe,0.9,mid_high,2,True,0.0037641000000000003,0.0119852,0.008221099999999999,True
swebench_django__django-11119_step_3,django__django-11119,3,high,high,mid_high,escalate,False,swebench,code_swe,0.9,high,3,True,0.0122668,0.0122668,0.0,True
swebench_django__django-11119_step_4,django__django-11119,4,mid,high,high,sticky_hold,True,swebench,code_swe,0.9,mid,1,True,0.020119599999999998,0.020119599999999998,0.0,True
swebench_django__django-11119_step_5,django__django-11119,5,high,high,high,stay,False,swebench,code_swe,0.9,high,3,True,0.022068400000000002,0.022068400000000002,0.0,True
swebench_django__django-11119_step_6,django__django-11119,6,mid,high,high,sticky_hold,True,swebench,code_swe,0.9,mid,1,True,0.024474799999999998,0.024474799999999998,0.0,True
swebench_django__django-11119_step_7,django__django-11119,7,high,high,high,stay,False,swebench,code_swe,0.9,high,3,True,0.0248012,0.0248012,0.0,True
swebench_django__django-11119_step_8,django__django-11119,8,high,high,high,stay,False,swebench,code_swe,0.9,high,3,True,0.025671600000000003,0.025671600000000003,0.0,True
swebench_django__django-11119_step_9,django__django-11119,9,low,high,high,sticky_hold,True,swebench,code_swe,0.9,low,0,True,0.026862,0.026862,0.0,True
swebench_django__django-11133_step_1,django__django-11133,1,low,low,,start,False,swebench,code_swe,0.9,low,0,True,0.0002435,0.01091,0.010666499999999999,True
swebench_django__django-11133_step_2,django__django-11133,2,mid_high,mid_high,low,escalate,False,swebench,code_swe,0.9,mid_high,2,True,0.0036211000000000004,0.0115692,0.0079481,True
swebench_django__django-11133_step_3,django__django-11133,3,high,high,mid_high,escalate,False,swebench,code_swe,0.9,high,3,True,0.014609200000000001,0.014609200000000001,0.0,True
swebench_django__django-11133_step_4,django__django-11133,4,mid,high,high,sticky_hold,True,swebench,code_swe,0.9,mid,1,True,0.0154476,0.0154476,0.0,True
swebench_django__django-11133_step_5,django__django-11133,5,mid_high,high,high,sticky_hold,True,swebench,code_swe,0.9,mid_high,2,True,0.016788400000000002,0.016788400000000002,0.0,True
swebench_django__django-11133_step_6,django__django-11133,6,high,high,high,stay,False,swebench,code_swe,0.9,high,3,True,0.018807599999999997,0.018807599999999997,0.0,True
swebench_django__django-11133_step_7,django__django-11133,7,high,high,high,stay,False,swebench,code_swe,0.9,high,3,True,0.020327599999999998,0.020327599999999998,0.0,True
swebench_django__django-11133_step_8,django__django-11133,8,low,high,high,sticky_hold,True,swebench,code_swe,0.9,low,0,True,0.0212012,0.0212012,0.0,True
swebench_django__django-11163_step_1,django__django-11163,1,low,low,,start,False,swebench,code_swe,0.9,low,0,True,0.0002313,0.0105196,0.0102883,True
swebench_django__django-11163_step_2,django__django-11163,2,mid,mid,low,escalate,False,swebench,code_swe,0.9,mid,1,True,0.0009382,0.010772400000000001,0.009834200000000001,True
swebench_django__django-11163_step_3,django__django-11163,3,high,high,mid,escalate,False,swebench,code_swe,0.9,high,3,True,0.0114604,0.0114604,0.0,True
swebench_django__django-11163_step_4,django__django-11163,4,high,high,high,stay,False,swebench,code_swe,0.9,high,3,True,0.012404400000000001,0.012404400000000001,0.0,True
swebench_django__django-11163_step_5,django__django-11163,5,high,high,high,stay,False,swebench,code_swe,0.9,high,3,True,0.013268400000000001,0.013268400000000001,0.0,True
swebench_django__django-11163_step_6,django__django-11163,6,high,high,high,stay,False,swebench,code_swe,0.9,high,3,True,0.0138892,0.0138892,0.0,True
swebench_django__django-11163_step_7,django__django-11163,7,mid,high,high,sticky_hold,True,swebench,code_swe,0.9,mid,1,True,0.0145388,0.0145388,0.0,True
swebench_django__django-11163_step_8,django__django-11163,8,low,high,high,sticky_hold,True,swebench,code_swe,0.9,low,0,True,0.0147756,0.0147756,0.0,True
swebench_django__django-11163_step_9,django__django-11163,9,low,high,high,sticky_hold,True,swebench,code_swe,0.9,low,0,True,0.0154412,0.0154412,0.0,True
swebench_django__django-11999_step_1,django__django-11999,1,mid,mid,,start,False,swebench,code_swe,0.9,mid,1,True,0.0009196500000000002,0.010602799999999999,0.009683149999999998,True
swebench_django__django-11999_step_2,django__django-11999,2,mid_high,mid_high,mid,escalate,False,swebench,code_swe,0.9,mid_high,2,True,0.0033978000000000003,0.0109196,0.0075217999999999995,True
swebench_django__django-11999_step_3,django__django-11999,3,high,high,mid_high,escalate,False,swebench,code_swe,0.9,high,3,True,0.011268400000000001,0.011268400000000001,0.0,True
swebench_django__django-11999_step_4,django__django-11999,4,mid_high,high,high,sticky_hold,True,swebench,code_swe,0.9,mid_high,2,True,0.0121836,0.0121836,0.0,True
swebench_django__django-11999_step_5,django__django-11999,5,high,high,high,stay,False,swebench,code_swe,0.9,high,3,True,0.013370799999999999,0.013370799999999999,0.0,True
swebench_django__django-11999_step_6,django__django-11999,6,mid_high,high,high,sticky_hold,True,swebench,code_swe,0.9,mid_high,2,True,0.014494,0.014494,0.0,True
swebench_django__django-11999_step_7,django__django-11999,7,high,high,high,stay,False,swebench,code_swe,0.9,high,3,True,0.0158188,0.0158188,0.0,True
swebench_django__django-11999_step_8,django__django-11999,8,high,high,high,stay,False,swebench,code_swe,0.9,high,3,True,0.0176492,0.0176492,0.0,True
swebench_django__django-11999_step_9,django__django-11999,9,mid_high,high,high,sticky_hold,True,swebench,code_swe,0.9,mid_high,2,True,0.018775599999999996,0.018775599999999996,0.0,True
swebench_django__django-11999_step_10,django__django-11999,10,mid_high,high,high,sticky_hold,True,swebench,code_swe,0.9,mid_high,2,True,0.019050800000000003,0.019050800000000003,0.0,True
swebench_django__django-11999_step_11,django__django-11999,11,low,high,high,sticky_hold,True,swebench,code_swe,0.9,low,0,True,0.0198252,0.0198252,0.0,True
swebench_django__django-12262_step_1,django__django-12262,1,high,high,,start,False,swebench,code_swe,0.9,high,3,True,0.011018799999999999,0.011018799999999999,0.0,True
swebench_django__django-12262_step_2,django__django-12262,2,mid,high,high,sticky_hold,True,swebench,code_swe,0.9,mid,1,True,0.012778799999999998,0.012778799999999998,0.0,True
swebench_django__django-12262_step_3,django__django-12262,3,mid_high,high,high,sticky_hold,True,swebench,code_swe,0.9,mid_high,2,True,0.0214764,0.0214764,0.0,True
swebench_django__django-12262_step_4,django__django-12262,4,high,high,high,stay,False,swebench,code_swe,0.9,high,3,True,0.0288652,0.0288652,0.0,True
swebench_django__django-12262_step_5,django__django-12262,5,high,high,high,stay,False,swebench,code_swe,0.9,high,3,True,0.031444400000000004,0.031444400000000004,0.0,True
swebench_django__django-12262_step_6,django__django-12262,6,low,high,high,sticky_hold,True,swebench,code_swe,0.9,low,0,True,0.031703600000000005,0.031703600000000005,0.0,True
swebench_django__django-12262_step_7,django__django-12262,7,low,high,high,sticky_hold,True,swebench,code_swe,0.9,low,0,True,0.0326284,0.0326284,0.0,True
swebench_django__django-12273_step_1,django__django-12273,1,mid_high,mid_high,,start,False,swebench,code_swe,0.9,mid_high,2,True,0.0034033,0.0109356,0.0075323000000000005,True
swebench_django__django-12273_step_2,django__django-12273,2,high,high,mid_high,escalate,False,swebench,code_swe,0.9,high,3,True,0.0131148,0.0131148,0.0,True
swebench_django__django-12273_step_3,django__django-12273,3,high,high,high,stay,False,swebench,code_swe,0.9,high,3,True,0.0248812,0.0248812,0.0,True
swebench_django__django-12273_step_4,django__django-12273,4,high,high,high,stay,False,swebench,code_swe,0.9,high,3,True,0.03035,0.03035,0.0,True
swebench_django__django-12273_step_5,django__django-12273,5,mid_high,high,high,sticky_hold,True,swebench,code_swe,0.9,mid_high,2,True,0.0312556,0.0312556,0.0,True
swebench_django__django-12276_step_1,django__django-12276,1,low,low,,start,False,swebench,code_swe,0.9,low,0,True,0.00023620000000000002,0.0106764,0.0104402,True
swebench_django__django-12276_step_2,django__django-12276,2,low,low,low,stay,False,swebench,code_swe,0.9,low,0,True,0.00027100000000000003,0.01179,0.011519,True
swebench_django__django-12276_step_3,django__django-12276,3,high,high,low,escalate,False,swebench,code_swe,0.9,high,3,True,0.0123532,0.0123532,0.0,True
swebench_django__django-12276_step_4,django__django-12276,4,high,high,high,stay,False,swebench,code_swe,0.9,high,3,True,0.018804400000000002,0.018804400000000002,0.0,True
swebench_django__django-12276_step_5,django__django-12276,5,low,high,high,sticky_hold,True,swebench,code_swe,0.9,low,0,True,0.0213356,0.0213356,0.0,True
swebench_django__django-12276_step_6,django__django-12276,6,high,high,high,stay,False,swebench,code_swe,0.9,high,3,True,0.022286,0.022286,0.0,True
swebench_django__django-12276_step_7,django__django-12276,7,high,high,high,stay,False,swebench,code_swe,0.9,high,3,True,0.0232236,0.0232236,0.0,True
swebench_django__django-12276_step_8,django__django-12276,8,low,high,high,sticky_hold,True,swebench,code_swe,0.9,low,0,True,0.0235116,0.0235116,0.0,True
swebench_django__django-12276_step_9,django__django-12276,9,low,high,high,sticky_hold,True,swebench,code_swe,0.9,low,0,True,0.0242956,0.0242956,0.0,True
swebench_django__django-12325_step_1,django__django-12325,1,mid,mid,,start,False,swebench,code_swe,0.9,mid,1,True,0.0009536000000000001,0.0109132,0.009959599999999999,True
swebench_django__django-12325_step_2,django__django-12325,2,high,high,mid,escalate,False,swebench,code_swe,0.9,high,3,True,0.0120172,0.0120172,0.0,True
swebench_django__django-12325_step_3,django__django-12325,3,high,high,high,stay,False,swebench,code_swe,0.9,high,3,True,0.0154156,0.0154156,0.0,True
swebench_django__django-12325_step_4,django__django-12325,4,high,high,high,stay,False,swebench,code_swe,0.9,high,3,True,0.021076400000000002,0.021076400000000002,0.0,True
swebench_django__django-12325_step_5,django__django-12325,5,high,high,high,stay,False,swebench,code_swe,0.9,high,3,True,0.0223852,0.0223852,0.0,True
swebench_django__django-12325_step_6,django__django-12325,6,mid_high,high,high,sticky_hold,True,swebench,code_swe,0.9,mid_high,2,True,0.0239052,0.0239052,0.0,True
swebench_django__django-12325_step_7,django__django-12325,7,low,high,high,sticky_hold,True,swebench,code_swe,0.9,low,0,True,0.0251084,0.0251084,0.0,True
mtrag_e0f8a53d3ab93e7900633fc8fa40631e_turn_4_step_1,e0f8a53d3ab93e7900633fc8fa40631e_turn_4,1,low,low,,start,False,mtrag,rag_multiturn,0.9,low,0,True,0.0002378,0.0107276,0.0104898,True
mtrag_e1b602e47ded79a35d8df4eefe194e39_turn_4_step_1,e1b602e47ded79a35d8df4eefe194e39_turn_4,1,low,low,,start,False,mtrag,rag_multiturn,0.9,low,0,True,0.0004243,0.016695599999999998,0.0162713,True
mtrag_e1b602e47ded79a35d8df4eefe194e39_turn_5_step_1,e1b602e47ded79a35d8df4eefe194e39_turn_5,1,low,low,,start,False,mtrag,rag_multiturn,0.9,low,0,True,0.0002954,0.012570799999999998,0.012275399999999999,True
mtrag_e52ab8d5f61ccdfc3712a2608d8c2aba_turn_2_step_1,e52ab8d5f61ccdfc3712a2608d8c2aba_turn_2,1,low,low,,start,False,mtrag,rag_multiturn,0.9,low,0,True,0.00017960000000000003,0.0088652,0.0086856,True
mtrag_e9dd465e8dd63a80dda8f3ce9cba6848_turn_3_step_1,e9dd465e8dd63a80dda8f3ce9cba6848_turn_3,1,low,low,,start,False,mtrag,rag_multiturn,0.9,low,0,True,0.0001699,0.0085548,0.008384899999999999,True
mtrag_e9dd465e8dd63a80dda8f3ce9cba6848_turn_4_step_1,e9dd465e8dd63a80dda8f3ce9cba6848_turn_4,1,low,low,,start,False,mtrag,rag_multiturn,0.9,low,0,True,0.00018869999999999998,0.009156399999999999,0.008967699999999999,True
mtrag_e9dd465e8dd63a80dda8f3ce9cba6848_turn_6_step_1,e9dd465e8dd63a80dda8f3ce9cba6848_turn_6,1,mid,mid,,start,False,mtrag,rag_multiturn,0.9,mid,1,True,0.0008241,0.0097292,0.0089051,True
mtrag_f05ba9633e1b377f9c4d64afd3da3c45_turn_2_step_1,f05ba9633e1b377f9c4d64afd3da3c45_turn_2,1,low,low,,start,False,mtrag,rag_multiturn,0.9,low,0,True,0.0002434,0.0109068,0.0106634,True
mtrag_f0d30863222ebd30fc68c43ac3ae94bb_turn_1_step_1,f0d30863222ebd30fc68c43ac3ae94bb_turn_1,1,low,low,,start,False,mtrag,rag_multiturn,0.9,low,0,True,0.000174,0.008686,0.008511999999999999,True
mtrag_f1121a39d8a9e36eaef4c2367bd43532_turn_1_step_1,f1121a39d8a9e36eaef4c2367bd43532_turn_1,1,low,low,,start,False,mtrag,rag_multiturn,0.9,low,0,True,0.0001778,0.0088076,0.0086298,True
mtrag_f1121a39d8a9e36eaef4c2367bd43532_turn_3_step_1,f1121a39d8a9e36eaef4c2367bd43532_turn_3,1,low,low,,start,False,mtrag,rag_multiturn,0.9,low,0,True,0.00024870000000000003,0.011076400000000002,0.010827700000000003,True
mtrag_f5a8ca2f2bc12180940167fb920bb018_turn_5_step_1,f5a8ca2f2bc12180940167fb920bb018_turn_5,1,low,low,,start,False,mtrag,rag_multiturn,0.9,low,0,True,0.0003194,0.0133388,0.0130194,True
mtrag_f5a8ca2f2bc12180940167fb920bb018_turn_6_step_1,f5a8ca2f2bc12180940167fb920bb018_turn_6,1,mid,mid,,start,False,mtrag,rag_multiturn,0.9,mid,1,True,0.0012633499999999999,0.0137452,0.012481850000000001,True
mtrag_fc3e765d7ffc28ffc7ee7ea38fd3c73a_turn_4_step_1,fc3e765d7ffc28ffc7ee7ea38fd3c73a_turn_4,1,low,low,,start,False,mtrag,rag_multiturn,0.9,low,0,True,0.00028560000000000006,0.012257200000000001,0.0119716,True
mtrag_fc3e765d7ffc28ffc7ee7ea38fd3c73a_turn_5_step_1,fc3e765d7ffc28ffc7ee7ea38fd3c73a_turn_5,1,low,low,,start,False,mtrag,rag_multiturn,0.9,low,0,True,0.00027410000000000005,0.0118892,0.011615100000000001,True
mtrag_fd99b316e5e64f19ff938598aea9b285_turn_5_step_1,fd99b316e5e64f19ff938598aea9b285_turn_5,1,low,low,,start,False,mtrag,rag_multiturn,0.9,low,0,True,0.0002101,0.0098412,0.0096311,True
mtrag_fdee20f7fd677e420742b09989623d68_turn_5_step_1,fdee20f7fd677e420742b09989623d68_turn_5,1,low,low,,start,False,mtrag,rag_multiturn,0.9,low,0,True,0.0003157000000000001,0.0132204,0.0129047,True
bfcl_live_irrelevance_103-3-0_step_1,live_irrelevance_103-3-0,1,low,low,,start,False,bfcl,bfcl_tool_use_single_turn,0.9,low,0,True,0.0001115,0.006685999999999999,0.0065745,True
bfcl_live_irrelevance_252-53-0_step_1,live_irrelevance_252-53-0,1,low,low,,start,False,bfcl,bfcl_tool_use_single_turn,0.9,low,0,True,0.0001082,0.006580399999999999,0.006472199999999999,True
bfcl_live_irrelevance_253-53-1_step_1,live_irrelevance_253-53-1,1,low,low,,start,False,bfcl,bfcl_tool_use_single_turn,0.9,low,0,True,0.0001082,0.006580399999999999,0.006472199999999999,True
bfcl_live_irrelevance_254-53-2_step_1,live_irrelevance_254-53-2,1,low,low,,start,False,bfcl,bfcl_tool_use_single_turn,0.9,low,0,True,0.00010790000000000001,0.0065708,0.0064629,True
bfcl_live_irrelevance_417-96-0_step_1,live_irrelevance_417-96-0,1,low,low,,start,False,bfcl,bfcl_tool_use_single_turn,0.9,low,0,True,0.0001093,0.0066156,0.0065063000000000005,True
bfcl_live_irrelevance_418-96-1_step_1,live_irrelevance_418-96-1,1,low,low,,start,False,bfcl,bfcl_tool_use_single_turn,0.9,low,0,True,0.0001085,0.0065899999999999995,0.006481499999999999,True
bfcl_live_irrelevance_660-211-0_step_1,live_irrelevance_660-211-0,1,low,low,,start,False,bfcl,bfcl_tool_use_single_turn,0.9,low,0,True,0.0001125,0.006718,0.0066055,True
bfcl_live_irrelevance_731-246-0_step_1,live_irrelevance_731-246-0,1,low,low,,start,False,bfcl,bfcl_tool_use_single_turn,0.9,low,0,True,0.0001096,0.0066251999999999995,0.0065156,True
bfcl_live_irrelevance_747-258-0_step_1,live_irrelevance_747-258-0,1,low,low,,start,False,bfcl,bfcl_tool_use_single_turn,0.9,low,0,True,0.0001766,0.0087692,0.008592599999999999,True
bfcl_live_multiple_100-42-4_step_1,live_multiple_100-42-4,1,low,low,,start,False,bfcl,bfcl_tool_use_single_turn,0.9,low,0,True,0.0001102,0.006644399999999999,0.006534199999999999,True
bfcl_live_multiple_101-42-5_step_1,live_multiple_101-42-5,1,low,low,,start,False,bfcl,bfcl_tool_use_single_turn,0.9,low,0,True,0.0001097,0.0066284,0.0065187,True
bfcl_live_multiple_102-43-0_step_1,live_multiple_102-43-0,1,low,low,,start,False,bfcl,bfcl_tool_use_single_turn,0.9,low,0,True,0.00011,0.006638,0.006528,True
bfcl_live_multiple_103-43-1_step_1,live_multiple_103-43-1,1,low,low,,start,False,bfcl,bfcl_tool_use_single_turn,0.9,low,0,True,0.0001141,0.0067691999999999995,0.0066551,True
bfcl_live_multiple_104-43-2_step_1,live_multiple_104-43-2,1,low,low,,start,False,bfcl,bfcl_tool_use_single_turn,0.9,low,0,True,0.00011,0.006638,0.006528,True
bfcl_live_multiple_105-43-3_step_1,live_multiple_105-43-3,1,low,low,,start,False,bfcl,bfcl_tool_use_single_turn,0.9,low,0,True,0.0001097,0.0066284,0.0065187,True
bfcl_live_multiple_106-43-4_step_1,live_multiple_106-43-4,1,low,low,,start,False,bfcl,bfcl_tool_use_single_turn,0.9,low,0,True,0.00011190000000000001,0.0066987999999999995,0.0065869,True
bfcl_live_multiple_107-43-5_step_1,live_multiple_107-43-5,1,low,low,,start,False,bfcl,bfcl_tool_use_single_turn,0.9,low,0,True,0.00011059999999999999,0.006657199999999999,0.0065466,True
bfcl_live_multiple_108-43-6_step_1,live_multiple_108-43-6,1,low,low,,start,False,bfcl,bfcl_tool_use_single_turn,0.9,low,0,True,0.00011009999999999999,0.006641199999999999,0.006531099999999999,True
bfcl_live_multiple_109-43-7_step_1,live_multiple_109-43-7,1,low,low,,start,False,bfcl,bfcl_tool_use_single_turn,0.9,low,0,True,0.0001089,0.0066028,0.0064938999999999995,True
bfcl_live_multiple_110-43-8_step_1,live_multiple_110-43-8,1,low,low,,start,False,bfcl,bfcl_tool_use_single_turn,0.9,low,0,True,0.00011,0.006638,0.006528,True
bfcl_live_multiple_111-43-9_step_1,live_multiple_111-43-9,1,low,low,,start,False,bfcl,bfcl_tool_use_single_turn,0.9,low,0,True,0.0001112,0.006676399999999999,0.006565199999999999,True
bfcl_live_multiple_112-43-10_step_1,live_multiple_112-43-10,1,low,low,,start,False,bfcl,bfcl_tool_use_single_turn,0.9,low,0,True,0.0001103,0.0066476,0.0065373,True
bfcl_live_multiple_180-76-0_step_1,live_multiple_180-76-0,1,low,low,,start,False,bfcl,bfcl_tool_use_single_turn,0.9,low,0,True,0.000121,0.00699,0.006869,True
bfcl_live_multiple_181-76-1_step_1,live_multiple_181-76-1,1,mid,mid,,start,False,bfcl,bfcl_tool_use_single_turn,0.9,mid,1,True,0.0004863500000000001,0.006641199999999999,0.006154849999999999,True
bfcl_live_multiple_185-80-0_step_1,live_multiple_185-80-0,1,low,low,,start,False,bfcl,bfcl_tool_use_single_turn,0.9,low,0,True,0.0001099,0.0066348,0.0065249,True
bfcl_live_multiple_217-93-0_step_1,live_multiple_217-93-0,1,low,low,,start,False,bfcl,bfcl_tool_use_single_turn,0.9,low,0,True,0.0001088,0.0065996,0.0064908,True
bfcl_live_multiple_25-6-0_step_1,live_multiple_25-6-0,1,low,low,,start,False,bfcl,bfcl_tool_use_single_turn,0.9,low,0,True,0.0001088,0.0065996,0.0064908,True
bfcl_live_multiple_26-6-1_step_1,live_multiple_26-6-1,1,low,low,,start,False,bfcl,bfcl_tool_use_single_turn,0.9,low,0,True,0.00022610000000000002,0.0103532,0.0101271,True
bfcl_live_multiple_44-17-0_step_1,live_multiple_44-17-0,1,low,low,,start,False,bfcl,bfcl_tool_use_single_turn,0.9,low,0,True,0.00011740000000000001,0.0068747999999999995,0.006757399999999999,True
bfcl_live_multiple_96-42-0_step_1,live_multiple_96-42-0,1,low,low,,start,False,bfcl,bfcl_tool_use_single_turn,0.9,low,0,True,0.0001099,0.0066348,0.0065249,True
bfcl_live_multiple_97-42-1_step_1,live_multiple_97-42-1,1,low,low,,start,False,bfcl,bfcl_tool_use_single_turn,0.9,low,0,True,0.0001115,0.006685999999999999,0.0065745,True
bfcl_live_multiple_98-42-2_step_1,live_multiple_98-42-2,1,low,low,,start,False,bfcl,bfcl_tool_use_single_turn,0.9,low,0,True,0.0001096,0.0066251999999999995,0.0065156,True
bfcl_live_multiple_985-216-0_step_1,live_multiple_985-216-0,1,low,low,,start,False,bfcl,bfcl_tool_use_single_turn,0.9,low,0,True,0.00011240000000000001,0.0067148,0.0066024,True
bfcl_live_multiple_99-42-3_step_1,live_multiple_99-42-3,1,low,low,,start,False,bfcl,bfcl_tool_use_single_turn,0.9,low,0,True,0.0001091,0.006609199999999999,0.006500099999999999,True
bfcl_live_parallel_multiple_0-0-0_step_1,live_parallel_multiple_0-0-0,1,low,low,,start,False,bfcl,bfcl_tool_use_single_turn,0.9,low,0,True,0.00011229999999999999,0.0067116,0.0065993,True
bfcl_live_parallel_multiple_1-1-0_step_1,live_parallel_multiple_1-1-0,1,low,low,,start,False,bfcl,bfcl_tool_use_single_turn,0.9,low,0,True,0.0001085,0.0065899999999999995,0.006481499999999999,True
bfcl_live_parallel_multiple_11-10-0_step_1,live_parallel_multiple_11-10-0,1,low,low,,start,False,bfcl,bfcl_tool_use_single_turn,0.9,low,0,True,0.000123,0.0070539999999999995,0.006931,True
bfcl_live_parallel_multiple_12-10-1_step_1,live_parallel_multiple_12-10-1,1,mid,mid,,start,False,bfcl,bfcl_tool_use_single_turn,0.9,mid,1,True,0.0005010500000000001,0.0067756,0.006274549999999999,True
bfcl_live_parallel_multiple_13-11-0_step_1,live_parallel_multiple_13-11-0,1,low,low,,start,False,bfcl,bfcl_tool_use_single_turn,0.9,low,0,True,0.00011070000000000001,0.0066603999999999995,0.0065496999999999994,True
bfcl_live_parallel_multiple_14-12-0_step_1,live_parallel_multiple_14-12-0,1,low,low,,start,False,bfcl,bfcl_tool_use_single_turn,0.9,low,0,True,0.00011159999999999999,0.006689199999999999,0.006577599999999999,True
bfcl_live_parallel_multiple_15-13-0_step_1,live_parallel_multiple_15-13-0,1,low,low,,start,False,bfcl,bfcl_tool_use_single_turn,0.9,low,0,True,0.0001102,0.006644399999999999,0.006534199999999999,True
bfcl_live_parallel_multiple_16-14-0_step_1,live_parallel_multiple_16-14-0,1,low,low,,start,False,bfcl,bfcl_tool_use_single_turn,0.9,low,0,True,0.0001102,0.006644399999999999,0.006534199999999999,True
bfcl_live_parallel_multiple_17-15-0_step_1,live_parallel_multiple_17-15-0,1,low,low,,start,False,bfcl,bfcl_tool_use_single_turn,0.9,low,0,True,0.0001088,0.0065996,0.0064908,True
bfcl_live_parallel_multiple_18-16-0_step_1,live_parallel_multiple_18-16-0,1,low,low,,start,False,bfcl,bfcl_tool_use_single_turn,0.9,low,0,True,0.0001096,0.0066251999999999995,0.0065156,True
bfcl_live_parallel_multiple_19-16-1_step_1,live_parallel_multiple_19-16-1,1,low,low,,start,False,bfcl,bfcl_tool_use_single_turn,0.9,low,0,True,0.00011009999999999999,0.006641199999999999,0.006531099999999999,True
bfcl_live_parallel_multiple_2-2-0_step_1,live_parallel_multiple_2-2-0,1,low,low,,start,False,bfcl,bfcl_tool_use_single_turn,0.9,low,0,True,0.0001084,0.006586799999999999,0.0064784,True
bfcl_live_parallel_multiple_20-17-0_step_1,live_parallel_multiple_20-17-0,1,low,low,,start,False,bfcl,bfcl_tool_use_single_turn,0.9,low,0,True,0.00011570000000000001,0.006820399999999999,0.006704699999999999,True
bfcl_live_parallel_multiple_21-18-0_step_1,live_parallel_multiple_21-18-0,1,low,low,,start,False,bfcl,bfcl_tool_use_single_turn,0.9,low,0,True,0.0001112,0.006676399999999999,0.006565199999999999,True
bfcl_live_parallel_multiple_22-19-0_step_1,live_parallel_multiple_22-19-0,1,low,low,,start,False,bfcl,bfcl_tool_use_single_turn,0.9,low,0,True,0.00011009999999999999,0.006641199999999999,0.006531099999999999,True
bfcl_live_parallel_multiple_23-20-0_step_1,live_parallel_multiple_23-20-0,1,low,low,,start,False,bfcl,bfcl_tool_use_single_turn,0.9,low,0,True,0.0001093,0.0066156,0.0065063000000000005,True
bfcl_live_parallel_multiple_3-2-1_step_1,live_parallel_multiple_3-2-1,1,low,low,,start,False,bfcl,bfcl_tool_use_single_turn,0.9,low,0,True,0.0001127,0.006724399999999999,0.006611699999999999,True
bfcl_live_parallel_multiple_4-3-0_step_1,live_parallel_multiple_4-3-0,1,low,low,,start,False,bfcl,bfcl_tool_use_single_turn,0.9,low,0,True,0.00011159999999999999,0.006689199999999999,0.006577599999999999,True
bfcl_live_parallel_multiple_5-4-0_step_1,live_parallel_multiple_5-4-0,1,low,low,,start,False,bfcl,bfcl_tool_use_single_turn,0.9,low,0,True,0.00011070000000000001,0.0066603999999999995,0.0065496999999999994,True
bfcl_live_parallel_multiple_6-5-0_step_1,live_parallel_multiple_6-5-0,1,low,low,,start,False,bfcl,bfcl_tool_use_single_turn,0.9,low,0,True,0.0001086,0.0065932,0.006484599999999999,True
bfcl_live_parallel_multiple_7-6-0_step_1,live_parallel_multiple_7-6-0,1,low,low,,start,False,bfcl,bfcl_tool_use_single_turn,0.9,low,0,True,0.0001091,0.006609199999999999,0.006500099999999999,True
bfcl_live_parallel_multiple_9-8-0_step_1,live_parallel_multiple_9-8-0,1,mid,mid,,start,False,bfcl,bfcl_tool_use_single_turn,0.9,mid,1,True,0.00051995,0.0069483999999999995,0.00642845,True
swebench_matplotlib__matplotlib-13989_step_1,matplotlib__matplotlib-13989,1,low,low,,start,False,swebench,code_swe,0.9,low,0,True,0.000264,0.011566,0.011302,True
swebench_matplotlib__matplotlib-13989_step_2,matplotlib__matplotlib-13989,2,high,high,low,escalate,False,swebench,code_swe,0.9,high,3,True,0.0129292,0.0129292,0.0,True
swebench_matplotlib__matplotlib-13989_step_3,matplotlib__matplotlib-13989,3,mid,high,high,sticky_hold,True,swebench,code_swe,0.9,mid,1,True,0.0167276,0.0167276,0.0,True
swebench_matplotlib__matplotlib-13989_step_4,matplotlib__matplotlib-13989,4,low,high,high,sticky_hold,True,swebench,code_swe,0.9,low,0,True,0.019281200000000002,0.019281200000000002,0.0,True
swebench_matplotlib__matplotlib-13989_step_5,matplotlib__matplotlib-13989,5,high,high,high,stay,False,swebench,code_swe,0.9,high,3,True,0.019882800000000003,0.019882800000000003,0.0,True
swebench_matplotlib__matplotlib-13989_step_6,matplotlib__matplotlib-13989,6,high,high,high,stay,False,swebench,code_swe,0.9,high,3,True,0.021159599999999997,0.021159599999999997,0.0,True
swebench_matplotlib__matplotlib-13989_step_7,matplotlib__matplotlib-13989,7,high,high,high,stay,False,swebench,code_swe,0.9,high,3,True,0.022068400000000002,0.022068400000000002,0.0,True
swebench_matplotlib__matplotlib-13989_step_8,matplotlib__matplotlib-13989,8,low,high,high,sticky_hold,True,swebench,code_swe,0.9,low,0,True,0.0224012,0.0224012,0.0,True
swebench_matplotlib__matplotlib-13989_step_9,matplotlib__matplotlib-13989,9,low,high,high,sticky_hold,True,swebench,code_swe,0.9,low,0,True,0.022993200000000002,0.022993200000000002,0.0,True
swebench_matplotlib__matplotlib-14623_step_1,matplotlib__matplotlib-14623,1,low,low,,start,False,swebench,code_swe,0.9,low,0,True,0.0002491,0.0110892,0.0108401,True
swebench_matplotlib__matplotlib-14623_step_2,matplotlib__matplotlib-14623,2,high,high,low,escalate,False,swebench,code_swe,0.9,high,3,True,0.0125804,0.0125804,0.0,True
swebench_matplotlib__matplotlib-14623_step_3,matplotlib__matplotlib-14623,3,high,high,high,stay,False,swebench,code_swe,0.9,high,3,True,0.023034799999999998,0.023034799999999998,0.0,True
swebench_matplotlib__matplotlib-14623_step_4,matplotlib__matplotlib-14623,4,high,high,high,stay,False,swebench,code_swe,0.9,high,3,True,0.0288908,0.0288908,0.0,True
swebench_matplotlib__matplotlib-14623_step_5,matplotlib__matplotlib-14623,5,high,high,high,stay,False,swebench,code_swe,0.9,high,3,True,0.0293996,0.0293996,0.0,True
swebench_matplotlib__matplotlib-14623_step_6,matplotlib__matplotlib-14623,6,high,high,high,stay,False,swebench,code_swe,0.9,high,3,True,0.030078,0.030078,0.0,True
swebench_matplotlib__matplotlib-14623_step_7,matplotlib__matplotlib-14623,7,high,high,high,stay,False,swebench,code_swe,0.9,high,3,True,0.031822,0.031822,0.0,True
swebench_matplotlib__matplotlib-14623_step_8,matplotlib__matplotlib-14623,8,high,high,high,stay,False,swebench,code_swe,0.9,high,3,True,0.031495600000000006,0.031495600000000006,0.0,True
swebench_matplotlib__matplotlib-14623_step_9,matplotlib__matplotlib-14623,9,mid_high,high,high,sticky_hold,True,swebench,code_swe,0.9,mid_high,2,True,0.032670000000000005,0.032670000000000005,0.0,True
swebench_matplotlib__matplotlib-14623_step_10,matplotlib__matplotlib-14623,10,low,high,high,sticky_hold,True,swebench,code_swe,0.9,low,0,True,0.0325772,0.0325772,0.0,True
swebench_matplotlib__matplotlib-14623_step_11,matplotlib__matplotlib-14623,11,low,high,high,sticky_hold,True,swebench,code_swe,0.9,low,0,True,0.032695600000000005,0.032695600000000005,0.0,True
swebench_matplotlib__matplotlib-20488_step_1,matplotlib__matplotlib-20488,1,high,high,,start,False,swebench,code_swe,0.9,high,3,True,0.0117548,0.0117548,0.0,True
swebench_matplotlib__matplotlib-20488_step_2,matplotlib__matplotlib-20488,2,high,high,high,stay,False,swebench,code_swe,0.9,high,3,True,0.017422,0.017422,0.0,True
swebench_matplotlib__matplotlib-20488_step_3,matplotlib__matplotlib-20488,3,high,high,high,stay,False,swebench,code_swe,0.9,high,3,True,0.020503599999999997,0.020503599999999997,0.0,True
swebench_matplotlib__matplotlib-20488_step_4,matplotlib__matplotlib-20488,4,mid,high,high,sticky_hold,True,swebench,code_swe,0.9,mid,1,True,0.0228652,0.0228652,0.0,True
swebench_matplotlib__matplotlib-20488_step_5,matplotlib__matplotlib-20488,5,high,high,high,stay,False,swebench,code_swe,0.9,high,3,True,0.0235404,0.0235404,0.0,True
swebench_matplotlib__matplotlib-20488_step_6,matplotlib__matplotlib-20488,6,low,high,high,sticky_hold,True,swebench,code_swe,0.9,low,0,True,0.0252812,0.0252812,0.0,True
bfcl_multi_turn_base_0_step_1,multi_turn_base_0,1,low,low,,start,False,bfcl,bfcl_tool_use_multi_turn,0.9,low,0,True,0.00011059999999999999,0.006657199999999999,0.0065466,True
bfcl_multi_turn_base_0_step_2,multi_turn_base_0,2,low,low,low,stay,False,bfcl,bfcl_tool_use_multi_turn,0.9,low,0,True,0.00015069999999999998,0.007940399999999999,0.007789699999999998,True
bfcl_multi_turn_base_0_step_3,multi_turn_base_0,3,low,low,low,stay,False,bfcl,bfcl_tool_use_multi_turn,0.9,low,0,True,0.0001729,0.008650799999999998,0.008477899999999998,True
bfcl_multi_turn_base_0_step_4,multi_turn_base_0,4,low,low,low,stay,False,bfcl,bfcl_tool_use_multi_turn,0.9,low,0,True,0.0001943,0.0093356,0.0091413,True
bfcl_multi_turn_base_110_step_1,multi_turn_base_110,1,low,low,,start,False,bfcl,bfcl_tool_use_multi_turn,0.9,low,0,True,0.00011229999999999999,0.0067116,0.0065993,True
bfcl_multi_turn_base_110_step_2,multi_turn_base_110,2,low,low,low,stay,False,bfcl,bfcl_tool_use_multi_turn,0.9,low,0,True,0.00012780000000000002,0.0072076,0.0070798,True
bfcl_multi_turn_base_110_step_3,multi_turn_base_110,3,low,low,low,stay,False,bfcl,bfcl_tool_use_multi_turn,0.9,low,0,True,0.0001544,0.0080588,0.007904399999999999,True
bfcl_multi_turn_base_110_step_4,multi_turn_base_110,4,low,low,low,stay,False,bfcl,bfcl_tool_use_multi_turn,0.9,low,0,True,0.00017610000000000002,0.008753200000000001,0.0085771,True
bfcl_multi_turn_base_110_step_5,multi_turn_base_110,5,low,low,low,stay,False,bfcl,bfcl_tool_use_multi_turn,0.9,low,0,True,0.0001935,0.009309999999999999,0.0091165,True
bfcl_multi_turn_base_110_step_6,multi_turn_base_110,6,low,low,low,stay,False,bfcl,bfcl_tool_use_multi_turn,0.9,low,0,True,0.00021810000000000002,0.0100972,0.0098791,True
bfcl_multi_turn_base_131_step_1,multi_turn_base_131,1,low,low,,start,False,bfcl,bfcl_tool_use_multi_turn,0.9,low,0,True,0.0001102,0.006644399999999999,0.006534199999999999,True
bfcl_multi_turn_base_131_step_2,multi_turn_base_131,2,low,low,low,stay,False,bfcl,bfcl_tool_use_multi_turn,0.9,low,0,True,0.0001231,0.0070572,0.0069340999999999995,True
bfcl_multi_turn_base_131_step_3,multi_turn_base_131,3,low,low,low,stay,False,bfcl,bfcl_tool_use_multi_turn,0.9,low,0,True,0.0001411,0.0076332,0.0074921,True
bfcl_multi_turn_base_131_step_4,multi_turn_base_131,4,low,low,low,stay,False,bfcl,bfcl_tool_use_multi_turn,0.9,low,0,True,0.0001829,0.0089708,0.0087879,True
bfcl_multi_turn_base_131_step_5,multi_turn_base_131,5,low,low,low,stay,False,bfcl,bfcl_tool_use_multi_turn,0.9,low,0,True,0.00020930000000000002,0.0098156,0.0096063,True
bfcl_multi_turn_base_131_step_6,multi_turn_base_131,6,low,low,low,stay,False,bfcl,bfcl_tool_use_multi_turn,0.9,low,0,True,0.0002398,0.0107916,0.0105518,True
bfcl_multi_turn_base_131_step_7,multi_turn_base_131,7,low,low,low,stay,False,bfcl,bfcl_tool_use_multi_turn,0.9,low,0,True,0.00026820000000000007,0.011700400000000001,0.011432200000000002,True
bfcl_multi_turn_base_15_step_1,multi_turn_base_15,1,low,low,,start,False,bfcl,bfcl_tool_use_multi_turn,0.9,low,0,True,0.0001126,0.006721199999999999,0.006608599999999999,True
bfcl_multi_turn_base_15_step_2,multi_turn_base_15,2,low,low,low,stay,False,bfcl,bfcl_tool_use_multi_turn,0.9,low,0,True,0.00012780000000000002,0.0072076,0.0070798,True
bfcl_multi_turn_base_15_step_3,multi_turn_base_15,3,low,low,low,stay,False,bfcl,bfcl_tool_use_multi_turn,0.9,low,0,True,0.0001353,0.0074475999999999995,0.0073123,True
bfcl_multi_turn_base_15_step_4,multi_turn_base_15,4,low,low,low,stay,False,bfcl,bfcl_tool_use_multi_turn,0.9,low,0,True,0.0001517,0.0079724,0.0078207,True
bfcl_multi_turn_base_15_step_5,multi_turn_base_15,5,mid,mid,low,escalate,False,bfcl,bfcl_tool_use_multi_turn,0.9,mid,1,True,0.0007124500000000001,0.0087084,0.00799595,True
bfcl_multi_turn_base_162_step_1,multi_turn_base_162,1,low,low,,start,False,bfcl,bfcl_tool_use_multi_turn,0.9,low,0,True,0.0001109,0.0066668,0.0065559,True
bfcl_multi_turn_base_162_step_2,multi_turn_base_162,2,low,low,low,stay,False,bfcl,bfcl_tool_use_multi_turn,0.9,low,0,True,0.0001439,0.0077228,0.0075789,True
bfcl_multi_turn_base_162_step_3,multi_turn_base_162,3,low,low,low,stay,False,bfcl,bfcl_tool_use_multi_turn,0.9,low,0,True,0.0001604,0.008250799999999999,0.0080904,True
bfcl_multi_turn_base_162_step_4,multi_turn_base_162,4,low,low,low,stay,False,bfcl,bfcl_tool_use_multi_turn,0.9,low,0,True,0.00018460000000000001,0.0090252,0.0088406,True
bfcl_multi_turn_base_162_step_5,multi_turn_base_162,5,low,low,low,stay,False,bfcl,bfcl_tool_use_multi_turn,0.9,low,0,True,0.000221,0.01019,0.009968999999999999,True
bfcl_multi_turn_base_162_step_6,multi_turn_base_162,6,low,low,low,stay,False,bfcl,bfcl_tool_use_multi_turn,0.9,low,0,True,0.00025100000000000003,0.01115,0.010899,True
bfcl_multi_turn_base_170_step_1,multi_turn_base_170,1,low,low,,start,False,bfcl,bfcl_tool_use_multi_turn,0.9,low,0,True,0.00011679999999999999,0.0068556,0.0067388,True
bfcl_multi_turn_base_170_step_2,multi_turn_base_170,2,low,low,low,stay,False,bfcl,bfcl_tool_use_multi_turn,0.9,low,0,True,0.0001778,0.0088076,0.0086298,True
bfcl_multi_turn_base_170_step_3,multi_turn_base_170,3,low,low,low,stay,False,bfcl,bfcl_tool_use_multi_turn,0.9,low,0,True,0.00020240000000000001,0.009594799999999999,0.009392399999999999,True
bfcl_multi_turn_base_170_step_4,multi_turn_base_170,4,low,low,low,stay,False,bfcl,bfcl_tool_use_multi_turn,0.9,low,0,True,0.0002377,0.0107244,0.0104867,True
bfcl_multi_turn_base_170_step_5,multi_turn_base_170,5,low,low,low,stay,False,bfcl,bfcl_tool_use_multi_turn,0.9,low,0,True,0.0002683,0.0117036,0.011435299999999999,True
bfcl_multi_turn_base_170_step_6,multi_turn_base_170,6,low,low,low,stay,False,bfcl,bfcl_tool_use_multi_turn,0.9,low,0,True,0.00029880000000000005,0.0126796,0.012380799999999999,True
bfcl_multi_turn_base_174_step_1,multi_turn_base_174,1,low,low,,start,False,bfcl,bfcl_tool_use_multi_turn,0.9,low,0,True,0.00011559999999999999,0.0068172,0.0067016,True
bfcl_multi_turn_base_174_step_2,multi_turn_base_174,2,low,low,low,stay,False,bfcl,bfcl_tool_use_multi_turn,0.9,low,0,True,0.0001684,0.008506799999999998,0.008338399999999998,True
bfcl_multi_turn_base_174_step_3,multi_turn_base_174,3,low,low,low,stay,False,bfcl,bfcl_tool_use_multi_turn,0.9,low,0,True,0.0001992,0.0094924,0.0092932,True
bfcl_multi_turn_base_174_step_4,multi_turn_base_174,4,low,low,low,stay,False,bfcl,bfcl_tool_use_multi_turn,0.9,low,0,True,0.0002464,0.011002799999999998,0.010756399999999998,True
bfcl_multi_turn_base_174_step_5,multi_turn_base_174,5,low,low,low,stay,False,bfcl,bfcl_tool_use_multi_turn,0.9,low,0,True,0.00027800000000000004,0.012014,0.011736,True
bfcl_multi_turn_base_180_step_1,multi_turn_base_180,1,low,low,,start,False,bfcl,bfcl_tool_use_multi_turn,0.9,low,0,True,0.0001133,0.0067436,0.0066302999999999996,True
bfcl_multi_turn_base_180_step_2,multi_turn_base_180,2,low,low,low,stay,False,bfcl,bfcl_tool_use_multi_turn,0.9,low,0,True,0.0001475,0.007838,0.007690499999999999,True
bfcl_multi_turn_base_180_step_3,multi_turn_base_180,3,low,low,low,stay,False,bfcl,bfcl_tool_use_multi_turn,0.9,low,0,True,0.0001894,0.009178799999999999,0.0089894,True
bfcl_multi_turn_base_180_step_4,multi_turn_base_180,4,low,low,low,stay,False,bfcl,bfcl_tool_use_multi_turn,0.9,low,0,True,0.00021380000000000002,0.0099596,0.0097458,True
bfcl_multi_turn_base_180_step_5,multi_turn_base_180,5,low,low,low,stay,False,bfcl,bfcl_tool_use_multi_turn,0.9,low,0,True,0.0002531,0.0112172,0.010964100000000001,True
bfcl_multi_turn_base_180_step_6,multi_turn_base_180,6,low,low,low,stay,False,bfcl,bfcl_tool_use_multi_turn,0.9,low,0,True,0.00034500000000000004,0.014158,0.013813,True
bfcl_multi_turn_base_183_step_1,multi_turn_base_183,1,low,low,,start,False,bfcl,bfcl_tool_use_multi_turn,0.9,low,0,True,0.0001132,0.006740399999999999,0.006627199999999999,True
bfcl_multi_turn_base_183_step_2,multi_turn_base_183,2,low,low,low,stay,False,bfcl,bfcl_tool_use_multi_turn,0.9,low,0,True,0.0001388,0.0075596,0.0074208,True
bfcl_multi_turn_base_183_step_3,multi_turn_base_183,3,low,low,low,stay,False,bfcl,bfcl_tool_use_multi_turn,0.9,low,0,True,0.0001788,0.0088396,0.0086608,True
bfcl_multi_turn_base_183_step_4,multi_turn_base_183,4,low,low,low,stay,False,bfcl,bfcl_tool_use_multi_turn,0.9,low,0,True,0.0002009,0.0095468,0.009345899999999999,True
bfcl_multi_turn_base_183_step_5,multi_turn_base_183,5,low,low,low,stay,False,bfcl,bfcl_tool_use_multi_turn,0.9,low,0,True,0.0002327,0.0105644,0.0103317,True
bfcl_multi_turn_base_183_step_6,multi_turn_base_183,6,low,low,low,stay,False,bfcl,bfcl_tool_use_multi_turn,0.9,low,0,True,0.00025840000000000005,0.011386799999999999,0.011128399999999998,True
bfcl_multi_turn_base_184_step_1,multi_turn_base_184,1,low,low,,start,False,bfcl,bfcl_tool_use_multi_turn,0.9,low,0,True,0.000117,0.006861999999999999,0.006744999999999999,True
bfcl_multi_turn_base_184_step_2,multi_turn_base_184,2,low,low,low,stay,False,bfcl,bfcl_tool_use_multi_turn,0.9,low,0,True,0.00014780000000000001,0.0078476,0.0076998,True
bfcl_multi_turn_base_184_step_3,multi_turn_base_184,3,low,low,low,stay,False,bfcl,bfcl_tool_use_multi_turn,0.9,low,0,True,0.0001719,0.0086188,0.0084469,True
bfcl_multi_turn_base_184_step_4,multi_turn_base_184,4,low,low,low,stay,False,bfcl,bfcl_tool_use_multi_turn,0.9,low,0,True,0.00019119999999999999,0.009236399999999999,0.009045199999999998,True
bfcl_multi_turn_base_184_step_5,multi_turn_base_184,5,low,low,low,stay,False,bfcl,bfcl_tool_use_multi_turn,0.9,low,0,True,0.00021140000000000002,0.009882799999999999,0.009671399999999998,True
bfcl_multi_turn_base_184_step_6,multi_turn_base_184,6,low,low,low,stay,False,bfcl,bfcl_tool_use_multi_turn,0.9,low,0,True,0.0002361,0.0106732,0.010437100000000001,True
bfcl_multi_turn_base_186_step_1,multi_turn_base_186,1,low,low,,start,False,bfcl,bfcl_tool_use_multi_turn,0.9,low,0,True,0.00011520000000000001,0.0068043999999999995,0.006689199999999999,True
bfcl_multi_turn_base_186_step_2,multi_turn_base_186,2,low,low,low,stay,False,bfcl,bfcl_tool_use_multi_turn,0.9,low,0,True,0.0001495,0.007902,0.007752499999999999,True
bfcl_multi_turn_base_186_step_3,multi_turn_base_186,3,low,low,low,stay,False,bfcl,bfcl_tool_use_multi_turn,0.9,low,0,True,0.00017930000000000002,0.0088556,0.0086763,True
bfcl_multi_turn_base_186_step_4,multi_turn_base_186,4,low,low,low,stay,False,bfcl,bfcl_tool_use_multi_turn,0.9,low,0,True,0.0002125,0.009918,0.0097055,True
bfcl_multi_turn_base_186_step_5,multi_turn_base_186,5,low,low,low,stay,False,bfcl,bfcl_tool_use_multi_turn,0.9,low,0,True,0.0002596000000000001,0.0114252,0.0111656,True
bfcl_multi_turn_base_186_step_6,multi_turn_base_186,6,low,low,low,stay,False,bfcl,bfcl_tool_use_multi_turn,0.9,low,0,True,0.00028930000000000004,0.0123756,0.012086300000000001,True
bfcl_multi_turn_base_55_step_1,multi_turn_base_55,1,low,low,,start,False,bfcl,bfcl_tool_use_multi_turn,0.9,low,0,True,0.0001122,0.006708399999999999,0.006596199999999999,True
bfcl_multi_turn_base_55_step_2,multi_turn_base_55,2,low,low,low,stay,False,bfcl,bfcl_tool_use_multi_turn,0.9,low,0,True,0.0001744,0.0086988,0.0085244,True
bfcl_multi_turn_base_55_step_3,multi_turn_base_55,3,low,low,low,stay,False,bfcl,bfcl_tool_use_multi_turn,0.9,low,0,True,0.0002102,0.0098444,0.009634199999999999,True
bfcl_multi_turn_base_55_step_4,multi_turn_base_55,4,low,low,low,stay,False,bfcl,bfcl_tool_use_multi_turn,0.9,low,0,True,0.0002368,0.0106956,0.010458799999999999,True
bfcl_multi_turn_base_55_step_5,multi_turn_base_55,5,low,low,low,stay,False,bfcl,bfcl_tool_use_multi_turn,0.9,low,0,True,0.00026270000000000004,0.0115244,0.011261700000000001,True
bfcl_multi_turn_base_97_step_1,multi_turn_base_97,1,low,low,,start,False,bfcl,bfcl_tool_use_multi_turn,0.9,low,0,True,0.000113,0.0067339999999999995,0.006620999999999999,True
bfcl_multi_turn_base_97_step_2,multi_turn_base_97,2,low,low,low,stay,False,bfcl,bfcl_tool_use_multi_turn,0.9,low,0,True,0.0001427,0.007684399999999999,0.007541699999999999,True
bfcl_multi_turn_base_97_step_3,multi_turn_base_97,3,low,low,low,stay,False,bfcl,bfcl_tool_use_multi_turn,0.9,low,0,True,0.00019380000000000002,0.0093196,0.009125800000000002,True
bfcl_multi_turn_base_97_step_4,multi_turn_base_97,4,low,low,low,stay,False,bfcl,bfcl_tool_use_multi_turn,0.9,low,0,True,0.0002088,0.0097996,0.0095908,True
bfcl_multi_turn_base_97_step_5,multi_turn_base_97,5,low,low,low,stay,False,bfcl,bfcl_tool_use_multi_turn,0.9,low,0,True,0.0002574,0.011354799999999998,0.011097399999999999,True
bfcl_multi_turn_base_97_step_6,multi_turn_base_97,6,low,low,low,stay,False,bfcl,bfcl_tool_use_multi_turn,0.9,low,0,True,0.00027580000000000004,0.0119436,0.0116678,True
bfcl_multi_turn_long_context_1_step_1,multi_turn_long_context_1,1,low,low,,start,False,bfcl,bfcl_tool_use_multi_turn,0.9,low,0,True,0.0001112,0.006676399999999999,0.006565199999999999,True
bfcl_multi_turn_long_context_1_step_2,multi_turn_long_context_1,2,low,low,low,stay,False,bfcl,bfcl_tool_use_multi_turn,0.9,low,0,True,0.00012550000000000001,0.007134,0.0070085,True
bfcl_multi_turn_long_context_1_step_3,multi_turn_long_context_1,3,low,low,low,stay,False,bfcl,bfcl_tool_use_multi_turn,0.9,low,0,True,0.0001447,0.007748399999999999,0.007603699999999999,True
bfcl_multi_turn_long_context_1_step_4,multi_turn_long_context_1,4,low,low,low,stay,False,bfcl,bfcl_tool_use_multi_turn,0.9,low,0,True,0.0001672,0.0084684,0.0083012,True
bfcl_multi_turn_long_context_109_step_1,multi_turn_long_context_109,1,low,low,,start,False,bfcl,bfcl_tool_use_multi_turn,0.9,low,0,True,0.0001105,0.006653999999999999,0.006543499999999999,True
bfcl_multi_turn_long_context_109_step_2,multi_turn_long_context_109,2,low,low,low,stay,False,bfcl,bfcl_tool_use_multi_turn,0.9,low,0,True,0.00042660000000000007,0.0167692,0.016342600000000002,True
bfcl_multi_turn_long_context_109_step_3,multi_turn_long_context_109,3,low,low,low,stay,False,bfcl,bfcl_tool_use_multi_turn,0.9,low,0,True,0.0004693,0.018135599999999998,0.0176663,True
bfcl_multi_turn_long_context_109_step_4,multi_turn_long_context_109,4,low,low,low,stay,False,bfcl,bfcl_tool_use_multi_turn,0.9,low,0,True,0.0005069,0.019338800000000003,0.018831900000000002,True
bfcl_multi_turn_long_context_109_step_5,multi_turn_long_context_109,5,low,low,low,stay,False,bfcl,bfcl_tool_use_multi_turn,0.9,low,0,True,0.0007561,0.0273132,0.0265571,True
bfcl_multi_turn_long_context_109_step_6,multi_turn_long_context_109,6,low,low,low,stay,False,bfcl,bfcl_tool_use_multi_turn,0.9,low,0,True,0.000787,0.028302,0.027515,True
bfcl_multi_turn_long_context_109_step_7,multi_turn_long_context_109,7,low,low,low,stay,False,bfcl,bfcl_tool_use_multi_turn,0.9,low,0,True,0.0008306,0.0296972,0.0288666,True
bfcl_multi_turn_long_context_110_step_1,multi_turn_long_context_110,1,low,low,,start,False,bfcl,bfcl_tool_use_multi_turn,0.9,low,0,True,0.00011229999999999999,0.0067116,0.0065993,True
bfcl_multi_turn_long_context_110_step_2,multi_turn_long_context_110,2,low,low,low,stay,False,bfcl,bfcl_tool_use_multi_turn,0.9,low,0,True,0.00043890000000000004,0.017162800000000002,0.016723900000000003,True
bfcl_multi_turn_long_context_110_step_3,multi_turn_long_context_110,3,low,low,low,stay,False,bfcl,bfcl_tool_use_multi_turn,0.9,low,0,True,0.0004677000000000001,0.0180844,0.0176167,True
bfcl_multi_turn_long_context_110_step_4,multi_turn_long_context_110,4,low,low,low,stay,False,bfcl,bfcl_tool_use_multi_turn,0.9,low,0,True,0.0008486,0.0302732,0.0294246,True
bfcl_multi_turn_long_context_110_step_5,multi_turn_long_context_110,5,low,low,low,stay,False,bfcl,bfcl_tool_use_multi_turn,0.9,low,0,True,0.0008722000000000001,0.0310284,0.0301562,True
bfcl_multi_turn_long_context_110_step_6,multi_turn_long_context_110,6,low,low,low,stay,False,bfcl,bfcl_tool_use_multi_turn,0.9,low,0,True,0.0009154000000000001,0.032410800000000003,0.03149540000000001,True
bfcl_multi_turn_long_context_12_step_1,multi_turn_long_context_12,1,low,low,,start,False,bfcl,bfcl_tool_use_multi_turn,0.9,low,0,True,0.000111,0.00667,0.006559,True
bfcl_multi_turn_long_context_12_step_2,multi_turn_long_context_12,2,low,low,low,stay,False,bfcl,bfcl_tool_use_multi_turn,0.9,low,0,True,0.0001901,0.0092012,0.0090111,True
bfcl_multi_turn_long_context_12_step_3,multi_turn_long_context_12,3,low,low,low,stay,False,bfcl,bfcl_tool_use_multi_turn,0.9,low,0,True,0.0002047,0.009668399999999999,0.009463699999999999,True
bfcl_multi_turn_long_context_131_step_1,multi_turn_long_context_131,1,low,low,,start,False,bfcl,bfcl_tool_use_multi_turn,0.9,low,0,True,0.0001102,0.006644399999999999,0.006534199999999999,True
bfcl_multi_turn_long_context_131_step_2,multi_turn_long_context_131,2,low,low,low,stay,False,bfcl,bfcl_tool_use_multi_turn,0.9,low,0,True,0.0001188,0.0069196,0.0068008,True
bfcl_multi_turn_long_context_131_step_3,multi_turn_long_context_131,3,low,low,low,stay,False,bfcl,bfcl_tool_use_multi_turn,0.9,low,0,True,0.00044090000000000004,0.017226800000000004,0.016785900000000003,True
bfcl_multi_turn_long_context_131_step_4,multi_turn_long_context_131,4,low,low,low,stay,False,bfcl,bfcl_tool_use_multi_turn,0.9,low,0,True,0.0005020000000000001,0.019182,0.018680000000000002,True
bfcl_multi_turn_long_context_131_step_5,multi_turn_long_context_131,5,low,low,low,stay,False,bfcl,bfcl_tool_use_multi_turn,0.9,low,0,True,0.0005396,0.0203852,0.019845599999999998,True
bfcl_multi_turn_long_context_131_step_6,multi_turn_long_context_131,6,low,low,low,stay,False,bfcl,bfcl_tool_use_multi_turn,0.9,low,0,True,0.0007909000000000001,0.028426800000000002,0.0276359,True
bfcl_multi_turn_long_context_131_step_7,multi_turn_long_context_131,7,low,low,low,stay,False,bfcl,bfcl_tool_use_multi_turn,0.9,low,0,True,0.0008163000000000001,0.0292396,0.028423300000000002,True
bfcl_multi_turn_long_context_14_step_1,multi_turn_long_context_14,1,low,low,,start,False,bfcl,bfcl_tool_use_multi_turn,0.9,low,0,True,0.0001099,0.0066348,0.0065249,True
bfcl_multi_turn_long_context_14_step_2,multi_turn_long_context_14,2,low,low,low,stay,False,bfcl,bfcl_tool_use_multi_turn,0.9,low,0,True,0.00012590000000000002,0.0071468,0.0070209,True
bfcl_multi_turn_long_context_14_step_3,multi_turn_long_context_14,3,low,low,low,stay,False,bfcl,bfcl_tool_use_multi_turn,0.9,low,0,True,0.00015219999999999999,0.0079884,0.0078362,True
bfcl_multi_turn_long_context_14_step_4,multi_turn_long_context_14,4,low,low,low,stay,False,bfcl,bfcl_tool_use_multi_turn,0.9,low,0,True,0.00017769999999999998,0.008804399999999999,0.0086267,True
bfcl_multi_turn_long_context_15_step_1,multi_turn_long_context_15,1,low,low,,start,False,bfcl,bfcl_tool_use_multi_turn,0.9,low,0,True,0.0001126,0.006721199999999999,0.006608599999999999,True
bfcl_multi_turn_long_context_15_step_2,multi_turn_long_context_15,2,low,low,low,stay,False,bfcl,bfcl_tool_use_multi_turn,0.9,low,0,True,0.0001285,0.0072299999999999994,0.007101499999999999,True
bfcl_multi_turn_long_context_15_step_3,multi_turn_long_context_15,3,low,low,low,stay,False,bfcl,bfcl_tool_use_multi_turn,0.9,low,0,True,0.000136,0.007469999999999999,0.007333999999999999,True
bfcl_multi_turn_long_context_15_step_4,multi_turn_long_context_15,4,low,low,low,stay,False,bfcl,bfcl_tool_use_multi_turn,0.9,low,0,True,0.00015659999999999998,0.0081292,0.0079726,True
bfcl_multi_turn_long_context_15_step_5,multi_turn_long_context_15,5,mid,mid,low,escalate,False,bfcl,bfcl_tool_use_multi_turn,0.9,mid,1,True,0.00074675,0.009021999999999999,0.008275249999999998,True
bfcl_multi_turn_long_context_170_step_1,multi_turn_long_context_170,1,low,low,,start,False,bfcl,bfcl_tool_use_multi_turn,0.9,low,0,True,0.00011679999999999999,0.0068556,0.0067388,True
bfcl_multi_turn_long_context_170_step_2,multi_turn_long_context_170,2,low,low,low,stay,False,bfcl,bfcl_tool_use_multi_turn,0.9,low,0,True,0.00030980000000000005,0.0130316,0.0127218,True
bfcl_multi_turn_long_context_170_step_3,multi_turn_long_context_170,3,low,low,low,stay,False,bfcl,bfcl_tool_use_multi_turn,0.9,low,0,True,0.0003354,0.013850799999999998,0.013515399999999999,True
bfcl_multi_turn_long_context_170_step_4,multi_turn_long_context_170,4,low,low,low,stay,False,bfcl,bfcl_tool_use_multi_turn,0.9,low,0,True,0.00036990000000000005,0.0149548,0.014584900000000001,True
bfcl_multi_turn_long_context_170_step_5,multi_turn_long_context_170,5,low,low,low,stay,False,bfcl,bfcl_tool_use_multi_turn,0.9,low,0,True,0.00040190000000000007,0.0159788,0.015576900000000001,True
bfcl_multi_turn_long_context_170_step_6,multi_turn_long_context_170,6,low,low,low,stay,False,bfcl,bfcl_tool_use_multi_turn,0.9,low,0,True,0.0004337000000000001,0.016996400000000002,0.016562700000000003,True
bfcl_multi_turn_long_context_183_step_1,multi_turn_long_context_183,1,low,low,,start,False,bfcl,bfcl_tool_use_multi_turn,0.9,low,0,True,0.0001132,0.006740399999999999,0.006627199999999999,True
bfcl_multi_turn_long_context_183_step_2,multi_turn_long_context_183,2,low,low,low,stay,False,bfcl,bfcl_tool_use_multi_turn,0.9,low,0,True,0.00013890000000000002,0.0075628,0.0074239,True
bfcl_multi_turn_long_context_183_step_3,multi_turn_long_context_183,3,low,low,low,stay,False,bfcl,bfcl_tool_use_multi_turn,0.9,low,0,True,0.00029360000000000003,0.0125132,0.0122196,True
bfcl_multi_turn_long_context_183_step_4,multi_turn_long_context_183,4,low,low,low,stay,False,bfcl,bfcl_tool_use_multi_turn,0.9,low,0,True,0.0003198,0.0133516,0.0130318,True
bfcl_multi_turn_long_context_183_step_5,multi_turn_long_context_183,5,low,low,low,stay,False,bfcl,bfcl_tool_use_multi_turn,0.9,low,0,True,0.0003604,0.014650799999999999,0.014290399999999998,True
bfcl_multi_turn_long_context_183_step_6,multi_turn_long_context_183,6,low,low,low,stay,False,bfcl,bfcl_tool_use_multi_turn,0.9,low,0,True,0.0003844000000000001,0.0154188,0.0150344,True
bfcl_multi_turn_long_context_186_step_1,multi_turn_long_context_186,1,low,low,,start,False,bfcl,bfcl_tool_use_multi_turn,0.9,low,0,True,0.00011520000000000001,0.0068043999999999995,0.006689199999999999,True
bfcl_multi_turn_long_context_186_step_2,multi_turn_long_context_186,2,low,low,low,stay,False,bfcl,bfcl_tool_use_multi_turn,0.9,low,0,True,0.0001862,0.0090764,0.008890200000000001,True
bfcl_multi_turn_long_context_186_step_3,multi_turn_long_context_186,3,low,low,low,stay,False,bfcl,bfcl_tool_use_multi_turn,0.9,low,0,True,0.00030010000000000003,0.0127212,0.012421100000000001,True
bfcl_multi_turn_long_context_186_step_4,multi_turn_long_context_186,4,low,low,low,stay,False,bfcl,bfcl_tool_use_multi_turn,0.9,low,0,True,0.0003333,0.0137836,0.0134503,True
bfcl_multi_turn_long_context_186_step_5,multi_turn_long_context_186,5,low,low,low,stay,False,bfcl,bfcl_tool_use_multi_turn,0.9,low,0,True,0.00038720000000000003,0.015508399999999999,0.015121199999999998,True
bfcl_multi_turn_long_context_186_step_6,multi_turn_long_context_186,6,low,low,low,stay,False,bfcl,bfcl_tool_use_multi_turn,0.9,low,0,True,0.0004247000000000001,0.0167084,0.0162837,True
bfcl_multi_turn_long_context_2_step_1,multi_turn_long_context_2,1,low,low,,start,False,bfcl,bfcl_tool_use_multi_turn,0.9,low,0,True,0.0001109,0.0066668,0.0065559,True
bfcl_multi_turn_long_context_2_step_2,multi_turn_long_context_2,2,low,low,low,stay,False,bfcl,bfcl_tool_use_multi_turn,0.9,low,0,True,0.00015869999999999998,0.0081964,0.0080377,True
bfcl_multi_turn_long_context_2_step_3,multi_turn_long_context_2,3,low,low,low,stay,False,bfcl,bfcl_tool_use_multi_turn,0.9,low,0,True,0.0001845,0.009021999999999999,0.008837499999999998,True
bfcl_multi_turn_long_context_2_step_4,multi_turn_long_context_2,4,low,low,low,stay,False,bfcl,bfcl_tool_use_multi_turn,0.9,low,0,True,0.0003114,0.013082799999999999,0.012771399999999999,True
bfcl_multi_turn_long_context_2_step_5,multi_turn_long_context_2,5,low,low,low,stay,False,bfcl,bfcl_tool_use_multi_turn,0.9,low,0,True,0.00038800000000000005,0.015534,0.015146,True
bfcl_multi_turn_long_context_3_step_1,multi_turn_long_context_3,1,low,low,,start,False,bfcl,bfcl_tool_use_multi_turn,0.9,low,0,True,0.00011190000000000001,0.0066987999999999995,0.0065869,True
bfcl_multi_turn_long_context_3_step_2,multi_turn_long_context_3,2,low,low,low,stay,False,bfcl,bfcl_tool_use_multi_turn,0.9,low,0,True,0.000135,0.007437999999999999,0.007303,True
bfcl_multi_turn_long_context_38_step_1,multi_turn_long_context_38,1,mid,mid,,start,False,bfcl,bfcl_tool_use_multi_turn,0.9,mid,1,True,0.0004937,0.006708399999999999,0.006214699999999999,True
bfcl_multi_turn_long_context_38_step_2,multi_turn_long_context_38,2,low,mid,mid,sticky_hold,True,bfcl,bfcl_tool_use_multi_turn,0.9,low,0,True,0.0011755000000000001,0.012942,0.011766500000000001,True
bfcl_multi_turn_long_context_4_step_1,multi_turn_long_context_4,1,mid,mid,,start,False,bfcl,bfcl_tool_use_multi_turn,0.9,mid,1,True,0.00048670000000000007,0.006644399999999999,0.006157699999999999,True
bfcl_multi_turn_long_context_4_step_2,multi_turn_long_context_4,2,low,mid,mid,sticky_hold,True,bfcl,bfcl_tool_use_multi_turn,0.9,low,0,True,0.0008885000000000001,0.010317999999999999,0.009429499999999999,True
bfcl_multi_turn_long_context_4_step_3,multi_turn_long_context_4,3,mid,mid,mid,stay,False,bfcl,bfcl_tool_use_multi_turn,0.9,mid,1,True,0.0009837000000000001,0.011188400000000001,0.0102047,True
bfcl_multi_turn_long_context_46_step_1,multi_turn_long_context_46,1,mid_high,mid_high,,start,False,bfcl,bfcl_tool_use_multi_turn,0.9,mid_high,2,True,0.0019194000000000001,0.0066188,0.0046994,True
bfcl_multi_turn_long_context_5_step_1,multi_turn_long_context_5,1,low,low,,start,False,bfcl,bfcl_tool_use_multi_turn,0.9,low,0,True,0.00011140000000000001,0.0066828,0.0065714,True
bfcl_multi_turn_long_context_5_step_2,multi_turn_long_context_5,2,low,low,low,stay,False,bfcl,bfcl_tool_use_multi_turn,0.9,low,0,True,0.0001485,0.00787,0.0077215,True
bfcl_multi_turn_long_context_5_step_3,multi_turn_long_context_5,3,low,low,low,stay,False,bfcl,bfcl_tool_use_multi_turn,0.9,low,0,True,0.0003519,0.014378799999999999,0.014026899999999998,True
bfcl_multi_turn_long_context_5_step_4,multi_turn_long_context_5,4,low,low,low,stay,False,bfcl,bfcl_tool_use_multi_turn,0.9,low,0,True,0.0003798,0.0152716,0.0148918,True
bfcl_multi_turn_long_context_7_step_1,multi_turn_long_context_7,1,low,low,,start,False,bfcl,bfcl_tool_use_multi_turn,0.9,low,0,True,0.0001133,0.0067436,0.0066302999999999996,True
bfcl_multi_turn_long_context_7_step_2,multi_turn_long_context_7,2,low,low,low,stay,False,bfcl,bfcl_tool_use_multi_turn,0.9,low,0,True,0.0001318,0.0073356,0.007203800000000001,True
bfcl_multi_turn_long_context_7_step_3,multi_turn_long_context_7,3,low,low,low,stay,False,bfcl,bfcl_tool_use_multi_turn,0.9,low,0,True,0.000137,0.007502,0.007365,True
bfcl_multiple_103_step_1,multiple_103,1,low,low,,start,False,bfcl,bfcl_tool_use_single_turn,0.9,low,0,True,0.0001097,0.0066284,0.0065187,True
bfcl_multiple_104_step_1,multiple_104,1,low,low,,start,False,bfcl,bfcl_tool_use_single_turn,0.9,low,0,True,0.0001096,0.0066251999999999995,0.0065156,True
bfcl_multiple_106_step_1,multiple_106,1,low,low,,start,False,bfcl,bfcl_tool_use_single_turn,0.9,low,0,True,0.0001097,0.0066284,0.0065187,True
bfcl_multiple_113_step_1,multiple_113,1,low,low,,start,False,bfcl,bfcl_tool_use_single_turn,0.9,low,0,True,0.0001125,0.006718,0.0066055,True
bfcl_multiple_115_step_1,multiple_115,1,low,low,,start,False,bfcl,bfcl_tool_use_single_turn,0.9,low,0,True,0.00011009999999999999,0.006641199999999999,0.006531099999999999,True
bfcl_multiple_119_step_1,multiple_119,1,low,low,,start,False,bfcl,bfcl_tool_use_single_turn,0.9,low,0,True,0.0001099,0.0066348,0.0065249,True
bfcl_multiple_120_step_1,multiple_120,1,low,low,,start,False,bfcl,bfcl_tool_use_single_turn,0.9,low,0,True,0.0001098,0.0066316,0.0065217999999999995,True
bfcl_multiple_122_step_1,multiple_122,1,low,low,,start,False,bfcl,bfcl_tool_use_single_turn,0.9,low,0,True,0.0001115,0.006685999999999999,0.0065745,True
bfcl_multiple_127_step_1,multiple_127,1,low,low,,start,False,bfcl,bfcl_tool_use_single_turn,0.9,low,0,True,0.000111,0.00667,0.006559,True
bfcl_multiple_128_step_1,multiple_128,1,low,low,,start,False,bfcl,bfcl_tool_use_single_turn,0.9,low,0,True,0.0001113,0.0066796,0.0065683,True
bfcl_multiple_98_step_1,multiple_98,1,low,low,,start,False,bfcl,bfcl_tool_use_single_turn,0.9,low,0,True,0.00010899999999999999,0.006606,0.006497,True
swebench_pallets__flask-5014_step_1,pallets__flask-5014,1,low,low,,start,False,swebench,code_swe,0.9,low,0,True,0.000226,0.01035,0.010124,True
swebench_pallets__flask-5014_step_2,pallets__flask-5014,2,mid_high,mid_high,low,escalate,False,swebench,code_swe,0.9,mid_high,2,True,0.0036211000000000004,0.0115692,0.0079481,True
swebench_pallets__flask-5014_step_3,pallets__flask-5014,3,high,high,mid_high,escalate,False,swebench,code_swe,0.9,high,3,True,0.0117036,0.0117036,0.0,True
swebench_pallets__flask-5014_step_4,pallets__flask-5014,4,high,high,high,stay,False,swebench,code_swe,0.9,high,3,True,0.019991599999999998,0.019991599999999998,0.0,True
swebench_pallets__flask-5014_step_5,pallets__flask-5014,5,mid,high,high,sticky_hold,True,swebench,code_swe,0.9,mid,1,True,0.0249036,0.0249036,0.0,True
swebench_pallets__flask-5014_step_6,pallets__flask-5014,6,high,high,high,stay,False,swebench,code_swe,0.9,high,3,True,0.0252908,0.0252908,0.0,True
swebench_pallets__flask-5014_step_7,pallets__flask-5014,7,low,high,high,sticky_hold,True,swebench,code_swe,0.9,low,0,True,0.026266800000000003,0.026266800000000003,0.0,True
bfcl_parallel_multiple_0_step_1,parallel_multiple_0,1,low,low,,start,False,bfcl,bfcl_tool_use_single_turn,0.9,low,0,True,0.00011059999999999999,0.006657199999999999,0.0065466,True
bfcl_parallel_multiple_1_step_1,parallel_multiple_1,1,low,low,,start,False,bfcl,bfcl_tool_use_single_turn,0.9,low,0,True,0.0001104,0.0066508,0.0065404,True
bfcl_parallel_multiple_10_step_1,parallel_multiple_10,1,low,low,,start,False,bfcl,bfcl_tool_use_single_turn,0.9,low,0,True,0.0001112,0.006676399999999999,0.006565199999999999,True
bfcl_parallel_multiple_136_step_1,parallel_multiple_136,1,low,low,,start,False,bfcl,bfcl_tool_use_single_turn,0.9,low,0,True,0.00012670000000000002,0.007172399999999999,0.0070456999999999985,True
bfcl_parallel_multiple_137_step_1,parallel_multiple_137,1,low,low,,start,False,bfcl,bfcl_tool_use_single_turn,0.9,low,0,True,0.0001172,0.006868399999999999,0.0067512,True
bfcl_parallel_multiple_139_step_1,parallel_multiple_139,1,low,low,,start,False,bfcl,bfcl_tool_use_single_turn,0.9,low,0,True,0.0001378,0.0075276,0.0073898,True
bfcl_parallel_multiple_14_step_1,parallel_multiple_14,1,low,low,,start,False,bfcl,bfcl_tool_use_single_turn,0.9,low,0,True,0.0001122,0.006708399999999999,0.006596199999999999,True
bfcl_parallel_multiple_145_step_1,parallel_multiple_145,1,low,low,,start,False,bfcl,bfcl_tool_use_single_turn,0.9,low,0,True,0.0001329,0.007370799999999999,0.007237899999999999,True
bfcl_parallel_multiple_147_step_1,parallel_multiple_147,1,low,low,,start,False,bfcl,bfcl_tool_use_single_turn,0.9,low,0,True,0.00012190000000000001,0.0070187999999999995,0.006896899999999999,True
bfcl_parallel_multiple_151_step_1,parallel_multiple_151,1,low,low,,start,False,bfcl,bfcl_tool_use_single_turn,0.9,low,0,True,0.0001285,0.0072299999999999994,0.007101499999999999,True
bfcl_parallel_multiple_153_step_1,parallel_multiple_153,1,low,low,,start,False,bfcl,bfcl_tool_use_single_turn,0.9,low,0,True,0.0001258,0.0071436,0.0070178,True
bfcl_parallel_multiple_158_step_1,parallel_multiple_158,1,low,low,,start,False,bfcl,bfcl_tool_use_single_turn,0.9,low,0,True,0.0001242,0.0070924,0.0069682,True
bfcl_parallel_multiple_159_step_1,parallel_multiple_159,1,low,low,,start,False,bfcl,bfcl_tool_use_single_turn,0.9,low,0,True,0.0001229,0.007050799999999999,0.006927899999999999,True
bfcl_parallel_multiple_167_step_1,parallel_multiple_167,1,low,low,,start,False,bfcl,bfcl_tool_use_single_turn,0.9,low,0,True,0.00012020000000000001,0.006964399999999999,0.006844199999999999,True
bfcl_parallel_multiple_170_step_1,parallel_multiple_170,1,low,low,,start,False,bfcl,bfcl_tool_use_single_turn,0.9,low,0,True,0.0001301,0.0072812,0.0071511,True
bfcl_parallel_multiple_179_step_1,parallel_multiple_179,1,low,low,,start,False,bfcl,bfcl_tool_use_single_turn,0.9,low,0,True,0.00012330000000000002,0.0070636,0.0069403,True
bfcl_parallel_multiple_188_step_1,parallel_multiple_188,1,low,low,,start,False,bfcl,bfcl_tool_use_single_turn,0.9,low,0,True,0.0001258,0.0071436,0.0070178,True
bfcl_parallel_multiple_189_step_1,parallel_multiple_189,1,low,low,,start,False,bfcl,bfcl_tool_use_single_turn,0.9,low,0,True,0.0001197,0.0069483999999999995,0.006828699999999999,True
bfcl_parallel_multiple_191_step_1,parallel_multiple_191,1,low,low,,start,False,bfcl,bfcl_tool_use_single_turn,0.9,low,0,True,0.00012450000000000002,0.007102,0.0069775,True
bfcl_parallel_multiple_193_step_1,parallel_multiple_193,1,low,low,,start,False,bfcl,bfcl_tool_use_single_turn,0.9,low,0,True,0.0001192,0.006932399999999999,0.006813199999999999,True
bfcl_parallel_multiple_194_step_1,parallel_multiple_194,1,low,low,,start,False,bfcl,bfcl_tool_use_single_turn,0.9,low,0,True,0.00012690000000000002,0.0071788,0.0070519,True
bfcl_parallel_multiple_195_step_1,parallel_multiple_195,1,low,low,,start,False,bfcl,bfcl_tool_use_single_turn,0.9,low,0,True,0.0001228,0.0070476,0.0069248,True
bfcl_parallel_multiple_2_step_1,parallel_multiple_2,1,low,low,,start,False,bfcl,bfcl_tool_use_single_turn,0.9,low,0,True,0.00011070000000000001,0.0066603999999999995,0.0065496999999999994,True
bfcl_parallel_multiple_20_step_1,parallel_multiple_20,1,low,low,,start,False,bfcl,bfcl_tool_use_single_turn,0.9,low,0,True,0.00011059999999999999,0.006657199999999999,0.0065466,True
bfcl_parallel_multiple_22_step_1,parallel_multiple_22,1,low,low,,start,False,bfcl,bfcl_tool_use_single_turn,0.9,low,0,True,0.0001108,0.0066635999999999996,0.006552799999999999,True
bfcl_parallel_multiple_3_step_1,parallel_multiple_3,1,low,low,,start,False,bfcl,bfcl_tool_use_single_turn,0.9,low,0,True,0.00011,0.006638,0.006528,True
bfcl_parallel_multiple_30_step_1,parallel_multiple_30,1,low,low,,start,False,bfcl,bfcl_tool_use_single_turn,0.9,low,0,True,0.0001118,0.0066956,0.006583800000000001,True
bfcl_parallel_multiple_4_step_1,parallel_multiple_4,1,low,low,,start,False,bfcl,bfcl_tool_use_single_turn,0.9,low,0,True,0.0001104,0.0066508,0.0065404,True
bfcl_parallel_multiple_40_step_1,parallel_multiple_40,1,low,low,,start,False,bfcl,bfcl_tool_use_single_turn,0.9,low,0,True,0.000111,0.00667,0.006559,True
bfcl_parallel_multiple_41_step_1,parallel_multiple_41,1,low,low,,start,False,bfcl,bfcl_tool_use_single_turn,0.9,low,0,True,0.000111,0.00667,0.006559,True
bfcl_parallel_multiple_42_step_1,parallel_multiple_42,1,low,low,,start,False,bfcl,bfcl_tool_use_single_turn,0.9,low,0,True,0.00011240000000000001,0.0067148,0.0066024,True
bfcl_parallel_multiple_46_step_1,parallel_multiple_46,1,low,low,,start,False,bfcl,bfcl_tool_use_single_turn,0.9,low,0,True,0.00011140000000000001,0.0066828,0.0065714,True
bfcl_parallel_multiple_59_step_1,parallel_multiple_59,1,low,low,,start,False,bfcl,bfcl_tool_use_single_turn,0.9,low,0,True,0.0001265,0.007166,0.0070395,True
swebench_psf__requests-1142_step_1,psf__requests-1142,1,low,low,,start,False,swebench,code_swe,0.9,low,0,True,0.0002307,0.0105004,0.0102697,True
swebench_psf__requests-1142_step_2,psf__requests-1142,2,high,high,low,escalate,False,swebench,code_swe,0.9,high,3,True,0.0115692,0.0115692,0.0,True
swebench_psf__requests-1142_step_3,psf__requests-1142,3,high,high,high,stay,False,swebench,code_swe,0.9,high,3,True,0.0132332,0.0132332,0.0,True
swebench_psf__requests-1142_step_4,psf__requests-1142,4,low,high,high,sticky_hold,True,swebench,code_swe,0.9,low,0,True,0.0173484,0.0173484,0.0,True
swebench_psf__requests-1142_step_5,psf__requests-1142,5,high,high,high,stay,False,swebench,code_swe,0.9,high,3,True,0.017738800000000002,0.017738800000000002,0.0,True
swebench_psf__requests-1142_step_6,psf__requests-1142,6,high,high,high,stay,False,swebench,code_swe,0.9,high,3,True,0.020730800000000004,0.020730800000000004,0.0,True
swebench_psf__requests-1142_step_7,psf__requests-1142,7,high,high,high,stay,False,swebench,code_swe,0.9,high,3,True,0.022490800000000002,0.022490800000000002,0.0,True
swebench_psf__requests-1142_step_8,psf__requests-1142,8,low,high,high,sticky_hold,True,swebench,code_swe,0.9,low,0,True,0.022810800000000003,0.022810800000000003,0.0,True
swebench_psf__requests-1142_step_9,psf__requests-1142,9,low,high,high,sticky_hold,True,swebench,code_swe,0.9,low,0,True,0.023629999999999998,0.023629999999999998,0.0,True
swebench_psf__requests-1724_step_1,psf__requests-1724,1,low,low,,start,False,swebench,code_swe,0.9,low,0,True,0.00040800000000000005,0.016174,0.015766000000000002,True
swebench_psf__requests-1724_step_2,psf__requests-1724,2,high,high,low,escalate,False,swebench,code_swe,0.9,high,3,True,0.017034800000000003,0.017034800000000003,0.0,True
swebench_psf__requests-1724_step_3,psf__requests-1724,3,high,high,high,stay,False,swebench,code_swe,0.9,high,3,True,0.0208812,0.0208812,0.0,True
swebench_psf__requests-1724_step_4,psf__requests-1724,4,high,high,high,stay,False,swebench,code_swe,0.9,high,3,True,0.0251628,0.0251628,0.0,True
swebench_psf__requests-1724_step_5,psf__requests-1724,5,low,high,high,sticky_hold,True,swebench,code_swe,0.9,low,0,True,0.0294604,0.0294604,0.0,True
swebench_psf__requests-1724_step_6,psf__requests-1724,6,high,high,high,stay,False,swebench,code_swe,0.9,high,3,True,0.030772400000000002,0.030772400000000002,0.0,True
swebench_psf__requests-1724_step_7,psf__requests-1724,7,high,high,high,stay,False,swebench,code_swe,0.9,high,3,True,0.028045999999999998,0.028045999999999998,0.0,True
swebench_psf__requests-1724_step_8,psf__requests-1724,8,mid_high,high,high,sticky_hold,True,swebench,code_swe,0.9,mid_high,2,True,0.0286028,0.0286028,0.0,True
swebench_psf__requests-1724_step_9,psf__requests-1724,9,low,high,high,sticky_hold,True,swebench,code_swe,0.9,low,0,True,0.028740400000000003,0.028740400000000003,0.0,True
swebench_psf__requests-1724_step_10,psf__requests-1724,10,low,high,high,sticky_hold,True,swebench,code_swe,0.9,low,0,True,0.029284400000000002,0.029284400000000002,0.0,True
swebench_pydata__xarray-2905_step_1,pydata__xarray-2905,1,mid_high,mid_high,,start,False,swebench,code_swe,0.9,mid_high,2,True,0.0037355,0.011902,0.0081665,True
swebench_pydata__xarray-2905_step_2,pydata__xarray-2905,2,high,high,mid_high,escalate,False,swebench,code_swe,0.9,high,3,True,0.012964400000000001,0.012964400000000001,0.0,True
swebench_pydata__xarray-2905_step_3,pydata__xarray-2905,3,high,high,high,stay,False,swebench,code_swe,0.9,high,3,True,0.0214764,0.0214764,0.0,True
swebench_pydata__xarray-2905_step_4,pydata__xarray-2905,4,high,high,high,stay,False,swebench,code_swe,0.9,high,3,True,0.02675,0.02675,0.0,True
swebench_pydata__xarray-2905_step_5,pydata__xarray-2905,5,low,high,high,sticky_hold,True,swebench,code_swe,0.9,low,0,True,0.028862,0.028862,0.0,True
swebench_pydata__xarray-2905_step_6,pydata__xarray-2905,6,high,high,high,stay,False,swebench,code_swe,0.9,high,3,True,0.0298572,0.0298572,0.0,True
swebench_pydata__xarray-2905_step_7,pydata__xarray-2905,7,low,high,high,sticky_hold,True,swebench,code_swe,0.9,low,0,True,0.0305516,0.0305516,0.0,True
swebench_pydata__xarray-2905_step_8,pydata__xarray-2905,8,low,high,high,sticky_hold,True,swebench,code_swe,0.9,low,0,True,0.0312044,0.0312044,0.0,True
swebench_pydata__xarray-3095_step_1,pydata__xarray-3095,1,low,low,,start,False,swebench,code_swe,0.9,low,0,True,0.0002914,0.012442799999999999,0.012151399999999998,True
swebench_pydata__xarray-3095_step_2,pydata__xarray-3095,2,mid_high,mid_high,low,escalate,False,swebench,code_swe,0.9,mid_high,2,True,0.0041392,0.013076400000000002,0.008937200000000003,True
swebench_pydata__xarray-3095_step_3,pydata__xarray-3095,3,high,high,mid_high,escalate,False,swebench,code_swe,0.9,high,3,True,0.0144972,0.0144972,0.0,True
swebench_pydata__xarray-3095_step_4,pydata__xarray-3095,4,high,high,high,stay,False,swebench,code_swe,0.9,high,3,True,0.0261388,0.0261388,0.0,True
swebench_pydata__xarray-3095_step_5,pydata__xarray-3095,5,high,high,high,stay,False,swebench,code_swe,0.9,high,3,True,0.032634800000000005,0.032634800000000005,0.0,True
swebench_pydata__xarray-3095_step_6,pydata__xarray-3095,6,high,high,high,stay,False,swebench,code_swe,0.9,high,3,True,0.032606,0.032606,0.0,True
swebench_pydata__xarray-3095_step_7,pydata__xarray-3095,7,high,high,high,stay,False,swebench,code_swe,0.9,high,3,True,0.032654,0.032654,0.0,True
swebench_pydata__xarray-3095_step_8,pydata__xarray-3095,8,high,high,high,stay,False,swebench,code_swe,0.9,high,3,True,0.03265080000000001,0.03265080000000001,0.0,True
swebench_pydata__xarray-3095_step_9,pydata__xarray-3095,9,low,high,high,sticky_hold,True,swebench,code_swe,0.9,low,0,True,0.032695600000000005,0.032695600000000005,0.0,True
swebench_pydata__xarray-3095_step_10,pydata__xarray-3095,10,high,high,high,stay,False,swebench,code_swe,0.9,high,3,True,0.032609200000000005,0.032609200000000005,0.0,True
swebench_pylint-dev__pylint-4551_step_1,pylint-dev__pylint-4551,1,low,low,,start,False,swebench,code_swe,0.9,low,0,True,0.0002406,0.0108172,0.0105766,True
swebench_pylint-dev__pylint-4551_step_2,pylint-dev__pylint-4551,2,high,high,low,escalate,False,swebench,code_swe,0.9,high,3,True,0.012500400000000002,0.012500400000000002,0.0,True
swebench_pylint-dev__pylint-4551_step_3,pylint-dev__pylint-4551,3,high,high,high,stay,False,swebench,code_swe,0.9,high,3,True,0.0215116,0.0215116,0.0,True
swebench_pylint-dev__pylint-4551_step_4,pylint-dev__pylint-4551,4,mid_high,high,high,sticky_hold,True,swebench,code_swe,0.9,mid_high,2,True,0.02939,0.02939,0.0,True
swebench_pylint-dev__pylint-4551_step_5,pylint-dev__pylint-4551,5,high,high,high,stay,False,swebench,code_swe,0.9,high,3,True,0.0301836,0.0301836,0.0,True
swebench_pylint-dev__pylint-4551_step_6,pylint-dev__pylint-4551,6,high,high,high,stay,False,swebench,code_swe,0.9,high,3,True,0.032702,0.032702,0.0,True
swebench_pylint-dev__pylint-4551_step_7,pylint-dev__pylint-4551,7,high,high,high,stay,False,swebench,code_swe,0.9,high,3,True,0.031937200000000006,0.031937200000000006,0.0,True
swebench_pylint-dev__pylint-4551_step_8,pylint-dev__pylint-4551,8,high,high,high,stay,False,swebench,code_swe,0.9,high,3,True,0.0311692,0.0311692,0.0,True
swebench_pylint-dev__pylint-4551_step_9,pylint-dev__pylint-4551,9,high,high,high,stay,False,swebench,code_swe,0.9,high,3,True,0.03147320000000001,0.03147320000000001,0.0,True
swebench_pylint-dev__pylint-4551_step_10,pylint-dev__pylint-4551,10,low,high,high,sticky_hold,True,swebench,code_swe,0.9,low,0,True,0.03234360000000001,0.03234360000000001,0.0,True
swebench_pylint-dev__pylint-4604_step_1,pylint-dev__pylint-4604,1,low,low,,start,False,swebench,code_swe,0.9,low,0,True,0.00023830000000000002,0.0107436,0.0105053,True
swebench_pylint-dev__pylint-4604_step_2,pylint-dev__pylint-4604,2,high,high,low,escalate,False,swebench,code_swe,0.9,high,3,True,0.0116876,0.0116876,0.0,True
swebench_pylint-dev__pylint-4604_step_3,pylint-dev__pylint-4604,3,high,high,high,stay,False,swebench,code_swe,0.9,high,3,True,0.017930800000000004,0.017930800000000004,0.0,True
swebench_pylint-dev__pylint-4604_step_4,pylint-dev__pylint-4604,4,mid_high,high,high,sticky_hold,True,swebench,code_swe,0.9,mid_high,2,True,0.0274124,0.0274124,0.0,True
swebench_pylint-dev__pylint-4604_step_5,pylint-dev__pylint-4604,5,mid,high,high,sticky_hold,True,swebench,code_swe,0.9,mid,1,True,0.0304876,0.0304876,0.0,True
swebench_pylint-dev__pylint-4604_step_6,pylint-dev__pylint-4604,6,high,high,high,stay,False,swebench,code_swe,0.9,high,3,True,0.031181999999999998,0.031181999999999998,0.0,True
swebench_pylint-dev__pylint-4604_step_7,pylint-dev__pylint-4604,7,mid_high,high,high,sticky_hold,True,swebench,code_swe,0.9,mid_high,2,True,0.031326,0.031326,0.0,True
swebench_pylint-dev__pylint-4604_step_8,pylint-dev__pylint-4604,8,low,high,high,sticky_hold,True,swebench,code_swe,0.9,low,0,True,0.0319532,0.0319532,0.0,True
swebench_pytest-dev__pytest-10051_step_1,pytest-dev__pytest-10051,1,mid_high,mid_high,,start,False,swebench,code_swe,0.9,mid_high,2,True,0.0035254,0.011290799999999998,0.007765399999999999,True
swebench_pytest-dev__pytest-10051_step_2,pytest-dev__pytest-10051,2,high,high,mid_high,escalate,False,swebench,code_swe,0.9,high,3,True,0.0120652,0.0120652,0.0,True
swebench_pytest-dev__pytest-10051_step_3,pytest-dev__pytest-10051,3,high,high,high,stay,False,swebench,code_swe,0.9,high,3,True,0.0174284,0.0174284,0.0,True
swebench_pytest-dev__pytest-10051_step_4,pytest-dev__pytest-10051,4,low,high,high,sticky_hold,True,swebench,code_swe,0.9,low,0,True,0.0217996,0.0217996,0.0,True
swebench_pytest-dev__pytest-10081_step_1,pytest-dev__pytest-10081,1,low,low,,start,False,swebench,code_swe,0.9,low,0,True,0.00029380000000000004,0.0125196,0.0122258,True
swebench_pytest-dev__pytest-10081_step_2,pytest-dev__pytest-10081,2,mid,mid,low,escalate,False,swebench,code_swe,0.9,mid,1,True,0.0012143499999999999,0.0132972,0.012082850000000001,True
swebench_pytest-dev__pytest-10081_step_3,pytest-dev__pytest-10081,3,high,high,mid,escalate,False,swebench,code_swe,0.9,high,3,True,0.0194732,0.0194732,0.0,True
swebench_pytest-dev__pytest-10081_step_4,pytest-dev__pytest-10081,4,high,high,high,stay,False,swebench,code_swe,0.9,high,3,True,0.0222028,0.0222028,0.0,True
swebench_pytest-dev__pytest-10081_step_5,pytest-dev__pytest-10081,5,mid_high,high,high,sticky_hold,True,swebench,code_swe,0.9,mid_high,2,True,0.0228268,0.0228268,0.0,True
swebench_pytest-dev__pytest-10081_step_6,pytest-dev__pytest-10081,6,high,high,high,stay,False,swebench,code_swe,0.9,high,3,True,0.0232332,0.0232332,0.0,True
swebench_pytest-dev__pytest-10081_step_7,pytest-dev__pytest-10081,7,high,high,high,stay,False,swebench,code_swe,0.9,high,3,True,0.026890800000000003,0.026890800000000003,0.0,True
swebench_pytest-dev__pytest-10081_step_8,pytest-dev__pytest-10081,8,high,high,high,stay,False,swebench,code_swe,0.9,high,3,True,0.0285772,0.0285772,0.0,True
swebench_pytest-dev__pytest-10081_step_9,pytest-dev__pytest-10081,9,high,high,high,stay,False,swebench,code_swe,0.9,high,3,True,0.0293772,0.0293772,0.0,True
swebench_pytest-dev__pytest-10081_step_10,pytest-dev__pytest-10081,10,low,high,high,sticky_hold,True,swebench,code_swe,0.9,low,0,True,0.030228400000000002,0.030228400000000002,0.0,True
swebench_scikit-learn__scikit-learn-10297_step_1,scikit-learn__scikit-learn-10297,1,mid_high,mid_high,,start,False,swebench,code_swe,0.9,mid_high,2,True,0.0035661000000000004,0.0114092,0.007843099999999999,True
swebench_scikit-learn__scikit-learn-10297_step_2,scikit-learn__scikit-learn-10297,2,mid_high,mid_high,mid_high,stay,False,swebench,code_swe,0.9,mid_high,2,True,0.0038565,0.012254,0.008397499999999999,True
swebench_scikit-learn__scikit-learn-10297_step_3,scikit-learn__scikit-learn-10297,3,high,high,mid_high,escalate,False,swebench,code_swe,0.9,high,3,True,0.012602799999999999,0.012602799999999999,0.0,True
swebench_scikit-learn__scikit-learn-10297_step_4,scikit-learn__scikit-learn-10297,4,high,high,high,stay,False,swebench,code_swe,0.9,high,3,True,0.0161036,0.0161036,0.0,True
swebench_scikit-learn__scikit-learn-10297_step_5,scikit-learn__scikit-learn-10297,5,low,high,high,sticky_hold,True,swebench,code_swe,0.9,low,0,True,0.024929200000000002,0.024929200000000002,0.0,True
swebench_scikit-learn__scikit-learn-10297_step_6,scikit-learn__scikit-learn-10297,6,mid_high,high,high,sticky_hold,True,swebench,code_swe,0.9,mid_high,2,True,0.0264684,0.0264684,0.0,True
swebench_scikit-learn__scikit-learn-10297_step_7,scikit-learn__scikit-learn-10297,7,low,high,high,sticky_hold,True,swebench,code_swe,0.9,low,0,True,0.0279404,0.0279404,0.0,True
swebench_scikit-learn__scikit-learn-10297_step_8,scikit-learn__scikit-learn-10297,8,high,high,high,stay,False,swebench,code_swe,0.9,high,3,True,0.030295600000000002,0.030295600000000002,0.0,True
swebench_scikit-learn__scikit-learn-10297_step_9,scikit-learn__scikit-learn-10297,9,mid,high,high,sticky_hold,True,swebench,code_swe,0.9,mid,1,True,0.0306892,0.0306892,0.0,True
swebench_scikit-learn__scikit-learn-10297_step_10,scikit-learn__scikit-learn-10297,10,mid,high,high,sticky_hold,True,swebench,code_swe,0.9,mid,1,True,0.03154680000000001,0.03154680000000001,0.0,True
swebench_scikit-learn__scikit-learn-10844_step_1,scikit-learn__scikit-learn-10844,1,low,low,,start,False,swebench,code_swe,0.9,low,0,True,0.00028110000000000006,0.012113200000000001,0.011832100000000002,True
swebench_scikit-learn__scikit-learn-10844_step_2,scikit-learn__scikit-learn-10844,2,high,high,low,escalate,False,swebench,code_swe,0.9,high,3,True,0.0129772,0.0129772,0.0,True
swebench_scikit-learn__scikit-learn-10844_step_3,scikit-learn__scikit-learn-10844,3,high,high,high,stay,False,swebench,code_swe,0.9,high,3,True,0.015118,0.015118,0.0,True
swebench_scikit-learn__scikit-learn-10844_step_4,scikit-learn__scikit-learn-10844,4,high,high,high,stay,False,swebench,code_swe,0.9,high,3,True,0.017118,0.017118,0.0,True
swebench_scikit-learn__scikit-learn-10844_step_5,scikit-learn__scikit-learn-10844,5,low,high,high,sticky_hold,True,swebench,code_swe,0.9,low,0,True,0.0172684,0.0172684,0.0,True
swebench_scikit-learn__scikit-learn-10844_step_6,scikit-learn__scikit-learn-10844,6,low,high,high,sticky_hold,True,swebench,code_swe,0.9,low,0,True,0.017886,0.017886,0.0,True
swebench_sphinx-doc__sphinx-10323_step_1,sphinx-doc__sphinx-10323,1,mid,mid,,start,False,swebench,code_swe,0.9,mid,1,True,0.00114645,0.0126764,0.01152995,True
swebench_sphinx-doc__sphinx-10323_step_2,sphinx-doc__sphinx-10323,2,mid_high,mid_high,mid,escalate,False,swebench,code_swe,0.9,mid_high,2,True,0.0041282,0.013044400000000001,0.0089162,True
swebench_sphinx-doc__sphinx-10323_step_3,sphinx-doc__sphinx-10323,3,mid,mid_high,mid_high,sticky_hold,True,swebench,code_swe,0.9,mid,1,True,0.007129,0.021773999999999998,0.014644999999999998,True
swebench_sphinx-doc__sphinx-10323_step_4,sphinx-doc__sphinx-10323,4,high,high,mid_high,escalate,False,swebench,code_swe,0.9,high,3,True,0.02731,0.02731,0.0,True
swebench_sphinx-doc__sphinx-10323_step_5,sphinx-doc__sphinx-10323,5,high,high,high,stay,False,swebench,code_swe,0.9,high,3,True,0.0286828,0.0286828,0.0,True
swebench_sphinx-doc__sphinx-10323_step_6,sphinx-doc__sphinx-10323,6,mid,high,high,sticky_hold,True,swebench,code_swe,0.9,mid,1,True,0.030346800000000004,0.030346800000000004,0.0,True
swebench_sphinx-doc__sphinx-10323_step_7,sphinx-doc__sphinx-10323,7,high,high,high,stay,False,swebench,code_swe,0.9,high,3,True,0.030862,0.030862,0.0,True
swebench_sphinx-doc__sphinx-10323_step_8,sphinx-doc__sphinx-10323,8,high,high,high,stay,False,swebench,code_swe,0.9,high,3,True,0.031758,0.031758,0.0,True
swebench_sphinx-doc__sphinx-10323_step_9,sphinx-doc__sphinx-10323,9,mid_high,high,high,sticky_hold,True,swebench,code_swe,0.9,mid_high,2,True,0.032215600000000004,0.032215600000000004,0.0,True
swebench_sphinx-doc__sphinx-10323_step_10,sphinx-doc__sphinx-10323,10,low,high,high,sticky_hold,True,swebench,code_swe,0.9,low,0,True,0.03171960000000001,0.03171960000000001,0.0,True
swebench_sphinx-doc__sphinx-10435_step_1,sphinx-doc__sphinx-10435,1,low,low,,start,False,swebench,code_swe,0.9,low,0,True,0.0002757000000000001,0.0119404,0.0116647,True
swebench_sphinx-doc__sphinx-10435_step_2,sphinx-doc__sphinx-10435,2,high,high,low,escalate,False,swebench,code_swe,0.9,high,3,True,0.0122892,0.0122892,0.0,True
swebench_sphinx-doc__sphinx-10435_step_3,sphinx-doc__sphinx-10435,3,high,high,high,stay,False,swebench,code_swe,0.9,high,3,True,0.019886,0.019886,0.0,True
swebench_sphinx-doc__sphinx-10435_step_4,sphinx-doc__sphinx-10435,4,high,high,high,stay,False,swebench,code_swe,0.9,high,3,True,0.026382,0.026382,0.0,True
swebench_sphinx-doc__sphinx-10435_step_5,sphinx-doc__sphinx-10435,5,high,high,high,stay,False,swebench,code_swe,0.9,high,3,True,0.026842800000000003,0.026842800000000003,0.0,True
swebench_sphinx-doc__sphinx-10435_step_6,sphinx-doc__sphinx-10435,6,high,high,high,stay,False,swebench,code_swe,0.9,high,3,True,0.0284972,0.0284972,0.0,True
swebench_sphinx-doc__sphinx-10435_step_7,sphinx-doc__sphinx-10435,7,high,high,high,stay,False,swebench,code_swe,0.9,high,3,True,0.0301132,0.0301132,0.0,True
swebench_sphinx-doc__sphinx-10435_step_8,sphinx-doc__sphinx-10435,8,high,high,high,stay,False,swebench,code_swe,0.9,high,3,True,0.031022,0.031022,0.0,True
swebench_sphinx-doc__sphinx-10435_step_9,sphinx-doc__sphinx-10435,9,low,high,high,sticky_hold,True,swebench,code_swe,0.9,low,0,True,0.031962800000000006,0.031962800000000006,0.0,True
swebench_sphinx-doc__sphinx-10449_step_1,sphinx-doc__sphinx-10449,1,low,low,,start,False,swebench,code_swe,0.9,low,0,True,0.0003331000000000001,0.0137772,0.0134441,True
swebench_sphinx-doc__sphinx-10449_step_2,sphinx-doc__sphinx-10449,2,high,high,low,escalate,False,swebench,code_swe,0.9,high,3,True,0.0147852,0.0147852,0.0,True
swebench_sphinx-doc__sphinx-10449_step_3,sphinx-doc__sphinx-10449,3,high,high,high,stay,False,swebench,code_swe,0.9,high,3,True,0.0294732,0.0294732,0.0,True
swebench_sphinx-doc__sphinx-10449_step_4,sphinx-doc__sphinx-10449,4,high,high,high,stay,False,swebench,code_swe,0.9,high,3,True,0.032526000000000006,0.032526000000000006,0.0,True
swebench_sphinx-doc__sphinx-10449_step_5,sphinx-doc__sphinx-10449,5,mid_high,high,high,sticky_hold,True,swebench,code_swe,0.9,mid_high,2,True,0.030414,0.030414,0.0,True
swebench_sphinx-doc__sphinx-10449_step_6,sphinx-doc__sphinx-10449,6,high,high,high,stay,False,swebench,code_swe,0.9,high,3,True,0.0313772,0.0313772,0.0,True
swebench_sphinx-doc__sphinx-10449_step_7,sphinx-doc__sphinx-10449,7,mid,high,high,sticky_hold,True,swebench,code_swe,0.9,mid,1,True,0.032231600000000006,0.032231600000000006,0.0,True
swebench_sphinx-doc__sphinx-10449_step_8,sphinx-doc__sphinx-10449,8,low,high,high,sticky_hold,True,swebench,code_swe,0.9,low,0,True,0.032410800000000003,0.032410800000000003,0.0,True
swebench_sphinx-doc__sphinx-10449_step_9,sphinx-doc__sphinx-10449,9,high,high,high,stay,False,swebench,code_swe,0.9,high,3,True,0.032606,0.032606,0.0,True
swebench_sympy__sympy-11618_step_1,sympy__sympy-11618,1,low,low,,start,False,swebench,code_swe,0.9,low,0,True,0.0002274,0.0103948,0.0101674,True
swebench_sympy__sympy-11618_step_2,sympy__sympy-11618,2,low,low,low,stay,False,swebench,code_swe,0.9,low,0,True,0.00026490000000000004,0.011594799999999999,0.011329899999999999,True
swebench_sympy__sympy-11618_step_3,sympy__sympy-11618,3,low,low,low,stay,False,swebench,code_swe,0.9,low,0,True,0.00027470000000000006,0.011908400000000001,0.011633700000000002,True
swebench_sympy__sympy-11618_step_4,sympy__sympy-11618,4,high,high,low,escalate,False,swebench,code_swe,0.9,high,3,True,0.0167532,0.0167532,0.0,True
swebench_sympy__sympy-11618_step_5,sympy__sympy-11618,5,high,high,high,stay,False,swebench,code_swe,0.9,high,3,True,0.0195852,0.0195852,0.0,True
swebench_sympy__sympy-11618_step_6,sympy__sympy-11618,6,low,high,high,sticky_hold,True,swebench,code_swe,0.9,low,0,True,0.0239596,0.0239596,0.0,True
swebench_sympy__sympy-11618_step_7,sympy__sympy-11618,7,high,high,high,stay,False,swebench,code_swe,0.9,high,3,True,0.0248844,0.0248844,0.0,True
swebench_sympy__sympy-11618_step_8,sympy__sympy-11618,8,high,high,high,stay,False,swebench,code_swe,0.9,high,3,True,0.02587,0.02587,0.0,True
swebench_sympy__sympy-11618_step_9,sympy__sympy-11618,9,high,high,high,stay,False,swebench,code_swe,0.9,high,3,True,0.0272684,0.0272684,0.0,True
swebench_sympy__sympy-11618_step_10,sympy__sympy-11618,10,low,high,high,sticky_hold,True,swebench,code_swe,0.9,low,0,True,0.0275724,0.0275724,0.0,True
swebench_sympy__sympy-11618_step_11,sympy__sympy-11618,11,low,high,high,sticky_hold,True,swebench,code_swe,0.9,low,0,True,0.0283244,0.0283244,0.0,True
swebench_sympy__sympy-12096_step_1,sympy__sympy-12096,1,mid,mid,,start,False,swebench,code_swe,0.9,mid,1,True,0.0009273500000000001,0.0106732,0.00974585,True
swebench_sympy__sympy-12096_step_2,sympy__sympy-12096,2,mid,mid,mid,stay,False,swebench,code_swe,0.9,mid,1,True,0.001032,0.01163,0.010598,True
swebench_sympy__sympy-12096_step_3,sympy__sympy-12096,3,mid_high,mid_high,mid,escalate,False,swebench,code_swe,0.9,mid_high,2,True,0.0037212,0.011860400000000002,0.008139200000000003,True
swebench_sympy__sympy-12096_step_4,sympy__sympy-12096,4,mid_high,mid_high,mid_high,stay,False,swebench,code_swe,0.9,mid_high,2,True,0.0044802,0.014068400000000002,0.009588200000000002,True
swebench_sympy__sympy-12096_step_5,sympy__sympy-12096,5,low,mid_high,mid_high,sticky_hold,True,swebench,code_swe,0.9,low,0,True,0.005261200000000001,0.0163404,0.0110792,True
swebench_sympy__sympy-12096_step_6,sympy__sympy-12096,6,mid_high,mid_high,mid_high,stay,False,swebench,code_swe,0.9,mid_high,2,True,0.006166499999999999,0.018974,0.012807500000000003,True
swebench_sympy__sympy-12096_step_7,sympy__sympy-12096,7,low,mid_high,mid_high,sticky_hold,True,swebench,code_swe,0.9,low,0,True,0.0065625,0.020125999999999998,0.0135635,True
swebench_sympy__sympy-12096_step_8,sympy__sympy-12096,8,mid_high,mid_high,mid_high,stay,False,swebench,code_swe,0.9,mid_high,2,True,0.0066615,0.020413999999999998,0.013752499999999997,True
swebench_sympy__sympy-12096_step_9,sympy__sympy-12096,9,high,high,mid_high,escalate,False,swebench,code_swe,0.9,high,3,True,0.021146800000000004,0.021146800000000004,0.0,True
swebench_sympy__sympy-12096_step_10,sympy__sympy-12096,10,high,high,high,stay,False,swebench,code_swe,0.9,high,3,True,0.0217996,0.0217996,0.0,True
swebench_sympy__sympy-12096_step_11,sympy__sympy-12096,11,high,high,high,stay,False,swebench,code_swe,0.9,high,3,True,0.023092400000000003,0.023092400000000003,0.0,True
swebench_sympy__sympy-12096_step_12,sympy__sympy-12096,12,low,high,high,sticky_hold,True,swebench,code_swe,0.9,low,0,True,0.0232332,0.0232332,0.0,True
swebench_sympy__sympy-12096_step_13,sympy__sympy-12096,13,low,high,high,sticky_hold,True,swebench,code_swe,0.9,low,0,True,0.0237548,0.0237548,0.0,True
swebench_sympy__sympy-12419_step_1,sympy__sympy-12419,1,high,high,,start,False,swebench,code_swe,0.9,high,3,True,0.011108400000000001,0.011108400000000001,0.0,True
swebench_sympy__sympy-12419_step_2,sympy__sympy-12419,2,high,high,high,stay,False,swebench,code_swe,0.9,high,3,True,0.0138348,0.0138348,0.0,True
swebench_sympy__sympy-12419_step_3,sympy__sympy-12419,3,high,high,high,stay,False,swebench,code_swe,0.9,high,3,True,0.016788400000000002,0.016788400000000002,0.0,True
swebench_sympy__sympy-12419_step_4,sympy__sympy-12419,4,high,high,high,stay,False,swebench,code_swe,0.9,high,3,True,0.022679599999999998,0.022679599999999998,0.0,True
swebench_sympy__sympy-12419_step_5,sympy__sympy-12419,5,high,high,high,stay,False,swebench,code_swe,0.9,high,3,True,0.0246188,0.0246188,0.0,True
swebench_sympy__sympy-12419_step_6,sympy__sympy-12419,6,mid,high,high,sticky_hold,True,swebench,code_swe,0.9,mid,1,True,0.026564400000000002,0.026564400000000002,0.0,True
swebench_sympy__sympy-12419_step_7,sympy__sympy-12419,7,mid,high,high,sticky_hold,True,swebench,code_swe,0.9,mid,1,True,0.028702,0.028702,0.0,True
swebench_sympy__sympy-12481_step_1,sympy__sympy-12481,1,low,low,,start,False,swebench,code_swe,0.9,low,0,True,0.0002313,0.0105196,0.0102883,True
swebench_sympy__sympy-12481_step_2,sympy__sympy-12481,2,high,high,low,escalate,False,swebench,code_swe,0.9,high,3,True,0.0108204,0.0108204,0.0,True
swebench_sympy__sympy-12481_step_3,sympy__sympy-12481,3,high,high,high,stay,False,swebench,code_swe,0.9,high,3,True,0.0150156,0.0150156,0.0,True
swebench_sympy__sympy-12481_step_4,sympy__sympy-12481,4,high,high,high,stay,False,swebench,code_swe,0.9,high,3,True,0.018935599999999997,0.018935599999999997,0.0,True
swebench_sympy__sympy-12481_step_5,sympy__sympy-12481,5,high,high,high,stay,False,swebench,code_swe,0.9,high,3,True,0.02499,0.02499,0.0,True
swebench_sympy__sympy-12481_step_6,sympy__sympy-12481,6,high,high,high,stay,False,swebench,code_swe,0.9,high,3,True,0.0267276,0.0267276,0.0,True
swebench_sympy__sympy-12481_step_7,sympy__sympy-12481,7,high,high,high,stay,False,swebench,code_swe,0.9,high,3,True,0.027706800000000004,0.027706800000000004,0.0,True
swebench_sympy__sympy-12481_step_8,sympy__sympy-12481,8,mid_high,high,high,sticky_hold,True,swebench,code_swe,0.9,mid_high,2,True,0.0278572,0.0278572,0.0,True
swebench_sympy__sympy-12481_step_9,sympy__sympy-12481,9,low,high,high,sticky_hold,True,swebench,code_swe,0.9,low,0,True,0.028606,0.028606,0.0,True
pinchbench_task_01_calendar_step_1,task_01_calendar,1,low,low,,start,False,pinchbench,general_agent,0.9,low,0,True,0.00026580000000000006,0.0116236,0.0113578,True
pinchbench_task_01_calendar_step_2,task_01_calendar,2,mid,mid,low,escalate,False,pinchbench,general_agent,0.9,mid,1,True,0.0010589500000000001,0.0118764,0.010817450000000001,True
pinchbench_task_01_calendar_step_3,task_01_calendar,3,low,mid,mid,sticky_hold,True,pinchbench,general_agent,0.9,low,0,True,0.00110585,0.0123052,0.01119935,True
pinchbench_task_01_calendar_step_4,task_01_calendar,4,mid_high,mid_high,mid,escalate,False,pinchbench,general_agent,0.9,mid_high,2,True,0.0041216,0.0130252,0.008903600000000001,True
pinchbench_task_03_blog_step_1,task_03_blog,1,low,low,,start,False,pinchbench,general_agent,0.9,low,0,True,0.00025990000000000003,0.011434799999999998,0.011174899999999998,True
pinchbench_task_03_blog_step_2,task_03_blog,2,low,low,low,stay,False,pinchbench,general_agent,0.9,low,0,True,0.00036960000000000004,0.0149452,0.014575600000000001,True
pinchbench_task_04_weather_step_1,task_04_weather,1,low,low,,start,False,pinchbench,general_agent,0.9,low,0,True,0.00026040000000000004,0.011450799999999999,0.0111904,True
pinchbench_task_04_weather_step_2,task_04_weather,2,low,low,low,stay,False,pinchbench,general_agent,0.9,low,0,True,0.000311,0.01307,0.012759,True
pinchbench_task_04_weather_step_3,task_04_weather,3,mid_high,mid_high,low,escalate,False,pinchbench,general_agent,0.9,mid_high,2,True,0.0047464,0.014842800000000001,0.010096400000000002,True
pinchbench_task_04_weather_step_4,task_04_weather,4,low,mid_high,mid_high,sticky_hold,True,pinchbench,general_agent,0.9,low,0,True,0.004912499999999999,0.015326,0.0104135,True
pinchbench_task_04_weather_step_5,task_04_weather,5,mid_high,mid_high,mid_high,stay,False,pinchbench,general_agent,0.9,mid_high,2,True,0.0054207000000000005,0.0168044,0.0113837,True
pinchbench_task_04_weather_step_6,task_04_weather,6,low,mid_high,mid_high,sticky_hold,True,pinchbench,general_agent,0.9,low,0,True,0.010891,0.032718000000000004,0.021827000000000006,True
pinchbench_task_05_summary_step_1,task_05_summary,1,low,low,,start,False,pinchbench,general_agent,0.9,low,0,True,0.0002597,0.011428400000000002,0.011168700000000002,True
pinchbench_task_05_summary_step_2,task_05_summary,2,low,low,low,stay,False,pinchbench,general_agent,0.9,low,0,True,0.00036530000000000004,0.0148076,0.0144423,True
pinchbench_task_05_summary_step_3,task_05_summary,3,high,high,low,escalate,False,pinchbench,general_agent,0.9,high,3,True,0.015086,0.015086,0.0,True
pinchbench_task_05_summary_step_4,task_05_summary,4,low,high,high,sticky_hold,True,pinchbench,general_agent,0.9,low,0,True,0.016478,0.016478,0.0,True
pinchbench_task_07_email_step_1,task_07_email,1,low,low,,start,False,pinchbench,general_agent,0.9,low,0,True,0.00025990000000000003,0.011434799999999998,0.011174899999999998,True
pinchbench_task_07_email_step_2,task_07_email,2,low,low,low,stay,False,pinchbench,general_agent,0.9,low,0,True,0.00028730000000000004,0.0123116,0.0120243,True
pinchbench_task_09_files_step_1,task_09_files,1,low,low,,start,False,pinchbench,general_agent,0.9,low,0,True,0.00026080000000000005,0.0114636,0.011202799999999999,True
pinchbench_task_09_files_step_2,task_09_files,2,low,low,low,stay,False,pinchbench,general_agent,0.9,low,0,True,0.00029880000000000005,0.0126796,0.012380799999999999,True
pinchbench_task_09_files_step_3,task_09_files,3,low,low,low,stay,False,pinchbench,general_agent,0.9,low,0,True,0.0003021,0.0127852,0.0124831,True
pinchbench_task_11_clawdhub_step_1,task_11_clawdhub,1,low,low,,start,False,pinchbench,general_agent,0.9,low,0,True,0.00026810000000000007,0.0116972,0.0114291,True
pinchbench_task_11_clawdhub_step_2,task_11_clawdhub,2,low,low,low,stay,False,pinchbench,general_agent,0.9,low,0,True,0.00030080000000000005,0.0127436,0.0124428,True
pinchbench_task_11_clawdhub_step_3,task_11_clawdhub,3,low,low,low,stay,False,pinchbench,general_agent,0.9,low,0,True,0.0003402000000000001,0.0140044,0.0136642,True
pinchbench_task_11_clawdhub_step_4,task_11_clawdhub,4,low,low,low,stay,False,pinchbench,general_agent,0.9,low,0,True,0.00035150000000000003,0.014366,0.014014500000000001,True
pinchbench_task_12_skill_search_step_1,task_12_skill_search,1,low,low,,start,False,pinchbench,general_agent,0.9,low,0,True,0.00026970000000000005,0.0117484,0.011478700000000001,True
pinchbench_task_12_skill_search_step_2,task_12_skill_search,2,low,low,low,stay,False,pinchbench,general_agent,0.9,low,0,True,0.00028370000000000007,0.012196400000000001,0.011912700000000002,True
pinchbench_task_12_skill_search_step_3,task_12_skill_search,3,low,low,low,stay,False,pinchbench,general_agent,0.9,low,0,True,0.00028510000000000005,0.0122412,0.0119561,True
pinchbench_task_12_skill_search_step_4,task_12_skill_search,4,low,low,low,stay,False,pinchbench,general_agent,0.9,low,0,True,0.00030070000000000004,0.0127404,0.012439700000000001,True
pinchbench_task_12_skill_search_step_5,task_12_skill_search,5,low,low,low,stay,False,pinchbench,general_agent,0.9,low,0,True,0.00032170000000000007,0.013412400000000001,0.013090700000000002,True
pinchbench_task_12_skill_search_step_6,task_12_skill_search,6,low,low,low,stay,False,pinchbench,general_agent,0.9,low,0,True,0.0004951,0.0189612,0.0184661,True
pinchbench_task_14_humanizer_step_1,task_14_humanizer,1,low,low,,start,False,pinchbench,general_agent,0.9,low,0,True,0.0002665,0.011646,0.0113795,True
pinchbench_task_14_humanizer_step_2,task_14_humanizer,2,low,low,low,stay,False,pinchbench,general_agent,0.9,low,0,True,0.000386,0.01547,0.015084,True
pinchbench_task_14_humanizer_step_3,task_14_humanizer,3,low,low,low,stay,False,pinchbench,general_agent,0.9,low,0,True,0.00047770000000000006,0.0184044,0.0179267,True
pinchbench_task_15_daily_summary_step_1,task_15_daily_summary,1,low,low,,start,False,pinchbench,general_agent,0.9,low,0,True,0.00026460000000000003,0.0115852,0.0113206,True
pinchbench_task_15_daily_summary_step_2,task_15_daily_summary,2,low,low,low,stay,False,pinchbench,general_agent,0.9,low,0,True,0.000277,0.011982,0.011705,True
pinchbench_task_15_daily_summary_step_3,task_15_daily_summary,3,low,low,low,stay,False,pinchbench,general_agent,0.9,low,0,True,0.0003099,0.0130348,0.012724899999999999,True
pinchbench_task_15_daily_summary_step_4,task_15_daily_summary,4,low,low,low,stay,False,pinchbench,general_agent,0.9,low,0,True,0.00034330000000000005,0.014103599999999999,0.0137603,True
pinchbench_task_15_daily_summary_step_5,task_15_daily_summary,5,mid,mid,low,escalate,False,pinchbench,general_agent,0.9,mid,1,True,0.00141385,0.0151212,0.01370735,True
pinchbench_task_16_email_triage_step_1,task_16_email_triage,1,low,low,,start,False,pinchbench,general_agent,0.9,low,0,True,0.000277,0.011982,0.011705,True
pinchbench_task_16_email_triage_step_2,task_16_email_triage,2,low,low,low,stay,False,pinchbench,general_agent,0.9,low,0,True,0.0004934000000000001,0.0189068,0.0184134,True
pinchbench_task_16_email_triage_step_3,task_16_email_triage,3,low,low,low,stay,False,pinchbench,general_agent,0.9,low,0,True,0.0006159000000000002,0.0228268,0.022210900000000002,True
pinchbench_task_19_spreadsheet_summary_step_1,task_19_spreadsheet_summary,1,low,low,,start,False,pinchbench,general_agent,0.9,low,0,True,0.000281,0.01211,0.011829,True
pinchbench_task_19_spreadsheet_summary_step_2,task_19_spreadsheet_summary,2,low,low,low,stay,False,pinchbench,general_agent,0.9,low,0,True,0.00046130000000000005,0.0178796,0.017418299999999998,True
pinchbench_task_19_spreadsheet_summary_step_3,task_19_spreadsheet_summary,3,low,low,low,stay,False,pinchbench,general_agent,0.9,low,0,True,0.00047570000000000007,0.0183404,0.0178647,True
pinchbench_task_19_spreadsheet_summary_step_4,task_19_spreadsheet_summary,4,low,low,low,stay,False,pinchbench,general_agent,0.9,low,0,True,0.0005425,0.020478,0.0199355,True
pinchbench_task_19_spreadsheet_summary_step_5,task_19_spreadsheet_summary,5,mid,mid,low,escalate,False,pinchbench,general_agent,0.9,mid,1,True,0.00194795,0.020004400000000002,0.01805645,True
pinchbench_task_19_spreadsheet_summary_step_6,task_19_spreadsheet_summary,6,low,mid,mid,sticky_hold,True,pinchbench,general_agent,0.9,low,0,True,0.0028778999999999996,0.028506800000000002,0.025628900000000003,True
mtrag_0208bf26ec357a803445290fa88a2e9e_turn_5_step_1,0208bf26ec357a803445290fa88a2e9e_turn_5,1,low,low,,start,False,mtrag,rag_multiturn,0.95,low,0,True,0.00024009999999999998,0.0108012,0.0105611,True
mtrag_0208bf26ec357a803445290fa88a2e9e_turn_6_step_1,0208bf26ec357a803445290fa88a2e9e_turn_6,1,low,low,,start,False,mtrag,rag_multiturn,0.95,low,0,True,0.0002164,0.0100428,0.009826399999999999,True
mtrag_04f83f1199c7ce4d7bef50be70f2db73_turn_2_step_1,04f83f1199c7ce4d7bef50be70f2db73_turn_2,1,low,low,,start,False,mtrag,rag_multiturn,0.95,low,0,True,0.00028960000000000005,0.0123852,0.012095600000000001,True
mtrag_04f83f1199c7ce4d7bef50be70f2db73_turn_3_step_1,04f83f1199c7ce4d7bef50be70f2db73_turn_3,1,low,low,,start,False,mtrag,rag_multiturn,0.95,low,0,True,0.0002426,0.0108812,0.0106386,True
mtrag_0ef145e49938dfb9b6eefe781d21dca8_turn_1_step_1,0ef145e49938dfb9b6eefe781d21dca8_turn_1,1,low,low,,start,False,mtrag,rag_multiturn,0.95,low,0,True,0.00024730000000000005,0.0110316,0.0107843,True
mtrag_0ef145e49938dfb9b6eefe781d21dca8_turn_5_step_1,0ef145e49938dfb9b6eefe781d21dca8_turn_5,1,low,low,,start,False,mtrag,rag_multiturn,0.95,low,0,True,0.00036580000000000006,0.0148236,0.0144578,True
mtrag_0ef145e49938dfb9b6eefe781d21dca8_turn_7_step_1,0ef145e49938dfb9b6eefe781d21dca8_turn_7,1,low,low,,start,False,mtrag,rag_multiturn,0.95,low,0,True,0.0004065,0.016125999999999998,0.015719499999999997,True
mtrag_124e27c3861eff7dadd17993719a0beb_turn_1_step_1,124e27c3861eff7dadd17993719a0beb_turn_1,1,low,low,,start,False,mtrag,rag_multiturn,0.95,low,0,True,0.0002618,0.0114956,0.0112338,True
mtrag_13a398b30067d58d179fa8cbc2592449_turn_1_step_1,13a398b30067d58d179fa8cbc2592449_turn_1,1,low,low,,start,False,mtrag,rag_multiturn,0.95,low,0,True,0.00022,0.010158,0.009938,True
mtrag_13a398b30067d58d179fa8cbc2592449_turn_2_step_1,13a398b30067d58d179fa8cbc2592449_turn_2,1,mid,mid,,start,False,mtrag,rag_multiturn,0.95,mid,1,True,0.0008041500000000001,0.0095468,0.00874265,True
mtrag_13a398b30067d58d179fa8cbc2592449_turn_3_step_1,13a398b30067d58d179fa8cbc2592449_turn_3,1,low,low,,start,False,mtrag,rag_multiturn,0.95,low,0,True,0.00024070000000000002,0.0108204,0.010579700000000001,True
mtrag_13a398b30067d58d179fa8cbc2592449_turn_6_step_1,13a398b30067d58d179fa8cbc2592449_turn_6,1,low,low,,start,False,mtrag,rag_multiturn,0.95,low,0,True,0.00033160000000000004,0.0137292,0.0133976,True
mtrag_1be66272113492407e814eaf21a761d4_turn_6_step_1,1be66272113492407e814eaf21a761d4_turn_6,1,low,low,,start,False,mtrag,rag_multiturn,0.95,low,0,True,0.00030250000000000003,0.012798,0.0124955,True
mtrag_1c041ce47a81941c26899fdf08bde961_turn_5_step_1,1c041ce47a81941c26899fdf08bde961_turn_5,1,low,low,,start,False,mtrag,rag_multiturn,0.95,low,0,True,0.00026490000000000004,0.011594799999999999,0.011329899999999999,True
mtrag_1c74814752c3f9d4ed0b99c16e1ed192_turn_4_step_1,1c74814752c3f9d4ed0b99c16e1ed192_turn_4,1,low,low,,start,False,mtrag,rag_multiturn,0.95,low,0,True,0.00026120000000000006,0.011476400000000001,0.011215200000000002,True
mtrag_1c74814752c3f9d4ed0b99c16e1ed192_turn_5_step_1,1c74814752c3f9d4ed0b99c16e1ed192_turn_5,1,low,low,,start,False,mtrag,rag_multiturn,0.95,low,0,True,0.0002841000000000001,0.0122092,0.0119251,True
mtrag_1c74814752c3f9d4ed0b99c16e1ed192_turn_6_step_1,1c74814752c3f9d4ed0b99c16e1ed192_turn_6,1,low,low,,start,False,mtrag,rag_multiturn,0.95,low,0,True,0.00027020000000000006,0.011764400000000001,0.011494200000000001,True
mtrag_1c74814752c3f9d4ed0b99c16e1ed192_turn_9_step_1,1c74814752c3f9d4ed0b99c16e1ed192_turn_9,1,low,low,,start,False,mtrag,rag_multiturn,0.95,low,0,True,0.00042990000000000004,0.016874800000000002,0.016444900000000002,True
mtrag_1dcbbeb35d4d25ba1ffb787a9f2080e2_turn_2_step_1,1dcbbeb35d4d25ba1ffb787a9f2080e2_turn_2,1,mid,mid,,start,False,mtrag,rag_multiturn,0.95,mid,1,True,0.00092,0.010605999999999999,0.009685999999999998,True
mtrag_20c2cbd18c16c12c9c2bbead6aef1a21_turn_1_step_1,20c2cbd18c16c12c9c2bbead6aef1a21_turn_1,1,low,low,,start,False,mtrag,rag_multiturn,0.95,low,0,True,0.0002297,0.0104684,0.0102387,True
mtrag_20c2cbd18c16c12c9c2bbead6aef1a21_turn_4_step_1,20c2cbd18c16c12c9c2bbead6aef1a21_turn_4,1,low,low,,start,False,mtrag,rag_multiturn,0.95,low,0,True,0.0001985,0.00947,0.009271499999999998,True
mtrag_20c2cbd18c16c12c9c2bbead6aef1a21_turn_6_step_1,20c2cbd18c16c12c9c2bbead6aef1a21_turn_6,1,low,low,,start,False,mtrag,rag_multiturn,0.95,low,0,True,0.0002421,0.0108652,0.0106231,True
mtrag_20c2cbd18c16c12c9c2bbead6aef1a21_turn_7_step_1,20c2cbd18c16c12c9c2bbead6aef1a21_turn_7,1,low,low,,start,False,mtrag,rag_multiturn,0.95,low,0,True,0.000299,0.012686,0.012386999999999999,True
mtrag_251e29286cef45d899d7889e94ae25d5_turn_1_step_1,251e29286cef45d899d7889e94ae25d5_turn_1,1,low,low,,start,False,mtrag,rag_multiturn,0.95,low,0,True,0.00017010000000000001,0.0085612,0.0083911,True
mtrag_251e29286cef45d899d7889e94ae25d5_turn_2_step_1,251e29286cef45d899d7889e94ae25d5_turn_2,1,low,low,,start,False,mtrag,rag_multiturn,0.95,low,0,True,0.00028030000000000004,0.0120876,0.0118073,True
mtrag_251e29286cef45d899d7889e94ae25d5_turn_3_step_1,251e29286cef45d899d7889e94ae25d5_turn_3,1,low,low,,start,False,mtrag,rag_multiturn,0.95,low,0,True,0.0002885,0.01235,0.0120615,True
mtrag_251e29286cef45d899d7889e94ae25d5_turn_5_step_1,251e29286cef45d899d7889e94ae25d5_turn_5,1,low,low,,start,False,mtrag,rag_multiturn,0.95,low,0,True,0.000282,0.012142,0.01186,True
mtrag_258193fc88e0e73322e288aa03719260_turn_3_step_1,258193fc88e0e73322e288aa03719260_turn_3,1,low,low,,start,False,mtrag,rag_multiturn,0.95,low,0,True,0.00026560000000000006,0.011617200000000001,0.011351600000000002,True
mtrag_258193fc88e0e73322e288aa03719260_turn_6_step_1,258193fc88e0e73322e288aa03719260_turn_6,1,low,low,,start,False,mtrag,rag_multiturn,0.95,low,0,True,0.0002931,0.0124972,0.0122041,True
mtrag_258193fc88e0e73322e288aa03719260_turn_8_step_1,258193fc88e0e73322e288aa03719260_turn_8,1,low,low,,start,False,mtrag,rag_multiturn,0.95,low,0,True,0.0003663,0.0148396,0.0144733,True
mtrag_29e3ec96a6e8916a0326ebcdab78abae_turn_2_step_1,29e3ec96a6e8916a0326ebcdab78abae_turn_2,1,low,low,,start,False,mtrag,rag_multiturn,0.95,low,0,True,0.0001802,0.008884399999999999,0.008704199999999999,True
mtrag_29e3ec96a6e8916a0326ebcdab78abae_turn_8_step_1,29e3ec96a6e8916a0326ebcdab78abae_turn_8,1,low,low,,start,False,mtrag,rag_multiturn,0.95,low,0,True,0.0002872000000000001,0.0123084,0.012021200000000001,True
mtrag_2b34f5e7861ca9b1b3eab65ad6d6b4b0_turn_4_step_1,2b34f5e7861ca9b1b3eab65ad6d6b4b0_turn_4,1,low,low,,start,False,mtrag,rag_multiturn,0.95,low,0,True,0.0002153,0.0100076,0.0097923,True
mtrag_2cc753bcef23767c18aedad06c4405c4_turn_1_step_1,2cc753bcef23767c18aedad06c4405c4_turn_1,1,low,low,,start,False,mtrag,rag_multiturn,0.95,low,0,True,0.00017230000000000001,0.0086316,0.0084593,True
mtrag_2cc753bcef23767c18aedad06c4405c4_turn_4_step_1,2cc753bcef23767c18aedad06c4405c4_turn_4,1,low,low,,start,False,mtrag,rag_multiturn,0.95,low,0,True,0.00031560000000000003,0.0132172,0.012901600000000001,True
mtrag_2cc753bcef23767c18aedad06c4405c4_turn_6_step_1,2cc753bcef23767c18aedad06c4405c4_turn_6,1,low,low,,start,False,mtrag,rag_multiturn,0.95,low,0,True,0.0003556,0.0144972,0.0141416,True
mtrag_2cc753bcef23767c18aedad06c4405c4_turn_7_step_1,2cc753bcef23767c18aedad06c4405c4_turn_7,1,low,low,,start,False,mtrag,rag_multiturn,0.95,low,0,True,0.00026530000000000005,0.0116076,0.0113423,True
mtrag_2cc753bcef23767c18aedad06c4405c4_turn_9_step_1,2cc753bcef23767c18aedad06c4405c4_turn_9,1,low,low,,start,False,mtrag,rag_multiturn,0.95,low,0,True,0.00032410000000000007,0.0134892,0.013165099999999999,True
mtrag_2f013337236ea4635ad106813275dab7_turn_8_step_1,2f013337236ea4635ad106813275dab7_turn_8,1,low,low,,start,False,mtrag,rag_multiturn,0.95,low,0,True,0.00037210000000000005,0.0150252,0.0146531,True
mtrag_2f94b6fb4c6f941decd0609eb126610b_turn_2_step_1,2f94b6fb4c6f941decd0609eb126610b_turn_2,1,low,low,,start,False,mtrag,rag_multiturn,0.95,low,0,True,0.00020969999999999997,0.0098284,0.009618699999999999,True
mtrag_2f94b6fb4c6f941decd0609eb126610b_turn_3_step_1,2f94b6fb4c6f941decd0609eb126610b_turn_3,1,low,low,,start,False,mtrag,rag_multiturn,0.95,low,0,True,0.00026020000000000004,0.0114444,0.0111842,True
mtrag_34ac6bedd4b35167cc59e289893e206a_turn_9_step_1,34ac6bedd4b35167cc59e289893e206a_turn_9,1,low,low,,start,False,mtrag,rag_multiturn,0.95,low,0,True,0.00040610000000000006,0.0161132,0.0157071,True
mtrag_35e6be0f2049527ae17cf77169cc4f70_turn_4_step_1,35e6be0f2049527ae17cf77169cc4f70_turn_4,1,low,low,,start,False,mtrag,rag_multiturn,0.95,low,0,True,0.00028970000000000005,0.0123884,0.0120987,True
mtrag_3a07680acfb0f951fc3210a8c1a282c9_turn_7_step_1,3a07680acfb0f951fc3210a8c1a282c9_turn_7,1,low,low,,start,False,mtrag,rag_multiturn,0.95,low,0,True,0.0002888,0.0123596,0.0120708,True
mtrag_3f5fa378239f7475baac89fa40288aaa_turn_1_step_1,3f5fa378239f7475baac89fa40288aaa_turn_1,1,low,low,,start,False,mtrag,rag_multiturn,0.95,low,0,True,0.000219,0.010126,0.009907,True
mtrag_3f5fa378239f7475baac89fa40288aaa_turn_3_step_1,3f5fa378239f7475baac89fa40288aaa_turn_3,1,low,low,,start,False,mtrag,rag_multiturn,0.95,low,0,True,0.0001911,0.0092332,0.0090421,True
mtrag_41a4006bfa6841516188c1695ebaf16c_turn_1_step_1,41a4006bfa6841516188c1695ebaf16c_turn_1,1,low,low,,start,False,mtrag,rag_multiturn,0.95,low,0,True,0.00014869999999999998,0.007876399999999999,0.007727699999999999,True
mtrag_41a4006bfa6841516188c1695ebaf16c_turn_4_step_1,41a4006bfa6841516188c1695ebaf16c_turn_4,1,low,low,,start,False,mtrag,rag_multiturn,0.95,low,0,True,0.0001467,0.007812399999999999,0.007665699999999999,True
mtrag_41a4006bfa6841516188c1695ebaf16c_turn_6_step_1,41a4006bfa6841516188c1695ebaf16c_turn_6,1,low,low,,start,False,mtrag,rag_multiturn,0.95,low,0,True,0.00018310000000000003,0.008977200000000001,0.008794100000000001,True
mtrag_41a4006bfa6841516188c1695ebaf16c_turn_7_step_1,41a4006bfa6841516188c1695ebaf16c_turn_7,1,low,low,,start,False,mtrag,rag_multiturn,0.95,low,0,True,0.00024170000000000002,0.010852400000000002,0.010610700000000002,True
mtrag_4751cd8210b4adb8bce5cbc3fe913096_turn_1_step_1,4751cd8210b4adb8bce5cbc3fe913096_turn_1,1,low,low,,start,False,mtrag,rag_multiturn,0.95,low,0,True,0.0001785,0.00883,0.0086515,True
mtrag_4751cd8210b4adb8bce5cbc3fe913096_turn_3_step_1,4751cd8210b4adb8bce5cbc3fe913096_turn_3,1,low,low,,start,False,mtrag,rag_multiturn,0.95,low,0,True,0.00018140000000000002,0.008922799999999998,0.008741399999999998,True
mtrag_4751cd8210b4adb8bce5cbc3fe913096_turn_6_step_1,4751cd8210b4adb8bce5cbc3fe913096_turn_6,1,low,low,,start,False,mtrag,rag_multiturn,0.95,low,0,True,0.00033380000000000004,0.0137996,0.0134658,True
mtrag_4751cd8210b4adb8bce5cbc3fe913096_turn_7_step_1,4751cd8210b4adb8bce5cbc3fe913096_turn_7,1,low,low,,start,False,mtrag,rag_multiturn,0.95,low,0,True,0.00025590000000000004,0.011306799999999999,0.011050899999999999,True
mtrag_47b2471404382af6e973013ab1cf96b9_turn_1_step_1,47b2471404382af6e973013ab1cf96b9_turn_1,1,low,low,,start,False,mtrag,rag_multiturn,0.95,low,0,True,0.0002095,0.009822,0.0096125,True
mtrag_47b2471404382af6e973013ab1cf96b9_turn_9_step_1,47b2471404382af6e973013ab1cf96b9_turn_9,1,mid_high,mid_high,,start,False,mtrag,rag_multiturn,0.95,mid_high,2,True,0.0051886,0.0161292,0.0109406,True
mtrag_4a8369b7403e54df94d7fa495a4eff27_turn_2_step_1,4a8369b7403e54df94d7fa495a4eff27_turn_2,1,low,low,,start,False,mtrag,rag_multiturn,0.95,low,0,True,0.0002334,0.010586799999999999,0.010353399999999999,True
mtrag_4a8369b7403e54df94d7fa495a4eff27_turn_5_step_1,4a8369b7403e54df94d7fa495a4eff27_turn_5,1,low,low,,start,False,mtrag,rag_multiturn,0.95,low,0,True,0.00038250000000000003,0.015358,0.0149755,True
mtrag_4c86c8740c3d49e06b7aca9d308119fa_turn_1_step_1,4c86c8740c3d49e06b7aca9d308119fa_turn_1,1,low,low,,start,False,mtrag,rag_multiturn,0.95,low,0,True,0.0002282,0.0104204,0.0101922,True
mtrag_4c86c8740c3d49e06b7aca9d308119fa_turn_3_step_1,4c86c8740c3d49e06b7aca9d308119fa_turn_3,1,low,low,,start,False,mtrag,rag_multiturn,0.95,low,0,True,0.00025610000000000005,0.0113132,0.0110571,True
mtrag_4da5a7f42f3b2dc4d875dcfa2fcdefef_turn_5_step_1,4da5a7f42f3b2dc4d875dcfa2fcdefef_turn_5,1,low,low,,start,False,mtrag,rag_multiturn,0.95,low,0,True,0.00024490000000000004,0.010954799999999999,0.0107099,True
mtrag_5503c6e98c54d4901332d0f1c6030bd9_turn_3_step_1,5503c6e98c54d4901332d0f1c6030bd9_turn_3,1,low,low,,start,False,mtrag,rag_multiturn,0.95,low,0,True,0.0003467000000000001,0.014212400000000002,0.013865700000000002,True
mtrag_5503c6e98c54d4901332d0f1c6030bd9_turn_4_step_1,5503c6e98c54d4901332d0f1c6030bd9_turn_4,1,low,low,,start,False,mtrag,rag_multiturn,0.95,low,0,True,0.0002062,0.0097164,0.0095102,True
mtrag_5503c6e98c54d4901332d0f1c6030bd9_turn_6_step_1,5503c6e98c54d4901332d0f1c6030bd9_turn_6,1,low,low,,start,False,mtrag,rag_multiturn,0.95,low,0,True,0.00036970000000000004,0.014948399999999999,0.014578699999999998,True
mtrag_5600fe1c05a1fc415416d9dee6347000_turn_1_step_1,5600fe1c05a1fc415416d9dee6347000_turn_1,1,low,low,,start,False,mtrag,rag_multiturn,0.95,low,0,True,0.0002764,0.011962799999999999,0.0116864,True
mtrag_5600fe1c05a1fc415416d9dee6347000_turn_2_step_1,5600fe1c05a1fc415416d9dee6347000_turn_2,1,low,low,,start,False,mtrag,rag_multiturn,0.95,low,0,True,0.0001754,0.008730799999999999,0.0085554,True
mtrag_5600fe1c05a1fc415416d9dee6347000_turn_5_step_1,5600fe1c05a1fc415416d9dee6347000_turn_5,1,low,low,,start,False,mtrag,rag_multiturn,0.95,low,0,True,0.0006239,0.0230828,0.0224589,True
mtrag_5600fe1c05a1fc415416d9dee6347000_turn_6_step_1,5600fe1c05a1fc415416d9dee6347000_turn_6,1,low,low,,start,False,mtrag,rag_multiturn,0.95,low,0,True,0.0003087000000000001,0.012996400000000002,0.012687700000000001,True
mtrag_5815bb4a99e2a0d8a986348da4c49083_turn_1_step_1,5815bb4a99e2a0d8a986348da4c49083_turn_1,1,low,low,,start,False,mtrag,rag_multiturn,0.95,low,0,True,0.0002182,0.010100399999999999,0.009882199999999999,True
mtrag_5815bb4a99e2a0d8a986348da4c49083_turn_2_step_1,5815bb4a99e2a0d8a986348da4c49083_turn_2,1,high,high,,start,False,mtrag,rag_multiturn,0.95,high,3,True,0.008948399999999999,0.008948399999999999,0.0,True
mtrag_5815bb4a99e2a0d8a986348da4c49083_turn_3_step_1,5815bb4a99e2a0d8a986348da4c49083_turn_3,1,low,low,,start,False,mtrag,rag_multiturn,0.95,low,0,True,0.0003554,0.014490799999999998,0.014135399999999998,True
mtrag_5815bb4a99e2a0d8a986348da4c49083_turn_4_step_1,5815bb4a99e2a0d8a986348da4c49083_turn_4,1,low,low,,start,False,mtrag,rag_multiturn,0.95,low,0,True,0.0003767,0.015172399999999999,0.014795699999999998,True
mtrag_5815bb4a99e2a0d8a986348da4c49083_turn_6_step_1,5815bb4a99e2a0d8a986348da4c49083_turn_6,1,low,low,,start,False,mtrag,rag_multiturn,0.95,low,0,True,0.00039600000000000003,0.01579,0.015393999999999998,True
mtrag_5815bb4a99e2a0d8a986348da4c49083_turn_8_step_1,5815bb4a99e2a0d8a986348da4c49083_turn_8,1,low,low,,start,False,mtrag,rag_multiturn,0.95,low,0,True,0.0003394,0.0139788,0.0136394,True
mtrag_5b2404d71f9ff7edabddb3b1a8b329e7_turn_7_step_1,5b2404d71f9ff7edabddb3b1a8b329e7_turn_7,1,low,low,,start,False,mtrag,rag_multiturn,0.95,low,0,True,0.0003287000000000001,0.013636400000000002,0.013307700000000002,True
mtrag_5b9edac124aea30a2256705d27226d7f_turn_3_step_1,5b9edac124aea30a2256705d27226d7f_turn_3,1,low,low,,start,False,mtrag,rag_multiturn,0.95,low,0,True,0.00025800000000000004,0.011374,0.011116000000000001,True
mtrag_5c13daa9432149f6243aa1115629cd1a_turn_1_step_1,5c13daa9432149f6243aa1115629cd1a_turn_1,1,low,low,,start,False,mtrag,rag_multiturn,0.95,low,0,True,0.0001709,0.008586799999999999,0.008415899999999999,True
mtrag_5c13daa9432149f6243aa1115629cd1a_turn_2_step_1,5c13daa9432149f6243aa1115629cd1a_turn_2,1,low,low,,start,False,mtrag,rag_multiturn,0.95,low,0,True,0.0001818,0.0089356,0.0087538,True
mtrag_5c13daa9432149f6243aa1115629cd1a_turn_4_step_1,5c13daa9432149f6243aa1115629cd1a_turn_4,1,low,low,,start,False,mtrag,rag_multiturn,0.95,low,0,True,0.0002355,0.010654,0.0104185,True
mtrag_5e79e465134d923edf68580733a81c68_turn_2_step_1,5e79e465134d923edf68580733a81c68_turn_2,1,low,low,,start,False,mtrag,rag_multiturn,0.95,low,0,True,0.00023030000000000001,0.0104876,0.0102573,True
mtrag_5e79e465134d923edf68580733a81c68_turn_3_step_1,5e79e465134d923edf68580733a81c68_turn_3,1,low,low,,start,False,mtrag,rag_multiturn,0.95,low,0,True,0.000234,0.010605999999999999,0.010372,True
mtrag_5e79e465134d923edf68580733a81c68_turn_4_step_1,5e79e465134d923edf68580733a81c68_turn_4,1,low,low,,start,False,mtrag,rag_multiturn,0.95,low,0,True,0.00029630000000000005,0.0125996,0.012303300000000001,True
mtrag_5f9ccf0a4ff691fc482432af64cc3c9d_turn_5_step_1,5f9ccf0a4ff691fc482432af64cc3c9d_turn_5,1,mid,mid,,start,False,mtrag,rag_multiturn,0.95,mid,1,True,0.0014639000000000002,0.0155788,0.0141149,True
mtrag_61374b240d5742f957706d00f9ed0dd6_turn_2_step_1,61374b240d5742f957706d00f9ed0dd6_turn_2,1,low,low,,start,False,mtrag,rag_multiturn,0.95,low,0,True,0.0002479,0.0110508,0.010802899999999999,True
mtrag_61374b240d5742f957706d00f9ed0dd6_turn_7_step_1,61374b240d5742f957706d00f9ed0dd6_turn_7,1,low,low,,start,False,mtrag,rag_multiturn,0.95,low,0,True,0.0002642,0.011572400000000002,0.011308200000000001,True
mtrag_62a5aee8a497bee6fc467df13bf23cfc_turn_4_step_1,62a5aee8a497bee6fc467df13bf23cfc_turn_4,1,low,low,,start,False,mtrag,rag_multiturn,0.95,low,0,True,0.00026510000000000005,0.0116012,0.0113361,True
mtrag_6495c82abb6bef2d8efd06020cde3adf_turn_2_step_1,6495c82abb6bef2d8efd06020cde3adf_turn_2,1,low,low,,start,False,mtrag,rag_multiturn,0.95,low,0,True,0.00032170000000000007,0.013412400000000001,0.013090700000000002,True
mtrag_6528deeee4180c1b2b770a2929482e82_turn_3_step_1,6528deeee4180c1b2b770a2929482e82_turn_3,1,low,low,,start,False,mtrag,rag_multiturn,0.95,low,0,True,0.00022419999999999997,0.010292399999999998,0.010068199999999998,True
mtrag_674aa142d92a6b4262de254df0c3f7b2_turn_2_step_1,674aa142d92a6b4262de254df0c3f7b2_turn_2,1,low,low,,start,False,mtrag,rag_multiturn,0.95,low,0,True,0.00028070000000000005,0.0121004,0.0118197,True
mtrag_674aa142d92a6b4262de254df0c3f7b2_turn_3_step_1,674aa142d92a6b4262de254df0c3f7b2_turn_3,1,low,low,,start,False,mtrag,rag_multiturn,0.95,low,0,True,0.0002297,0.0104684,0.0102387,True
mtrag_6a738cc02c5aa0b74319acd0e8a809dd_turn_8_step_1,6a738cc02c5aa0b74319acd0e8a809dd_turn_8,1,low,low,,start,False,mtrag,rag_multiturn,0.95,low,0,True,0.0002457,0.010980400000000001,0.010734700000000002,True
mtrag_6af5334fbd010b919d7fa174823abd12_turn_2_step_1,6af5334fbd010b919d7fa174823abd12_turn_2,1,low,low,,start,False,mtrag,rag_multiturn,0.95,low,0,True,0.00026520000000000005,0.0116044,0.0113392,True
mtrag_717ca9138f07b4621887812f47499d74_turn_2_step_1,717ca9138f07b4621887812f47499d74_turn_2,1,low,low,,start,False,mtrag,rag_multiturn,0.95,low,0,True,0.00020060000000000002,0.009537200000000001,0.0093366,True
mtrag_717ca9138f07b4621887812f47499d74_turn_3_step_1,717ca9138f07b4621887812f47499d74_turn_3,1,low,low,,start,False,mtrag,rag_multiturn,0.95,low,0,True,0.00019860000000000003,0.009473200000000001,0.009274600000000001,True
mtrag_717ca9138f07b4621887812f47499d74_turn_8_step_1,717ca9138f07b4621887812f47499d74_turn_8,1,mid,mid,,start,False,mtrag,rag_multiturn,0.95,mid,1,True,0.00116885,0.0128812,0.01171235,True
mtrag_72ba19c38518da1fc894fc638a2802f7_turn_4_step_1,72ba19c38518da1fc894fc638a2802f7_turn_4,1,low,low,,start,False,mtrag,rag_multiturn,0.95,low,0,True,0.00031200000000000005,0.013101999999999999,0.01279,True
mtrag_72ba19c38518da1fc894fc638a2802f7_turn_6_step_1,72ba19c38518da1fc894fc638a2802f7_turn_6,1,low,low,,start,False,mtrag,rag_multiturn,0.95,low,0,True,0.00038350000000000005,0.01539,0.015006499999999999,True
mtrag_747a810abfd6da4a9c37cdb74feec95e_turn_1_step_1,747a810abfd6da4a9c37cdb74feec95e_turn_1,1,mid,mid,,start,False,mtrag,rag_multiturn,0.95,mid,1,True,0.0009413500000000001,0.0108012,0.00985985,True
mtrag_747a810abfd6da4a9c37cdb74feec95e_turn_2_step_1,747a810abfd6da4a9c37cdb74feec95e_turn_2,1,low,low,,start,False,mtrag,rag_multiturn,0.95,low,0,True,0.00028980000000000005,0.0123916,0.0121018,True
mtrag_747a810abfd6da4a9c37cdb74feec95e_turn_7_step_1,747a810abfd6da4a9c37cdb74feec95e_turn_7,1,low,low,,start,False,mtrag,rag_multiturn,0.95,low,0,True,0.00037450000000000005,0.015101999999999999,0.0147275,True
mtrag_79f0d0539d9ec0acbf90cb3388b30c17_turn_1_step_1,79f0d0539d9ec0acbf90cb3388b30c17_turn_1,1,low,low,,start,False,mtrag,rag_multiturn,0.95,low,0,True,0.0001528,0.0080076,0.0078548,True
mtrag_79f0d0539d9ec0acbf90cb3388b30c17_turn_5_step_1,79f0d0539d9ec0acbf90cb3388b30c17_turn_5,1,low,low,,start,False,mtrag,rag_multiturn,0.95,low,0,True,0.0002639,0.011562799999999998,0.011298899999999999,True
mtrag_7cb06b3f8068674fce61a11e9777f708_turn_2_step_1,7cb06b3f8068674fce61a11e9777f708_turn_2,1,low,low,,start,False,mtrag,rag_multiturn,0.95,low,0,True,0.0001973,0.0094316,0.0092343,True
mtrag_7cb06b3f8068674fce61a11e9777f708_turn_4_step_1,7cb06b3f8068674fce61a11e9777f708_turn_4,1,low,low,,start,False,mtrag,rag_multiturn,0.95,low,0,True,0.00029560000000000003,0.0125772,0.0122816,True
mtrag_7cb06b3f8068674fce61a11e9777f708_turn_5_step_1,7cb06b3f8068674fce61a11e9777f708_turn_5,1,low,low,,start,False,mtrag,rag_multiturn,0.95,low,0,True,0.00033650000000000005,0.013885999999999999,0.013549499999999999,True
mtrag_7cb06b3f8068674fce61a11e9777f708_turn_7_step_1,7cb06b3f8068674fce61a11e9777f708_turn_7,1,low,low,,start,False,mtrag,rag_multiturn,0.95,low,0,True,0.00032760000000000005,0.0136012,0.0132736,True
mtrag_8040ccdfc0a0ffb8e3f82d94f92ddb5c_turn_3_step_1,8040ccdfc0a0ffb8e3f82d94f92ddb5c_turn_3,1,low,low,,start,False,mtrag,rag_multiturn,0.95,low,0,True,0.0001773,0.0087916,0.0086143,True
mtrag_81afaf82a0d9a5fad6eaa196f8d9641c_turn_8_step_1,81afaf82a0d9a5fad6eaa196f8d9641c_turn_8,1,low,low,,start,False,mtrag,rag_multiturn,0.95,low,0,True,0.0004604000000000001,0.017850800000000003,0.017390400000000004,True
mtrag_91204c45fc829e328f9a3643d9dd4c2b_turn_1_step_1,91204c45fc829e328f9a3643d9dd4c2b_turn_1,1,low,low,,start,False,mtrag,rag_multiturn,0.95,low,0,True,0.000176,0.008749999999999999,0.008573999999999998,True
mtrag_91204c45fc829e328f9a3643d9dd4c2b_turn_2_step_1,91204c45fc829e328f9a3643d9dd4c2b_turn_2,1,low,low,,start,False,mtrag,rag_multiturn,0.95,low,0,True,0.00018119999999999999,0.0089164,0.0087352,True
mtrag_91204c45fc829e328f9a3643d9dd4c2b_turn_6_step_1,91204c45fc829e328f9a3643d9dd4c2b_turn_6,1,low,low,,start,False,mtrag,rag_multiturn,0.95,low,0,True,0.00019240000000000001,0.0092748,0.0090824,True
mtrag_91204c45fc829e328f9a3643d9dd4c2b_turn_8_step_1,91204c45fc829e328f9a3643d9dd4c2b_turn_8,1,low,low,,start,False,mtrag,rag_multiturn,0.95,low,0,True,0.0002195,0.010142,0.0099225,True
mtrag_91715ec6ec7e9a11925e58e707b6626e_turn_6_step_1,91715ec6ec7e9a11925e58e707b6626e_turn_6,1,low,low,,start,False,mtrag,rag_multiturn,0.95,low,0,True,0.00029420000000000005,0.0125324,0.012238200000000001,True
mtrag_94d04f2cd47fee9a0aaa13fa3ae1de53_turn_1_step_1,94d04f2cd47fee9a0aaa13fa3ae1de53_turn_1,1,low,low,,start,False,mtrag,rag_multiturn,0.95,low,0,True,0.0001792,0.0088524,0.0086732,True
mtrag_94d04f2cd47fee9a0aaa13fa3ae1de53_turn_6_step_1,94d04f2cd47fee9a0aaa13fa3ae1de53_turn_6,1,low,low,,start,False,mtrag,rag_multiturn,0.95,low,0,True,0.0002829,0.012170799999999999,0.0118879,True
mtrag_95a0893567c7519c090ecbcdd14daccd_turn_1_step_1,95a0893567c7519c090ecbcdd14daccd_turn_1,1,low,low,,start,False,mtrag,rag_multiturn,0.95,low,0,True,0.00023119999999999998,0.010516399999999999,0.010285199999999998,True
mtrag_95a0893567c7519c090ecbcdd14daccd_turn_2_step_1,95a0893567c7519c090ecbcdd14daccd_turn_2,1,low,low,,start,False,mtrag,rag_multiturn,0.95,low,0,True,0.00026370000000000007,0.011556400000000001,0.011292700000000001,True
mtrag_95a0893567c7519c090ecbcdd14daccd_turn_6_step_1,95a0893567c7519c090ecbcdd14daccd_turn_6,1,low,low,,start,False,mtrag,rag_multiturn,0.95,low,0,True,0.00025870000000000005,0.011396400000000001,0.0111377,True
mtrag_9c52934a9aea1c3647d4b558d8afdf1c_turn_3_step_1,9c52934a9aea1c3647d4b558d8afdf1c_turn_3,1,low,low,,start,False,mtrag,rag_multiturn,0.95,low,0,True,0.0002617,0.011492400000000002,0.011230700000000001,True
mtrag_9c52934a9aea1c3647d4b558d8afdf1c_turn_9_step_1,9c52934a9aea1c3647d4b558d8afdf1c_turn_9,1,low,low,,start,False,mtrag,rag_multiturn,0.95,low,0,True,0.00035200000000000005,0.014381999999999999,0.014029999999999999,True
qmsum_ES2004a_gen_0_step_1,ES2004a_gen_0,1,low,low,,start,False,qmsum,meeting_query_summarization,0.95,low,0,True,0.000635,0.023438,0.022803,True
qmsum_ES2004a_spec_0_step_1,ES2004a_spec_0,1,low,low,,start,False,qmsum,meeting_query_summarization,0.95,low,0,True,0.00036930000000000003,0.0149356,0.0145663,True
qmsum_ES2004a_spec_1_step_1,ES2004a_spec_1,1,low,low,,start,False,qmsum,meeting_query_summarization,0.95,low,0,True,0.0001889,0.009162799999999999,0.008973899999999998,True
qmsum_ES2004a_spec_2_step_1,ES2004a_spec_2,1,mid,mid,,start,False,qmsum,meeting_query_summarization,0.95,mid,1,True,0.0006151500000000001,0.0078188,0.007203650000000001,True
qmsum_ES2004a_spec_3_step_1,ES2004a_spec_3,1,low,low,,start,False,qmsum,meeting_query_summarization,0.95,low,0,True,0.0001717,0.0086124,0.008440699999999999,True
qmsum_ES2004a_spec_5_step_1,ES2004a_spec_5,1,low,low,,start,False,qmsum,meeting_query_summarization,0.95,low,0,True,0.0001362,0.007476399999999999,0.007340199999999999,True
qmsum_ES2004b_gen_0_step_1,ES2004b_gen_0,1,low,low,,start,False,qmsum,meeting_query_summarization,0.95,low,0,True,0.00026250000000000004,0.011517999999999999,0.011255499999999998,True
qmsum_ES2004b_spec_0_step_1,ES2004b_spec_0,1,low,low,,start,False,qmsum,meeting_query_summarization,0.95,low,0,True,0.0003579,0.014570799999999998,0.014212899999999999,True
qmsum_ES2004b_spec_1_step_1,ES2004b_spec_1,1,low,low,,start,False,qmsum,meeting_query_summarization,0.95,low,0,True,0.0001819,0.008938799999999998,0.008756899999999998,True
qmsum_ES2004b_spec_2_step_1,ES2004b_spec_2,1,low,low,,start,False,qmsum,meeting_query_summarization,0.95,low,0,True,0.0008862000000000001,0.0314764,0.0305902,True
qmsum_ES2004b_spec_3_step_1,ES2004b_spec_3,1,low,low,,start,False,qmsum,meeting_query_summarization,0.95,low,0,True,0.000196,0.009389999999999999,0.009193999999999999,True
qmsum_ES2004b_spec_4_step_1,ES2004b_spec_4,1,low,low,,start,False,qmsum,meeting_query_summarization,0.95,low,0,True,0.00016240000000000002,0.008314799999999999,0.008152399999999999,True
qmsum_ES2004b_spec_5_step_1,ES2004b_spec_5,1,low,low,,start,False,qmsum,meeting_query_summarization,0.95,low,0,True,0.0002485,0.01107,0.0108215,True
qmsum_ES2004c_gen_0_step_1,ES2004c_gen_0,1,low,low,,start,False,qmsum,meeting_query_summarization,0.95,low,0,True,0.00026250000000000004,0.011517999999999999,0.011255499999999998,True
qmsum_ES2004c_gen_1_step_1,ES2004c_gen_1,1,low,low,,start,False,qmsum,meeting_query_summarization,0.95,low,0,True,0.00026250000000000004,0.011517999999999999,0.011255499999999998,True
qmsum_ES2004c_spec_0_step_1,ES2004c_spec_0,1,low,low,,start,False,qmsum,meeting_query_summarization,0.95,low,0,True,0.0001393,0.0075756,0.0074363,True
qmsum_ES2004c_spec_1_step_1,ES2004c_spec_1,1,low,low,,start,False,qmsum,meeting_query_summarization,0.95,low,0,True,0.00017860000000000003,0.008833200000000001,0.008654600000000002,True
qmsum_ES2004c_spec_2_step_1,ES2004c_spec_2,1,low,low,,start,False,qmsum,meeting_query_summarization,0.95,low,0,True,0.00016209999999999998,0.0083052,0.0081431,True
qmsum_ES2004c_spec_3_step_1,ES2004c_spec_3,1,low,low,,start,False,qmsum,meeting_query_summarization,0.95,low,0,True,0.00038800000000000005,0.015534,0.015146,True
qmsum_ES2004c_spec_4_step_1,ES2004c_spec_4,1,low,low,,start,False,qmsum,meeting_query_summarization,0.95,low,0,True,0.0002172,0.0100684,0.0098512,True
qmsum_ES2004c_spec_5_step_1,ES2004c_spec_5,1,low,low,,start,False,qmsum,meeting_query_summarization,0.95,low,0,True,0.0001937,0.009316399999999999,0.0091227,True
qmsum_ES2004c_spec_6_step_1,ES2004c_spec_6,1,low,low,,start,False,qmsum,meeting_query_summarization,0.95,low,0,True,0.000154,0.008046,0.007892,True
qmsum_ES2004c_spec_7_step_1,ES2004c_spec_7,1,low,low,,start,False,qmsum,meeting_query_summarization,0.95,low,0,True,0.00016869999999999998,0.008516399999999999,0.008347699999999998,True
qmsum_ES2004c_spec_8_step_1,ES2004c_spec_8,1,low,low,,start,False,qmsum,meeting_query_summarization,0.95,low,0,True,0.0007461000000000001,0.026993200000000002,0.026247100000000002,True
qmsum_ES2004c_spec_9_step_1,ES2004c_spec_9,1,low,low,,start,False,qmsum,meeting_query_summarization,0.95,low,0,True,0.0002975,0.012638,0.0123405,True
qmsum_ES2004d_gen_0_step_1,ES2004d_gen_0,1,low,low,,start,False,qmsum,meeting_query_summarization,0.95,low,0,True,0.00026250000000000004,0.011517999999999999,0.011255499999999998,True
qmsum_ES2004d_spec_0_step_1,ES2004d_spec_0,1,low,low,,start,False,qmsum,meeting_query_summarization,0.95,low,0,True,0.00044960000000000003,0.017505200000000002,0.0170556,True
qmsum_ES2004d_spec_1_step_1,ES2004d_spec_1,1,mid,mid,,start,False,qmsum,meeting_query_summarization,0.95,mid,1,True,0.0006515500000000001,0.0081516,0.00750005,True
qmsum_ES2004d_spec_2_step_1,ES2004d_spec_2,1,low,low,,start,False,qmsum,meeting_query_summarization,0.95,low,0,True,0.00016109999999999999,0.0082732,0.008112099999999999,True
qmsum_ES2004d_spec_3_step_1,ES2004d_spec_3,1,low,low,,start,False,qmsum,meeting_query_summarization,0.95,low,0,True,0.0004142000000000001,0.016372400000000002,0.015958200000000002,True
qmsum_ES2004d_spec_4_step_1,ES2004d_spec_4,1,low,low,,start,False,qmsum,meeting_query_summarization,0.95,low,0,True,0.0001629,0.0083308,0.008167899999999999,True
qmsum_ES2004d_spec_5_step_1,ES2004d_spec_5,1,low,low,,start,False,qmsum,meeting_query_summarization,0.95,low,0,True,0.00019660000000000004,0.0094092,0.0092126,True
qmsum_ES2011a_gen_0_step_1,ES2011a_gen_0,1,low,low,,start,False,qmsum,meeting_query_summarization,0.95,low,0,True,0.000619,0.022926,0.022306999999999997,True
qmsum_ES2011a_spec_0_step_1,ES2011a_spec_0,1,low,low,,start,False,qmsum,meeting_query_summarization,0.95,low,0,True,0.0002984,0.012666799999999999,0.012368399999999998,True
qmsum_ES2011a_spec_1_step_1,ES2011a_spec_1,1,low,low,,start,False,qmsum,meeting_query_summarization,0.95,low,0,True,0.00018830000000000002,0.0091436,0.0089553,True
qmsum_ES2011a_spec_2_step_1,ES2011a_spec_2,1,low,low,,start,False,qmsum,meeting_query_summarization,0.95,low,0,True,0.00015780000000000001,0.0081676,0.008009800000000001,True
qmsum_ES2011a_spec_3_step_1,ES2011a_spec_3,1,low,low,,start,False,qmsum,meeting_query_summarization,0.95,low,0,True,0.0002037,0.0096364,0.0094327,True
qmsum_ES2011a_spec_4_step_1,ES2011a_spec_4,1,low,low,,start,False,qmsum,meeting_query_summarization,0.95,low,0,True,0.0001372,0.007508399999999999,0.0073712,True
qmsum_ES2011a_spec_5_step_1,ES2011a_spec_5,1,low,low,,start,False,qmsum,meeting_query_summarization,0.95,low,0,True,0.0001424,0.0076748,0.0075324,True
qmsum_ES2011b_gen_0_step_1,ES2011b_gen_0,1,low,low,,start,False,qmsum,meeting_query_summarization,0.95,low,0,True,0.0009199000000000001,0.03255480000000001,0.03163490000000001,True
qmsum_ES2011b_spec_0_step_1,ES2011b_spec_0,1,mid_high,mid_high,,start,False,qmsum,meeting_query_summarization,0.95,mid_high,2,True,0.0035155,0.011262,0.0077465,True
qmsum_ES2011b_spec_1_step_1,ES2011b_spec_1,1,low,low,,start,False,qmsum,meeting_query_summarization,0.95,low,0,True,0.000233,0.010574,0.010341,True
qmsum_ES2011b_spec_2_step_1,ES2011b_spec_2,1,low,low,,start,False,qmsum,meeting_query_summarization,0.95,low,0,True,0.00015769999999999998,0.008164399999999999,0.008006699999999999,True
qmsum_ES2011b_spec_3_step_1,ES2011b_spec_3,1,low,low,,start,False,qmsum,meeting_query_summarization,0.95,low,0,True,0.0001678,0.0084876,0.0083198,True
qmsum_ES2011c_gen_0_step_1,ES2011c_gen_0,1,low,low,,start,False,qmsum,meeting_query_summarization,0.95,low,0,True,0.00026250000000000004,0.011517999999999999,0.011255499999999998,True
qmsum_ES2011c_spec_0_step_1,ES2011c_spec_0,1,low,low,,start,False,qmsum,meeting_query_summarization,0.95,low,0,True,0.0002843,0.0122156,0.0119313,True
qmsum_ES2011c_spec_1_step_1,ES2011c_spec_1,1,low,low,,start,False,qmsum,meeting_query_summarization,0.95,low,0,True,0.0001694,0.0085388,0.008369399999999999,True
qmsum_ES2011c_spec_2_step_1,ES2011c_spec_2,1,low,low,,start,False,qmsum,meeting_query_summarization,0.95,low,0,True,0.0003418,0.0140556,0.0137138,True
qmsum_ES2011c_spec_4_step_1,ES2011c_spec_4,1,low,low,,start,False,qmsum,meeting_query_summarization,0.95,low,0,True,0.0001406,0.007617199999999999,0.007476599999999999,True
qmsum_ES2011c_spec_5_step_1,ES2011c_spec_5,1,low,low,,start,False,qmsum,meeting_query_summarization,0.95,low,0,True,0.0001373,0.0075116,0.0073743,True
qmsum_ES2011d_gen_0_step_1,ES2011d_gen_0,1,low,low,,start,False,qmsum,meeting_query_summarization,0.95,low,0,True,0.00026250000000000004,0.011517999999999999,0.011255499999999998,True
qmsum_ES2011d_spec_0_step_1,ES2011d_spec_0,1,mid,mid,,start,False,qmsum,meeting_query_summarization,0.95,mid,1,True,0.0017781999999999997,0.0184524,0.0166742,True
qmsum_ES2011d_spec_1_step_1,ES2011d_spec_1,1,low,low,,start,False,qmsum,meeting_query_summarization,0.95,low,0,True,0.00036520000000000004,0.014804399999999999,0.0144392,True
qmsum_ES2011d_spec_2_step_1,ES2011d_spec_2,1,low,low,,start,False,qmsum,meeting_query_summarization,0.95,low,0,True,0.0004497000000000001,0.0175084,0.0170587,True
qmsum_ES2011d_spec_3_step_1,ES2011d_spec_3,1,low,low,,start,False,qmsum,meeting_query_summarization,0.95,low,0,True,0.00036560000000000005,0.0148172,0.0144516,True
qmsum_ES2011d_spec_4_step_1,ES2011d_spec_4,1,low,low,,start,False,qmsum,meeting_query_summarization,0.95,low,0,True,0.0001495,0.007902,0.007752499999999999,True
qmsum_ES2011d_spec_5_step_1,ES2011d_spec_5,1,low,low,,start,False,qmsum,meeting_query_summarization,0.95,low,0,True,0.0001955,0.009374,0.009178500000000001,True
qmsum_IS1003a_gen_0_step_1,IS1003a_gen_0,1,low,low,,start,False,qmsum,meeting_query_summarization,0.95,low,0,True,0.0004937,0.0189164,0.0184227,True
qmsum_IS1003a_spec_0_step_1,IS1003a_spec_0,1,low,low,,start,False,qmsum,meeting_query_summarization,0.95,low,0,True,0.0001909,0.009226799999999999,0.009035899999999998,True
qmsum_IS1003a_spec_1_step_1,IS1003a_spec_1,1,low,low,,start,False,qmsum,meeting_query_summarization,0.95,low,0,True,0.0001414,0.0076428,0.0075014,True
qmsum_IS1003a_spec_2_step_1,IS1003a_spec_2,1,low,low,,start,False,qmsum,meeting_query_summarization,0.95,low,0,True,0.0001393,0.0075756,0.0074363,True
qmsum_IS1003a_spec_3_step_1,IS1003a_spec_3,1,low,low,,start,False,qmsum,meeting_query_summarization,0.95,low,0,True,0.00021660000000000003,0.010049200000000001,0.0098326,True
qmsum_IS1003a_spec_4_step_1,IS1003a_spec_4,1,low,low,,start,False,qmsum,meeting_query_summarization,0.95,low,0,True,0.0001399,0.0075948,0.0074548999999999995,True
qmsum_IS1003b_gen_0_step_1,IS1003b_gen_0,1,low,low,,start,False,qmsum,meeting_query_summarization,0.95,low,0,True,0.0008452,0.0301644,0.0293192,True
qmsum_IS1003b_spec_0_step_1,IS1003b_spec_0,1,low,low,,start,False,qmsum,meeting_query_summarization,0.95,low,0,True,0.00031860000000000005,0.0133132,0.0129946,True
qmsum_IS1003b_spec_1_step_1,IS1003b_spec_1,1,low,low,,start,False,qmsum,meeting_query_summarization,0.95,low,0,True,0.00018710000000000002,0.0091052,0.0089181,True
qmsum_IS1003b_spec_2_step_1,IS1003b_spec_2,1,low,low,,start,False,qmsum,meeting_query_summarization,0.95,low,0,True,0.0001471,0.0078252,0.007678099999999999,True
qmsum_IS1003b_spec_3_step_1,IS1003b_spec_3,1,low,low,,start,False,qmsum,meeting_query_summarization,0.95,low,0,True,0.0004094000000000001,0.016218800000000002,0.0158094,True
qmsum_IS1003b_spec_4_step_1,IS1003b_spec_4,1,mid,mid,,start,False,qmsum,meeting_query_summarization,0.95,mid,1,True,0.0008562999999999999,0.0100236,0.0091673,True
qmsum_IS1003b_spec_5_step_1,IS1003b_spec_5,1,low,low,,start,False,qmsum,meeting_query_summarization,0.95,low,0,True,0.0001656,0.0084172,0.0082516,True
qmsum_IS1003b_spec_6_step_1,IS1003b_spec_6,1,low,low,,start,False,qmsum,meeting_query_summarization,0.95,low,0,True,0.00025120000000000003,0.0111564,0.0109052,True
qmsum_IS1003b_spec_7_step_1,IS1003b_spec_7,1,low,low,,start,False,qmsum,meeting_query_summarization,0.95,low,0,True,0.0001494,0.0078988,0.007749399999999999,True
qmsum_IS1003b_spec_8_step_1,IS1003b_spec_8,1,low,low,,start,False,qmsum,meeting_query_summarization,0.95,low,0,True,0.00017230000000000001,0.0086316,0.0084593,True
qmsum_IS1003c_gen_0_step_1,IS1003c_gen_0,1,low,low,,start,False,qmsum,meeting_query_summarization,0.95,low,0,True,0.00026250000000000004,0.011517999999999999,0.011255499999999998,True
qmsum_IS1003c_spec_0_step_1,IS1003c_spec_0,1,mid_high,mid_high,,start,False,qmsum,meeting_query_summarization,0.95,mid_high,2,True,0.008458900000000002,0.0256428,0.0171839,True
qmsum_IS1003c_spec_1_step_1,IS1003c_spec_1,1,low,low,,start,False,qmsum,meeting_query_summarization,0.95,low,0,True,0.0002384,0.010746799999999999,0.0105084,True
qmsum_IS1003c_spec_2_step_1,IS1003c_spec_2,1,low,low,,start,False,qmsum,meeting_query_summarization,0.95,low,0,True,0.00041770000000000007,0.0164844,0.0160667,True
qmsum_IS1003c_spec_3_step_1,IS1003c_spec_3,1,low,low,,start,False,qmsum,meeting_query_summarization,0.95,low,0,True,0.00025330000000000003,0.0112236,0.0109703,True
qmsum_IS1003c_spec_4_step_1,IS1003c_spec_4,1,low,low,,start,False,qmsum,meeting_query_summarization,0.95,low,0,True,0.0001637,0.0083564,0.0081927,True
qmsum_IS1003c_spec_5_step_1,IS1003c_spec_5,1,low,low,,start,False,qmsum,meeting_query_summarization,0.95,low,0,True,0.0001614,0.008282799999999998,0.008121399999999997,True
qmsum_IS1003c_spec_6_step_1,IS1003c_spec_6,1,low,low,,start,False,qmsum,meeting_query_summarization,0.95,low,0,True,0.000184,0.009006,0.008822,True
qmsum_IS1003c_spec_7_step_1,IS1003c_spec_7,1,low,low,,start,False,qmsum,meeting_query_summarization,0.95,low,0,True,0.0001998,0.0095116,0.0093118,True
qmsum_IS1003c_spec_8_step_1,IS1003c_spec_8,1,mid,mid,,start,False,qmsum,meeting_query_summarization,0.95,mid,1,True,0.00070755,0.0086636,0.007956050000000001,True
qmsum_IS1003d_gen_0_step_1,IS1003d_gen_0,1,low,low,,start,False,qmsum,meeting_query_summarization,0.95,low,0,True,0.00026250000000000004,0.011517999999999999,0.011255499999999998,True
qmsum_IS1003d_spec_0_step_1,IS1003d_spec_0,1,low,low,,start,False,qmsum,meeting_query_summarization,0.95,low,0,True,0.0002377,0.0107244,0.0104867,True
qmsum_IS1003d_spec_1_step_1,IS1003d_spec_1,1,low,low,,start,False,qmsum,meeting_query_summarization,0.95,low,0,True,0.0001418,0.0076556,0.0075138,True
qmsum_IS1003d_spec_2_step_1,IS1003d_spec_2,1,low,low,,start,False,qmsum,meeting_query_summarization,0.95,low,0,True,0.0002154,0.010010799999999999,0.0097954,True
qmsum_IS1003d_spec_3_step_1,IS1003d_spec_3,1,low,low,,start,False,qmsum,meeting_query_summarization,0.95,low,0,True,0.0006603000000000001,0.0242476,0.023587300000000002,True
qmsum_IS1003d_spec_4_step_1,IS1003d_spec_4,1,low,low,,start,False,qmsum,meeting_query_summarization,0.95,low,0,True,0.00017030000000000002,0.0085676,0.0083973,True
qmsum_IS1003d_spec_5_step_1,IS1003d_spec_5,1,low,low,,start,False,qmsum,meeting_query_summarization,0.95,low,0,True,0.0004474000000000001,0.017434800000000004,0.016987400000000003,True
qmsum_IS1003d_spec_6_step_1,IS1003d_spec_6,1,low,low,,start,False,qmsum,meeting_query_summarization,0.95,low,0,True,0.0006258000000000001,0.0231436,0.0225178,True
qmsum_IS1003d_spec_7_step_1,IS1003d_spec_7,1,low,low,,start,False,qmsum,meeting_query_summarization,0.95,low,0,True,0.000167,0.008461999999999999,0.008294999999999999,True
qmsum_IS1003d_spec_8_step_1,IS1003d_spec_8,1,low,low,,start,False,qmsum,meeting_query_summarization,0.95,low,0,True,0.0001788,0.0088396,0.0086608,True
qmsum_TS3004a_gen_0_step_1,TS3004a_gen_0,1,low,low,,start,False,qmsum,meeting_query_summarization,0.95,low,0,True,0.0007402000000000001,0.026804400000000003,0.026064200000000003,True
qmsum_TS3004a_spec_0_step_1,TS3004a_spec_0,1,low,low,,start,False,qmsum,meeting_query_summarization,0.95,low,0,True,0.00033850000000000004,0.013949999999999999,0.013611499999999999,True
qmsum_TS3004a_spec_1_step_1,TS3004a_spec_1,1,mid,mid,,start,False,qmsum,meeting_query_summarization,0.95,mid,1,True,0.0006652000000000001,0.0082764,0.007611199999999999,True
qmsum_TS3004a_spec_2_step_1,TS3004a_spec_2,1,low,low,,start,False,qmsum,meeting_query_summarization,0.95,low,0,True,0.0001402,0.007604399999999999,0.007464199999999999,True
qmsum_TS3004a_spec_3_step_1,TS3004a_spec_3,1,low,low,,start,False,qmsum,meeting_query_summarization,0.95,low,0,True,0.000171,0.00859,0.008419000000000001,True
qmsum_TS3004a_spec_4_step_1,TS3004a_spec_4,1,low,low,,start,False,qmsum,meeting_query_summarization,0.95,low,0,True,0.0002506,0.0111372,0.0108866,True
qmsum_TS3004a_spec_5_step_1,TS3004a_spec_5,1,low,low,,start,False,qmsum,meeting_query_summarization,0.95,low,0,True,0.00015340000000000002,0.0080268,0.007873400000000001,True
qmsum_TS3004b_gen_0_step_1,TS3004b_gen_0,1,low,low,,start,False,qmsum,meeting_query_summarization,0.95,low,0,True,0.00026250000000000004,0.011517999999999999,0.011255499999999998,True
qmsum_TS3004b_spec_0_step_1,TS3004b_spec_0,1,low,low,,start,False,qmsum,meeting_query_summarization,0.95,low,0,True,0.0003824000000000001,0.0153548,0.0149724,True
qmsum_TS3004b_spec_1_step_1,TS3004b_spec_1,1,low,low,,start,False,qmsum,meeting_query_summarization,0.95,low,0,True,0.000158,0.008173999999999999,0.008015999999999999,True
qmsum_TS3004b_spec_2_step_1,TS3004b_spec_2,1,mid,mid,,start,False,qmsum,meeting_query_summarization,0.95,mid,1,True,0.000682,0.00843,0.007748,True
qmsum_TS3004b_spec_3_step_1,TS3004b_spec_3,1,low,low,,start,False,qmsum,meeting_query_summarization,0.95,low,0,True,0.00039150000000000003,0.015646,0.0152545,True
qmsum_TS3004c_gen_0_step_1,TS3004c_gen_0,1,low,low,,start,False,qmsum,meeting_query_summarization,0.95,low,0,True,0.00026250000000000004,0.011517999999999999,0.011255499999999998,True
qmsum_TS3004c_spec_0_step_1,TS3004c_spec_0,1,low,low,,start,False,qmsum,meeting_query_summarization,0.95,low,0,True,0.0003154,0.013210799999999998,0.012895399999999998,True
qmsum_TS3004c_spec_1_step_1,TS3004c_spec_1,1,mid,mid,,start,False,qmsum,meeting_query_summarization,0.95,mid,1,True,0.0006113000000000001,0.0077836,0.0071722999999999995,True
qmsum_TS3004c_spec_2_step_1,TS3004c_spec_2,1,low,low,,start,False,qmsum,meeting_query_summarization,0.95,low,0,True,0.0001446,0.0077452,0.0076006,True
qmsum_TS3004c_spec_3_step_1,TS3004c_spec_3,1,low,low,,start,False,qmsum,meeting_query_summarization,0.95,low,0,True,0.0008272,0.0295884,0.0287612,True
qmsum_TS3004c_spec_5_step_1,TS3004c_spec_5,1,low,low,,start,False,qmsum,meeting_query_summarization,0.95,low,0,True,0.0001574,0.0081548,0.0079974,True
qmsum_TS3004d_gen_0_step_1,TS3004d_gen_0,1,low,low,,start,False,qmsum,meeting_query_summarization,0.95,low,0,True,0.00026250000000000004,0.011517999999999999,0.011255499999999998,True
qmsum_TS3004d_spec_0_step_1,TS3004d_spec_0,1,low,low,,start,False,qmsum,meeting_query_summarization,0.95,low,0,True,0.0006588000000000001,0.0241996,0.0235408,True
qmsum_TS3004d_spec_1_step_1,TS3004d_spec_1,1,low,low,,start,False,qmsum,meeting_query_summarization,0.95,low,0,True,0.0001843,0.0090156,0.0088313,True
qmsum_TS3004d_spec_3_step_1,TS3004d_spec_3,1,low,low,,start,False,qmsum,meeting_query_summarization,0.95,low,0,True,0.0004293,0.0168556,0.016426299999999998,True
qmsum_TS3004d_spec_4_step_1,TS3004d_spec_4,1,low,low,,start,False,qmsum,meeting_query_summarization,0.95,low,0,True,0.00014340000000000002,0.0077068,0.0075634,True
qmsum_TS3011a_gen_0_step_1,TS3011a_gen_0,1,low,low,,start,False,qmsum,meeting_query_summarization,0.95,low,0,True,0.0007399000000000001,0.026794800000000004,0.026054900000000002,True
qmsum_TS3011a_spec_0_step_1,TS3011a_spec_0,1,low,low,,start,False,qmsum,meeting_query_summarization,0.95,low,0,True,0.0002521,0.011185200000000001,0.010933100000000001,True
qmsum_TS3011a_spec_1_step_1,TS3011a_spec_1,1,low,low,,start,False,qmsum,meeting_query_summarization,0.95,low,0,True,0.00017930000000000002,0.0088556,0.0086763,True
qmsum_TS3011a_spec_2_step_1,TS3011a_spec_2,1,low,low,,start,False,qmsum,meeting_query_summarization,0.95,low,0,True,0.00015659999999999998,0.0081292,0.0079726,True
qmsum_TS3011a_spec_3_step_1,TS3011a_spec_3,1,low,low,,start,False,qmsum,meeting_query_summarization,0.95,low,0,True,0.00018930000000000002,0.0091756,0.008986300000000001,True
qmsum_TS3011a_spec_4_step_1,TS3011a_spec_4,1,low,low,,start,False,qmsum,meeting_query_summarization,0.95,low,0,True,0.0001541,0.0080492,0.007895099999999999,True
qmsum_TS3011a_spec_5_step_1,TS3011a_spec_5,1,low,low,,start,False,qmsum,meeting_query_summarization,0.95,low,0,True,0.00015230000000000002,0.0079916,0.0078393,True
qmsum_TS3011b_gen_0_step_1,TS3011b_gen_0,1,low,low,,start,False,qmsum,meeting_query_summarization,0.95,low,0,True,0.00026250000000000004,0.011517999999999999,0.011255499999999998,True
qmsum_TS3011b_spec_0_step_1,TS3011b_spec_0,1,low,low,,start,False,qmsum,meeting_query_summarization,0.95,low,0,True,0.0005553,0.0208876,0.020332299999999998,True
qmsum_TS3011b_spec_1_step_1,TS3011b_spec_1,1,low,low,,start,False,qmsum,meeting_query_summarization,0.95,low,0,True,0.00024359999999999999,0.0109132,0.0106696,True
qmsum_TS3011b_spec_2_step_1,TS3011b_spec_2,1,low,low,,start,False,qmsum,meeting_query_summarization,0.95,low,0,True,0.0001775,0.008798,0.0086205,True
qmsum_TS3011b_spec_3_step_1,TS3011b_spec_3,1,low,low,,start,False,qmsum,meeting_query_summarization,0.95,low,0,True,0.0005321000000000001,0.020145200000000002,0.0196131,True
qmsum_TS3011b_spec_4_step_1,TS3011b_spec_4,1,low,low,,start,False,qmsum,meeting_query_summarization,0.95,low,0,True,0.0003285,0.01363,0.013301499999999999,True
qmsum_TS3011b_spec_5_step_1,TS3011b_spec_5,1,low,low,,start,False,qmsum,meeting_query_summarization,0.95,low,0,True,0.00015309999999999998,0.008017199999999999,0.007864099999999999,True
qmsum_TS3011c_gen_0_step_1,TS3011c_gen_0,1,low,low,,start,False,qmsum,meeting_query_summarization,0.95,low,0,True,0.00026250000000000004,0.011517999999999999,0.011255499999999998,True
qmsum_TS3011c_gen_1_step_1,TS3011c_gen_1,1,low,low,,start,False,qmsum,meeting_query_summarization,0.95,low,0,True,0.00026250000000000004,0.011517999999999999,0.011255499999999998,True
qmsum_TS3011c_spec_0_step_1,TS3011c_spec_0,1,low,low,,start,False,qmsum,meeting_query_summarization,0.95,low,0,True,0.00042620000000000006,0.0167564,0.0163302,True
qmsum_TS3011c_spec_1_step_1,TS3011c_spec_1,1,mid,mid,,start,False,qmsum,meeting_query_summarization,0.95,mid,1,True,0.0006603000000000001,0.0082316,0.0075713,True
qmsum_TS3011c_spec_2_step_1,TS3011c_spec_2,1,low,low,,start,False,qmsum,meeting_query_summarization,0.95,low,0,True,0.0001601,0.0082412,0.0080811,True
qmsum_TS3011c_spec_3_step_1,TS3011c_spec_3,1,low,low,,start,False,qmsum,meeting_query_summarization,0.95,low,0,True,0.00042210000000000007,0.0166252,0.016203099999999998,True
qmsum_TS3011c_spec_4_step_1,TS3011c_spec_4,1,low,low,,start,False,qmsum,meeting_query_summarization,0.95,low,0,True,0.00022860000000000003,0.0104332,0.0102046,True
qmsum_TS3011c_spec_5_step_1,TS3011c_spec_5,1,mid_high,mid_high,,start,False,qmsum,meeting_query_summarization,0.95,mid_high,2,True,0.0026542,0.0087564,0.0061021999999999995,True
qmsum_TS3011d_gen_0_step_1,TS3011d_gen_0,1,low,low,,start,False,qmsum,meeting_query_summarization,0.95,low,0,True,0.00026250000000000004,0.011517999999999999,0.011255499999999998,True
qmsum_TS3011d_spec_0_step_1,TS3011d_spec_0,1,mid,mid,,start,False,qmsum,meeting_query_summarization,0.95,mid,1,True,0.00195775,0.020094,0.01813625,True
qmsum_TS3011d_spec_1_step_1,TS3011d_spec_1,1,low,low,,start,False,qmsum,meeting_query_summarization,0.95,low,0,True,0.00016130000000000002,0.0082796,0.0081183,True
qmsum_TS3011d_spec_2_step_1,TS3011d_spec_2,1,low,low,,start,False,qmsum,meeting_query_summarization,0.95,low,0,True,0.00019419999999999998,0.0093324,0.009138199999999999,True
qmsum_TS3011d_spec_3_step_1,TS3011d_spec_3,1,low,low,,start,False,qmsum,meeting_query_summarization,0.95,low,0,True,0.00032320000000000005,0.0134604,0.013137200000000002,True
qmsum_TS3011d_spec_4_step_1,TS3011d_spec_4,1,low,low,,start,False,qmsum,meeting_query_summarization,0.95,low,0,True,0.0002539,0.011242799999999999,0.0109889,True
qmsum_TS3011d_spec_5_step_1,TS3011d_spec_5,1,low,low,,start,False,qmsum,meeting_query_summarization,0.95,low,0,True,0.0001456,0.0077772,0.0076316,True
mtrag_a2698b2973ea7db1ee5adb5e70ec02e4_turn_8_step_1,a2698b2973ea7db1ee5adb5e70ec02e4_turn_8,1,low,low,,start,False,mtrag,rag_multiturn,0.95,low,0,True,0.00037400000000000004,0.015086,0.014712000000000001,True
mtrag_a2698b2973ea7db1ee5adb5e70ec02e4_turn_9_step_1,a2698b2973ea7db1ee5adb5e70ec02e4_turn_9,1,low,low,,start,False,mtrag,rag_multiturn,0.95,low,0,True,0.00045760000000000006,0.0177612,0.017303600000000002,True
mtrag_a277cf5022616282aa819ee76c9343de_turn_1_step_1,a277cf5022616282aa819ee76c9343de_turn_1,1,low,low,,start,False,mtrag,rag_multiturn,0.95,low,0,True,0.0001628,0.0083276,0.0081648,True
mtrag_a277cf5022616282aa819ee76c9343de_turn_2_step_1,a277cf5022616282aa819ee76c9343de_turn_2,1,low,low,,start,False,mtrag,rag_multiturn,0.95,low,0,True,0.00022160000000000002,0.0102092,0.0099876,True
mtrag_a277cf5022616282aa819ee76c9343de_turn_7_step_1,a277cf5022616282aa819ee76c9343de_turn_7,1,low,low,,start,False,mtrag,rag_multiturn,0.95,low,0,True,0.0003184,0.013306799999999999,0.012988399999999999,True
mtrag_a3f07e9ed5f257db6aecd30511f03af1_turn_1_step_1,a3f07e9ed5f257db6aecd30511f03af1_turn_1,1,low,low,,start,False,mtrag,rag_multiturn,0.95,low,0,True,0.0001655,0.008414,0.008248499999999999,True
mtrag_a3f07e9ed5f257db6aecd30511f03af1_turn_5_step_1,a3f07e9ed5f257db6aecd30511f03af1_turn_5,1,low,low,,start,False,mtrag,rag_multiturn,0.95,low,0,True,0.0002019,0.009578799999999998,0.009376899999999999,True
mtrag_a6eab3f851684c4ba01ae141ce590342_turn_1_step_1,a6eab3f851684c4ba01ae141ce590342_turn_1,1,low,low,,start,False,mtrag,rag_multiturn,0.95,low,0,True,0.0001899,0.0091948,0.0090049,True
mtrag_adf9b1f61c73d715809bc7b37ac02724_turn_3_step_1,adf9b1f61c73d715809bc7b37ac02724_turn_3,1,low,low,,start,False,mtrag,rag_multiturn,0.95,low,0,True,0.0003345,0.013822,0.0134875,True
mtrag_adf9b1f61c73d715809bc7b37ac02724_turn_6_step_1,adf9b1f61c73d715809bc7b37ac02724_turn_6,1,low,low,,start,False,mtrag,rag_multiturn,0.95,low,0,True,0.00029270000000000007,0.012484400000000001,0.012191700000000001,True
mtrag_adf9b1f61c73d715809bc7b37ac02724_turn_8_step_1,adf9b1f61c73d715809bc7b37ac02724_turn_8,1,low,low,,start,False,mtrag,rag_multiturn,0.95,low,0,True,0.0004632000000000001,0.017940400000000002,0.017477200000000002,True
mtrag_aea2634b0e5f1c2444550d31c41adc94_turn_2_step_1,aea2634b0e5f1c2444550d31c41adc94_turn_2,1,low,low,,start,False,mtrag,rag_multiturn,0.95,low,0,True,0.0002162,0.0100364,0.0098202,True
mtrag_aea2634b0e5f1c2444550d31c41adc94_turn_3_step_1,aea2634b0e5f1c2444550d31c41adc94_turn_3,1,low,low,,start,False,mtrag,rag_multiturn,0.95,low,0,True,0.000216,0.010029999999999999,0.009814,True
mtrag_af57ff6995d958858fc451e606fdb54d_turn_7_step_1,af57ff6995d958858fc451e606fdb54d_turn_7,1,low,low,,start,False,mtrag,rag_multiturn,0.95,low,0,True,0.00022160000000000002,0.0102092,0.0099876,True
mtrag_af5e45e59e1254e0b7869cb477674d02_turn_2_step_1,af5e45e59e1254e0b7869cb477674d02_turn_2,1,low,low,,start,False,mtrag,rag_multiturn,0.95,low,0,True,0.00016580000000000002,0.0084236,0.0082578,True
mtrag_af5e45e59e1254e0b7869cb477674d02_turn_3_step_1,af5e45e59e1254e0b7869cb477674d02_turn_3,1,low,low,,start,False,mtrag,rag_multiturn,0.95,low,0,True,0.0001899,0.0091948,0.0090049,True
mtrag_af5e45e59e1254e0b7869cb477674d02_turn_9_step_1,af5e45e59e1254e0b7869cb477674d02_turn_9,1,low,low,,start,False,mtrag,rag_multiturn,0.95,low,0,True,0.00027650000000000005,0.011966,0.011689499999999999,True
swebench_astropy__astropy-12907_step_1,astropy__astropy-12907,1,mid_high,mid_high,,start,False,swebench,code_swe,0.95,mid_high,2,True,0.0034913,0.0111916,0.007700299999999999,True
swebench_astropy__astropy-12907_step_2,astropy__astropy-12907,2,high,high,mid_high,escalate,False,swebench,code_swe,0.95,high,3,True,0.0121292,0.0121292,0.0,True
swebench_astropy__astropy-12907_step_3,astropy__astropy-12907,3,mid,high,high,sticky_hold,True,swebench,code_swe,0.95,mid,1,True,0.0201068,0.0201068,0.0,True
swebench_astropy__astropy-12907_step_4,astropy__astropy-12907,4,low,high,high,sticky_hold,True,swebench,code_swe,0.95,low,0,True,0.021918,0.021918,0.0,True
swebench_astropy__astropy-12907_step_5,astropy__astropy-12907,5,high,high,high,stay,False,swebench,code_swe,0.95,high,3,True,0.0239052,0.0239052,0.0,True
swebench_astropy__astropy-12907_step_6,astropy__astropy-12907,6,high,high,high,stay,False,swebench,code_swe,0.95,high,3,True,0.0252172,0.0252172,0.0,True
swebench_astropy__astropy-12907_step_7,astropy__astropy-12907,7,low,high,high,sticky_hold,True,swebench,code_swe,0.95,low,0,True,0.025998,0.025998,0.0,True
swebench_astropy__astropy-13033_step_1,astropy__astropy-13033,1,low,low,,start,False,swebench,code_swe,0.95,low,0,True,0.0002909,0.012426799999999998,0.012135899999999998,True
swebench_astropy__astropy-13033_step_2,astropy__astropy-13033,2,high,high,low,escalate,False,swebench,code_swe,0.95,high,3,True,0.013674799999999999,0.013674799999999999,0.0,True
swebench_astropy__astropy-13033_step_3,astropy__astropy-13033,3,mid,high,high,sticky_hold,True,swebench,code_swe,0.95,mid,1,True,0.0159916,0.0159916,0.0,True
swebench_astropy__astropy-13033_step_4,astropy__astropy-13033,4,high,high,high,stay,False,swebench,code_swe,0.95,high,3,True,0.019261999999999998,0.019261999999999998,0.0,True
swebench_astropy__astropy-13033_step_5,astropy__astropy-13033,5,high,high,high,stay,False,swebench,code_swe,0.95,high,3,True,0.020138800000000002,0.020138800000000002,0.0,True
swebench_astropy__astropy-13033_step_6,astropy__astropy-13033,6,high,high,high,stay,False,swebench,code_swe,0.95,high,3,True,0.023943600000000002,0.023943600000000002,0.0,True
swebench_astropy__astropy-13033_step_7,astropy__astropy-13033,7,low,high,high,sticky_hold,True,swebench,code_swe,0.95,low,0,True,0.0253324,0.0253324,0.0,True
mtrag_b2805ee4c478194c234e2384ffb0a6bf_turn_4_step_1,b2805ee4c478194c234e2384ffb0a6bf_turn_4,1,low,low,,start,False,mtrag,rag_multiturn,0.95,low,0,True,0.0002243,0.0102956,0.0100713,True
mtrag_b4614daadceeecb400f7baf0aa48dcb8_turn_1_step_1,b4614daadceeecb400f7baf0aa48dcb8_turn_1,1,mid,mid,,start,False,mtrag,rag_multiturn,0.95,mid,1,True,0.0010523,0.0118156,0.0107633,True
mtrag_b4614daadceeecb400f7baf0aa48dcb8_turn_8_step_1,b4614daadceeecb400f7baf0aa48dcb8_turn_8,1,low,low,,start,False,mtrag,rag_multiturn,0.95,low,0,True,0.0003375,0.013918,0.0135805,True
mtrag_be461bfeda2d4826cdb663dcaa7d1ced_turn_2_step_1,be461bfeda2d4826cdb663dcaa7d1ced_turn_2,1,low,low,,start,False,mtrag,rag_multiturn,0.95,low,0,True,0.0002944,0.0125388,0.012244399999999999,True
mtrag_be461bfeda2d4826cdb663dcaa7d1ced_turn_3_step_1,be461bfeda2d4826cdb663dcaa7d1ced_turn_3,1,low,low,,start,False,mtrag,rag_multiturn,0.95,low,0,True,0.00032110000000000005,0.013393200000000001,0.013072100000000001,True
mtrag_be461bfeda2d4826cdb663dcaa7d1ced_turn_6_step_1,be461bfeda2d4826cdb663dcaa7d1ced_turn_6,1,low,low,,start,False,mtrag,rag_multiturn,0.95,low,0,True,0.00029910000000000006,0.012689200000000001,0.012390100000000001,True
mtrag_c1e53df98a28f19448f4af244304b89a_turn_1_step_1,c1e53df98a28f19448f4af244304b89a_turn_1,1,low,low,,start,False,mtrag,rag_multiturn,0.95,low,0,True,0.000133,0.0073739999999999995,0.007240999999999999,True
mtrag_c1e53df98a28f19448f4af244304b89a_turn_5_step_1,c1e53df98a28f19448f4af244304b89a_turn_5,1,low,low,,start,False,mtrag,rag_multiturn,0.95,low,0,True,0.0001799,0.008874799999999999,0.008694899999999998,True
mtrag_c5518952b78b171de2d5b9317103ba62_turn_8_step_1,c5518952b78b171de2d5b9317103ba62_turn_8,1,low,low,,start,False,mtrag,rag_multiturn,0.95,low,0,True,0.0002821,0.0121452,0.0118631,True
mtrag_c6c3b02ca32795af64c903dd76700517_turn_1_step_1,c6c3b02ca32795af64c903dd76700517_turn_1,1,low,low,,start,False,mtrag,rag_multiturn,0.95,low,0,True,0.0002385,0.01075,0.0105115,True
mtrag_c6c3b02ca32795af64c903dd76700517_turn_2_step_1,c6c3b02ca32795af64c903dd76700517_turn_2,1,low,low,,start,False,mtrag,rag_multiturn,0.95,low,0,True,0.00039380000000000003,0.0157196,0.0153258,True
mtrag_c6c3b02ca32795af64c903dd76700517_turn_5_step_1,c6c3b02ca32795af64c903dd76700517_turn_5,1,low,low,,start,False,mtrag,rag_multiturn,0.95,low,0,True,0.00032250000000000003,0.013438,0.0131155,True
mtrag_c6c3b02ca32795af64c903dd76700517_turn_9_step_1,c6c3b02ca32795af64c903dd76700517_turn_9,1,low,low,,start,False,mtrag,rag_multiturn,0.95,low,0,True,0.00032310000000000005,0.0134572,0.013134100000000001,True
mtrag_ca6f0197d2c0c4d6e3be090c3f8bf30f_turn_1_step_1,ca6f0197d2c0c4d6e3be090c3f8bf30f_turn_1,1,low,low,,start,False,mtrag,rag_multiturn,0.95,low,0,True,0.0001725,0.008638,0.008465499999999999,True
mtrag_ca6f0197d2c0c4d6e3be090c3f8bf30f_turn_5_step_1,ca6f0197d2c0c4d6e3be090c3f8bf30f_turn_5,1,low,low,,start,False,mtrag,rag_multiturn,0.95,low,0,True,0.00023160000000000002,0.0105292,0.0102976,True
mtrag_ccdfb6b6f98c55047ae81b705104dbd6_turn_3_step_1,ccdfb6b6f98c55047ae81b705104dbd6_turn_3,1,low,low,,start,False,mtrag,rag_multiturn,0.95,low,0,True,0.0002572,0.011348400000000002,0.0110912,True
mtrag_ccdfb6b6f98c55047ae81b705104dbd6_turn_5_step_1,ccdfb6b6f98c55047ae81b705104dbd6_turn_5,1,low,low,,start,False,mtrag,rag_multiturn,0.95,low,0,True,0.00029060000000000007,0.0124172,0.0121266,True
mtrag_ccdfb6b6f98c55047ae81b705104dbd6_turn_9_step_1,ccdfb6b6f98c55047ae81b705104dbd6_turn_9,1,low,low,,start,False,mtrag,rag_multiturn,0.95,low,0,True,0.0004542000000000001,0.017652400000000002,0.017198200000000004,True
mtrag_cfbcfa3e382f12aed450b10f87a72aeb_turn_1_step_1,cfbcfa3e382f12aed450b10f87a72aeb_turn_1,1,low,low,,start,False,mtrag,rag_multiturn,0.95,low,0,True,0.00015309999999999998,0.008017199999999999,0.007864099999999999,True
mtrag_cfbcfa3e382f12aed450b10f87a72aeb_turn_2_step_1,cfbcfa3e382f12aed450b10f87a72aeb_turn_2,1,low,low,,start,False,mtrag,rag_multiturn,0.95,low,0,True,0.0001828,0.0089676,0.008784799999999999,True
mtrag_cfbcfa3e382f12aed450b10f87a72aeb_turn_3_step_1,cfbcfa3e382f12aed450b10f87a72aeb_turn_3,1,low,low,,start,False,mtrag,rag_multiturn,0.95,low,0,True,0.0001763,0.0087596,0.008583299999999999,True
mtrag_d2432696b32af73cf3dabd7090997afb_turn_7_step_1,d2432696b32af73cf3dabd7090997afb_turn_7,1,low,low,,start,False,mtrag,rag_multiturn,0.95,low,0,True,0.0005812,0.0217164,0.0211352,True
mtrag_d2432696b32af73cf3dabd7090997afb_turn_9_step_1,d2432696b32af73cf3dabd7090997afb_turn_9,1,low,low,,start,False,mtrag,rag_multiturn,0.95,low,0,True,0.0005358,0.0202636,0.0197278,True
mtrag_d4d8edb3e0c456d11033b14b28e99470_turn_7_step_1,d4d8edb3e0c456d11033b14b28e99470_turn_7,1,low,low,,start,False,mtrag,rag_multiturn,0.95,low,0,True,0.0003959000000000001,0.0157868,0.0153909,True
mtrag_d5b1e735a040853ed361a3dfde1b8ef0_turn_3_step_1,d5b1e735a040853ed361a3dfde1b8ef0_turn_3,1,low,low,,start,False,mtrag,rag_multiturn,0.95,low,0,True,0.0001945,0.009342,0.0091475,True
mtrag_d5b1e735a040853ed361a3dfde1b8ef0_turn_6_step_1,d5b1e735a040853ed361a3dfde1b8ef0_turn_6,1,low,low,,start,False,mtrag,rag_multiturn,0.95,low,0,True,0.0002199,0.010154799999999999,0.009934899999999998,True
mtrag_d5b1e735a040853ed361a3dfde1b8ef0_turn_8_step_1,d5b1e735a040853ed361a3dfde1b8ef0_turn_8,1,low,low,,start,False,mtrag,rag_multiturn,0.95,low,0,True,0.000364,0.014766,0.014402,True
mtrag_d5b1e735a040853ed361a3dfde1b8ef0_turn_9_step_1,d5b1e735a040853ed361a3dfde1b8ef0_turn_9,1,low,low,,start,False,mtrag,rag_multiturn,0.95,low,0,True,0.00031020000000000006,0.013044400000000001,0.012734200000000001,True
mtrag_d5f0e7023ab90fe0240b7fc46cf00c26_turn_3_step_1,d5f0e7023ab90fe0240b7fc46cf00c26_turn_3,1,low,low,,start,False,mtrag,rag_multiturn,0.95,low,0,True,0.0001756,0.0087372,0.0085616,True
mtrag_d5f0e7023ab90fe0240b7fc46cf00c26_turn_5_step_1,d5f0e7023ab90fe0240b7fc46cf00c26_turn_5,1,low,low,,start,False,mtrag,rag_multiturn,0.95,low,0,True,0.00024,0.010798,0.010558,True
mtrag_d7b4f863baa92fd08c1db2b1a95170dd_turn_2_step_1,d7b4f863baa92fd08c1db2b1a95170dd_turn_2,1,low,low,,start,False,mtrag,rag_multiturn,0.95,low,0,True,0.0002305,0.010494,0.0102635,True
mtrag_d7b4f863baa92fd08c1db2b1a95170dd_turn_5_step_1,d7b4f863baa92fd08c1db2b1a95170dd_turn_5,1,low,low,,start,False,mtrag,rag_multiturn,0.95,low,0,True,0.00025830000000000004,0.0113836,0.011125300000000001,True
mtrag_d7b4f863baa92fd08c1db2b1a95170dd_turn_9_step_1,d7b4f863baa92fd08c1db2b1a95170dd_turn_9,1,low,low,,start,False,mtrag,rag_multiturn,0.95,low,0,True,0.0003657,0.0148204,0.0144547,True
mtrag_dc1aaac0b33553d8c897d4150955d803_turn_3_step_1,dc1aaac0b33553d8c897d4150955d803_turn_3,1,low,low,,start,False,mtrag,rag_multiturn,0.95,low,0,True,0.00041490000000000006,0.0163948,0.015979900000000002,True
mtrag_dc1aaac0b33553d8c897d4150955d803_turn_4_step_1,dc1aaac0b33553d8c897d4150955d803_turn_4,1,low,low,,start,False,mtrag,rag_multiturn,0.95,low,0,True,0.0002924,0.0124748,0.0121824,True
mtrag_dd6b6ffd177f2b311abe676261279d2f_turn_4_step_1,dd6b6ffd177f2b311abe676261279d2f_turn_4,1,low,low,,start,False,mtrag,rag_multiturn,0.95,low,0,True,0.0001663,0.0084396,0.0082733,True
mtrag_dd82f0f978316e73618cf0addd369cd8_turn_6_step_1,dd82f0f978316e73618cf0addd369cd8_turn_6,1,low,low,,start,False,mtrag,rag_multiturn,0.95,low,0,True,0.0002591,0.0114092,0.0111501,True
mtrag_ddbbbe7ea13560c5768639207e1ca604_turn_1_step_1,ddbbbe7ea13560c5768639207e1ca604_turn_1,1,low,low,,start,False,mtrag,rag_multiturn,0.95,low,0,True,0.0002263,0.0103596,0.0101333,True
mtrag_ddbbbe7ea13560c5768639207e1ca604_turn_7_step_1,ddbbbe7ea13560c5768639207e1ca604_turn_7,1,low,low,,start,False,mtrag,rag_multiturn,0.95,low,0,True,0.0005151,0.0196012,0.019086099999999998,True
swebench_django__django-10097_step_1,django__django-10097,1,low,low,,start,False,swebench,code_swe,0.95,low,0,True,0.00028750000000000005,0.012317999999999999,0.0120305,True
swebench_django__django-10097_step_2,django__django-10097,2,high,high,low,escalate,False,swebench,code_swe,0.95,high,3,True,0.013105200000000001,0.013105200000000001,0.0,True
swebench_django__django-10097_step_3,django__django-10097,3,high,high,high,stay,False,swebench,code_swe,0.95,high,3,True,0.0208556,0.0208556,0.0,True
swebench_django__django-10097_step_4,django__django-10097,4,high,high,high,stay,False,swebench,code_swe,0.95,high,3,True,0.023079600000000002,0.023079600000000002,0.0,True
swebench_django__django-10097_step_5,django__django-10097,5,low,high,high,sticky_hold,True,swebench,code_swe,0.95,low,0,True,0.02371,0.02371,0.0,True
swebench_django__django-10554_step_1,django__django-10554,1,low,low,,start,False,swebench,code_swe,0.95,low,0,True,0.0002939,0.012522799999999999,0.0122289,True
swebench_django__django-10554_step_2,django__django-10554,2,high,high,low,escalate,False,swebench,code_swe,0.95,high,3,True,0.013038,0.013038,0.0,True
swebench_django__django-10554_step_3,django__django-10554,3,high,high,high,stay,False,swebench,code_swe,0.95,high,3,True,0.0162764,0.0162764,0.0,True
swebench_django__django-10554_step_4,django__django-10554,4,high,high,high,stay,False,swebench,code_swe,0.95,high,3,True,0.0261516,0.0261516,0.0,True
swebench_django__django-10554_step_5,django__django-10554,5,high,high,high,stay,False,swebench,code_swe,0.95,high,3,True,0.032513200000000006,0.032513200000000006,0.0,True
swebench_django__django-10554_step_6,django__django-10554,6,mid_high,high,high,sticky_hold,True,swebench,code_swe,0.95,mid_high,2,True,0.032622000000000005,0.032622000000000005,0.0,True
swebench_django__django-10554_step_7,django__django-10554,7,mid_high,high,high,sticky_hold,True,swebench,code_swe,0.95,mid_high,2,True,0.03269880000000001,0.03269880000000001,0.0,True
swebench_django__django-10554_step_8,django__django-10554,8,low,high,high,sticky_hold,True,swebench,code_swe,0.95,low,0,True,0.032558000000000004,0.032558000000000004,0.0,True
swebench_django__django-10554_step_9,django__django-10554,9,high,high,high,stay,False,swebench,code_swe,0.95,high,3,True,0.03272440000000001,0.03272440000000001,0.0,True
swebench_django__django-10554_step_10,django__django-10554,10,high,high,high,stay,False,swebench,code_swe,0.95,high,3,True,0.032542,0.032542,0.0,True
swebench_django__django-10554_step_11,django__django-10554,11,mid,high,high,sticky_hold,True,swebench,code_swe,0.95,mid,1,True,0.03271160000000001,0.03271160000000001,0.0,True
swebench_django__django-10880_step_1,django__django-10880,1,low,low,,start,False,swebench,code_swe,0.95,low,0,True,0.00022810000000000001,0.0104172,0.0101891,True
swebench_django__django-10880_step_2,django__django-10880,2,mid_high,mid_high,low,escalate,False,swebench,code_swe,0.95,mid_high,2,True,0.0035859,0.0114668,0.0078809,True
swebench_django__django-10880_step_3,django__django-10880,3,high,high,mid_high,escalate,False,swebench,code_swe,0.95,high,3,True,0.0166764,0.0166764,0.0,True
swebench_django__django-10880_step_4,django__django-10880,4,high,high,high,stay,False,swebench,code_swe,0.95,high,3,True,0.019726,0.019726,0.0,True
swebench_django__django-10880_step_5,django__django-10880,5,high,high,high,stay,False,swebench,code_swe,0.95,high,3,True,0.021018800000000004,0.021018800000000004,0.0,True
swebench_django__django-10880_step_6,django__django-10880,6,mid,high,high,sticky_hold,True,swebench,code_swe,0.95,mid,1,True,0.0217004,0.0217004,0.0,True
swebench_django__django-10880_step_7,django__django-10880,7,high,high,high,stay,False,swebench,code_swe,0.95,high,3,True,0.0219052,0.0219052,0.0,True
swebench_django__django-10914_step_1,django__django-10914,1,mid_high,mid_high,,start,False,swebench,code_swe,0.95,mid_high,2,True,0.0034297,0.0110124,0.0075827,True
swebench_django__django-10914_step_2,django__django-10914,2,mid,mid_high,mid_high,sticky_hold,True,swebench,code_swe,0.95,mid,1,True,0.0035616999999999997,0.011396400000000001,0.007834700000000002,True
swebench_django__django-10914_step_3,django__django-10914,3,mid_high,mid_high,mid_high,stay,False,swebench,code_swe,0.95,mid_high,2,True,0.0036948000000000003,0.0117836,0.0080888,True
swebench_django__django-10914_step_4,django__django-10914,4,high,high,mid_high,escalate,False,swebench,code_swe,0.95,high,3,True,0.0152172,0.0152172,0.0,True
swebench_django__django-10914_step_5,django__django-10914,5,high,high,high,stay,False,swebench,code_swe,0.95,high,3,True,0.019588400000000002,0.019588400000000002,0.0,True
swebench_django__django-10914_step_6,django__django-10914,6,low,high,high,sticky_hold,True,swebench,code_swe,0.95,low,0,True,0.021066800000000004,0.021066800000000004,0.0,True
swebench_django__django-10914_step_7,django__django-10914,7,low,high,high,sticky_hold,True,swebench,code_swe,0.95,low,0,True,0.0212012,0.0212012,0.0,True
swebench_django__django-10914_step_8,django__django-10914,8,low,high,high,sticky_hold,True,swebench,code_swe,0.95,low,0,True,0.021806,0.021806,0.0,True
swebench_django__django-10973_step_1,django__django-10973,1,low,low,,start,False,swebench,code_swe,0.95,low,0,True,0.0002301,0.0104812,0.010251099999999999,True
swebench_django__django-10973_step_2,django__django-10973,2,high,high,low,escalate,False,swebench,code_swe,0.95,high,3,True,0.0114156,0.0114156,0.0,True
swebench_django__django-10973_step_3,django__django-10973,3,high,high,high,stay,False,swebench,code_swe,0.95,high,3,True,0.0151404,0.0151404,0.0,True
swebench_django__django-10973_step_4,django__django-10973,4,mid,high,high,sticky_hold,True,swebench,code_swe,0.95,mid,1,True,0.016052399999999998,0.016052399999999998,0.0,True
swebench_django__django-10973_step_5,django__django-10973,5,high,high,high,stay,False,swebench,code_swe,0.95,high,3,True,0.016506800000000002,0.016506800000000002,0.0,True
swebench_django__django-10973_step_6,django__django-10973,6,high,high,high,stay,False,swebench,code_swe,0.95,high,3,True,0.019086,0.019086,0.0,True
swebench_django__django-10973_step_7,django__django-10973,7,high,high,high,stay,False,swebench,code_swe,0.95,high,3,True,0.021415599999999996,0.021415599999999996,0.0,True
swebench_django__django-10973_step_8,django__django-10973,8,low,high,high,sticky_hold,True,swebench,code_swe,0.95,low,0,True,0.0215692,0.0215692,0.0,True
swebench_django__django-10973_step_9,django__django-10973,9,mid_high,high,high,sticky_hold,True,swebench,code_swe,0.95,mid_high,2,True,0.0238252,0.0238252,0.0,True
swebench_django__django-10999_step_1,django__django-10999,1,low,low,,start,False,swebench,code_swe,0.95,low,0,True,0.0002365,0.010686,0.010449499999999999,True
swebench_django__django-10999_step_2,django__django-10999,2,high,high,low,escalate,False,swebench,code_swe,0.95,high,3,True,0.0109996,0.0109996,0.0,True
swebench_django__django-10999_step_3,django__django-10999,3,high,high,high,stay,False,swebench,code_swe,0.95,high,3,True,0.0161708,0.0161708,0.0,True
swebench_django__django-10999_step_4,django__django-10999,4,high,high,high,stay,False,swebench,code_swe,0.95,high,3,True,0.016666800000000002,0.016666800000000002,0.0,True
swebench_django__django-10999_step_5,django__django-10999,5,low,high,high,sticky_hold,True,swebench,code_swe,0.95,low,0,True,0.01899,0.01899,0.0,True
swebench_django__django-10999_step_6,django__django-10999,6,high,high,high,stay,False,swebench,code_swe,0.95,high,3,True,0.0195212,0.0195212,0.0,True
swebench_django__django-10999_step_7,django__django-10999,7,low,high,high,sticky_hold,True,swebench,code_swe,0.95,low,0,True,0.0196652,0.0196652,0.0,True
swebench_django__django-10999_step_8,django__django-10999,8,mid,high,high,sticky_hold,True,swebench,code_swe,0.95,mid,1,True,0.0201772,0.0201772,0.0,True
swebench_django__django-11066_step_1,django__django-11066,1,low,low,,start,False,swebench,code_swe,0.95,low,0,True,0.00026780000000000006,0.0116876,0.011419799999999999,True
swebench_django__django-11066_step_2,django__django-11066,2,mid,mid,low,escalate,False,swebench,code_swe,0.95,mid,1,True,0.00116395,0.012836400000000001,0.011672450000000001,True
swebench_django__django-11066_step_3,django__django-11066,3,low,mid,mid,sticky_hold,True,swebench,code_swe,0.95,low,0,True,0.0016136999999999998,0.016948400000000002,0.015334700000000003,True
swebench_django__django-11066_step_4,django__django-11066,4,low,mid,mid,sticky_hold,True,swebench,code_swe,0.95,low,0,True,0.0016738999999999999,0.017498800000000002,0.015824900000000003,True
swebench_django__django-11066_step_5,django__django-11066,5,low,mid,mid,sticky_hold,True,swebench,code_swe,0.95,low,0,True,0.0018079499999999998,0.018724400000000002,0.016916450000000003,True
swebench_django__django-11066_step_6,django__django-11066,6,low,mid,mid,sticky_hold,True,swebench,code_swe,0.95,low,0,True,0.00182545,0.018884400000000003,0.017058950000000003,True
swebench_django__django-11066_step_7,django__django-11066,7,low,mid,mid,sticky_hold,True,swebench,code_swe,0.95,low,0,True,0.00190525,0.019614,0.01770875,True
swebench_django__django-11087_step_1,django__django-11087,1,mid_high,mid_high,,start,False,swebench,code_swe,0.95,mid_high,2,True,0.005692399999999999,0.017594800000000004,0.011902400000000004,True
swebench_django__django-11087_step_2,django__django-11087,2,high,high,mid_high,escalate,False,swebench,code_swe,0.95,high,3,True,0.017822,0.017822,0.0,True
swebench_django__django-11087_step_3,django__django-11087,3,high,high,high,stay,False,swebench,code_swe,0.95,high,3,True,0.0277132,0.0277132,0.0,True
swebench_django__django-11087_step_4,django__django-11087,4,high,high,high,stay,False,swebench,code_swe,0.95,high,3,True,0.0290732,0.0290732,0.0,True
swebench_django__django-11087_step_5,django__django-11087,5,high,high,high,stay,False,swebench,code_swe,0.95,high,3,True,0.0313932,0.0313932,0.0,True
swebench_django__django-11087_step_6,django__django-11087,6,high,high,high,stay,False,swebench,code_swe,0.95,high,3,True,0.026126,0.026126,0.0,True
swebench_django__django-11087_step_7,django__django-11087,7,high,high,high,stay,False,swebench,code_swe,0.95,high,3,True,0.0268076,0.0268076,0.0,True
swebench_django__django-11087_step_8,django__django-11087,8,high,high,high,stay,False,swebench,code_swe,0.95,high,3,True,0.027786800000000004,0.027786800000000004,0.0,True
swebench_django__django-11087_step_9,django__django-11087,9,low,high,high,sticky_hold,True,swebench,code_swe,0.95,low,0,True,0.0287116,0.0287116,0.0,True
swebench_django__django-11099_step_1,django__django-11099,1,mid,mid,,start,False,swebench,code_swe,0.95,mid,1,True,0.0009417000000000001,0.0108044,0.0098627,True
swebench_django__django-11099_step_2,django__django-11099,2,high,high,mid,escalate,False,swebench,code_swe,0.95,high,3,True,0.0114476,0.0114476,0.0,True
swebench_django__django-11099_step_3,django__django-11099,3,mid,high,high,sticky_hold,True,swebench,code_swe,0.95,mid,1,True,0.0122636,0.0122636,0.0,True
swebench_django__django-11099_step_4,django__django-11099,4,high,high,high,stay,False,swebench,code_swe,0.95,high,3,True,0.0148492,0.0148492,0.0,True
swebench_django__django-11099_step_5,django__django-11099,5,high,high,high,stay,False,swebench,code_swe,0.95,high,3,True,0.0163468,0.0163468,0.0,True
swebench_django__django-11099_step_6,django__django-11099,6,low,high,high,sticky_hold,True,swebench,code_swe,0.95,low,0,True,0.0166572,0.0166572,0.0,True
swebench_django__django-11099_step_7,django__django-11099,7,low,high,high,sticky_hold,True,swebench,code_swe,0.95,low,0,True,0.0176012,0.0176012,0.0,True
swebench_django__django-11119_step_1,django__django-11119,1,low,low,,start,False,swebench,code_swe,0.95,low,0,True,0.00023040000000000002,0.010490799999999998,0.010260399999999998,True
swebench_django__django-11119_step_2,django__django-11119,2,mid_high,mid_high,low,escalate,False,swebench,code_swe,0.95,mid_high,2,True,0.0037641000000000003,0.0119852,0.008221099999999999,True
swebench_django__django-11119_step_3,django__django-11119,3,high,high,mid_high,escalate,False,swebench,code_swe,0.95,high,3,True,0.0122668,0.0122668,0.0,True
swebench_django__django-11119_step_4,django__django-11119,4,mid,high,high,sticky_hold,True,swebench,code_swe,0.95,mid,1,True,0.020119599999999998,0.020119599999999998,0.0,True
swebench_django__django-11119_step_5,django__django-11119,5,high,high,high,stay,False,swebench,code_swe,0.95,high,3,True,0.022068400000000002,0.022068400000000002,0.0,True
swebench_django__django-11119_step_6,django__django-11119,6,mid,high,high,sticky_hold,True,swebench,code_swe,0.95,mid,1,True,0.024474799999999998,0.024474799999999998,0.0,True
swebench_django__django-11119_step_7,django__django-11119,7,high,high,high,stay,False,swebench,code_swe,0.95,high,3,True,0.0248012,0.0248012,0.0,True
swebench_django__django-11119_step_8,django__django-11119,8,high,high,high,stay,False,swebench,code_swe,0.95,high,3,True,0.025671600000000003,0.025671600000000003,0.0,True
swebench_django__django-11119_step_9,django__django-11119,9,low,high,high,sticky_hold,True,swebench,code_swe,0.95,low,0,True,0.026862,0.026862,0.0,True
swebench_django__django-11133_step_1,django__django-11133,1,low,low,,start,False,swebench,code_swe,0.95,low,0,True,0.0002435,0.01091,0.010666499999999999,True
swebench_django__django-11133_step_2,django__django-11133,2,mid_high,mid_high,low,escalate,False,swebench,code_swe,0.95,mid_high,2,True,0.0036211000000000004,0.0115692,0.0079481,True
swebench_django__django-11133_step_3,django__django-11133,3,high,high,mid_high,escalate,False,swebench,code_swe,0.95,high,3,True,0.014609200000000001,0.014609200000000001,0.0,True
swebench_django__django-11133_step_4,django__django-11133,4,mid,high,high,sticky_hold,True,swebench,code_swe,0.95,mid,1,True,0.0154476,0.0154476,0.0,True
swebench_django__django-11133_step_5,django__django-11133,5,mid_high,high,high,sticky_hold,True,swebench,code_swe,0.95,mid_high,2,True,0.016788400000000002,0.016788400000000002,0.0,True
swebench_django__django-11133_step_6,django__django-11133,6,high,high,high,stay,False,swebench,code_swe,0.95,high,3,True,0.018807599999999997,0.018807599999999997,0.0,True
swebench_django__django-11133_step_7,django__django-11133,7,high,high,high,stay,False,swebench,code_swe,0.95,high,3,True,0.020327599999999998,0.020327599999999998,0.0,True
swebench_django__django-11133_step_8,django__django-11133,8,low,high,high,sticky_hold,True,swebench,code_swe,0.95,low,0,True,0.0212012,0.0212012,0.0,True
swebench_django__django-11163_step_1,django__django-11163,1,low,low,,start,False,swebench,code_swe,0.95,low,0,True,0.0002313,0.0105196,0.0102883,True
swebench_django__django-11163_step_2,django__django-11163,2,mid,mid,low,escalate,False,swebench,code_swe,0.95,mid,1,True,0.0009382,0.010772400000000001,0.009834200000000001,True
swebench_django__django-11163_step_3,django__django-11163,3,high,high,mid,escalate,False,swebench,code_swe,0.95,high,3,True,0.0114604,0.0114604,0.0,True
swebench_django__django-11163_step_4,django__django-11163,4,high,high,high,stay,False,swebench,code_swe,0.95,high,3,True,0.012404400000000001,0.012404400000000001,0.0,True
swebench_django__django-11163_step_5,django__django-11163,5,high,high,high,stay,False,swebench,code_swe,0.95,high,3,True,0.013268400000000001,0.013268400000000001,0.0,True
swebench_django__django-11163_step_6,django__django-11163,6,high,high,high,stay,False,swebench,code_swe,0.95,high,3,True,0.0138892,0.0138892,0.0,True
swebench_django__django-11163_step_7,django__django-11163,7,mid,high,high,sticky_hold,True,swebench,code_swe,0.95,mid,1,True,0.0145388,0.0145388,0.0,True
swebench_django__django-11163_step_8,django__django-11163,8,low,high,high,sticky_hold,True,swebench,code_swe,0.95,low,0,True,0.0147756,0.0147756,0.0,True
swebench_django__django-11163_step_9,django__django-11163,9,low,high,high,sticky_hold,True,swebench,code_swe,0.95,low,0,True,0.0154412,0.0154412,0.0,True
swebench_django__django-11999_step_1,django__django-11999,1,mid,mid,,start,False,swebench,code_swe,0.95,mid,1,True,0.0009196500000000002,0.010602799999999999,0.009683149999999998,True
swebench_django__django-11999_step_2,django__django-11999,2,mid_high,mid_high,mid,escalate,False,swebench,code_swe,0.95,mid_high,2,True,0.0033978000000000003,0.0109196,0.0075217999999999995,True
swebench_django__django-11999_step_3,django__django-11999,3,high,high,mid_high,escalate,False,swebench,code_swe,0.95,high,3,True,0.011268400000000001,0.011268400000000001,0.0,True
swebench_django__django-11999_step_4,django__django-11999,4,mid_high,high,high,sticky_hold,True,swebench,code_swe,0.95,mid_high,2,True,0.0121836,0.0121836,0.0,True
swebench_django__django-11999_step_5,django__django-11999,5,high,high,high,stay,False,swebench,code_swe,0.95,high,3,True,0.013370799999999999,0.013370799999999999,0.0,True
swebench_django__django-11999_step_6,django__django-11999,6,mid_high,high,high,sticky_hold,True,swebench,code_swe,0.95,mid_high,2,True,0.014494,0.014494,0.0,True
swebench_django__django-11999_step_7,django__django-11999,7,high,high,high,stay,False,swebench,code_swe,0.95,high,3,True,0.0158188,0.0158188,0.0,True
swebench_django__django-11999_step_8,django__django-11999,8,high,high,high,stay,False,swebench,code_swe,0.95,high,3,True,0.0176492,0.0176492,0.0,True
swebench_django__django-11999_step_9,django__django-11999,9,mid_high,high,high,sticky_hold,True,swebench,code_swe,0.95,mid_high,2,True,0.018775599999999996,0.018775599999999996,0.0,True
swebench_django__django-11999_step_10,django__django-11999,10,mid_high,high,high,sticky_hold,True,swebench,code_swe,0.95,mid_high,2,True,0.019050800000000003,0.019050800000000003,0.0,True
swebench_django__django-11999_step_11,django__django-11999,11,low,high,high,sticky_hold,True,swebench,code_swe,0.95,low,0,True,0.0198252,0.0198252,0.0,True
swebench_django__django-12262_step_1,django__django-12262,1,high,high,,start,False,swebench,code_swe,0.95,high,3,True,0.011018799999999999,0.011018799999999999,0.0,True
swebench_django__django-12262_step_2,django__django-12262,2,mid,high,high,sticky_hold,True,swebench,code_swe,0.95,mid,1,True,0.012778799999999998,0.012778799999999998,0.0,True
swebench_django__django-12262_step_3,django__django-12262,3,mid_high,high,high,sticky_hold,True,swebench,code_swe,0.95,mid_high,2,True,0.0214764,0.0214764,0.0,True
swebench_django__django-12262_step_4,django__django-12262,4,high,high,high,stay,False,swebench,code_swe,0.95,high,3,True,0.0288652,0.0288652,0.0,True
swebench_django__django-12262_step_5,django__django-12262,5,high,high,high,stay,False,swebench,code_swe,0.95,high,3,True,0.031444400000000004,0.031444400000000004,0.0,True
swebench_django__django-12262_step_6,django__django-12262,6,low,high,high,sticky_hold,True,swebench,code_swe,0.95,low,0,True,0.031703600000000005,0.031703600000000005,0.0,True
swebench_django__django-12262_step_7,django__django-12262,7,low,high,high,sticky_hold,True,swebench,code_swe,0.95,low,0,True,0.0326284,0.0326284,0.0,True
swebench_django__django-12273_step_1,django__django-12273,1,mid_high,mid_high,,start,False,swebench,code_swe,0.95,mid_high,2,True,0.0034033,0.0109356,0.0075323000000000005,True
swebench_django__django-12273_step_2,django__django-12273,2,high,high,mid_high,escalate,False,swebench,code_swe,0.95,high,3,True,0.0131148,0.0131148,0.0,True
swebench_django__django-12273_step_3,django__django-12273,3,high,high,high,stay,False,swebench,code_swe,0.95,high,3,True,0.0248812,0.0248812,0.0,True
swebench_django__django-12273_step_4,django__django-12273,4,high,high,high,stay,False,swebench,code_swe,0.95,high,3,True,0.03035,0.03035,0.0,True
swebench_django__django-12273_step_5,django__django-12273,5,mid_high,high,high,sticky_hold,True,swebench,code_swe,0.95,mid_high,2,True,0.0312556,0.0312556,0.0,True
swebench_django__django-12276_step_1,django__django-12276,1,low,low,,start,False,swebench,code_swe,0.95,low,0,True,0.00023620000000000002,0.0106764,0.0104402,True
swebench_django__django-12276_step_2,django__django-12276,2,low,low,low,stay,False,swebench,code_swe,0.95,low,0,True,0.00027100000000000003,0.01179,0.011519,True
swebench_django__django-12276_step_3,django__django-12276,3,high,high,low,escalate,False,swebench,code_swe,0.95,high,3,True,0.0123532,0.0123532,0.0,True
swebench_django__django-12276_step_4,django__django-12276,4,high,high,high,stay,False,swebench,code_swe,0.95,high,3,True,0.018804400000000002,0.018804400000000002,0.0,True
swebench_django__django-12276_step_5,django__django-12276,5,low,high,high,sticky_hold,True,swebench,code_swe,0.95,low,0,True,0.0213356,0.0213356,0.0,True
swebench_django__django-12276_step_6,django__django-12276,6,high,high,high,stay,False,swebench,code_swe,0.95,high,3,True,0.022286,0.022286,0.0,True
swebench_django__django-12276_step_7,django__django-12276,7,high,high,high,stay,False,swebench,code_swe,0.95,high,3,True,0.0232236,0.0232236,0.0,True
swebench_django__django-12276_step_8,django__django-12276,8,low,high,high,sticky_hold,True,swebench,code_swe,0.95,low,0,True,0.0235116,0.0235116,0.0,True
swebench_django__django-12276_step_9,django__django-12276,9,low,high,high,sticky_hold,True,swebench,code_swe,0.95,low,0,True,0.0242956,0.0242956,0.0,True
swebench_django__django-12325_step_1,django__django-12325,1,mid,mid,,start,False,swebench,code_swe,0.95,mid,1,True,0.0009536000000000001,0.0109132,0.009959599999999999,True
swebench_django__django-12325_step_2,django__django-12325,2,high,high,mid,escalate,False,swebench,code_swe,0.95,high,3,True,0.0120172,0.0120172,0.0,True
swebench_django__django-12325_step_3,django__django-12325,3,high,high,high,stay,False,swebench,code_swe,0.95,high,3,True,0.0154156,0.0154156,0.0,True
swebench_django__django-12325_step_4,django__django-12325,4,high,high,high,stay,False,swebench,code_swe,0.95,high,3,True,0.021076400000000002,0.021076400000000002,0.0,True
swebench_django__django-12325_step_5,django__django-12325,5,high,high,high,stay,False,swebench,code_swe,0.95,high,3,True,0.0223852,0.0223852,0.0,True
swebench_django__django-12325_step_6,django__django-12325,6,mid_high,high,high,sticky_hold,True,swebench,code_swe,0.95,mid_high,2,True,0.0239052,0.0239052,0.0,True
swebench_django__django-12325_step_7,django__django-12325,7,low,high,high,sticky_hold,True,swebench,code_swe,0.95,low,0,True,0.0251084,0.0251084,0.0,True
mtrag_e0f8a53d3ab93e7900633fc8fa40631e_turn_4_step_1,e0f8a53d3ab93e7900633fc8fa40631e_turn_4,1,low,low,,start,False,mtrag,rag_multiturn,0.95,low,0,True,0.0002378,0.0107276,0.0104898,True
mtrag_e1b602e47ded79a35d8df4eefe194e39_turn_4_step_1,e1b602e47ded79a35d8df4eefe194e39_turn_4,1,low,low,,start,False,mtrag,rag_multiturn,0.95,low,0,True,0.0004243,0.016695599999999998,0.0162713,True
mtrag_e1b602e47ded79a35d8df4eefe194e39_turn_5_step_1,e1b602e47ded79a35d8df4eefe194e39_turn_5,1,low,low,,start,False,mtrag,rag_multiturn,0.95,low,0,True,0.0002954,0.012570799999999998,0.012275399999999999,True
mtrag_e52ab8d5f61ccdfc3712a2608d8c2aba_turn_2_step_1,e52ab8d5f61ccdfc3712a2608d8c2aba_turn_2,1,low,low,,start,False,mtrag,rag_multiturn,0.95,low,0,True,0.00017960000000000003,0.0088652,0.0086856,True
mtrag_e9dd465e8dd63a80dda8f3ce9cba6848_turn_3_step_1,e9dd465e8dd63a80dda8f3ce9cba6848_turn_3,1,low,low,,start,False,mtrag,rag_multiturn,0.95,low,0,True,0.0001699,0.0085548,0.008384899999999999,True
mtrag_e9dd465e8dd63a80dda8f3ce9cba6848_turn_4_step_1,e9dd465e8dd63a80dda8f3ce9cba6848_turn_4,1,low,low,,start,False,mtrag,rag_multiturn,0.95,low,0,True,0.00018869999999999998,0.009156399999999999,0.008967699999999999,True
mtrag_e9dd465e8dd63a80dda8f3ce9cba6848_turn_6_step_1,e9dd465e8dd63a80dda8f3ce9cba6848_turn_6,1,mid,mid,,start,False,mtrag,rag_multiturn,0.95,mid,1,True,0.0008241,0.0097292,0.0089051,True
mtrag_f05ba9633e1b377f9c4d64afd3da3c45_turn_2_step_1,f05ba9633e1b377f9c4d64afd3da3c45_turn_2,1,low,low,,start,False,mtrag,rag_multiturn,0.95,low,0,True,0.0002434,0.0109068,0.0106634,True
mtrag_f0d30863222ebd30fc68c43ac3ae94bb_turn_1_step_1,f0d30863222ebd30fc68c43ac3ae94bb_turn_1,1,low,low,,start,False,mtrag,rag_multiturn,0.95,low,0,True,0.000174,0.008686,0.008511999999999999,True
mtrag_f1121a39d8a9e36eaef4c2367bd43532_turn_1_step_1,f1121a39d8a9e36eaef4c2367bd43532_turn_1,1,low,low,,start,False,mtrag,rag_multiturn,0.95,low,0,True,0.0001778,0.0088076,0.0086298,True
mtrag_f1121a39d8a9e36eaef4c2367bd43532_turn_3_step_1,f1121a39d8a9e36eaef4c2367bd43532_turn_3,1,low,low,,start,False,mtrag,rag_multiturn,0.95,low,0,True,0.00024870000000000003,0.011076400000000002,0.010827700000000003,True
mtrag_f5a8ca2f2bc12180940167fb920bb018_turn_5_step_1,f5a8ca2f2bc12180940167fb920bb018_turn_5,1,low,low,,start,False,mtrag,rag_multiturn,0.95,low,0,True,0.0003194,0.0133388,0.0130194,True
mtrag_f5a8ca2f2bc12180940167fb920bb018_turn_6_step_1,f5a8ca2f2bc12180940167fb920bb018_turn_6,1,mid,mid,,start,False,mtrag,rag_multiturn,0.95,mid,1,True,0.0012633499999999999,0.0137452,0.012481850000000001,True
mtrag_fc3e765d7ffc28ffc7ee7ea38fd3c73a_turn_4_step_1,fc3e765d7ffc28ffc7ee7ea38fd3c73a_turn_4,1,low,low,,start,False,mtrag,rag_multiturn,0.95,low,0,True,0.00028560000000000006,0.012257200000000001,0.0119716,True
mtrag_fc3e765d7ffc28ffc7ee7ea38fd3c73a_turn_5_step_1,fc3e765d7ffc28ffc7ee7ea38fd3c73a_turn_5,1,low,low,,start,False,mtrag,rag_multiturn,0.95,low,0,True,0.00027410000000000005,0.0118892,0.011615100000000001,True
mtrag_fd99b316e5e64f19ff938598aea9b285_turn_5_step_1,fd99b316e5e64f19ff938598aea9b285_turn_5,1,low,low,,start,False,mtrag,rag_multiturn,0.95,low,0,True,0.0002101,0.0098412,0.0096311,True
mtrag_fdee20f7fd677e420742b09989623d68_turn_5_step_1,fdee20f7fd677e420742b09989623d68_turn_5,1,low,low,,start,False,mtrag,rag_multiturn,0.95,low,0,True,0.0003157000000000001,0.0132204,0.0129047,True
bfcl_live_irrelevance_103-3-0_step_1,live_irrelevance_103-3-0,1,low,low,,start,False,bfcl,bfcl_tool_use_single_turn,0.95,low,0,True,0.0001115,0.006685999999999999,0.0065745,True
bfcl_live_irrelevance_252-53-0_step_1,live_irrelevance_252-53-0,1,low,low,,start,False,bfcl,bfcl_tool_use_single_turn,0.95,low,0,True,0.0001082,0.006580399999999999,0.006472199999999999,True
bfcl_live_irrelevance_253-53-1_step_1,live_irrelevance_253-53-1,1,low,low,,start,False,bfcl,bfcl_tool_use_single_turn,0.95,low,0,True,0.0001082,0.006580399999999999,0.006472199999999999,True
bfcl_live_irrelevance_254-53-2_step_1,live_irrelevance_254-53-2,1,low,low,,start,False,bfcl,bfcl_tool_use_single_turn,0.95,low,0,True,0.00010790000000000001,0.0065708,0.0064629,True
bfcl_live_irrelevance_417-96-0_step_1,live_irrelevance_417-96-0,1,low,low,,start,False,bfcl,bfcl_tool_use_single_turn,0.95,low,0,True,0.0001093,0.0066156,0.0065063000000000005,True
bfcl_live_irrelevance_418-96-1_step_1,live_irrelevance_418-96-1,1,low,low,,start,False,bfcl,bfcl_tool_use_single_turn,0.95,low,0,True,0.0001085,0.0065899999999999995,0.006481499999999999,True
bfcl_live_irrelevance_660-211-0_step_1,live_irrelevance_660-211-0,1,low,low,,start,False,bfcl,bfcl_tool_use_single_turn,0.95,low,0,True,0.0001125,0.006718,0.0066055,True
bfcl_live_irrelevance_731-246-0_step_1,live_irrelevance_731-246-0,1,low,low,,start,False,bfcl,bfcl_tool_use_single_turn,0.95,low,0,True,0.0001096,0.0066251999999999995,0.0065156,True
bfcl_live_irrelevance_747-258-0_step_1,live_irrelevance_747-258-0,1,low,low,,start,False,bfcl,bfcl_tool_use_single_turn,0.95,low,0,True,0.0001766,0.0087692,0.008592599999999999,True
bfcl_live_multiple_100-42-4_step_1,live_multiple_100-42-4,1,low,low,,start,False,bfcl,bfcl_tool_use_single_turn,0.95,low,0,True,0.0001102,0.006644399999999999,0.006534199999999999,True
bfcl_live_multiple_101-42-5_step_1,live_multiple_101-42-5,1,low,low,,start,False,bfcl,bfcl_tool_use_single_turn,0.95,low,0,True,0.0001097,0.0066284,0.0065187,True
bfcl_live_multiple_102-43-0_step_1,live_multiple_102-43-0,1,low,low,,start,False,bfcl,bfcl_tool_use_single_turn,0.95,low,0,True,0.00011,0.006638,0.006528,True
bfcl_live_multiple_103-43-1_step_1,live_multiple_103-43-1,1,low,low,,start,False,bfcl,bfcl_tool_use_single_turn,0.95,low,0,True,0.0001141,0.0067691999999999995,0.0066551,True
bfcl_live_multiple_104-43-2_step_1,live_multiple_104-43-2,1,low,low,,start,False,bfcl,bfcl_tool_use_single_turn,0.95,low,0,True,0.00011,0.006638,0.006528,True
bfcl_live_multiple_105-43-3_step_1,live_multiple_105-43-3,1,low,low,,start,False,bfcl,bfcl_tool_use_single_turn,0.95,low,0,True,0.0001097,0.0066284,0.0065187,True
bfcl_live_multiple_106-43-4_step_1,live_multiple_106-43-4,1,low,low,,start,False,bfcl,bfcl_tool_use_single_turn,0.95,low,0,True,0.00011190000000000001,0.0066987999999999995,0.0065869,True
bfcl_live_multiple_107-43-5_step_1,live_multiple_107-43-5,1,low,low,,start,False,bfcl,bfcl_tool_use_single_turn,0.95,low,0,True,0.00011059999999999999,0.006657199999999999,0.0065466,True
bfcl_live_multiple_108-43-6_step_1,live_multiple_108-43-6,1,low,low,,start,False,bfcl,bfcl_tool_use_single_turn,0.95,low,0,True,0.00011009999999999999,0.006641199999999999,0.006531099999999999,True
bfcl_live_multiple_109-43-7_step_1,live_multiple_109-43-7,1,low,low,,start,False,bfcl,bfcl_tool_use_single_turn,0.95,low,0,True,0.0001089,0.0066028,0.0064938999999999995,True
bfcl_live_multiple_110-43-8_step_1,live_multiple_110-43-8,1,low,low,,start,False,bfcl,bfcl_tool_use_single_turn,0.95,low,0,True,0.00011,0.006638,0.006528,True
bfcl_live_multiple_111-43-9_step_1,live_multiple_111-43-9,1,low,low,,start,False,bfcl,bfcl_tool_use_single_turn,0.95,low,0,True,0.0001112,0.006676399999999999,0.006565199999999999,True
bfcl_live_multiple_112-43-10_step_1,live_multiple_112-43-10,1,low,low,,start,False,bfcl,bfcl_tool_use_single_turn,0.95,low,0,True,0.0001103,0.0066476,0.0065373,True
bfcl_live_multiple_180-76-0_step_1,live_multiple_180-76-0,1,low,low,,start,False,bfcl,bfcl_tool_use_single_turn,0.95,low,0,True,0.000121,0.00699,0.006869,True
bfcl_live_multiple_181-76-1_step_1,live_multiple_181-76-1,1,mid,mid,,start,False,bfcl,bfcl_tool_use_single_turn,0.95,mid,1,True,0.0004863500000000001,0.006641199999999999,0.006154849999999999,True
bfcl_live_multiple_185-80-0_step_1,live_multiple_185-80-0,1,low,low,,start,False,bfcl,bfcl_tool_use_single_turn,0.95,low,0,True,0.0001099,0.0066348,0.0065249,True
bfcl_live_multiple_217-93-0_step_1,live_multiple_217-93-0,1,low,low,,start,False,bfcl,bfcl_tool_use_single_turn,0.95,low,0,True,0.0001088,0.0065996,0.0064908,True
bfcl_live_multiple_25-6-0_step_1,live_multiple_25-6-0,1,low,low,,start,False,bfcl,bfcl_tool_use_single_turn,0.95,low,0,True,0.0001088,0.0065996,0.0064908,True
bfcl_live_multiple_26-6-1_step_1,live_multiple_26-6-1,1,low,low,,start,False,bfcl,bfcl_tool_use_single_turn,0.95,low,0,True,0.00022610000000000002,0.0103532,0.0101271,True
bfcl_live_multiple_44-17-0_step_1,live_multiple_44-17-0,1,low,low,,start,False,bfcl,bfcl_tool_use_single_turn,0.95,low,0,True,0.00011740000000000001,0.0068747999999999995,0.006757399999999999,True
bfcl_live_multiple_96-42-0_step_1,live_multiple_96-42-0,1,low,low,,start,False,bfcl,bfcl_tool_use_single_turn,0.95,low,0,True,0.0001099,0.0066348,0.0065249,True
bfcl_live_multiple_97-42-1_step_1,live_multiple_97-42-1,1,low,low,,start,False,bfcl,bfcl_tool_use_single_turn,0.95,low,0,True,0.0001115,0.006685999999999999,0.0065745,True
bfcl_live_multiple_98-42-2_step_1,live_multiple_98-42-2,1,low,low,,start,False,bfcl,bfcl_tool_use_single_turn,0.95,low,0,True,0.0001096,0.0066251999999999995,0.0065156,True
bfcl_live_multiple_985-216-0_step_1,live_multiple_985-216-0,1,low,low,,start,False,bfcl,bfcl_tool_use_single_turn,0.95,low,0,True,0.00011240000000000001,0.0067148,0.0066024,True
bfcl_live_multiple_99-42-3_step_1,live_multiple_99-42-3,1,low,low,,start,False,bfcl,bfcl_tool_use_single_turn,0.95,low,0,True,0.0001091,0.006609199999999999,0.006500099999999999,True
bfcl_live_parallel_multiple_0-0-0_step_1,live_parallel_multiple_0-0-0,1,low,low,,start,False,bfcl,bfcl_tool_use_single_turn,0.95,low,0,True,0.00011229999999999999,0.0067116,0.0065993,True
bfcl_live_parallel_multiple_1-1-0_step_1,live_parallel_multiple_1-1-0,1,low,low,,start,False,bfcl,bfcl_tool_use_single_turn,0.95,low,0,True,0.0001085,0.0065899999999999995,0.006481499999999999,True
bfcl_live_parallel_multiple_11-10-0_step_1,live_parallel_multiple_11-10-0,1,low,low,,start,False,bfcl,bfcl_tool_use_single_turn,0.95,low,0,True,0.000123,0.0070539999999999995,0.006931,True
bfcl_live_parallel_multiple_12-10-1_step_1,live_parallel_multiple_12-10-1,1,mid,mid,,start,False,bfcl,bfcl_tool_use_single_turn,0.95,mid,1,True,0.0005010500000000001,0.0067756,0.006274549999999999,True
bfcl_live_parallel_multiple_13-11-0_step_1,live_parallel_multiple_13-11-0,1,low,low,,start,False,bfcl,bfcl_tool_use_single_turn,0.95,low,0,True,0.00011070000000000001,0.0066603999999999995,0.0065496999999999994,True
bfcl_live_parallel_multiple_14-12-0_step_1,live_parallel_multiple_14-12-0,1,low,low,,start,False,bfcl,bfcl_tool_use_single_turn,0.95,low,0,True,0.00011159999999999999,0.006689199999999999,0.006577599999999999,True
bfcl_live_parallel_multiple_15-13-0_step_1,live_parallel_multiple_15-13-0,1,low,low,,start,False,bfcl,bfcl_tool_use_single_turn,0.95,low,0,True,0.0001102,0.006644399999999999,0.006534199999999999,True
bfcl_live_parallel_multiple_16-14-0_step_1,live_parallel_multiple_16-14-0,1,low,low,,start,False,bfcl,bfcl_tool_use_single_turn,0.95,low,0,True,0.0001102,0.006644399999999999,0.006534199999999999,True
bfcl_live_parallel_multiple_17-15-0_step_1,live_parallel_multiple_17-15-0,1,low,low,,start,False,bfcl,bfcl_tool_use_single_turn,0.95,low,0,True,0.0001088,0.0065996,0.0064908,True
bfcl_live_parallel_multiple_18-16-0_step_1,live_parallel_multiple_18-16-0,1,low,low,,start,False,bfcl,bfcl_tool_use_single_turn,0.95,low,0,True,0.0001096,0.0066251999999999995,0.0065156,True
bfcl_live_parallel_multiple_19-16-1_step_1,live_parallel_multiple_19-16-1,1,low,low,,start,False,bfcl,bfcl_tool_use_single_turn,0.95,low,0,True,0.00011009999999999999,0.006641199999999999,0.006531099999999999,True
bfcl_live_parallel_multiple_2-2-0_step_1,live_parallel_multiple_2-2-0,1,low,low,,start,False,bfcl,bfcl_tool_use_single_turn,0.95,low,0,True,0.0001084,0.006586799999999999,0.0064784,True
bfcl_live_parallel_multiple_20-17-0_step_1,live_parallel_multiple_20-17-0,1,low,low,,start,False,bfcl,bfcl_tool_use_single_turn,0.95,low,0,True,0.00011570000000000001,0.006820399999999999,0.006704699999999999,True
bfcl_live_parallel_multiple_21-18-0_step_1,live_parallel_multiple_21-18-0,1,low,low,,start,False,bfcl,bfcl_tool_use_single_turn,0.95,low,0,True,0.0001112,0.006676399999999999,0.006565199999999999,True
bfcl_live_parallel_multiple_22-19-0_step_1,live_parallel_multiple_22-19-0,1,low,low,,start,False,bfcl,bfcl_tool_use_single_turn,0.95,low,0,True,0.00011009999999999999,0.006641199999999999,0.006531099999999999,True
bfcl_live_parallel_multiple_23-20-0_step_1,live_parallel_multiple_23-20-0,1,low,low,,start,False,bfcl,bfcl_tool_use_single_turn,0.95,low,0,True,0.0001093,0.0066156,0.0065063000000000005,True
bfcl_live_parallel_multiple_3-2-1_step_1,live_parallel_multiple_3-2-1,1,low,low,,start,False,bfcl,bfcl_tool_use_single_turn,0.95,low,0,True,0.0001127,0.006724399999999999,0.006611699999999999,True
bfcl_live_parallel_multiple_4-3-0_step_1,live_parallel_multiple_4-3-0,1,low,low,,start,False,bfcl,bfcl_tool_use_single_turn,0.95,low,0,True,0.00011159999999999999,0.006689199999999999,0.006577599999999999,True
bfcl_live_parallel_multiple_5-4-0_step_1,live_parallel_multiple_5-4-0,1,low,low,,start,False,bfcl,bfcl_tool_use_single_turn,0.95,low,0,True,0.00011070000000000001,0.0066603999999999995,0.0065496999999999994,True
bfcl_live_parallel_multiple_6-5-0_step_1,live_parallel_multiple_6-5-0,1,low,low,,start,False,bfcl,bfcl_tool_use_single_turn,0.95,low,0,True,0.0001086,0.0065932,0.006484599999999999,True
bfcl_live_parallel_multiple_7-6-0_step_1,live_parallel_multiple_7-6-0,1,low,low,,start,False,bfcl,bfcl_tool_use_single_turn,0.95,low,0,True,0.0001091,0.006609199999999999,0.006500099999999999,True
bfcl_live_parallel_multiple_9-8-0_step_1,live_parallel_multiple_9-8-0,1,mid,mid,,start,False,bfcl,bfcl_tool_use_single_turn,0.95,mid,1,True,0.00051995,0.0069483999999999995,0.00642845,True
swebench_matplotlib__matplotlib-13989_step_1,matplotlib__matplotlib-13989,1,low,low,,start,False,swebench,code_swe,0.95,low,0,True,0.000264,0.011566,0.011302,True
swebench_matplotlib__matplotlib-13989_step_2,matplotlib__matplotlib-13989,2,high,high,low,escalate,False,swebench,code_swe,0.95,high,3,True,0.0129292,0.0129292,0.0,True
swebench_matplotlib__matplotlib-13989_step_3,matplotlib__matplotlib-13989,3,mid,high,high,sticky_hold,True,swebench,code_swe,0.95,mid,1,True,0.0167276,0.0167276,0.0,True
swebench_matplotlib__matplotlib-13989_step_4,matplotlib__matplotlib-13989,4,low,high,high,sticky_hold,True,swebench,code_swe,0.95,low,0,True,0.019281200000000002,0.019281200000000002,0.0,True
swebench_matplotlib__matplotlib-13989_step_5,matplotlib__matplotlib-13989,5,high,high,high,stay,False,swebench,code_swe,0.95,high,3,True,0.019882800000000003,0.019882800000000003,0.0,True
swebench_matplotlib__matplotlib-13989_step_6,matplotlib__matplotlib-13989,6,high,high,high,stay,False,swebench,code_swe,0.95,high,3,True,0.021159599999999997,0.021159599999999997,0.0,True
swebench_matplotlib__matplotlib-13989_step_7,matplotlib__matplotlib-13989,7,high,high,high,stay,False,swebench,code_swe,0.95,high,3,True,0.022068400000000002,0.022068400000000002,0.0,True
swebench_matplotlib__matplotlib-13989_step_8,matplotlib__matplotlib-13989,8,low,high,high,sticky_hold,True,swebench,code_swe,0.95,low,0,True,0.0224012,0.0224012,0.0,True
swebench_matplotlib__matplotlib-13989_step_9,matplotlib__matplotlib-13989,9,low,high,high,sticky_hold,True,swebench,code_swe,0.95,low,0,True,0.022993200000000002,0.022993200000000002,0.0,True
swebench_matplotlib__matplotlib-14623_step_1,matplotlib__matplotlib-14623,1,low,low,,start,False,swebench,code_swe,0.95,low,0,True,0.0002491,0.0110892,0.0108401,True
swebench_matplotlib__matplotlib-14623_step_2,matplotlib__matplotlib-14623,2,high,high,low,escalate,False,swebench,code_swe,0.95,high,3,True,0.0125804,0.0125804,0.0,True
swebench_matplotlib__matplotlib-14623_step_3,matplotlib__matplotlib-14623,3,high,high,high,stay,False,swebench,code_swe,0.95,high,3,True,0.023034799999999998,0.023034799999999998,0.0,True
swebench_matplotlib__matplotlib-14623_step_4,matplotlib__matplotlib-14623,4,high,high,high,stay,False,swebench,code_swe,0.95,high,3,True,0.0288908,0.0288908,0.0,True
swebench_matplotlib__matplotlib-14623_step_5,matplotlib__matplotlib-14623,5,high,high,high,stay,False,swebench,code_swe,0.95,high,3,True,0.0293996,0.0293996,0.0,True
swebench_matplotlib__matplotlib-14623_step_6,matplotlib__matplotlib-14623,6,high,high,high,stay,False,swebench,code_swe,0.95,high,3,True,0.030078,0.030078,0.0,True
swebench_matplotlib__matplotlib-14623_step_7,matplotlib__matplotlib-14623,7,high,high,high,stay,False,swebench,code_swe,0.95,high,3,True,0.031822,0.031822,0.0,True
swebench_matplotlib__matplotlib-14623_step_8,matplotlib__matplotlib-14623,8,high,high,high,stay,False,swebench,code_swe,0.95,high,3,True,0.031495600000000006,0.031495600000000006,0.0,True
swebench_matplotlib__matplotlib-14623_step_9,matplotlib__matplotlib-14623,9,mid_high,high,high,sticky_hold,True,swebench,code_swe,0.95,mid_high,2,True,0.032670000000000005,0.032670000000000005,0.0,True
swebench_matplotlib__matplotlib-14623_step_10,matplotlib__matplotlib-14623,10,low,high,high,sticky_hold,True,swebench,code_swe,0.95,low,0,True,0.0325772,0.0325772,0.0,True
swebench_matplotlib__matplotlib-14623_step_11,matplotlib__matplotlib-14623,11,low,high,high,sticky_hold,True,swebench,code_swe,0.95,low,0,True,0.032695600000000005,0.032695600000000005,0.0,True
swebench_matplotlib__matplotlib-20488_step_1,matplotlib__matplotlib-20488,1,high,high,,start,False,swebench,code_swe,0.95,high,3,True,0.0117548,0.0117548,0.0,True
swebench_matplotlib__matplotlib-20488_step_2,matplotlib__matplotlib-20488,2,high,high,high,stay,False,swebench,code_swe,0.95,high,3,True,0.017422,0.017422,0.0,True
swebench_matplotlib__matplotlib-20488_step_3,matplotlib__matplotlib-20488,3,high,high,high,stay,False,swebench,code_swe,0.95,high,3,True,0.020503599999999997,0.020503599999999997,0.0,True
swebench_matplotlib__matplotlib-20488_step_4,matplotlib__matplotlib-20488,4,mid,high,high,sticky_hold,True,swebench,code_swe,0.95,mid,1,True,0.0228652,0.0228652,0.0,True
swebench_matplotlib__matplotlib-20488_step_5,matplotlib__matplotlib-20488,5,high,high,high,stay,False,swebench,code_swe,0.95,high,3,True,0.0235404,0.0235404,0.0,True
swebench_matplotlib__matplotlib-20488_step_6,matplotlib__matplotlib-20488,6,low,high,high,sticky_hold,True,swebench,code_swe,0.95,low,0,True,0.0252812,0.0252812,0.0,True
bfcl_multi_turn_base_0_step_1,multi_turn_base_0,1,low,low,,start,False,bfcl,bfcl_tool_use_multi_turn,0.95,low,0,True,0.00011059999999999999,0.006657199999999999,0.0065466,True
bfcl_multi_turn_base_0_step_2,multi_turn_base_0,2,low,low,low,stay,False,bfcl,bfcl_tool_use_multi_turn,0.95,low,0,True,0.00015069999999999998,0.007940399999999999,0.007789699999999998,True
bfcl_multi_turn_base_0_step_3,multi_turn_base_0,3,low,low,low,stay,False,bfcl,bfcl_tool_use_multi_turn,0.95,low,0,True,0.0001729,0.008650799999999998,0.008477899999999998,True
bfcl_multi_turn_base_0_step_4,multi_turn_base_0,4,low,low,low,stay,False,bfcl,bfcl_tool_use_multi_turn,0.95,low,0,True,0.0001943,0.0093356,0.0091413,True
bfcl_multi_turn_base_110_step_1,multi_turn_base_110,1,low,low,,start,False,bfcl,bfcl_tool_use_multi_turn,0.95,low,0,True,0.00011229999999999999,0.0067116,0.0065993,True
bfcl_multi_turn_base_110_step_2,multi_turn_base_110,2,low,low,low,stay,False,bfcl,bfcl_tool_use_multi_turn,0.95,low,0,True,0.00012780000000000002,0.0072076,0.0070798,True
bfcl_multi_turn_base_110_step_3,multi_turn_base_110,3,low,low,low,stay,False,bfcl,bfcl_tool_use_multi_turn,0.95,low,0,True,0.0001544,0.0080588,0.007904399999999999,True
bfcl_multi_turn_base_110_step_4,multi_turn_base_110,4,low,low,low,stay,False,bfcl,bfcl_tool_use_multi_turn,0.95,low,0,True,0.00017610000000000002,0.008753200000000001,0.0085771,True
bfcl_multi_turn_base_110_step_5,multi_turn_base_110,5,low,low,low,stay,False,bfcl,bfcl_tool_use_multi_turn,0.95,low,0,True,0.0001935,0.009309999999999999,0.0091165,True
bfcl_multi_turn_base_110_step_6,multi_turn_base_110,6,low,low,low,stay,False,bfcl,bfcl_tool_use_multi_turn,0.95,low,0,True,0.00021810000000000002,0.0100972,0.0098791,True
bfcl_multi_turn_base_131_step_1,multi_turn_base_131,1,low,low,,start,False,bfcl,bfcl_tool_use_multi_turn,0.95,low,0,True,0.0001102,0.006644399999999999,0.006534199999999999,True
bfcl_multi_turn_base_131_step_2,multi_turn_base_131,2,low,low,low,stay,False,bfcl,bfcl_tool_use_multi_turn,0.95,low,0,True,0.0001231,0.0070572,0.0069340999999999995,True
bfcl_multi_turn_base_131_step_3,multi_turn_base_131,3,low,low,low,stay,False,bfcl,bfcl_tool_use_multi_turn,0.95,low,0,True,0.0001411,0.0076332,0.0074921,True
bfcl_multi_turn_base_131_step_4,multi_turn_base_131,4,low,low,low,stay,False,bfcl,bfcl_tool_use_multi_turn,0.95,low,0,True,0.0001829,0.0089708,0.0087879,True
bfcl_multi_turn_base_131_step_5,multi_turn_base_131,5,low,low,low,stay,False,bfcl,bfcl_tool_use_multi_turn,0.95,low,0,True,0.00020930000000000002,0.0098156,0.0096063,True
bfcl_multi_turn_base_131_step_6,multi_turn_base_131,6,low,low,low,stay,False,bfcl,bfcl_tool_use_multi_turn,0.95,low,0,True,0.0002398,0.0107916,0.0105518,True
bfcl_multi_turn_base_131_step_7,multi_turn_base_131,7,low,low,low,stay,False,bfcl,bfcl_tool_use_multi_turn,0.95,low,0,True,0.00026820000000000007,0.011700400000000001,0.011432200000000002,True
bfcl_multi_turn_base_15_step_1,multi_turn_base_15,1,low,low,,start,False,bfcl,bfcl_tool_use_multi_turn,0.95,low,0,True,0.0001126,0.006721199999999999,0.006608599999999999,True
bfcl_multi_turn_base_15_step_2,multi_turn_base_15,2,low,low,low,stay,False,bfcl,bfcl_tool_use_multi_turn,0.95,low,0,True,0.00012780000000000002,0.0072076,0.0070798,True
bfcl_multi_turn_base_15_step_3,multi_turn_base_15,3,low,low,low,stay,False,bfcl,bfcl_tool_use_multi_turn,0.95,low,0,True,0.0001353,0.0074475999999999995,0.0073123,True
bfcl_multi_turn_base_15_step_4,multi_turn_base_15,4,low,low,low,stay,False,bfcl,bfcl_tool_use_multi_turn,0.95,low,0,True,0.0001517,0.0079724,0.0078207,True
bfcl_multi_turn_base_15_step_5,multi_turn_base_15,5,mid,mid,low,escalate,False,bfcl,bfcl_tool_use_multi_turn,0.95,mid,1,True,0.0007124500000000001,0.0087084,0.00799595,True
bfcl_multi_turn_base_162_step_1,multi_turn_base_162,1,low,low,,start,False,bfcl,bfcl_tool_use_multi_turn,0.95,low,0,True,0.0001109,0.0066668,0.0065559,True
bfcl_multi_turn_base_162_step_2,multi_turn_base_162,2,low,low,low,stay,False,bfcl,bfcl_tool_use_multi_turn,0.95,low,0,True,0.0001439,0.0077228,0.0075789,True
bfcl_multi_turn_base_162_step_3,multi_turn_base_162,3,low,low,low,stay,False,bfcl,bfcl_tool_use_multi_turn,0.95,low,0,True,0.0001604,0.008250799999999999,0.0080904,True
bfcl_multi_turn_base_162_step_4,multi_turn_base_162,4,low,low,low,stay,False,bfcl,bfcl_tool_use_multi_turn,0.95,low,0,True,0.00018460000000000001,0.0090252,0.0088406,True
bfcl_multi_turn_base_162_step_5,multi_turn_base_162,5,low,low,low,stay,False,bfcl,bfcl_tool_use_multi_turn,0.95,low,0,True,0.000221,0.01019,0.009968999999999999,True
bfcl_multi_turn_base_162_step_6,multi_turn_base_162,6,low,low,low,stay,False,bfcl,bfcl_tool_use_multi_turn,0.95,low,0,True,0.00025100000000000003,0.01115,0.010899,True
bfcl_multi_turn_base_170_step_1,multi_turn_base_170,1,low,low,,start,False,bfcl,bfcl_tool_use_multi_turn,0.95,low,0,True,0.00011679999999999999,0.0068556,0.0067388,True
bfcl_multi_turn_base_170_step_2,multi_turn_base_170,2,low,low,low,stay,False,bfcl,bfcl_tool_use_multi_turn,0.95,low,0,True,0.0001778,0.0088076,0.0086298,True
bfcl_multi_turn_base_170_step_3,multi_turn_base_170,3,low,low,low,stay,False,bfcl,bfcl_tool_use_multi_turn,0.95,low,0,True,0.00020240000000000001,0.009594799999999999,0.009392399999999999,True
bfcl_multi_turn_base_170_step_4,multi_turn_base_170,4,low,low,low,stay,False,bfcl,bfcl_tool_use_multi_turn,0.95,low,0,True,0.0002377,0.0107244,0.0104867,True
bfcl_multi_turn_base_170_step_5,multi_turn_base_170,5,low,low,low,stay,False,bfcl,bfcl_tool_use_multi_turn,0.95,low,0,True,0.0002683,0.0117036,0.011435299999999999,True
bfcl_multi_turn_base_170_step_6,multi_turn_base_170,6,low,low,low,stay,False,bfcl,bfcl_tool_use_multi_turn,0.95,low,0,True,0.00029880000000000005,0.0126796,0.012380799999999999,True
bfcl_multi_turn_base_174_step_1,multi_turn_base_174,1,low,low,,start,False,bfcl,bfcl_tool_use_multi_turn,0.95,low,0,True,0.00011559999999999999,0.0068172,0.0067016,True
bfcl_multi_turn_base_174_step_2,multi_turn_base_174,2,low,low,low,stay,False,bfcl,bfcl_tool_use_multi_turn,0.95,low,0,True,0.0001684,0.008506799999999998,0.008338399999999998,True
bfcl_multi_turn_base_174_step_3,multi_turn_base_174,3,low,low,low,stay,False,bfcl,bfcl_tool_use_multi_turn,0.95,low,0,True,0.0001992,0.0094924,0.0092932,True
bfcl_multi_turn_base_174_step_4,multi_turn_base_174,4,low,low,low,stay,False,bfcl,bfcl_tool_use_multi_turn,0.95,low,0,True,0.0002464,0.011002799999999998,0.010756399999999998,True
bfcl_multi_turn_base_174_step_5,multi_turn_base_174,5,low,low,low,stay,False,bfcl,bfcl_tool_use_multi_turn,0.95,low,0,True,0.00027800000000000004,0.012014,0.011736,True
bfcl_multi_turn_base_180_step_1,multi_turn_base_180,1,low,low,,start,False,bfcl,bfcl_tool_use_multi_turn,0.95,low,0,True,0.0001133,0.0067436,0.0066302999999999996,True
bfcl_multi_turn_base_180_step_2,multi_turn_base_180,2,low,low,low,stay,False,bfcl,bfcl_tool_use_multi_turn,0.95,low,0,True,0.0001475,0.007838,0.007690499999999999,True
bfcl_multi_turn_base_180_step_3,multi_turn_base_180,3,low,low,low,stay,False,bfcl,bfcl_tool_use_multi_turn,0.95,low,0,True,0.0001894,0.009178799999999999,0.0089894,True
bfcl_multi_turn_base_180_step_4,multi_turn_base_180,4,low,low,low,stay,False,bfcl,bfcl_tool_use_multi_turn,0.95,low,0,True,0.00021380000000000002,0.0099596,0.0097458,True
bfcl_multi_turn_base_180_step_5,multi_turn_base_180,5,low,low,low,stay,False,bfcl,bfcl_tool_use_multi_turn,0.95,low,0,True,0.0002531,0.0112172,0.010964100000000001,True
bfcl_multi_turn_base_180_step_6,multi_turn_base_180,6,low,low,low,stay,False,bfcl,bfcl_tool_use_multi_turn,0.95,low,0,True,0.00034500000000000004,0.014158,0.013813,True
bfcl_multi_turn_base_183_step_1,multi_turn_base_183,1,low,low,,start,False,bfcl,bfcl_tool_use_multi_turn,0.95,low,0,True,0.0001132,0.006740399999999999,0.006627199999999999,True
bfcl_multi_turn_base_183_step_2,multi_turn_base_183,2,low,low,low,stay,False,bfcl,bfcl_tool_use_multi_turn,0.95,low,0,True,0.0001388,0.0075596,0.0074208,True
bfcl_multi_turn_base_183_step_3,multi_turn_base_183,3,low,low,low,stay,False,bfcl,bfcl_tool_use_multi_turn,0.95,low,0,True,0.0001788,0.0088396,0.0086608,True
bfcl_multi_turn_base_183_step_4,multi_turn_base_183,4,low,low,low,stay,False,bfcl,bfcl_tool_use_multi_turn,0.95,low,0,True,0.0002009,0.0095468,0.009345899999999999,True
bfcl_multi_turn_base_183_step_5,multi_turn_base_183,5,low,low,low,stay,False,bfcl,bfcl_tool_use_multi_turn,0.95,low,0,True,0.0002327,0.0105644,0.0103317,True
bfcl_multi_turn_base_183_step_6,multi_turn_base_183,6,low,low,low,stay,False,bfcl,bfcl_tool_use_multi_turn,0.95,low,0,True,0.00025840000000000005,0.011386799999999999,0.011128399999999998,True
bfcl_multi_turn_base_184_step_1,multi_turn_base_184,1,low,low,,start,False,bfcl,bfcl_tool_use_multi_turn,0.95,low,0,True,0.000117,0.006861999999999999,0.006744999999999999,True
bfcl_multi_turn_base_184_step_2,multi_turn_base_184,2,low,low,low,stay,False,bfcl,bfcl_tool_use_multi_turn,0.95,low,0,True,0.00014780000000000001,0.0078476,0.0076998,True
bfcl_multi_turn_base_184_step_3,multi_turn_base_184,3,low,low,low,stay,False,bfcl,bfcl_tool_use_multi_turn,0.95,low,0,True,0.0001719,0.0086188,0.0084469,True
bfcl_multi_turn_base_184_step_4,multi_turn_base_184,4,low,low,low,stay,False,bfcl,bfcl_tool_use_multi_turn,0.95,low,0,True,0.00019119999999999999,0.009236399999999999,0.009045199999999998,True
bfcl_multi_turn_base_184_step_5,multi_turn_base_184,5,low,low,low,stay,False,bfcl,bfcl_tool_use_multi_turn,0.95,low,0,True,0.00021140000000000002,0.009882799999999999,0.009671399999999998,True
bfcl_multi_turn_base_184_step_6,multi_turn_base_184,6,low,low,low,stay,False,bfcl,bfcl_tool_use_multi_turn,0.95,low,0,True,0.0002361,0.0106732,0.010437100000000001,True
bfcl_multi_turn_base_186_step_1,multi_turn_base_186,1,low,low,,start,False,bfcl,bfcl_tool_use_multi_turn,0.95,low,0,True,0.00011520000000000001,0.0068043999999999995,0.006689199999999999,True
bfcl_multi_turn_base_186_step_2,multi_turn_base_186,2,low,low,low,stay,False,bfcl,bfcl_tool_use_multi_turn,0.95,low,0,True,0.0001495,0.007902,0.007752499999999999,True
bfcl_multi_turn_base_186_step_3,multi_turn_base_186,3,low,low,low,stay,False,bfcl,bfcl_tool_use_multi_turn,0.95,low,0,True,0.00017930000000000002,0.0088556,0.0086763,True
bfcl_multi_turn_base_186_step_4,multi_turn_base_186,4,low,low,low,stay,False,bfcl,bfcl_tool_use_multi_turn,0.95,low,0,True,0.0002125,0.009918,0.0097055,True
bfcl_multi_turn_base_186_step_5,multi_turn_base_186,5,low,low,low,stay,False,bfcl,bfcl_tool_use_multi_turn,0.95,low,0,True,0.0002596000000000001,0.0114252,0.0111656,True
bfcl_multi_turn_base_186_step_6,multi_turn_base_186,6,low,low,low,stay,False,bfcl,bfcl_tool_use_multi_turn,0.95,low,0,True,0.00028930000000000004,0.0123756,0.012086300000000001,True
bfcl_multi_turn_base_55_step_1,multi_turn_base_55,1,low,low,,start,False,bfcl,bfcl_tool_use_multi_turn,0.95,low,0,True,0.0001122,0.006708399999999999,0.006596199999999999,True
bfcl_multi_turn_base_55_step_2,multi_turn_base_55,2,low,low,low,stay,False,bfcl,bfcl_tool_use_multi_turn,0.95,low,0,True,0.0001744,0.0086988,0.0085244,True
bfcl_multi_turn_base_55_step_3,multi_turn_base_55,3,low,low,low,stay,False,bfcl,bfcl_tool_use_multi_turn,0.95,low,0,True,0.0002102,0.0098444,0.009634199999999999,True
bfcl_multi_turn_base_55_step_4,multi_turn_base_55,4,low,low,low,stay,False,bfcl,bfcl_tool_use_multi_turn,0.95,low,0,True,0.0002368,0.0106956,0.010458799999999999,True
bfcl_multi_turn_base_55_step_5,multi_turn_base_55,5,low,low,low,stay,False,bfcl,bfcl_tool_use_multi_turn,0.95,low,0,True,0.00026270000000000004,0.0115244,0.011261700000000001,True
bfcl_multi_turn_base_97_step_1,multi_turn_base_97,1,low,low,,start,False,bfcl,bfcl_tool_use_multi_turn,0.95,low,0,True,0.000113,0.0067339999999999995,0.006620999999999999,True
bfcl_multi_turn_base_97_step_2,multi_turn_base_97,2,low,low,low,stay,False,bfcl,bfcl_tool_use_multi_turn,0.95,low,0,True,0.0001427,0.007684399999999999,0.007541699999999999,True
bfcl_multi_turn_base_97_step_3,multi_turn_base_97,3,low,low,low,stay,False,bfcl,bfcl_tool_use_multi_turn,0.95,low,0,True,0.00019380000000000002,0.0093196,0.009125800000000002,True
bfcl_multi_turn_base_97_step_4,multi_turn_base_97,4,low,low,low,stay,False,bfcl,bfcl_tool_use_multi_turn,0.95,low,0,True,0.0002088,0.0097996,0.0095908,True
bfcl_multi_turn_base_97_step_5,multi_turn_base_97,5,low,low,low,stay,False,bfcl,bfcl_tool_use_multi_turn,0.95,low,0,True,0.0002574,0.011354799999999998,0.011097399999999999,True
bfcl_multi_turn_base_97_step_6,multi_turn_base_97,6,low,low,low,stay,False,bfcl,bfcl_tool_use_multi_turn,0.95,low,0,True,0.00027580000000000004,0.0119436,0.0116678,True
bfcl_multi_turn_long_context_1_step_1,multi_turn_long_context_1,1,low,low,,start,False,bfcl,bfcl_tool_use_multi_turn,0.95,low,0,True,0.0001112,0.006676399999999999,0.006565199999999999,True
bfcl_multi_turn_long_context_1_step_2,multi_turn_long_context_1,2,low,low,low,stay,False,bfcl,bfcl_tool_use_multi_turn,0.95,low,0,True,0.00012550000000000001,0.007134,0.0070085,True
bfcl_multi_turn_long_context_1_step_3,multi_turn_long_context_1,3,low,low,low,stay,False,bfcl,bfcl_tool_use_multi_turn,0.95,low,0,True,0.0001447,0.007748399999999999,0.007603699999999999,True
bfcl_multi_turn_long_context_1_step_4,multi_turn_long_context_1,4,low,low,low,stay,False,bfcl,bfcl_tool_use_multi_turn,0.95,low,0,True,0.0001672,0.0084684,0.0083012,True
bfcl_multi_turn_long_context_109_step_1,multi_turn_long_context_109,1,low,low,,start,False,bfcl,bfcl_tool_use_multi_turn,0.95,low,0,True,0.0001105,0.006653999999999999,0.006543499999999999,True
bfcl_multi_turn_long_context_109_step_2,multi_turn_long_context_109,2,low,low,low,stay,False,bfcl,bfcl_tool_use_multi_turn,0.95,low,0,True,0.00042660000000000007,0.0167692,0.016342600000000002,True
bfcl_multi_turn_long_context_109_step_3,multi_turn_long_context_109,3,low,low,low,stay,False,bfcl,bfcl_tool_use_multi_turn,0.95,low,0,True,0.0004693,0.018135599999999998,0.0176663,True
bfcl_multi_turn_long_context_109_step_4,multi_turn_long_context_109,4,low,low,low,stay,False,bfcl,bfcl_tool_use_multi_turn,0.95,low,0,True,0.0005069,0.019338800000000003,0.018831900000000002,True
bfcl_multi_turn_long_context_109_step_5,multi_turn_long_context_109,5,low,low,low,stay,False,bfcl,bfcl_tool_use_multi_turn,0.95,low,0,True,0.0007561,0.0273132,0.0265571,True
bfcl_multi_turn_long_context_109_step_6,multi_turn_long_context_109,6,low,low,low,stay,False,bfcl,bfcl_tool_use_multi_turn,0.95,low,0,True,0.000787,0.028302,0.027515,True
bfcl_multi_turn_long_context_109_step_7,multi_turn_long_context_109,7,low,low,low,stay,False,bfcl,bfcl_tool_use_multi_turn,0.95,low,0,True,0.0008306,0.0296972,0.0288666,True
bfcl_multi_turn_long_context_110_step_1,multi_turn_long_context_110,1,low,low,,start,False,bfcl,bfcl_tool_use_multi_turn,0.95,low,0,True,0.00011229999999999999,0.0067116,0.0065993,True
bfcl_multi_turn_long_context_110_step_2,multi_turn_long_context_110,2,low,low,low,stay,False,bfcl,bfcl_tool_use_multi_turn,0.95,low,0,True,0.00043890000000000004,0.017162800000000002,0.016723900000000003,True
bfcl_multi_turn_long_context_110_step_3,multi_turn_long_context_110,3,low,low,low,stay,False,bfcl,bfcl_tool_use_multi_turn,0.95,low,0,True,0.0004677000000000001,0.0180844,0.0176167,True
bfcl_multi_turn_long_context_110_step_4,multi_turn_long_context_110,4,low,low,low,stay,False,bfcl,bfcl_tool_use_multi_turn,0.95,low,0,True,0.0008486,0.0302732,0.0294246,True
bfcl_multi_turn_long_context_110_step_5,multi_turn_long_context_110,5,low,low,low,stay,False,bfcl,bfcl_tool_use_multi_turn,0.95,low,0,True,0.0008722000000000001,0.0310284,0.0301562,True
bfcl_multi_turn_long_context_110_step_6,multi_turn_long_context_110,6,low,low,low,stay,False,bfcl,bfcl_tool_use_multi_turn,0.95,low,0,True,0.0009154000000000001,0.032410800000000003,0.03149540000000001,True
bfcl_multi_turn_long_context_12_step_1,multi_turn_long_context_12,1,low,low,,start,False,bfcl,bfcl_tool_use_multi_turn,0.95,low,0,True,0.000111,0.00667,0.006559,True
bfcl_multi_turn_long_context_12_step_2,multi_turn_long_context_12,2,low,low,low,stay,False,bfcl,bfcl_tool_use_multi_turn,0.95,low,0,True,0.0001901,0.0092012,0.0090111,True
bfcl_multi_turn_long_context_12_step_3,multi_turn_long_context_12,3,low,low,low,stay,False,bfcl,bfcl_tool_use_multi_turn,0.95,low,0,True,0.0002047,0.009668399999999999,0.009463699999999999,True
bfcl_multi_turn_long_context_131_step_1,multi_turn_long_context_131,1,low,low,,start,False,bfcl,bfcl_tool_use_multi_turn,0.95,low,0,True,0.0001102,0.006644399999999999,0.006534199999999999,True
bfcl_multi_turn_long_context_131_step_2,multi_turn_long_context_131,2,low,low,low,stay,False,bfcl,bfcl_tool_use_multi_turn,0.95,low,0,True,0.0001188,0.0069196,0.0068008,True
bfcl_multi_turn_long_context_131_step_3,multi_turn_long_context_131,3,low,low,low,stay,False,bfcl,bfcl_tool_use_multi_turn,0.95,low,0,True,0.00044090000000000004,0.017226800000000004,0.016785900000000003,True
bfcl_multi_turn_long_context_131_step_4,multi_turn_long_context_131,4,low,low,low,stay,False,bfcl,bfcl_tool_use_multi_turn,0.95,low,0,True,0.0005020000000000001,0.019182,0.018680000000000002,True
bfcl_multi_turn_long_context_131_step_5,multi_turn_long_context_131,5,low,low,low,stay,False,bfcl,bfcl_tool_use_multi_turn,0.95,low,0,True,0.0005396,0.0203852,0.019845599999999998,True
bfcl_multi_turn_long_context_131_step_6,multi_turn_long_context_131,6,low,low,low,stay,False,bfcl,bfcl_tool_use_multi_turn,0.95,low,0,True,0.0007909000000000001,0.028426800000000002,0.0276359,True
bfcl_multi_turn_long_context_131_step_7,multi_turn_long_context_131,7,low,low,low,stay,False,bfcl,bfcl_tool_use_multi_turn,0.95,low,0,True,0.0008163000000000001,0.0292396,0.028423300000000002,True
bfcl_multi_turn_long_context_14_step_1,multi_turn_long_context_14,1,low,low,,start,False,bfcl,bfcl_tool_use_multi_turn,0.95,low,0,True,0.0001099,0.0066348,0.0065249,True
bfcl_multi_turn_long_context_14_step_2,multi_turn_long_context_14,2,low,low,low,stay,False,bfcl,bfcl_tool_use_multi_turn,0.95,low,0,True,0.00012590000000000002,0.0071468,0.0070209,True
bfcl_multi_turn_long_context_14_step_3,multi_turn_long_context_14,3,low,low,low,stay,False,bfcl,bfcl_tool_use_multi_turn,0.95,low,0,True,0.00015219999999999999,0.0079884,0.0078362,True
bfcl_multi_turn_long_context_14_step_4,multi_turn_long_context_14,4,low,low,low,stay,False,bfcl,bfcl_tool_use_multi_turn,0.95,low,0,True,0.00017769999999999998,0.008804399999999999,0.0086267,True
bfcl_multi_turn_long_context_15_step_1,multi_turn_long_context_15,1,low,low,,start,False,bfcl,bfcl_tool_use_multi_turn,0.95,low,0,True,0.0001126,0.006721199999999999,0.006608599999999999,True
bfcl_multi_turn_long_context_15_step_2,multi_turn_long_context_15,2,low,low,low,stay,False,bfcl,bfcl_tool_use_multi_turn,0.95,low,0,True,0.0001285,0.0072299999999999994,0.007101499999999999,True
bfcl_multi_turn_long_context_15_step_3,multi_turn_long_context_15,3,low,low,low,stay,False,bfcl,bfcl_tool_use_multi_turn,0.95,low,0,True,0.000136,0.007469999999999999,0.007333999999999999,True
bfcl_multi_turn_long_context_15_step_4,multi_turn_long_context_15,4,low,low,low,stay,False,bfcl,bfcl_tool_use_multi_turn,0.95,low,0,True,0.00015659999999999998,0.0081292,0.0079726,True
bfcl_multi_turn_long_context_15_step_5,multi_turn_long_context_15,5,mid,mid,low,escalate,False,bfcl,bfcl_tool_use_multi_turn,0.95,mid,1,True,0.00074675,0.009021999999999999,0.008275249999999998,True
bfcl_multi_turn_long_context_170_step_1,multi_turn_long_context_170,1,low,low,,start,False,bfcl,bfcl_tool_use_multi_turn,0.95,low,0,True,0.00011679999999999999,0.0068556,0.0067388,True
bfcl_multi_turn_long_context_170_step_2,multi_turn_long_context_170,2,low,low,low,stay,False,bfcl,bfcl_tool_use_multi_turn,0.95,low,0,True,0.00030980000000000005,0.0130316,0.0127218,True
bfcl_multi_turn_long_context_170_step_3,multi_turn_long_context_170,3,low,low,low,stay,False,bfcl,bfcl_tool_use_multi_turn,0.95,low,0,True,0.0003354,0.013850799999999998,0.013515399999999999,True
bfcl_multi_turn_long_context_170_step_4,multi_turn_long_context_170,4,low,low,low,stay,False,bfcl,bfcl_tool_use_multi_turn,0.95,low,0,True,0.00036990000000000005,0.0149548,0.014584900000000001,True
bfcl_multi_turn_long_context_170_step_5,multi_turn_long_context_170,5,low,low,low,stay,False,bfcl,bfcl_tool_use_multi_turn,0.95,low,0,True,0.00040190000000000007,0.0159788,0.015576900000000001,True
bfcl_multi_turn_long_context_170_step_6,multi_turn_long_context_170,6,low,low,low,stay,False,bfcl,bfcl_tool_use_multi_turn,0.95,low,0,True,0.0004337000000000001,0.016996400000000002,0.016562700000000003,True
bfcl_multi_turn_long_context_183_step_1,multi_turn_long_context_183,1,low,low,,start,False,bfcl,bfcl_tool_use_multi_turn,0.95,low,0,True,0.0001132,0.006740399999999999,0.006627199999999999,True
bfcl_multi_turn_long_context_183_step_2,multi_turn_long_context_183,2,low,low,low,stay,False,bfcl,bfcl_tool_use_multi_turn,0.95,low,0,True,0.00013890000000000002,0.0075628,0.0074239,True
bfcl_multi_turn_long_context_183_step_3,multi_turn_long_context_183,3,low,low,low,stay,False,bfcl,bfcl_tool_use_multi_turn,0.95,low,0,True,0.00029360000000000003,0.0125132,0.0122196,True
bfcl_multi_turn_long_context_183_step_4,multi_turn_long_context_183,4,low,low,low,stay,False,bfcl,bfcl_tool_use_multi_turn,0.95,low,0,True,0.0003198,0.0133516,0.0130318,True
bfcl_multi_turn_long_context_183_step_5,multi_turn_long_context_183,5,low,low,low,stay,False,bfcl,bfcl_tool_use_multi_turn,0.95,low,0,True,0.0003604,0.014650799999999999,0.014290399999999998,True
bfcl_multi_turn_long_context_183_step_6,multi_turn_long_context_183,6,low,low,low,stay,False,bfcl,bfcl_tool_use_multi_turn,0.95,low,0,True,0.0003844000000000001,0.0154188,0.0150344,True
bfcl_multi_turn_long_context_186_step_1,multi_turn_long_context_186,1,low,low,,start,False,bfcl,bfcl_tool_use_multi_turn,0.95,low,0,True,0.00011520000000000001,0.0068043999999999995,0.006689199999999999,True
bfcl_multi_turn_long_context_186_step_2,multi_turn_long_context_186,2,low,low,low,stay,False,bfcl,bfcl_tool_use_multi_turn,0.95,low,0,True,0.0001862,0.0090764,0.008890200000000001,True
bfcl_multi_turn_long_context_186_step_3,multi_turn_long_context_186,3,low,low,low,stay,False,bfcl,bfcl_tool_use_multi_turn,0.95,low,0,True,0.00030010000000000003,0.0127212,0.012421100000000001,True
bfcl_multi_turn_long_context_186_step_4,multi_turn_long_context_186,4,low,low,low,stay,False,bfcl,bfcl_tool_use_multi_turn,0.95,low,0,True,0.0003333,0.0137836,0.0134503,True
bfcl_multi_turn_long_context_186_step_5,multi_turn_long_context_186,5,low,low,low,stay,False,bfcl,bfcl_tool_use_multi_turn,0.95,low,0,True,0.00038720000000000003,0.015508399999999999,0.015121199999999998,True
bfcl_multi_turn_long_context_186_step_6,multi_turn_long_context_186,6,low,low,low,stay,False,bfcl,bfcl_tool_use_multi_turn,0.95,low,0,True,0.0004247000000000001,0.0167084,0.0162837,True
bfcl_multi_turn_long_context_2_step_1,multi_turn_long_context_2,1,low,low,,start,False,bfcl,bfcl_tool_use_multi_turn,0.95,low,0,True,0.0001109,0.0066668,0.0065559,True
bfcl_multi_turn_long_context_2_step_2,multi_turn_long_context_2,2,low,low,low,stay,False,bfcl,bfcl_tool_use_multi_turn,0.95,low,0,True,0.00015869999999999998,0.0081964,0.0080377,True
bfcl_multi_turn_long_context_2_step_3,multi_turn_long_context_2,3,low,low,low,stay,False,bfcl,bfcl_tool_use_multi_turn,0.95,low,0,True,0.0001845,0.009021999999999999,0.008837499999999998,True
bfcl_multi_turn_long_context_2_step_4,multi_turn_long_context_2,4,low,low,low,stay,False,bfcl,bfcl_tool_use_multi_turn,0.95,low,0,True,0.0003114,0.013082799999999999,0.012771399999999999,True
bfcl_multi_turn_long_context_2_step_5,multi_turn_long_context_2,5,low,low,low,stay,False,bfcl,bfcl_tool_use_multi_turn,0.95,low,0,True,0.00038800000000000005,0.015534,0.015146,True
bfcl_multi_turn_long_context_3_step_1,multi_turn_long_context_3,1,low,low,,start,False,bfcl,bfcl_tool_use_multi_turn,0.95,low,0,True,0.00011190000000000001,0.0066987999999999995,0.0065869,True
bfcl_multi_turn_long_context_3_step_2,multi_turn_long_context_3,2,low,low,low,stay,False,bfcl,bfcl_tool_use_multi_turn,0.95,low,0,True,0.000135,0.007437999999999999,0.007303,True
bfcl_multi_turn_long_context_38_step_1,multi_turn_long_context_38,1,mid,mid,,start,False,bfcl,bfcl_tool_use_multi_turn,0.95,mid,1,True,0.0004937,0.006708399999999999,0.006214699999999999,True
bfcl_multi_turn_long_context_38_step_2,multi_turn_long_context_38,2,low,mid,mid,sticky_hold,True,bfcl,bfcl_tool_use_multi_turn,0.95,low,0,True,0.0011755000000000001,0.012942,0.011766500000000001,True
bfcl_multi_turn_long_context_4_step_1,multi_turn_long_context_4,1,mid,mid,,start,False,bfcl,bfcl_tool_use_multi_turn,0.95,mid,1,True,0.00048670000000000007,0.006644399999999999,0.006157699999999999,True
bfcl_multi_turn_long_context_4_step_2,multi_turn_long_context_4,2,low,mid,mid,sticky_hold,True,bfcl,bfcl_tool_use_multi_turn,0.95,low,0,True,0.0008885000000000001,0.010317999999999999,0.009429499999999999,True
bfcl_multi_turn_long_context_4_step_3,multi_turn_long_context_4,3,mid,mid,mid,stay,False,bfcl,bfcl_tool_use_multi_turn,0.95,mid,1,True,0.0009837000000000001,0.011188400000000001,0.0102047,True
bfcl_multi_turn_long_context_46_step_1,multi_turn_long_context_46,1,mid_high,mid_high,,start,False,bfcl,bfcl_tool_use_multi_turn,0.95,mid_high,2,True,0.0019194000000000001,0.0066188,0.0046994,True
bfcl_multi_turn_long_context_5_step_1,multi_turn_long_context_5,1,low,low,,start,False,bfcl,bfcl_tool_use_multi_turn,0.95,low,0,True,0.00011140000000000001,0.0066828,0.0065714,True
bfcl_multi_turn_long_context_5_step_2,multi_turn_long_context_5,2,low,low,low,stay,False,bfcl,bfcl_tool_use_multi_turn,0.95,low,0,True,0.0001485,0.00787,0.0077215,True
bfcl_multi_turn_long_context_5_step_3,multi_turn_long_context_5,3,low,low,low,stay,False,bfcl,bfcl_tool_use_multi_turn,0.95,low,0,True,0.0003519,0.014378799999999999,0.014026899999999998,True
bfcl_multi_turn_long_context_5_step_4,multi_turn_long_context_5,4,low,low,low,stay,False,bfcl,bfcl_tool_use_multi_turn,0.95,low,0,True,0.0003798,0.0152716,0.0148918,True
bfcl_multi_turn_long_context_7_step_1,multi_turn_long_context_7,1,low,low,,start,False,bfcl,bfcl_tool_use_multi_turn,0.95,low,0,True,0.0001133,0.0067436,0.0066302999999999996,True
bfcl_multi_turn_long_context_7_step_2,multi_turn_long_context_7,2,low,low,low,stay,False,bfcl,bfcl_tool_use_multi_turn,0.95,low,0,True,0.0001318,0.0073356,0.007203800000000001,True
bfcl_multi_turn_long_context_7_step_3,multi_turn_long_context_7,3,low,low,low,stay,False,bfcl,bfcl_tool_use_multi_turn,0.95,low,0,True,0.000137,0.007502,0.007365,True
bfcl_multiple_103_step_1,multiple_103,1,low,low,,start,False,bfcl,bfcl_tool_use_single_turn,0.95,low,0,True,0.0001097,0.0066284,0.0065187,True
bfcl_multiple_104_step_1,multiple_104,1,low,low,,start,False,bfcl,bfcl_tool_use_single_turn,0.95,low,0,True,0.0001096,0.0066251999999999995,0.0065156,True
bfcl_multiple_106_step_1,multiple_106,1,low,low,,start,False,bfcl,bfcl_tool_use_single_turn,0.95,low,0,True,0.0001097,0.0066284,0.0065187,True
bfcl_multiple_113_step_1,multiple_113,1,low,low,,start,False,bfcl,bfcl_tool_use_single_turn,0.95,low,0,True,0.0001125,0.006718,0.0066055,True
bfcl_multiple_115_step_1,multiple_115,1,low,low,,start,False,bfcl,bfcl_tool_use_single_turn,0.95,low,0,True,0.00011009999999999999,0.006641199999999999,0.006531099999999999,True
bfcl_multiple_119_step_1,multiple_119,1,low,low,,start,False,bfcl,bfcl_tool_use_single_turn,0.95,low,0,True,0.0001099,0.0066348,0.0065249,True
bfcl_multiple_120_step_1,multiple_120,1,low,low,,start,False,bfcl,bfcl_tool_use_single_turn,0.95,low,0,True,0.0001098,0.0066316,0.0065217999999999995,True
bfcl_multiple_122_step_1,multiple_122,1,low,low,,start,False,bfcl,bfcl_tool_use_single_turn,0.95,low,0,True,0.0001115,0.006685999999999999,0.0065745,True
bfcl_multiple_127_step_1,multiple_127,1,low,low,,start,False,bfcl,bfcl_tool_use_single_turn,0.95,low,0,True,0.000111,0.00667,0.006559,True
bfcl_multiple_128_step_1,multiple_128,1,low,low,,start,False,bfcl,bfcl_tool_use_single_turn,0.95,low,0,True,0.0001113,0.0066796,0.0065683,True
bfcl_multiple_98_step_1,multiple_98,1,low,low,,start,False,bfcl,bfcl_tool_use_single_turn,0.95,low,0,True,0.00010899999999999999,0.006606,0.006497,True
swebench_pallets__flask-5014_step_1,pallets__flask-5014,1,low,low,,start,False,swebench,code_swe,0.95,low,0,True,0.000226,0.01035,0.010124,True
swebench_pallets__flask-5014_step_2,pallets__flask-5014,2,mid_high,mid_high,low,escalate,False,swebench,code_swe,0.95,mid_high,2,True,0.0036211000000000004,0.0115692,0.0079481,True
swebench_pallets__flask-5014_step_3,pallets__flask-5014,3,high,high,mid_high,escalate,False,swebench,code_swe,0.95,high,3,True,0.0117036,0.0117036,0.0,True
swebench_pallets__flask-5014_step_4,pallets__flask-5014,4,high,high,high,stay,False,swebench,code_swe,0.95,high,3,True,0.019991599999999998,0.019991599999999998,0.0,True
swebench_pallets__flask-5014_step_5,pallets__flask-5014,5,mid,high,high,sticky_hold,True,swebench,code_swe,0.95,mid,1,True,0.0249036,0.0249036,0.0,True
swebench_pallets__flask-5014_step_6,pallets__flask-5014,6,high,high,high,stay,False,swebench,code_swe,0.95,high,3,True,0.0252908,0.0252908,0.0,True
swebench_pallets__flask-5014_step_7,pallets__flask-5014,7,low,high,high,sticky_hold,True,swebench,code_swe,0.95,low,0,True,0.026266800000000003,0.026266800000000003,0.0,True
bfcl_parallel_multiple_0_step_1,parallel_multiple_0,1,low,low,,start,False,bfcl,bfcl_tool_use_single_turn,0.95,low,0,True,0.00011059999999999999,0.006657199999999999,0.0065466,True
bfcl_parallel_multiple_1_step_1,parallel_multiple_1,1,low,low,,start,False,bfcl,bfcl_tool_use_single_turn,0.95,low,0,True,0.0001104,0.0066508,0.0065404,True
bfcl_parallel_multiple_10_step_1,parallel_multiple_10,1,low,low,,start,False,bfcl,bfcl_tool_use_single_turn,0.95,low,0,True,0.0001112,0.006676399999999999,0.006565199999999999,True
bfcl_parallel_multiple_136_step_1,parallel_multiple_136,1,low,low,,start,False,bfcl,bfcl_tool_use_single_turn,0.95,low,0,True,0.00012670000000000002,0.007172399999999999,0.0070456999999999985,True
bfcl_parallel_multiple_137_step_1,parallel_multiple_137,1,low,low,,start,False,bfcl,bfcl_tool_use_single_turn,0.95,low,0,True,0.0001172,0.006868399999999999,0.0067512,True
bfcl_parallel_multiple_139_step_1,parallel_multiple_139,1,low,low,,start,False,bfcl,bfcl_tool_use_single_turn,0.95,low,0,True,0.0001378,0.0075276,0.0073898,True
bfcl_parallel_multiple_14_step_1,parallel_multiple_14,1,low,low,,start,False,bfcl,bfcl_tool_use_single_turn,0.95,low,0,True,0.0001122,0.006708399999999999,0.006596199999999999,True
bfcl_parallel_multiple_145_step_1,parallel_multiple_145,1,low,low,,start,False,bfcl,bfcl_tool_use_single_turn,0.95,low,0,True,0.0001329,0.007370799999999999,0.007237899999999999,True
bfcl_parallel_multiple_147_step_1,parallel_multiple_147,1,low,low,,start,False,bfcl,bfcl_tool_use_single_turn,0.95,low,0,True,0.00012190000000000001,0.0070187999999999995,0.006896899999999999,True
bfcl_parallel_multiple_151_step_1,parallel_multiple_151,1,low,low,,start,False,bfcl,bfcl_tool_use_single_turn,0.95,low,0,True,0.0001285,0.0072299999999999994,0.007101499999999999,True
bfcl_parallel_multiple_153_step_1,parallel_multiple_153,1,low,low,,start,False,bfcl,bfcl_tool_use_single_turn,0.95,low,0,True,0.0001258,0.0071436,0.0070178,True
bfcl_parallel_multiple_158_step_1,parallel_multiple_158,1,low,low,,start,False,bfcl,bfcl_tool_use_single_turn,0.95,low,0,True,0.0001242,0.0070924,0.0069682,True
bfcl_parallel_multiple_159_step_1,parallel_multiple_159,1,low,low,,start,False,bfcl,bfcl_tool_use_single_turn,0.95,low,0,True,0.0001229,0.007050799999999999,0.006927899999999999,True
bfcl_parallel_multiple_167_step_1,parallel_multiple_167,1,low,low,,start,False,bfcl,bfcl_tool_use_single_turn,0.95,low,0,True,0.00012020000000000001,0.006964399999999999,0.006844199999999999,True
bfcl_parallel_multiple_170_step_1,parallel_multiple_170,1,low,low,,start,False,bfcl,bfcl_tool_use_single_turn,0.95,low,0,True,0.0001301,0.0072812,0.0071511,True
bfcl_parallel_multiple_179_step_1,parallel_multiple_179,1,low,low,,start,False,bfcl,bfcl_tool_use_single_turn,0.95,low,0,True,0.00012330000000000002,0.0070636,0.0069403,True
bfcl_parallel_multiple_188_step_1,parallel_multiple_188,1,low,low,,start,False,bfcl,bfcl_tool_use_single_turn,0.95,low,0,True,0.0001258,0.0071436,0.0070178,True
bfcl_parallel_multiple_189_step_1,parallel_multiple_189,1,low,low,,start,False,bfcl,bfcl_tool_use_single_turn,0.95,low,0,True,0.0001197,0.0069483999999999995,0.006828699999999999,True
bfcl_parallel_multiple_191_step_1,parallel_multiple_191,1,low,low,,start,False,bfcl,bfcl_tool_use_single_turn,0.95,low,0,True,0.00012450000000000002,0.007102,0.0069775,True
bfcl_parallel_multiple_193_step_1,parallel_multiple_193,1,low,low,,start,False,bfcl,bfcl_tool_use_single_turn,0.95,low,0,True,0.0001192,0.006932399999999999,0.006813199999999999,True
bfcl_parallel_multiple_194_step_1,parallel_multiple_194,1,low,low,,start,False,bfcl,bfcl_tool_use_single_turn,0.95,low,0,True,0.00012690000000000002,0.0071788,0.0070519,True
bfcl_parallel_multiple_195_step_1,parallel_multiple_195,1,low,low,,start,False,bfcl,bfcl_tool_use_single_turn,0.95,low,0,True,0.0001228,0.0070476,0.0069248,True
bfcl_parallel_multiple_2_step_1,parallel_multiple_2,1,low,low,,start,False,bfcl,bfcl_tool_use_single_turn,0.95,low,0,True,0.00011070000000000001,0.0066603999999999995,0.0065496999999999994,True
bfcl_parallel_multiple_20_step_1,parallel_multiple_20,1,low,low,,start,False,bfcl,bfcl_tool_use_single_turn,0.95,low,0,True,0.00011059999999999999,0.006657199999999999,0.0065466,True
bfcl_parallel_multiple_22_step_1,parallel_multiple_22,1,low,low,,start,False,bfcl,bfcl_tool_use_single_turn,0.95,low,0,True,0.0001108,0.0066635999999999996,0.006552799999999999,True
bfcl_parallel_multiple_3_step_1,parallel_multiple_3,1,low,low,,start,False,bfcl,bfcl_tool_use_single_turn,0.95,low,0,True,0.00011,0.006638,0.006528,True
bfcl_parallel_multiple_30_step_1,parallel_multiple_30,1,low,low,,start,False,bfcl,bfcl_tool_use_single_turn,0.95,low,0,True,0.0001118,0.0066956,0.006583800000000001,True
bfcl_parallel_multiple_4_step_1,parallel_multiple_4,1,low,low,,start,False,bfcl,bfcl_tool_use_single_turn,0.95,low,0,True,0.0001104,0.0066508,0.0065404,True
bfcl_parallel_multiple_40_step_1,parallel_multiple_40,1,low,low,,start,False,bfcl,bfcl_tool_use_single_turn,0.95,low,0,True,0.000111,0.00667,0.006559,True
bfcl_parallel_multiple_41_step_1,parallel_multiple_41,1,low,low,,start,False,bfcl,bfcl_tool_use_single_turn,0.95,low,0,True,0.000111,0.00667,0.006559,True
bfcl_parallel_multiple_42_step_1,parallel_multiple_42,1,low,low,,start,False,bfcl,bfcl_tool_use_single_turn,0.95,low,0,True,0.00011240000000000001,0.0067148,0.0066024,True
bfcl_parallel_multiple_46_step_1,parallel_multiple_46,1,low,low,,start,False,bfcl,bfcl_tool_use_single_turn,0.95,low,0,True,0.00011140000000000001,0.0066828,0.0065714,True
bfcl_parallel_multiple_59_step_1,parallel_multiple_59,1,low,low,,start,False,bfcl,bfcl_tool_use_single_turn,0.95,low,0,True,0.0001265,0.007166,0.0070395,True
swebench_psf__requests-1142_step_1,psf__requests-1142,1,low,low,,start,False,swebench,code_swe,0.95,low,0,True,0.0002307,0.0105004,0.0102697,True
swebench_psf__requests-1142_step_2,psf__requests-1142,2,high,high,low,escalate,False,swebench,code_swe,0.95,high,3,True,0.0115692,0.0115692,0.0,True
swebench_psf__requests-1142_step_3,psf__requests-1142,3,high,high,high,stay,False,swebench,code_swe,0.95,high,3,True,0.0132332,0.0132332,0.0,True
swebench_psf__requests-1142_step_4,psf__requests-1142,4,low,high,high,sticky_hold,True,swebench,code_swe,0.95,low,0,True,0.0173484,0.0173484,0.0,True
swebench_psf__requests-1142_step_5,psf__requests-1142,5,high,high,high,stay,False,swebench,code_swe,0.95,high,3,True,0.017738800000000002,0.017738800000000002,0.0,True
swebench_psf__requests-1142_step_6,psf__requests-1142,6,high,high,high,stay,False,swebench,code_swe,0.95,high,3,True,0.020730800000000004,0.020730800000000004,0.0,True
swebench_psf__requests-1142_step_7,psf__requests-1142,7,high,high,high,stay,False,swebench,code_swe,0.95,high,3,True,0.022490800000000002,0.022490800000000002,0.0,True
swebench_psf__requests-1142_step_8,psf__requests-1142,8,low,high,high,sticky_hold,True,swebench,code_swe,0.95,low,0,True,0.022810800000000003,0.022810800000000003,0.0,True
swebench_psf__requests-1142_step_9,psf__requests-1142,9,low,high,high,sticky_hold,True,swebench,code_swe,0.95,low,0,True,0.023629999999999998,0.023629999999999998,0.0,True
swebench_psf__requests-1724_step_1,psf__requests-1724,1,low,low,,start,False,swebench,code_swe,0.95,low,0,True,0.00040800000000000005,0.016174,0.015766000000000002,True
swebench_psf__requests-1724_step_2,psf__requests-1724,2,high,high,low,escalate,False,swebench,code_swe,0.95,high,3,True,0.017034800000000003,0.017034800000000003,0.0,True
swebench_psf__requests-1724_step_3,psf__requests-1724,3,high,high,high,stay,False,swebench,code_swe,0.95,high,3,True,0.0208812,0.0208812,0.0,True
swebench_psf__requests-1724_step_4,psf__requests-1724,4,high,high,high,stay,False,swebench,code_swe,0.95,high,3,True,0.0251628,0.0251628,0.0,True
swebench_psf__requests-1724_step_5,psf__requests-1724,5,low,high,high,sticky_hold,True,swebench,code_swe,0.95,low,0,True,0.0294604,0.0294604,0.0,True
swebench_psf__requests-1724_step_6,psf__requests-1724,6,high,high,high,stay,False,swebench,code_swe,0.95,high,3,True,0.030772400000000002,0.030772400000000002,0.0,True
swebench_psf__requests-1724_step_7,psf__requests-1724,7,high,high,high,stay,False,swebench,code_swe,0.95,high,3,True,0.028045999999999998,0.028045999999999998,0.0,True
swebench_psf__requests-1724_step_8,psf__requests-1724,8,mid_high,high,high,sticky_hold,True,swebench,code_swe,0.95,mid_high,2,True,0.0286028,0.0286028,0.0,True
swebench_psf__requests-1724_step_9,psf__requests-1724,9,low,high,high,sticky_hold,True,swebench,code_swe,0.95,low,0,True,0.028740400000000003,0.028740400000000003,0.0,True
swebench_psf__requests-1724_step_10,psf__requests-1724,10,low,high,high,sticky_hold,True,swebench,code_swe,0.95,low,0,True,0.029284400000000002,0.029284400000000002,0.0,True
swebench_pydata__xarray-2905_step_1,pydata__xarray-2905,1,mid_high,mid_high,,start,False,swebench,code_swe,0.95,mid_high,2,True,0.0037355,0.011902,0.0081665,True
swebench_pydata__xarray-2905_step_2,pydata__xarray-2905,2,high,high,mid_high,escalate,False,swebench,code_swe,0.95,high,3,True,0.012964400000000001,0.012964400000000001,0.0,True
swebench_pydata__xarray-2905_step_3,pydata__xarray-2905,3,high,high,high,stay,False,swebench,code_swe,0.95,high,3,True,0.0214764,0.0214764,0.0,True
swebench_pydata__xarray-2905_step_4,pydata__xarray-2905,4,high,high,high,stay,False,swebench,code_swe,0.95,high,3,True,0.02675,0.02675,0.0,True
swebench_pydata__xarray-2905_step_5,pydata__xarray-2905,5,low,high,high,sticky_hold,True,swebench,code_swe,0.95,low,0,True,0.028862,0.028862,0.0,True
swebench_pydata__xarray-2905_step_6,pydata__xarray-2905,6,high,high,high,stay,False,swebench,code_swe,0.95,high,3,True,0.0298572,0.0298572,0.0,True
swebench_pydata__xarray-2905_step_7,pydata__xarray-2905,7,low,high,high,sticky_hold,True,swebench,code_swe,0.95,low,0,True,0.0305516,0.0305516,0.0,True
swebench_pydata__xarray-2905_step_8,pydata__xarray-2905,8,low,high,high,sticky_hold,True,swebench,code_swe,0.95,low,0,True,0.0312044,0.0312044,0.0,True
swebench_pydata__xarray-3095_step_1,pydata__xarray-3095,1,low,low,,start,False,swebench,code_swe,0.95,low,0,True,0.0002914,0.012442799999999999,0.012151399999999998,True
swebench_pydata__xarray-3095_step_2,pydata__xarray-3095,2,mid_high,mid_high,low,escalate,False,swebench,code_swe,0.95,mid_high,2,True,0.0041392,0.013076400000000002,0.008937200000000003,True
swebench_pydata__xarray-3095_step_3,pydata__xarray-3095,3,high,high,mid_high,escalate,False,swebench,code_swe,0.95,high,3,True,0.0144972,0.0144972,0.0,True
swebench_pydata__xarray-3095_step_4,pydata__xarray-3095,4,high,high,high,stay,False,swebench,code_swe,0.95,high,3,True,0.0261388,0.0261388,0.0,True
swebench_pydata__xarray-3095_step_5,pydata__xarray-3095,5,high,high,high,stay,False,swebench,code_swe,0.95,high,3,True,0.032634800000000005,0.032634800000000005,0.0,True
swebench_pydata__xarray-3095_step_6,pydata__xarray-3095,6,high,high,high,stay,False,swebench,code_swe,0.95,high,3,True,0.032606,0.032606,0.0,True
swebench_pydata__xarray-3095_step_7,pydata__xarray-3095,7,high,high,high,stay,False,swebench,code_swe,0.95,high,3,True,0.032654,0.032654,0.0,True
swebench_pydata__xarray-3095_step_8,pydata__xarray-3095,8,high,high,high,stay,False,swebench,code_swe,0.95,high,3,True,0.03265080000000001,0.03265080000000001,0.0,True
swebench_pydata__xarray-3095_step_9,pydata__xarray-3095,9,low,high,high,sticky_hold,True,swebench,code_swe,0.95,low,0,True,0.032695600000000005,0.032695600000000005,0.0,True
swebench_pydata__xarray-3095_step_10,pydata__xarray-3095,10,high,high,high,stay,False,swebench,code_swe,0.95,high,3,True,0.032609200000000005,0.032609200000000005,0.0,True
swebench_pylint-dev__pylint-4551_step_1,pylint-dev__pylint-4551,1,low,low,,start,False,swebench,code_swe,0.95,low,0,True,0.0002406,0.0108172,0.0105766,True
swebench_pylint-dev__pylint-4551_step_2,pylint-dev__pylint-4551,2,high,high,low,escalate,False,swebench,code_swe,0.95,high,3,True,0.012500400000000002,0.012500400000000002,0.0,True
swebench_pylint-dev__pylint-4551_step_3,pylint-dev__pylint-4551,3,high,high,high,stay,False,swebench,code_swe,0.95,high,3,True,0.0215116,0.0215116,0.0,True
swebench_pylint-dev__pylint-4551_step_4,pylint-dev__pylint-4551,4,mid_high,high,high,sticky_hold,True,swebench,code_swe,0.95,mid_high,2,True,0.02939,0.02939,0.0,True
swebench_pylint-dev__pylint-4551_step_5,pylint-dev__pylint-4551,5,high,high,high,stay,False,swebench,code_swe,0.95,high,3,True,0.0301836,0.0301836,0.0,True
swebench_pylint-dev__pylint-4551_step_6,pylint-dev__pylint-4551,6,high,high,high,stay,False,swebench,code_swe,0.95,high,3,True,0.032702,0.032702,0.0,True
swebench_pylint-dev__pylint-4551_step_7,pylint-dev__pylint-4551,7,high,high,high,stay,False,swebench,code_swe,0.95,high,3,True,0.031937200000000006,0.031937200000000006,0.0,True
swebench_pylint-dev__pylint-4551_step_8,pylint-dev__pylint-4551,8,high,high,high,stay,False,swebench,code_swe,0.95,high,3,True,0.0311692,0.0311692,0.0,True
swebench_pylint-dev__pylint-4551_step_9,pylint-dev__pylint-4551,9,high,high,high,stay,False,swebench,code_swe,0.95,high,3,True,0.03147320000000001,0.03147320000000001,0.0,True
swebench_pylint-dev__pylint-4551_step_10,pylint-dev__pylint-4551,10,low,high,high,sticky_hold,True,swebench,code_swe,0.95,low,0,True,0.03234360000000001,0.03234360000000001,0.0,True
swebench_pylint-dev__pylint-4604_step_1,pylint-dev__pylint-4604,1,low,low,,start,False,swebench,code_swe,0.95,low,0,True,0.00023830000000000002,0.0107436,0.0105053,True
swebench_pylint-dev__pylint-4604_step_2,pylint-dev__pylint-4604,2,high,high,low,escalate,False,swebench,code_swe,0.95,high,3,True,0.0116876,0.0116876,0.0,True
swebench_pylint-dev__pylint-4604_step_3,pylint-dev__pylint-4604,3,high,high,high,stay,False,swebench,code_swe,0.95,high,3,True,0.017930800000000004,0.017930800000000004,0.0,True
swebench_pylint-dev__pylint-4604_step_4,pylint-dev__pylint-4604,4,mid_high,high,high,sticky_hold,True,swebench,code_swe,0.95,mid_high,2,True,0.0274124,0.0274124,0.0,True
swebench_pylint-dev__pylint-4604_step_5,pylint-dev__pylint-4604,5,mid,high,high,sticky_hold,True,swebench,code_swe,0.95,mid,1,True,0.0304876,0.0304876,0.0,True
swebench_pylint-dev__pylint-4604_step_6,pylint-dev__pylint-4604,6,high,high,high,stay,False,swebench,code_swe,0.95,high,3,True,0.031181999999999998,0.031181999999999998,0.0,True
swebench_pylint-dev__pylint-4604_step_7,pylint-dev__pylint-4604,7,mid_high,high,high,sticky_hold,True,swebench,code_swe,0.95,mid_high,2,True,0.031326,0.031326,0.0,True
swebench_pylint-dev__pylint-4604_step_8,pylint-dev__pylint-4604,8,low,high,high,sticky_hold,True,swebench,code_swe,0.95,low,0,True,0.0319532,0.0319532,0.0,True
swebench_pytest-dev__pytest-10051_step_1,pytest-dev__pytest-10051,1,mid_high,mid_high,,start,False,swebench,code_swe,0.95,mid_high,2,True,0.0035254,0.011290799999999998,0.007765399999999999,True
swebench_pytest-dev__pytest-10051_step_2,pytest-dev__pytest-10051,2,high,high,mid_high,escalate,False,swebench,code_swe,0.95,high,3,True,0.0120652,0.0120652,0.0,True
swebench_pytest-dev__pytest-10051_step_3,pytest-dev__pytest-10051,3,high,high,high,stay,False,swebench,code_swe,0.95,high,3,True,0.0174284,0.0174284,0.0,True
swebench_pytest-dev__pytest-10051_step_4,pytest-dev__pytest-10051,4,low,high,high,sticky_hold,True,swebench,code_swe,0.95,low,0,True,0.0217996,0.0217996,0.0,True
swebench_pytest-dev__pytest-10081_step_1,pytest-dev__pytest-10081,1,low,low,,start,False,swebench,code_swe,0.95,low,0,True,0.00029380000000000004,0.0125196,0.0122258,True
swebench_pytest-dev__pytest-10081_step_2,pytest-dev__pytest-10081,2,mid,mid,low,escalate,False,swebench,code_swe,0.95,mid,1,True,0.0012143499999999999,0.0132972,0.012082850000000001,True
swebench_pytest-dev__pytest-10081_step_3,pytest-dev__pytest-10081,3,high,high,mid,escalate,False,swebench,code_swe,0.95,high,3,True,0.0194732,0.0194732,0.0,True
swebench_pytest-dev__pytest-10081_step_4,pytest-dev__pytest-10081,4,high,high,high,stay,False,swebench,code_swe,0.95,high,3,True,0.0222028,0.0222028,0.0,True
swebench_pytest-dev__pytest-10081_step_5,pytest-dev__pytest-10081,5,mid_high,high,high,sticky_hold,True,swebench,code_swe,0.95,mid_high,2,True,0.0228268,0.0228268,0.0,True
swebench_pytest-dev__pytest-10081_step_6,pytest-dev__pytest-10081,6,high,high,high,stay,False,swebench,code_swe,0.95,high,3,True,0.0232332,0.0232332,0.0,True
swebench_pytest-dev__pytest-10081_step_7,pytest-dev__pytest-10081,7,high,high,high,stay,False,swebench,code_swe,0.95,high,3,True,0.026890800000000003,0.026890800000000003,0.0,True
swebench_pytest-dev__pytest-10081_step_8,pytest-dev__pytest-10081,8,high,high,high,stay,False,swebench,code_swe,0.95,high,3,True,0.0285772,0.0285772,0.0,True
swebench_pytest-dev__pytest-10081_step_9,pytest-dev__pytest-10081,9,high,high,high,stay,False,swebench,code_swe,0.95,high,3,True,0.0293772,0.0293772,0.0,True
swebench_pytest-dev__pytest-10081_step_10,pytest-dev__pytest-10081,10,low,high,high,sticky_hold,True,swebench,code_swe,0.95,low,0,True,0.030228400000000002,0.030228400000000002,0.0,True
swebench_scikit-learn__scikit-learn-10297_step_1,scikit-learn__scikit-learn-10297,1,mid_high,mid_high,,start,False,swebench,code_swe,0.95,mid_high,2,True,0.0035661000000000004,0.0114092,0.007843099999999999,True
swebench_scikit-learn__scikit-learn-10297_step_2,scikit-learn__scikit-learn-10297,2,mid_high,mid_high,mid_high,stay,False,swebench,code_swe,0.95,mid_high,2,True,0.0038565,0.012254,0.008397499999999999,True
swebench_scikit-learn__scikit-learn-10297_step_3,scikit-learn__scikit-learn-10297,3,high,high,mid_high,escalate,False,swebench,code_swe,0.95,high,3,True,0.012602799999999999,0.012602799999999999,0.0,True
swebench_scikit-learn__scikit-learn-10297_step_4,scikit-learn__scikit-learn-10297,4,high,high,high,stay,False,swebench,code_swe,0.95,high,3,True,0.0161036,0.0161036,0.0,True
swebench_scikit-learn__scikit-learn-10297_step_5,scikit-learn__scikit-learn-10297,5,low,high,high,sticky_hold,True,swebench,code_swe,0.95,low,0,True,0.024929200000000002,0.024929200000000002,0.0,True
swebench_scikit-learn__scikit-learn-10297_step_6,scikit-learn__scikit-learn-10297,6,mid_high,high,high,sticky_hold,True,swebench,code_swe,0.95,mid_high,2,True,0.0264684,0.0264684,0.0,True
swebench_scikit-learn__scikit-learn-10297_step_7,scikit-learn__scikit-learn-10297,7,low,high,high,sticky_hold,True,swebench,code_swe,0.95,low,0,True,0.0279404,0.0279404,0.0,True
swebench_scikit-learn__scikit-learn-10297_step_8,scikit-learn__scikit-learn-10297,8,high,high,high,stay,False,swebench,code_swe,0.95,high,3,True,0.030295600000000002,0.030295600000000002,0.0,True
swebench_scikit-learn__scikit-learn-10297_step_9,scikit-learn__scikit-learn-10297,9,mid,high,high,sticky_hold,True,swebench,code_swe,0.95,mid,1,True,0.0306892,0.0306892,0.0,True
swebench_scikit-learn__scikit-learn-10297_step_10,scikit-learn__scikit-learn-10297,10,mid,high,high,sticky_hold,True,swebench,code_swe,0.95,mid,1,True,0.03154680000000001,0.03154680000000001,0.0,True
swebench_scikit-learn__scikit-learn-10844_step_1,scikit-learn__scikit-learn-10844,1,low,low,,start,False,swebench,code_swe,0.95,low,0,True,0.00028110000000000006,0.012113200000000001,0.011832100000000002,True
swebench_scikit-learn__scikit-learn-10844_step_2,scikit-learn__scikit-learn-10844,2,high,high,low,escalate,False,swebench,code_swe,0.95,high,3,True,0.0129772,0.0129772,0.0,True
swebench_scikit-learn__scikit-learn-10844_step_3,scikit-learn__scikit-learn-10844,3,high,high,high,stay,False,swebench,code_swe,0.95,high,3,True,0.015118,0.015118,0.0,True
swebench_scikit-learn__scikit-learn-10844_step_4,scikit-learn__scikit-learn-10844,4,high,high,high,stay,False,swebench,code_swe,0.95,high,3,True,0.017118,0.017118,0.0,True
swebench_scikit-learn__scikit-learn-10844_step_5,scikit-learn__scikit-learn-10844,5,low,high,high,sticky_hold,True,swebench,code_swe,0.95,low,0,True,0.0172684,0.0172684,0.0,True
swebench_scikit-learn__scikit-learn-10844_step_6,scikit-learn__scikit-learn-10844,6,low,high,high,sticky_hold,True,swebench,code_swe,0.95,low,0,True,0.017886,0.017886,0.0,True
swebench_sphinx-doc__sphinx-10323_step_1,sphinx-doc__sphinx-10323,1,mid,mid,,start,False,swebench,code_swe,0.95,mid,1,True,0.00114645,0.0126764,0.01152995,True
swebench_sphinx-doc__sphinx-10323_step_2,sphinx-doc__sphinx-10323,2,mid_high,mid_high,mid,escalate,False,swebench,code_swe,0.95,mid_high,2,True,0.0041282,0.013044400000000001,0.0089162,True
swebench_sphinx-doc__sphinx-10323_step_3,sphinx-doc__sphinx-10323,3,mid,mid_high,mid_high,sticky_hold,True,swebench,code_swe,0.95,mid,1,True,0.007129,0.021773999999999998,0.014644999999999998,True
swebench_sphinx-doc__sphinx-10323_step_4,sphinx-doc__sphinx-10323,4,high,high,mid_high,escalate,False,swebench,code_swe,0.95,high,3,True,0.02731,0.02731,0.0,True
swebench_sphinx-doc__sphinx-10323_step_5,sphinx-doc__sphinx-10323,5,high,high,high,stay,False,swebench,code_swe,0.95,high,3,True,0.0286828,0.0286828,0.0,True
swebench_sphinx-doc__sphinx-10323_step_6,sphinx-doc__sphinx-10323,6,mid,high,high,sticky_hold,True,swebench,code_swe,0.95,mid,1,True,0.030346800000000004,0.030346800000000004,0.0,True
swebench_sphinx-doc__sphinx-10323_step_7,sphinx-doc__sphinx-10323,7,high,high,high,stay,False,swebench,code_swe,0.95,high,3,True,0.030862,0.030862,0.0,True
swebench_sphinx-doc__sphinx-10323_step_8,sphinx-doc__sphinx-10323,8,high,high,high,stay,False,swebench,code_swe,0.95,high,3,True,0.031758,0.031758,0.0,True
swebench_sphinx-doc__sphinx-10323_step_9,sphinx-doc__sphinx-10323,9,mid_high,high,high,sticky_hold,True,swebench,code_swe,0.95,mid_high,2,True,0.032215600000000004,0.032215600000000004,0.0,True
swebench_sphinx-doc__sphinx-10323_step_10,sphinx-doc__sphinx-10323,10,low,high,high,sticky_hold,True,swebench,code_swe,0.95,low,0,True,0.03171960000000001,0.03171960000000001,0.0,True
swebench_sphinx-doc__sphinx-10435_step_1,sphinx-doc__sphinx-10435,1,low,low,,start,False,swebench,code_swe,0.95,low,0,True,0.0002757000000000001,0.0119404,0.0116647,True
swebench_sphinx-doc__sphinx-10435_step_2,sphinx-doc__sphinx-10435,2,high,high,low,escalate,False,swebench,code_swe,0.95,high,3,True,0.0122892,0.0122892,0.0,True
swebench_sphinx-doc__sphinx-10435_step_3,sphinx-doc__sphinx-10435,3,high,high,high,stay,False,swebench,code_swe,0.95,high,3,True,0.019886,0.019886,0.0,True
swebench_sphinx-doc__sphinx-10435_step_4,sphinx-doc__sphinx-10435,4,high,high,high,stay,False,swebench,code_swe,0.95,high,3,True,0.026382,0.026382,0.0,True
swebench_sphinx-doc__sphinx-10435_step_5,sphinx-doc__sphinx-10435,5,high,high,high,stay,False,swebench,code_swe,0.95,high,3,True,0.026842800000000003,0.026842800000000003,0.0,True
swebench_sphinx-doc__sphinx-10435_step_6,sphinx-doc__sphinx-10435,6,high,high,high,stay,False,swebench,code_swe,0.95,high,3,True,0.0284972,0.0284972,0.0,True
swebench_sphinx-doc__sphinx-10435_step_7,sphinx-doc__sphinx-10435,7,high,high,high,stay,False,swebench,code_swe,0.95,high,3,True,0.0301132,0.0301132,0.0,True
swebench_sphinx-doc__sphinx-10435_step_8,sphinx-doc__sphinx-10435,8,high,high,high,stay,False,swebench,code_swe,0.95,high,3,True,0.031022,0.031022,0.0,True
swebench_sphinx-doc__sphinx-10435_step_9,sphinx-doc__sphinx-10435,9,low,high,high,sticky_hold,True,swebench,code_swe,0.95,low,0,True,0.031962800000000006,0.031962800000000006,0.0,True
swebench_sphinx-doc__sphinx-10449_step_1,sphinx-doc__sphinx-10449,1,low,low,,start,False,swebench,code_swe,0.95,low,0,True,0.0003331000000000001,0.0137772,0.0134441,True
swebench_sphinx-doc__sphinx-10449_step_2,sphinx-doc__sphinx-10449,2,high,high,low,escalate,False,swebench,code_swe,0.95,high,3,True,0.0147852,0.0147852,0.0,True
swebench_sphinx-doc__sphinx-10449_step_3,sphinx-doc__sphinx-10449,3,high,high,high,stay,False,swebench,code_swe,0.95,high,3,True,0.0294732,0.0294732,0.0,True
swebench_sphinx-doc__sphinx-10449_step_4,sphinx-doc__sphinx-10449,4,high,high,high,stay,False,swebench,code_swe,0.95,high,3,True,0.032526000000000006,0.032526000000000006,0.0,True
swebench_sphinx-doc__sphinx-10449_step_5,sphinx-doc__sphinx-10449,5,mid_high,high,high,sticky_hold,True,swebench,code_swe,0.95,mid_high,2,True,0.030414,0.030414,0.0,True
swebench_sphinx-doc__sphinx-10449_step_6,sphinx-doc__sphinx-10449,6,high,high,high,stay,False,swebench,code_swe,0.95,high,3,True,0.0313772,0.0313772,0.0,True
swebench_sphinx-doc__sphinx-10449_step_7,sphinx-doc__sphinx-10449,7,mid,high,high,sticky_hold,True,swebench,code_swe,0.95,mid,1,True,0.032231600000000006,0.032231600000000006,0.0,True
swebench_sphinx-doc__sphinx-10449_step_8,sphinx-doc__sphinx-10449,8,low,high,high,sticky_hold,True,swebench,code_swe,0.95,low,0,True,0.032410800000000003,0.032410800000000003,0.0,True
swebench_sphinx-doc__sphinx-10449_step_9,sphinx-doc__sphinx-10449,9,high,high,high,stay,False,swebench,code_swe,0.95,high,3,True,0.032606,0.032606,0.0,True
swebench_sympy__sympy-11618_step_1,sympy__sympy-11618,1,low,low,,start,False,swebench,code_swe,0.95,low,0,True,0.0002274,0.0103948,0.0101674,True
swebench_sympy__sympy-11618_step_2,sympy__sympy-11618,2,low,low,low,stay,False,swebench,code_swe,0.95,low,0,True,0.00026490000000000004,0.011594799999999999,0.011329899999999999,True
swebench_sympy__sympy-11618_step_3,sympy__sympy-11618,3,low,low,low,stay,False,swebench,code_swe,0.95,low,0,True,0.00027470000000000006,0.011908400000000001,0.011633700000000002,True
swebench_sympy__sympy-11618_step_4,sympy__sympy-11618,4,high,high,low,escalate,False,swebench,code_swe,0.95,high,3,True,0.0167532,0.0167532,0.0,True
swebench_sympy__sympy-11618_step_5,sympy__sympy-11618,5,high,high,high,stay,False,swebench,code_swe,0.95,high,3,True,0.0195852,0.0195852,0.0,True
swebench_sympy__sympy-11618_step_6,sympy__sympy-11618,6,low,high,high,sticky_hold,True,swebench,code_swe,0.95,low,0,True,0.0239596,0.0239596,0.0,True
swebench_sympy__sympy-11618_step_7,sympy__sympy-11618,7,high,high,high,stay,False,swebench,code_swe,0.95,high,3,True,0.0248844,0.0248844,0.0,True
swebench_sympy__sympy-11618_step_8,sympy__sympy-11618,8,high,high,high,stay,False,swebench,code_swe,0.95,high,3,True,0.02587,0.02587,0.0,True
swebench_sympy__sympy-11618_step_9,sympy__sympy-11618,9,high,high,high,stay,False,swebench,code_swe,0.95,high,3,True,0.0272684,0.0272684,0.0,True
swebench_sympy__sympy-11618_step_10,sympy__sympy-11618,10,low,high,high,sticky_hold,True,swebench,code_swe,0.95,low,0,True,0.0275724,0.0275724,0.0,True
swebench_sympy__sympy-11618_step_11,sympy__sympy-11618,11,low,high,high,sticky_hold,True,swebench,code_swe,0.95,low,0,True,0.0283244,0.0283244,0.0,True
swebench_sympy__sympy-12096_step_1,sympy__sympy-12096,1,mid,mid,,start,False,swebench,code_swe,0.95,mid,1,True,0.0009273500000000001,0.0106732,0.00974585,True
swebench_sympy__sympy-12096_step_2,sympy__sympy-12096,2,mid,mid,mid,stay,False,swebench,code_swe,0.95,mid,1,True,0.001032,0.01163,0.010598,True
swebench_sympy__sympy-12096_step_3,sympy__sympy-12096,3,mid_high,mid_high,mid,escalate,False,swebench,code_swe,0.95,mid_high,2,True,0.0037212,0.011860400000000002,0.008139200000000003,True
swebench_sympy__sympy-12096_step_4,sympy__sympy-12096,4,mid_high,mid_high,mid_high,stay,False,swebench,code_swe,0.95,mid_high,2,True,0.0044802,0.014068400000000002,0.009588200000000002,True
swebench_sympy__sympy-12096_step_5,sympy__sympy-12096,5,low,mid_high,mid_high,sticky_hold,True,swebench,code_swe,0.95,low,0,True,0.005261200000000001,0.0163404,0.0110792,True
swebench_sympy__sympy-12096_step_6,sympy__sympy-12096,6,mid_high,mid_high,mid_high,stay,False,swebench,code_swe,0.95,mid_high,2,True,0.006166499999999999,0.018974,0.012807500000000003,True
swebench_sympy__sympy-12096_step_7,sympy__sympy-12096,7,low,mid_high,mid_high,sticky_hold,True,swebench,code_swe,0.95,low,0,True,0.0065625,0.020125999999999998,0.0135635,True
swebench_sympy__sympy-12096_step_8,sympy__sympy-12096,8,mid_high,mid_high,mid_high,stay,False,swebench,code_swe,0.95,mid_high,2,True,0.0066615,0.020413999999999998,0.013752499999999997,True
swebench_sympy__sympy-12096_step_9,sympy__sympy-12096,9,high,high,mid_high,escalate,False,swebench,code_swe,0.95,high,3,True,0.021146800000000004,0.021146800000000004,0.0,True
swebench_sympy__sympy-12096_step_10,sympy__sympy-12096,10,high,high,high,stay,False,swebench,code_swe,0.95,high,3,True,0.0217996,0.0217996,0.0,True
swebench_sympy__sympy-12096_step_11,sympy__sympy-12096,11,high,high,high,stay,False,swebench,code_swe,0.95,high,3,True,0.023092400000000003,0.023092400000000003,0.0,True
swebench_sympy__sympy-12096_step_12,sympy__sympy-12096,12,low,high,high,sticky_hold,True,swebench,code_swe,0.95,low,0,True,0.0232332,0.0232332,0.0,True
swebench_sympy__sympy-12096_step_13,sympy__sympy-12096,13,low,high,high,sticky_hold,True,swebench,code_swe,0.95,low,0,True,0.0237548,0.0237548,0.0,True
swebench_sympy__sympy-12419_step_1,sympy__sympy-12419,1,high,high,,start,False,swebench,code_swe,0.95,high,3,True,0.011108400000000001,0.011108400000000001,0.0,True
swebench_sympy__sympy-12419_step_2,sympy__sympy-12419,2,high,high,high,stay,False,swebench,code_swe,0.95,high,3,True,0.0138348,0.0138348,0.0,True
swebench_sympy__sympy-12419_step_3,sympy__sympy-12419,3,high,high,high,stay,False,swebench,code_swe,0.95,high,3,True,0.016788400000000002,0.016788400000000002,0.0,True
swebench_sympy__sympy-12419_step_4,sympy__sympy-12419,4,high,high,high,stay,False,swebench,code_swe,0.95,high,3,True,0.022679599999999998,0.022679599999999998,0.0,True
swebench_sympy__sympy-12419_step_5,sympy__sympy-12419,5,high,high,high,stay,False,swebench,code_swe,0.95,high,3,True,0.0246188,0.0246188,0.0,True
swebench_sympy__sympy-12419_step_6,sympy__sympy-12419,6,mid,high,high,sticky_hold,True,swebench,code_swe,0.95,mid,1,True,0.026564400000000002,0.026564400000000002,0.0,True
swebench_sympy__sympy-12419_step_7,sympy__sympy-12419,7,mid,high,high,sticky_hold,True,swebench,code_swe,0.95,mid,1,True,0.028702,0.028702,0.0,True
swebench_sympy__sympy-12481_step_1,sympy__sympy-12481,1,low,low,,start,False,swebench,code_swe,0.95,low,0,True,0.0002313,0.0105196,0.0102883,True
swebench_sympy__sympy-12481_step_2,sympy__sympy-12481,2,high,high,low,escalate,False,swebench,code_swe,0.95,high,3,True,0.0108204,0.0108204,0.0,True
swebench_sympy__sympy-12481_step_3,sympy__sympy-12481,3,high,high,high,stay,False,swebench,code_swe,0.95,high,3,True,0.0150156,0.0150156,0.0,True
swebench_sympy__sympy-12481_step_4,sympy__sympy-12481,4,high,high,high,stay,False,swebench,code_swe,0.95,high,3,True,0.018935599999999997,0.018935599999999997,0.0,True
swebench_sympy__sympy-12481_step_5,sympy__sympy-12481,5,high,high,high,stay,False,swebench,code_swe,0.95,high,3,True,0.02499,0.02499,0.0,True
swebench_sympy__sympy-12481_step_6,sympy__sympy-12481,6,high,high,high,stay,False,swebench,code_swe,0.95,high,3,True,0.0267276,0.0267276,0.0,True
swebench_sympy__sympy-12481_step_7,sympy__sympy-12481,7,high,high,high,stay,False,swebench,code_swe,0.95,high,3,True,0.027706800000000004,0.027706800000000004,0.0,True
swebench_sympy__sympy-12481_step_8,sympy__sympy-12481,8,mid_high,high,high,sticky_hold,True,swebench,code_swe,0.95,mid_high,2,True,0.0278572,0.0278572,0.0,True
swebench_sympy__sympy-12481_step_9,sympy__sympy-12481,9,low,high,high,sticky_hold,True,swebench,code_swe,0.95,low,0,True,0.028606,0.028606,0.0,True
pinchbench_task_01_calendar_step_1,task_01_calendar,1,low,low,,start,False,pinchbench,general_agent,0.95,low,0,True,0.00026580000000000006,0.0116236,0.0113578,True
pinchbench_task_01_calendar_step_2,task_01_calendar,2,mid,mid,low,escalate,False,pinchbench,general_agent,0.95,mid,1,True,0.0010589500000000001,0.0118764,0.010817450000000001,True
pinchbench_task_01_calendar_step_3,task_01_calendar,3,low,mid,mid,sticky_hold,True,pinchbench,general_agent,0.95,low,0,True,0.00110585,0.0123052,0.01119935,True
pinchbench_task_01_calendar_step_4,task_01_calendar,4,mid_high,mid_high,mid,escalate,False,pinchbench,general_agent,0.95,mid_high,2,True,0.0041216,0.0130252,0.008903600000000001,True
pinchbench_task_03_blog_step_1,task_03_blog,1,low,low,,start,False,pinchbench,general_agent,0.95,low,0,True,0.00025990000000000003,0.011434799999999998,0.011174899999999998,True
pinchbench_task_03_blog_step_2,task_03_blog,2,low,low,low,stay,False,pinchbench,general_agent,0.95,low,0,True,0.00036960000000000004,0.0149452,0.014575600000000001,True
pinchbench_task_04_weather_step_1,task_04_weather,1,low,low,,start,False,pinchbench,general_agent,0.95,low,0,True,0.00026040000000000004,0.011450799999999999,0.0111904,True
pinchbench_task_04_weather_step_2,task_04_weather,2,low,low,low,stay,False,pinchbench,general_agent,0.95,low,0,True,0.000311,0.01307,0.012759,True
pinchbench_task_04_weather_step_3,task_04_weather,3,mid_high,mid_high,low,escalate,False,pinchbench,general_agent,0.95,mid_high,2,True,0.0047464,0.014842800000000001,0.010096400000000002,True
pinchbench_task_04_weather_step_4,task_04_weather,4,low,mid_high,mid_high,sticky_hold,True,pinchbench,general_agent,0.95,low,0,True,0.004912499999999999,0.015326,0.0104135,True
pinchbench_task_04_weather_step_5,task_04_weather,5,mid_high,mid_high,mid_high,stay,False,pinchbench,general_agent,0.95,mid_high,2,True,0.0054207000000000005,0.0168044,0.0113837,True
pinchbench_task_04_weather_step_6,task_04_weather,6,low,mid_high,mid_high,sticky_hold,True,pinchbench,general_agent,0.95,low,0,True,0.010891,0.032718000000000004,0.021827000000000006,True
pinchbench_task_05_summary_step_1,task_05_summary,1,low,low,,start,False,pinchbench,general_agent,0.95,low,0,True,0.0002597,0.011428400000000002,0.011168700000000002,True
pinchbench_task_05_summary_step_2,task_05_summary,2,low,low,low,stay,False,pinchbench,general_agent,0.95,low,0,True,0.00036530000000000004,0.0148076,0.0144423,True
pinchbench_task_05_summary_step_3,task_05_summary,3,high,high,low,escalate,False,pinchbench,general_agent,0.95,high,3,True,0.015086,0.015086,0.0,True
pinchbench_task_05_summary_step_4,task_05_summary,4,low,high,high,sticky_hold,True,pinchbench,general_agent,0.95,low,0,True,0.016478,0.016478,0.0,True
pinchbench_task_07_email_step_1,task_07_email,1,low,low,,start,False,pinchbench,general_agent,0.95,low,0,True,0.00025990000000000003,0.011434799999999998,0.011174899999999998,True
pinchbench_task_07_email_step_2,task_07_email,2,low,low,low,stay,False,pinchbench,general_agent,0.95,low,0,True,0.00028730000000000004,0.0123116,0.0120243,True
pinchbench_task_09_files_step_1,task_09_files,1,low,low,,start,False,pinchbench,general_agent,0.95,low,0,True,0.00026080000000000005,0.0114636,0.011202799999999999,True
pinchbench_task_09_files_step_2,task_09_files,2,low,low,low,stay,False,pinchbench,general_agent,0.95,low,0,True,0.00029880000000000005,0.0126796,0.012380799999999999,True
pinchbench_task_09_files_step_3,task_09_files,3,low,low,low,stay,False,pinchbench,general_agent,0.95,low,0,True,0.0003021,0.0127852,0.0124831,True
pinchbench_task_11_clawdhub_step_1,task_11_clawdhub,1,low,low,,start,False,pinchbench,general_agent,0.95,low,0,True,0.00026810000000000007,0.0116972,0.0114291,True
pinchbench_task_11_clawdhub_step_2,task_11_clawdhub,2,low,low,low,stay,False,pinchbench,general_agent,0.95,low,0,True,0.00030080000000000005,0.0127436,0.0124428,True
pinchbench_task_11_clawdhub_step_3,task_11_clawdhub,3,low,low,low,stay,False,pinchbench,general_agent,0.95,low,0,True,0.0003402000000000001,0.0140044,0.0136642,True
pinchbench_task_11_clawdhub_step_4,task_11_clawdhub,4,low,low,low,stay,False,pinchbench,general_agent,0.95,low,0,True,0.00035150000000000003,0.014366,0.014014500000000001,True
pinchbench_task_12_skill_search_step_1,task_12_skill_search,1,low,low,,start,False,pinchbench,general_agent,0.95,low,0,True,0.00026970000000000005,0.0117484,0.011478700000000001,True
pinchbench_task_12_skill_search_step_2,task_12_skill_search,2,low,low,low,stay,False,pinchbench,general_agent,0.95,low,0,True,0.00028370000000000007,0.012196400000000001,0.011912700000000002,True
pinchbench_task_12_skill_search_step_3,task_12_skill_search,3,low,low,low,stay,False,pinchbench,general_agent,0.95,low,0,True,0.00028510000000000005,0.0122412,0.0119561,True
pinchbench_task_12_skill_search_step_4,task_12_skill_search,4,low,low,low,stay,False,pinchbench,general_agent,0.95,low,0,True,0.00030070000000000004,0.0127404,0.012439700000000001,True
pinchbench_task_12_skill_search_step_5,task_12_skill_search,5,low,low,low,stay,False,pinchbench,general_agent,0.95,low,0,True,0.00032170000000000007,0.013412400000000001,0.013090700000000002,True
pinchbench_task_12_skill_search_step_6,task_12_skill_search,6,low,low,low,stay,False,pinchbench,general_agent,0.95,low,0,True,0.0004951,0.0189612,0.0184661,True
pinchbench_task_14_humanizer_step_1,task_14_humanizer,1,low,low,,start,False,pinchbench,general_agent,0.95,low,0,True,0.0002665,0.011646,0.0113795,True
pinchbench_task_14_humanizer_step_2,task_14_humanizer,2,low,low,low,stay,False,pinchbench,general_agent,0.95,low,0,True,0.000386,0.01547,0.015084,True
pinchbench_task_14_humanizer_step_3,task_14_humanizer,3,low,low,low,stay,False,pinchbench,general_agent,0.95,low,0,True,0.00047770000000000006,0.0184044,0.0179267,True
pinchbench_task_15_daily_summary_step_1,task_15_daily_summary,1,low,low,,start,False,pinchbench,general_agent,0.95,low,0,True,0.00026460000000000003,0.0115852,0.0113206,True
pinchbench_task_15_daily_summary_step_2,task_15_daily_summary,2,low,low,low,stay,False,pinchbench,general_agent,0.95,low,0,True,0.000277,0.011982,0.011705,True
pinchbench_task_15_daily_summary_step_3,task_15_daily_summary,3,low,low,low,stay,False,pinchbench,general_agent,0.95,low,0,True,0.0003099,0.0130348,0.012724899999999999,True
pinchbench_task_15_daily_summary_step_4,task_15_daily_summary,4,low,low,low,stay,False,pinchbench,general_agent,0.95,low,0,True,0.00034330000000000005,0.014103599999999999,0.0137603,True
pinchbench_task_15_daily_summary_step_5,task_15_daily_summary,5,mid,mid,low,escalate,False,pinchbench,general_agent,0.95,mid,1,True,0.00141385,0.0151212,0.01370735,True
pinchbench_task_16_email_triage_step_1,task_16_email_triage,1,low,low,,start,False,pinchbench,general_agent,0.95,low,0,True,0.000277,0.011982,0.011705,True
pinchbench_task_16_email_triage_step_2,task_16_email_triage,2,low,low,low,stay,False,pinchbench,general_agent,0.95,low,0,True,0.0004934000000000001,0.0189068,0.0184134,True
pinchbench_task_16_email_triage_step_3,task_16_email_triage,3,low,low,low,stay,False,pinchbench,general_agent,0.95,low,0,True,0.0006159000000000002,0.0228268,0.022210900000000002,True
pinchbench_task_19_spreadsheet_summary_step_1,task_19_spreadsheet_summary,1,low,low,,start,False,pinchbench,general_agent,0.95,low,0,True,0.000281,0.01211,0.011829,True
pinchbench_task_19_spreadsheet_summary_step_2,task_19_spreadsheet_summary,2,low,low,low,stay,False,pinchbench,general_agent,0.95,low,0,True,0.00046130000000000005,0.0178796,0.017418299999999998,True
pinchbench_task_19_spreadsheet_summary_step_3,task_19_spreadsheet_summary,3,low,low,low,stay,False,pinchbench,general_agent,0.95,low,0,True,0.00047570000000000007,0.0183404,0.0178647,True
pinchbench_task_19_spreadsheet_summary_step_4,task_19_spreadsheet_summary,4,low,low,low,stay,False,pinchbench,general_agent,0.95,low,0,True,0.0005425,0.020478,0.0199355,True
pinchbench_task_19_spreadsheet_summary_step_5,task_19_spreadsheet_summary,5,mid,mid,low,escalate,False,pinchbench,general_agent,0.95,mid,1,True,0.00194795,0.020004400000000002,0.01805645,True
pinchbench_task_19_spreadsheet_summary_step_6,task_19_spreadsheet_summary,6,low,mid,mid,sticky_hold,True,pinchbench,general_agent,0.95,low,0,True,0.0028778999999999996,0.028506800000000002,0.025628900000000003,True
