data_status,curve_kind,model_id,display_name,provider,model_version,mapped_capability_tier,benchmark_name,benchmark_score,benchmark_score_scale,benchmark_source,evaluation_mode,source_confidence_label,difficulty_distribution_json,benchmark_score_normalized,domain_adjusted_score,alpha,beta,beta_lower_for_interval,beta_upper_for_interval,weighted_curve_mean,weighted_fit_error,aggregate_score_only,slope_identified,beta_source,curve_confidence,benchmark_score_error,source_confidence,domain_match_discount,parameter_constraints,difficulty,quality_estimate,quality_lower,quality_upper
synthetic,benchmark_fitted_curve,demo-economy,Demo Economy,synthetic-provider,synthetic-v1,low,TwinRouterBench-synthetic-demo,0.46,0_to_1,synthetic://phase2-interface-demo,aggregate_only,synthetic_low,"[{""difficulty"":0.0,""weight"":0.7103092783505155},{""difficulty"":0.3333333333333333,""weight"":0.06391752577319587},{""difficulty"":0.6666666666666666,""weight"":0.050515463917525774},{""difficulty"":1.0,""weight"":0.17525773195876287}]",0.46,0.4416,0.19817354712402485,2.35,0.8,4.5,0.4416,0.0,True,False,domain_shared_beta,low_aggregate_only,0.045,0.45,0.96,"difficulty in [0,1]; quality in [0,1]; beta > 0; monotone decreasing",0.0,0.5493818789305177,0.38592945938746,0.7088752164163997
synthetic,benchmark_fitted_curve,demo-economy,Demo Economy,synthetic-provider,synthetic-v1,low,TwinRouterBench-synthetic-demo,0.46,0_to_1,synthetic://phase2-interface-demo,aggregate_only,synthetic_low,"[{""difficulty"":0.0,""weight"":0.7103092783505155},{""difficulty"":0.3333333333333333,""weight"":0.06391752577319587},{""difficulty"":0.6666666666666666,""weight"":0.050515463917525774},{""difficulty"":1.0,""weight"":0.17525773195876287}]",0.46,0.4416,0.19817354712402485,2.35,0.8,4.5,0.4416,0.0,True,False,domain_shared_beta,low_aggregate_only,0.045,0.45,0.96,"difficulty in [0,1]; quality in [0,1]; beta > 0; monotone decreasing",0.01,0.5435576945406297,0.3840352947426261,0.6995019940929107
synthetic,benchmark_fitted_curve,demo-economy,Demo Economy,synthetic-provider,synthetic-v1,low,TwinRouterBench-synthetic-demo,0.46,0_to_1,synthetic://phase2-interface-demo,aggregate_only,synthetic_low,"[{""difficulty"":0.0,""weight"":0.7103092783505155},{""difficulty"":0.3333333333333333,""weight"":0.06391752577319587},{""difficulty"":0.6666666666666666,""weight"":0.050515463917525774},{""difficulty"":1.0,""weight"":0.17525773195876287}]",0.46,0.4416,0.19817354712402485,2.35,0.8,4.5,0.4416,0.0,True,False,domain_shared_beta,low_aggregate_only,0.045,0.45,0.96,"difficulty in [0,1]; quality in [0,1]; beta > 0; monotone decreasing",0.02,0.5377215751451583,0.38214464132155745,0.689958978195055
synthetic,benchmark_fitted_curve,demo-economy,Demo Economy,synthetic-provider,synthetic-v1,low,TwinRouterBench-synthetic-demo,0.46,0_to_1,synthetic://phase2-interface-demo,aggregate_only,synthetic_low,"[{""difficulty"":0.0,""weight"":0.7103092783505155},{""difficulty"":0.3333333333333333,""weight"":0.06391752577319587},{""difficulty"":0.6666666666666666,""weight"":0.050515463917525774},{""difficulty"":1.0,""weight"":0.17525773195876287}]",0.46,0.4416,0.19817354712402485,2.35,0.8,4.5,0.4416,0.0,True,False,domain_shared_beta,low_aggregate_only,0.045,0.45,0.96,"difficulty in [0,1]; quality in [0,1]; beta > 0; monotone decreasing",0.03,0.5318751001084591,0.38025754970146713,0.6802514333019413
synthetic,benchmark_fitted_curve,demo-economy,Demo Economy,synthetic-provider,synthetic-v1,low,TwinRouterBench-synthetic-demo,0.46,0_to_1,synthetic://phase2-interface-demo,aggregate_only,synthetic_low,"[{""difficulty"":0.0,""weight"":0.7103092783505155},{""difficulty"":0.3333333333333333,""weight"":0.06391752577319587},{""difficulty"":0.6666666666666666,""weight"":0.050515463917525774},{""difficulty"":1.0,""weight"":0.17525773195876287}]",0.46,0.4416,0.19817354712402485,2.35,0.8,4.5,0.4416,0.0,True,False,domain_shared_beta,low_aggregate_only,0.045,0.45,0.96,"difficulty in [0,1]; quality in [0,1]; beta > 0; monotone decreasing",0.04,0.5260198601316949,0.3783740700416657,0.6703851456843211
synthetic,benchmark_fitted_curve,demo-economy,Demo Economy,synthetic-provider,synthetic-v1,low,TwinRouterBench-synthetic-demo,0.46,0_to_1,synthetic://phase2-interface-demo,aggregate_only,synthetic_low,"[{""difficulty"":0.0,""weight"":0.7103092783505155},{""difficulty"":0.3333333333333333,""weight"":0.06391752577319587},{""difficulty"":0.6666666666666666,""weight"":0.050515463917525774},{""difficulty"":1.0,""weight"":0.17525773195876287}]",0.46,0.4416,0.19817354712402485,2.35,0.8,4.5,0.4416,0.0,True,False,domain_shared_beta,low_aggregate_only,0.045,0.45,0.96,"difficulty in [0,1]; quality in [0,1]; beta > 0; monotone decreasing",0.05,0.5201574555350369,0.3764942520789196,0.660366418790711
synthetic,benchmark_fitted_curve,demo-economy,Demo Economy,synthetic-provider,synthetic-v1,low,TwinRouterBench-synthetic-demo,0.46,0_to_1,synthetic://phase2-interface-demo,aggregate_only,synthetic_low,"[{""difficulty"":0.0,""weight"":0.7103092783505155},{""difficulty"":0.3333333333333333,""weight"":0.06391752577319587},{""difficulty"":0.6666666666666666,""weight"":0.050515463917525774},{""difficulty"":1.0,""weight"":0.17525773195876287}]",0.46,0.4416,0.19817354712402485,2.35,0.8,4.5,0.4416,0.0,True,False,domain_shared_beta,low_aggregate_only,0.045,0.45,0.96,"difficulty in [0,1]; quality in [0,1]; beta > 0; monotone decreasing",0.06,0.5142894945174906,0.37461814512291125,0.6502020654976903
synthetic,benchmark_fitted_curve,demo-economy,Demo Economy,synthetic-provider,synthetic-v1,low,TwinRouterBench-synthetic-demo,0.46,0_to_1,synthetic://phase2-interface-demo,aggregate_only,synthetic_low,"[{""difficulty"":0.0,""weight"":0.7103092783505155},{""difficulty"":0.3333333333333333,""weight"":0.06391752577319587},{""difficulty"":0.6666666666666666,""weight"":0.050515463917525774},{""difficulty"":1.0,""weight"":0.17525773195876287}]",0.46,0.4416,0.19817354712402485,2.35,0.8,4.5,0.4416,0.0,True,False,domain_shared_beta,low_aggregate_only,0.045,0.45,0.96,"difficulty in [0,1]; quality in [0,1]; beta > 0; monotone decreasing",0.07,0.5084175913983425,0.372745798051801,0.639899397042211
synthetic,benchmark_fitted_curve,demo-economy,Demo Economy,synthetic-provider,synthetic-v1,low,TwinRouterBench-synthetic-demo,0.46,0_to_1,synthetic://phase2-interface-demo,aggregate_only,synthetic_low,"[{""difficulty"":0.0,""weight"":0.7103092783505155},{""difficulty"":0.3333333333333333,""weight"":0.06391752577319587},{""difficulty"":0.6666666666666666,""weight"":0.050515463917525774},{""difficulty"":1.0,""weight"":0.17525773195876287}]",0.46,0.4416,0.19817354712402485,2.35,0.8,4.5,0.4416,0.0,True,False,domain_shared_beta,low_aggregate_only,0.045,0.45,0.96,"difficulty in [0,1]; quality in [0,1]; beta > 0; monotone decreasing",0.08,0.5025433648442974,0.3708772593078915,0.6294662085866833
synthetic,benchmark_fitted_curve,demo-economy,Demo Economy,synthetic-provider,synthetic-v1,low,TwinRouterBench-synthetic-demo,0.46,0_to_1,synthetic://phase2-interface-demo,aggregate_only,synthetic_low,"[{""difficulty"":0.0,""weight"":0.7103092783505155},{""difficulty"":0.3333333333333333,""weight"":0.06391752577319587},{""difficulty"":0.6666666666666666,""weight"":0.050515463917525774},{""difficulty"":1.0,""weight"":0.17525773195876287}]",0.46,0.4416,0.19817354712402485,2.35,0.8,4.5,0.4416,0.0,True,False,domain_shared_beta,low_aggregate_only,0.045,0.45,0.96,"difficulty in [0,1]; quality in [0,1]; beta > 0; monotone decreasing",0.09,0.49666843608643646,0.36901257689339556,0.6189107614030372
synthetic,benchmark_fitted_curve,demo-economy,Demo Economy,synthetic-provider,synthetic-v1,low,TwinRouterBench-synthetic-demo,0.46,0_to_1,synthetic://phase2-interface-demo,aggregate_only,synthetic_low,"[{""difficulty"":0.0,""weight"":0.7103092783505155},{""difficulty"":0.3333333333333333,""weight"":0.06391752577319587},{""difficulty"":0.6666666666666666,""weight"":0.050515463917525774},{""difficulty"":1.0,""weight"":0.17525773195876287}]",0.46,0.4416,0.19817354712402485,2.35,0.8,4.5,0.4416,0.0,True,False,domain_shared_beta,low_aggregate_only,0.045,0.45,0.96,"difficulty in [0,1]; quality in [0,1]; beta > 0; monotone decreasing",0.1,0.4907944271311634,0.3598048538682147,0.6082417616994448
synthetic,benchmark_fitted_curve,demo-economy,Demo Economy,synthetic-provider,synthetic-v1,low,TwinRouterBench-synthetic-demo,0.46,0_to_1,synthetic://phase2-interface-demo,aggregate_only,synthetic_low,"[{""difficulty"":0.0,""weight"":0.7103092783505155},{""difficulty"":0.3333333333333333,""weight"":0.06391752577319587},{""difficulty"":0.6666666666666666,""weight"":0.050515463917525774},{""difficulty"":1.0,""weight"":0.17525773195876287}]",0.46,0.4416,0.19817354712402485,2.35,0.8,4.5,0.4416,0.0,True,False,domain_shared_beta,low_aggregate_only,0.045,0.45,0.96,"difficulty in [0,1]; quality in [0,1]; beta > 0; monotone decreasing",0.11,0.48492295896933063,0.3495060253514261,0.5974683361523276
synthetic,benchmark_fitted_curve,demo-economy,Demo Economy,synthetic-provider,synthetic-v1,low,TwinRouterBench-synthetic-demo,0.46,0_to_1,synthetic://phase2-interface-demo,aggregate_only,synthetic_low,"[{""difficulty"":0.0,""weight"":0.7103092783505155},{""difficulty"":0.3333333333333333,""weight"":0.06391752577319587},{""difficulty"":0.6666666666666666,""weight"":0.050515463917525774},{""difficulty"":1.0,""weight"":0.17525773195876287}]",0.46,0.4416,0.19817354712402485,2.35,0.8,4.5,0.4416,0.0,True,False,domain_shared_beta,low_aggregate_only,0.045,0.45,0.96,"difficulty in [0,1]; quality in [0,1]; beta > 0; monotone decreasing",0.12,0.47905564978774984,0.3393457273454738,0.5866000042460504
synthetic,benchmark_fitted_curve,demo-economy,Demo Economy,synthetic-provider,synthetic-v1,low,TwinRouterBench-synthetic-demo,0.46,0_to_1,synthetic://phase2-interface-demo,aggregate_only,synthetic_low,"[{""difficulty"":0.0,""weight"":0.7103092783505155},{""difficulty"":0.3333333333333333,""weight"":0.06391752577319587},{""difficulty"":0.6666666666666666,""weight"":0.050515463917525774},{""difficulty"":1.0,""weight"":0.17525773195876287}]",0.46,0.4416,0.19817354712402485,2.35,0.8,4.5,0.4416,0.0,True,False,domain_shared_beta,low_aggregate_only,0.045,0.45,0.96,"difficulty in [0,1]; quality in [0,1]; beta > 0; monotone decreasing",0.13,0.47319411318727306,0.32933125705462646,0.5756466475626164
synthetic,benchmark_fitted_curve,demo-economy,Demo Economy,synthetic-provider,synthetic-v1,low,TwinRouterBench-synthetic-demo,0.46,0_to_1,synthetic://phase2-interface-demo,aggregate_only,synthetic_low,"[{""difficulty"":0.0,""weight"":0.7103092783505155},{""difficulty"":0.3333333333333333,""weight"":0.06391752577319587},{""difficulty"":0.6666666666666666,""weight"":0.050515463917525774},{""difficulty"":1.0,""weight"":0.17525773195876287}]",0.46,0.4416,0.19817354712402485,2.35,0.8,4.5,0.4416,0.0,True,False,domain_shared_beta,low_aggregate_only,0.045,0.45,0.96,"difficulty in [0,1]; quality in [0,1]; beta > 0; monotone decreasing",0.14,0.46733995641161236,0.31946941296054837,0.5646184762030189
synthetic,benchmark_fitted_curve,demo-economy,Demo Economy,synthetic-provider,synthetic-v1,low,TwinRouterBench-synthetic-demo,0.46,0_to_1,synthetic://phase2-interface-demo,aggregate_only,synthetic_low,"[{""difficulty"":0.0,""weight"":0.7103092783505155},{""difficulty"":0.3333333333333333,""weight"":0.06391752577319587},{""difficulty"":0.6666666666666666,""weight"":0.050515463917525774},{""difficulty"":1.0,""weight"":0.17525773195876287}]",0.46,0.4416,0.19817354712402485,2.35,0.8,4.5,0.4416,0.0,True,False,domain_shared_beta,low_aggregate_only,0.045,0.45,0.96,"difficulty in [0,1]; quality in [0,1]; beta > 0; monotone decreasing",0.15,0.46149477859101623,0.3097664838501076,0.5535259925599029
synthetic,benchmark_fitted_curve,demo-economy,Demo Economy,synthetic-provider,synthetic-v1,low,TwinRouterBench-synthetic-demo,0.46,0_to_1,synthetic://phase2-interface-demo,aggregate_only,synthetic_low,"[{""difficulty"":0.0,""weight"":0.7103092783505155},{""difficulty"":0.3333333333333333,""weight"":0.06391752577319587},{""difficulty"":0.6666666666666666,""weight"":0.050515463917525774},{""difficulty"":1.0,""weight"":0.17525773195876287}]",0.46,0.4416,0.19817354712402485,2.35,0.8,4.5,0.4416,0.0,True,False,domain_shared_beta,low_aggregate_only,0.045,0.45,0.96,"difficulty in [0,1]; quality in [0,1]; beta > 0; monotone decreasing",0.16,0.4556601690048682,0.30022824115926844,0.5501198321352877
synthetic,benchmark_fitted_curve,demo-economy,Demo Economy,synthetic-provider,synthetic-v1,low,TwinRouterBench-synthetic-demo,0.46,0_to_1,synthetic://phase2-interface-demo,aggregate_only,synthetic_low,"[{""difficulty"":0.0,""weight"":0.7103092783505155},{""difficulty"":0.3333333333333333,""weight"":0.06391752577319587},{""difficulty"":0.6666666666666666,""weight"":0.050515463917525774},{""difficulty"":1.0,""weight"":0.17525773195876287}]",0.46,0.4416,0.19817354712402485,2.35,0.8,4.5,0.4416,0.0,True,False,domain_shared_beta,low_aggregate_only,0.045,0.45,0.96,"difficulty in [0,1]; quality in [0,1]; beta > 0; monotone decreasing",0.17,0.4498377053671897,0.2908599345500113,0.5481391445056778
synthetic,benchmark_fitted_curve,demo-economy,Demo Economy,synthetic-provider,synthetic-v1,low,TwinRouterBench-synthetic-demo,0.46,0_to_1,synthetic://phase2-interface-demo,aggregate_only,synthetic_low,"[{""difficulty"":0.0,""weight"":0.7103092783505155},{""difficulty"":0.3333333333333333,""weight"":0.06391752577319587},{""difficulty"":0.6666666666666666,""weight"":0.050515463917525774},{""difficulty"":1.0,""weight"":0.17525773195876287}]",0.46,0.4416,0.19817354712402485,2.35,0.8,4.5,0.4416,0.0,True,False,domain_shared_beta,low_aggregate_only,0.045,0.45,0.96,"difficulty in [0,1]; quality in [0,1]; beta > 0; monotone decreasing",0.18,0.4440289521389458,0.28166629060732307,0.546156930718736
synthetic,benchmark_fitted_curve,demo-economy,Demo Economy,synthetic-provider,synthetic-v1,low,TwinRouterBench-synthetic-demo,0.46,0_to_1,synthetic://phase2-interface-demo,aggregate_only,synthetic_low,"[{""difficulty"":0.0,""weight"":0.7103092783505155},{""difficulty"":0.3333333333333333,""weight"":0.06391752577319587},{""difficulty"":0.6666666666666666,""weight"":0.050515463917525774},{""difficulty"":1.0,""weight"":0.17525773195876287}]",0.46,0.4416,0.19817354712402485,2.35,0.8,4.5,0.4416,0.0,True,False,domain_shared_beta,low_aggregate_only,0.045,0.45,0.96,"difficulty in [0,1]; quality in [0,1]; beta > 0; monotone decreasing",0.19,0.4382354588709397,0.2726515145166661,0.5441732525123885
synthetic,benchmark_fitted_curve,demo-economy,Demo Economy,synthetic-provider,synthetic-v1,low,TwinRouterBench-synthetic-demo,0.46,0_to_1,synthetic://phase2-interface-demo,aggregate_only,synthetic_low,"[{""difficulty"":0.0,""weight"":0.7103092783505155},{""difficulty"":0.3333333333333333,""weight"":0.06391752577319587},{""difficulty"":0.6666666666666666,""weight"":0.050515463917525774},{""difficulty"":1.0,""weight"":0.17525773195876287}]",0.46,0.4416,0.19817354712402485,2.35,0.8,4.5,0.4416,0.0,True,False,domain_shared_beta,low_aggregate_only,0.045,0.45,0.96,"difficulty in [0,1]; quality in [0,1]; beta > 0; monotone decreasing",0.2,0.4324587585809671,0.26381929455919,0.5421881718096053
synthetic,benchmark_fitted_curve,demo-economy,Demo Economy,synthetic-provider,synthetic-v1,low,TwinRouterBench-synthetic-demo,0.46,0_to_1,synthetic://phase2-interface-demo,aggregate_only,synthetic_low,"[{""difficulty"":0.0,""weight"":0.7103092783505155},{""difficulty"":0.3333333333333333,""weight"":0.06391752577319587},{""difficulty"":0.6666666666666666,""weight"":0.050515463917525774},{""difficulty"":1.0,""weight"":0.17525773195876287}]",0.46,0.4416,0.19817354712402485,2.35,0.8,4.5,0.4416,0.0,True,False,domain_shared_beta,low_aggregate_only,0.045,0.45,0.96,"difficulty in [0,1]; quality in [0,1]; beta > 0; monotone decreasing",0.21,0.4267003661687618,0.2551728092424348,0.5402017507107681
synthetic,benchmark_fitted_curve,demo-economy,Demo Economy,synthetic-provider,synthetic-v1,low,TwinRouterBench-synthetic-demo,0.46,0_to_1,synthetic://phase2-interface-demo,aggregate_only,synthetic_low,"[{""difficulty"":0.0,""weight"":0.7103092783505155},{""difficulty"":0.3333333333333333,""weight"":0.06391752577319587},{""difficulty"":0.6666666666666666,""weight"":0.050515463917525774},{""difficulty"":1.0,""weight"":0.17525773195876287}]",0.46,0.4416,0.19817354712402485,2.35,0.8,4.5,0.4416,0.0,True,False,domain_shared_beta,low_aggregate_only,0.045,0.45,0.96,"difficulty in [0,1]; quality in [0,1]; beta > 0; monotone decreasing",0.22,0.4209617768721203,0.24671473686845427,0.5382140514859912
synthetic,benchmark_fitted_curve,demo-economy,Demo Economy,synthetic-provider,synthetic-v1,low,TwinRouterBench-synthetic-demo,0.46,0_to_1,synthetic://phase2-interface-demo,aggregate_only,synthetic_low,"[{""difficulty"":0.0,""weight"":0.7103092783505155},{""difficulty"":0.3333333333333333,""weight"":0.06391752577319587},{""difficulty"":0.6666666666666666,""weight"":0.050515463917525774},{""difficulty"":1.0,""weight"":0.17525773195876287}]",0.46,0.4416,0.19817354712402485,2.35,0.8,4.5,0.4416,0.0,True,False,domain_shared_beta,low_aggregate_only,0.045,0.45,0.96,"difficulty in [0,1]; quality in [0,1]; beta > 0; monotone decreasing",0.23,0.4152444647674344,0.23844726732913463,0.5362251365673971
synthetic,benchmark_fitted_curve,demo-economy,Demo Economy,synthetic-provider,synthetic-v1,low,TwinRouterBench-synthetic-demo,0.46,0_to_1,synthetic://phase2-interface-demo,aggregate_only,synthetic_low,"[{""difficulty"":0.0,""weight"":0.7103092783505155},{""difficulty"":0.3333333333333333,""weight"":0.06391752577319587},{""difficulty"":0.6666666666666666,""weight"":0.050515463917525774},{""difficulty"":1.0,""weight"":0.17525773195876287}]",0.46,0.4416,0.19817354712402485,2.35,0.8,4.5,0.4416,0.0,True,False,domain_shared_beta,low_aggregate_only,0.045,0.45,0.96,"difficulty in [0,1]; quality in [0,1]; beta > 0; monotone decreasing",0.24,0.40954988131768616,0.2303721159099095,0.5342350685413484
synthetic,benchmark_fitted_curve,demo-economy,Demo Economy,synthetic-provider,synthetic-v1,low,TwinRouterBench-synthetic-demo,0.46,0_to_1,synthetic://phase2-interface-demo,aggregate_only,synthetic_low,"[{""difficulty"":0.0,""weight"":0.7103092783505155},{""difficulty"":0.3333333333333333,""weight"":0.06391752577319587},{""difficulty"":0.6666666666666666,""weight"":0.050515463917525774},{""difficulty"":1.0,""weight"":0.17525773195876287}]",0.46,0.4416,0.19817354712402485,2.35,0.8,4.5,0.4416,0.0,True,False,domain_shared_beta,low_aggregate_only,0.045,0.45,0.96,"difficulty in [0,1]; quality in [0,1]; beta > 0; monotone decreasing",0.25,0.4038794539707857,0.22249053887792747,0.5322439101406382
synthetic,benchmark_fitted_curve,demo-economy,Demo Economy,synthetic-provider,synthetic-v1,low,TwinRouterBench-synthetic-demo,0.46,0_to_1,synthetic://phase2-interface-demo,aggregate_only,synthetic_low,"[{""difficulty"":0.0,""weight"":0.7103092783505155},{""difficulty"":0.3333333333333333,""weight"":0.06391752577319587},{""difficulty"":0.6666666666666666,""weight"":0.050515463917525774},{""difficulty"":1.0,""weight"":0.17525773195876287}]",0.46,0.4416,0.19817354712402485,2.35,0.8,4.5,0.4416,0.0,True,False,domain_shared_beta,low_aggregate_only,0.045,0.45,0.96,"difficulty in [0,1]; quality in [0,1]; beta > 0; monotone decreasing",0.26,0.3982345848109367,0.21480335062880263,0.5302517242366415
synthetic,benchmark_fitted_curve,demo-economy,Demo Economy,synthetic-provider,synthetic-v1,low,TwinRouterBench-synthetic-demo,0.46,0_to_1,synthetic://phase2-interface-demo,aggregate_only,synthetic_low,"[{""difficulty"":0.0,""weight"":0.7103092783505155},{""difficulty"":0.3333333333333333,""weight"":0.06391752577319587},{""difficulty"":0.6666666666666666,""weight"":0.050515463917525774},{""difficulty"":1.0,""weight"":0.17525773195876287}]",0.46,0.4416,0.19817354712402485,2.35,0.8,4.5,0.4416,0.0,True,False,domain_shared_beta,low_aggregate_only,0.045,0.45,0.96,"difficulty in [0,1]; quality in [0,1]; beta > 0; monotone decreasing",0.27,0.3926166492655218,0.20731094216713059,0.5282585738314285
synthetic,benchmark_fitted_curve,demo-economy,Demo Economy,synthetic-provider,synthetic-v1,low,TwinRouterBench-synthetic-demo,0.46,0_to_1,synthetic://phase2-interface-demo,aggregate_only,synthetic_low,"[{""difficulty"":0.0,""weight"":0.7103092783505155},{""difficulty"":0.3333333333333333,""weight"":0.06391752577319587},{""difficulty"":0.6666666666666666,""weight"":0.050515463917525774},{""difficulty"":1.0,""weight"":0.17525773195876287}]",0.46,0.4416,0.19817354712402485,2.35,0.8,4.5,0.4416,0.0,True,False,domain_shared_beta,low_aggregate_only,0.045,0.45,0.96,"difficulty in [0,1]; quality in [0,1]; beta > 0; monotone decreasing",0.28,0.387026994869793,0.20001330069969478,0.526264522049844
synthetic,benchmark_fitted_curve,demo-economy,Demo Economy,synthetic-provider,synthetic-v1,low,TwinRouterBench-synthetic-demo,0.46,0_to_1,synthetic://phase2-interface-demo,aggregate_only,synthetic_low,"[{""difficulty"":0.0,""weight"":0.7103092783505155},{""difficulty"":0.3333333333333333,""weight"":0.06391752577319587},{""difficulty"":0.6666666666666666,""weight"":0.050515463917525774},{""difficulty"":1.0,""weight"":0.17525773195876287}]",0.46,0.4416,0.19817354712402485,2.35,0.8,4.5,0.4416,0.0,True,False,domain_shared_beta,low_aggregate_only,0.045,0.45,0.96,"difficulty in [0,1]; quality in [0,1]; beta > 0; monotone decreasing",0.29,0.3814669400914432,0.19291003012642782,0.5242696321315516
synthetic,benchmark_fitted_curve,demo-economy,Demo Economy,synthetic-provider,synthetic-v1,low,TwinRouterBench-synthetic-demo,0.46,0_to_1,synthetic://phase2-interface-demo,aggregate_only,synthetic_low,"[{""difficulty"":0.0,""weight"":0.7103092783505155},{""difficulty"":0.3333333333333333,""weight"":0.06391752577319587},{""difficulty"":0.6666666666666666,""weight"":0.050515463917525774},{""difficulty"":1.0,""weight"":0.17525773195876287}]",0.46,0.4416,0.19817354712402485,2.35,0.8,4.5,0.4416,0.0,True,False,domain_shared_beta,low_aggregate_only,0.045,0.45,0.96,"difficulty in [0,1]; quality in [0,1]; beta > 0; monotone decreasing",0.3,0.3759377732169205,0.18600037222240245,0.5222739674230491
synthetic,benchmark_fitted_curve,demo-economy,Demo Economy,synthetic-provider,synthetic-v1,low,TwinRouterBench-synthetic-demo,0.46,0_to_1,synthetic://phase2-interface-demo,aggregate_only,synthetic_low,"[{""difficulty"":0.0,""weight"":0.7103092783505155},{""difficulty"":0.3333333333333333,""weight"":0.06391752577319587},{""difficulty"":0.6666666666666666,""weight"":0.050515463917525774},{""difficulty"":1.0,""weight"":0.17525773195876287}]",0.46,0.4416,0.19817354712402485,2.35,0.8,4.5,0.4416,0.0,True,False,domain_shared_beta,low_aggregate_only,0.045,0.45,0.96,"difficulty in [0,1]; quality in [0,1]; beta > 0; monotone decreasing",0.31,0.37044075130112875,0.17928322831409588,0.5202775913696533
synthetic,benchmark_fitted_curve,demo-economy,Demo Economy,synthetic-provider,synthetic-v1,low,TwinRouterBench-synthetic-demo,0.46,0_to_1,synthetic://phase2-interface-demo,aggregate_only,synthetic_low,"[{""difficulty"":0.0,""weight"":0.7103092783505155},{""difficulty"":0.3333333333333333,""weight"":0.06391752577319587},{""difficulty"":0.6666666666666666,""weight"":0.050515463917525774},{""difficulty"":1.0,""weight"":0.17525773195876287}]",0.46,0.4416,0.19817354712402485,2.35,0.8,4.5,0.4416,0.0,True,False,domain_shared_beta,low_aggregate_only,0.045,0.45,0.96,"difficulty in [0,1]; quality in [0,1]; beta > 0; monotone decreasing",0.32,0.3649770991819356,0.17275718126456943,0.5182805675074593
synthetic,benchmark_fitted_curve,demo-economy,Demo Economy,synthetic-provider,synthetic-v1,low,TwinRouterBench-synthetic-demo,0.46,0_to_1,synthetic://phase2-interface-demo,aggregate_only,synthetic_low,"[{""difficulty"":0.0,""weight"":0.7103092783505155},{""difficulty"":0.3333333333333333,""weight"":0.06391752577319587},{""difficulty"":0.6666666666666666,""weight"":0.050515463917525774},{""difficulty"":1.0,""weight"":0.17525773195876287}]",0.46,0.4416,0.19817354712402485,2.35,0.8,4.5,0.4416,0.0,True,False,domain_shared_beta,low_aggregate_only,0.045,0.45,0.96,"difficulty in [0,1]; quality in [0,1]; beta > 0; monotone decreasing",0.33,0.35954800856069113,0.1664205175947334,0.5162829594552739
synthetic,benchmark_fitted_curve,demo-economy,Demo Economy,synthetic-provider,synthetic-v1,low,TwinRouterBench-synthetic-demo,0.46,0_to_1,synthetic://phase2-interface-demo,aggregate_only,synthetic_low,"[{""difficulty"":0.0,""weight"":0.7103092783505155},{""difficulty"":0.3333333333333333,""weight"":0.06391752577319587},{""difficulty"":0.6666666666666666,""weight"":0.050515463917525774},{""difficulty"":1.0,""weight"":0.17525773195876287}]",0.46,0.4416,0.19817354712402485,2.35,0.8,4.5,0.4416,0.0,True,False,domain_shared_beta,low_aggregate_only,0.045,0.45,0.96,"difficulty in [0,1]; quality in [0,1]; beta > 0; monotone decreasing",0.34,0.35415463714973433,0.1602712495812202,0.514284830906528
synthetic,benchmark_fitted_curve,demo-economy,Demo Economy,synthetic-provider,synthetic-v1,low,TwinRouterBench-synthetic-demo,0.46,0_to_1,synthetic://phase2-interface-demo,aggregate_only,synthetic_low,"[{""difficulty"":0.0,""weight"":0.7103092783505155},{""difficulty"":0.3333333333333333,""weight"":0.06391752577319587},{""difficulty"":0.6666666666666666,""weight"":0.050515463917525774},{""difficulty"":1.0,""weight"":0.17525773195876287}]",0.46,0.4416,0.19817354712402485,2.35,0.8,4.5,0.4416,0.0,True,False,domain_shared_beta,low_aggregate_only,0.045,0.45,0.96,"difficulty in [0,1]; quality in [0,1]; beta > 0; monotone decreasing",0.35000000000000003,0.348798107887647,0.154307137185294,0.5122862456211675
synthetic,benchmark_fitted_curve,demo-economy,Demo Economy,synthetic-provider,synthetic-v1,low,TwinRouterBench-synthetic-demo,0.46,0_to_1,synthetic://phase2-interface-demo,aggregate_only,synthetic_low,"[{""difficulty"":0.0,""weight"":0.7103092783505155},{""difficulty"":0.3333333333333333,""weight"":0.06391752577319587},{""difficulty"":0.6666666666666666,""weight"":0.050515463917525774},{""difficulty"":1.0,""weight"":0.17525773195876287}]",0.46,0.4416,0.19817354712402485,2.35,0.8,4.5,0.4416,0.0,True,False,domain_shared_beta,low_aggregate_only,0.045,0.45,0.96,"difficulty in [0,1]; quality in [0,1]; beta > 0; monotone decreasing",0.36,0.3434795082227931,0.14852570968142959,0.5102872674175273
synthetic,benchmark_fitted_curve,demo-economy,Demo Economy,synthetic-provider,synthetic-v1,low,TwinRouterBench-synthetic-demo,0.46,0_to_1,synthetic://phase2-interface-demo,aggregate_only,synthetic_low,"[{""difficulty"":0.0,""weight"":0.7103092783505155},{""difficulty"":0.3333333333333333,""weight"":0.06391752577319587},{""difficulty"":0.6666666666666666,""weight"":0.050515463917525774},{""difficulty"":1.0,""weight"":0.17525773195876287}]",0.46,0.4416,0.19817354712402485,2.35,0.8,4.5,0.4416,0.0,True,False,domain_shared_beta,low_aggregate_only,0.045,0.45,0.96,"difficulty in [0,1]; quality in [0,1]; beta > 0; monotone decreasing",0.37,0.3381998894654677,0.1429242868684597,0.5082879601641884
synthetic,benchmark_fitted_curve,demo-economy,Demo Economy,synthetic-provider,synthetic-v1,low,TwinRouterBench-synthetic-demo,0.46,0_to_1,synthetic://phase2-interface-demo,aggregate_only,synthetic_low,"[{""difficulty"":0.0,""weight"":0.7103092783505155},{""difficulty"":0.3333333333333333,""weight"":0.06391752577319587},{""difficulty"":0.6666666666666666,""weight"":0.050515463917525774},{""difficulty"":1.0,""weight"":0.17525773195876287}]",0.46,0.4416,0.19817354712402485,2.35,0.8,4.5,0.4416,0.0,True,False,domain_shared_beta,low_aggregate_only,0.045,0.45,0.96,"difficulty in [0,1]; quality in [0,1]; beta > 0; monotone decreasing",0.38,0.3329602662087674,0.1374999997603271,0.506288387771822
synthetic,benchmark_fitted_curve,demo-economy,Demo Economy,synthetic-provider,synthetic-v1,low,TwinRouterBench-synthetic-demo,0.46,0_to_1,synthetic://phase2-interface-demo,aggregate_only,synthetic_low,"[{""difficulty"":0.0,""weight"":0.7103092783505155},{""difficulty"":0.3333333333333333,""weight"":0.06391752577319587},{""difficulty"":0.6666666666666666,""weight"":0.050515463917525774},{""difficulty"":1.0,""weight"":0.17525773195876287}]",0.46,0.4416,0.19817354712402485,2.35,0.8,4.5,0.4416,0.0,True,False,domain_shared_beta,low_aggregate_only,0.045,0.45,0.96,"difficulty in [0,1]; quality in [0,1]; beta > 0; monotone decreasing",0.39,0.32776161581808444,0.13224981066729258,0.5042886141850217
synthetic,benchmark_fitted_curve,demo-economy,Demo Economy,synthetic-provider,synthetic-v1,low,TwinRouterBench-synthetic-demo,0.46,0_to_1,synthetic://phase2-interface-demo,aggregate_only,synthetic_low,"[{""difficulty"":0.0,""weight"":0.7103092783505155},{""difficulty"":0.3333333333333333,""weight"":0.06391752577319587},{""difficulty"":0.6666666666666666,""weight"":0.050515463917525774},{""difficulty"":1.0,""weight"":0.17525773195876287}]",0.46,0.4416,0.19817354712402485,2.35,0.8,4.5,0.4416,0.0,True,False,domain_shared_beta,low_aggregate_only,0.045,0.45,0.96,"difficulty in [0,1]; quality in [0,1]; beta > 0; monotone decreasing",0.4,0.3226048779889304,0.127170532591809,0.5022887033741273
synthetic,benchmark_fitted_curve,demo-economy,Demo Economy,synthetic-provider,synthetic-v1,low,TwinRouterBench-synthetic-demo,0.46,0_to_1,synthetic://phase2-interface-demo,aggregate_only,synthetic_low,"[{""difficulty"":0.0,""weight"":0.7103092783505155},{""difficulty"":0.3333333333333333,""weight"":0.06391752577319587},{""difficulty"":0.6666666666666666,""weight"":0.050515463917525774},{""difficulty"":1.0,""weight"":0.17525773195876287}]",0.46,0.4416,0.19817354712402485,2.35,0.8,4.5,0.4416,0.0,True,False,domain_shared_beta,low_aggregate_only,0.045,0.45,0.96,"difficulty in [0,1]; quality in [0,1]; beta > 0; monotone decreasing",0.41000000000000003,0.31749095437259484,0.12225884787603655,0.5002887193270407
synthetic,benchmark_fitted_curve,demo-economy,Demo Economy,synthetic-provider,synthetic-v1,low,TwinRouterBench-synthetic-demo,0.46,0_to_1,synthetic://phase2-interface-demo,aggregate_only,synthetic_low,"[{""difficulty"":0.0,""weight"":0.7103092783505155},{""difficulty"":0.3333333333333333,""weight"":0.06391752577319587},{""difficulty"":0.6666666666666666,""weight"":0.050515463917525774},{""difficulty"":1.0,""weight"":0.17525773195876287}]",0.46,0.4416,0.19817354712402485,2.35,0.8,4.5,0.4416,0.0,True,False,domain_shared_beta,low_aggregate_only,0.045,0.45,0.96,"difficulty in [0,1]; quality in [0,1]; beta > 0; monotone decreasing",0.42,0.31242070826896057,0.11751132605005722,0.49828872604103724
synthetic,benchmark_fitted_curve,demo-economy,Demo Economy,synthetic-provider,synthetic-v1,low,TwinRouterBench-synthetic-demo,0.46,0_to_1,synthetic://phase2-interface-demo,aggregate_only,synthetic_low,"[{""difficulty"":0.0,""weight"":0.7103092783505155},{""difficulty"":0.3333333333333333,""weight"":0.06391752577319587},{""difficulty"":0.6666666666666666,""weight"":0.050515463917525774},{""difficulty"":1.0,""weight"":0.17525773195876287}]",0.46,0.4416,0.19817354712402485,2.35,0.8,4.5,0.4416,0.0,True,False,domain_shared_beta,low_aggregate_only,0.045,0.45,0.96,"difficulty in [0,1]; quality in [0,1]; beta > 0; monotone decreasing",0.43,0.3073949643856163,0.11292444084116304,0.4962887875145749
synthetic,benchmark_fitted_curve,demo-economy,Demo Economy,synthetic-provider,synthetic-v1,low,TwinRouterBench-synthetic-demo,0.46,0_to_1,synthetic://phase2-interface-demo,aggregate_only,synthetic_low,"[{""difficulty"":0.0,""weight"":0.7103092783505155},{""difficulty"":0.3333333333333333,""weight"":0.06391752577319587},{""difficulty"":0.6666666666666666,""weight"":0.050515463917525774},{""difficulty"":1.0,""weight"":0.17525773195876287}]",0.46,0.4416,0.19817354712402485,2.35,0.8,4.5,0.4416,0.0,True,False,domain_shared_beta,low_aggregate_only,0.045,0.45,0.96,"difficulty in [0,1]; quality in [0,1]; beta > 0; monotone decreasing",0.44,0.30241450866223535,0.10849458631509695,0.4942889677391029
synthetic,benchmark_fitted_curve,demo-economy,Demo Economy,synthetic-provider,synthetic-v1,low,TwinRouterBench-synthetic-demo,0.46,0_to_1,synthetic://phase2-interface-demo,aggregate_only,synthetic_low,"[{""difficulty"":0.0,""weight"":0.7103092783505155},{""difficulty"":0.3333333333333333,""weight"":0.06391752577319587},{""difficulty"":0.6666666666666666,""weight"":0.050515463917525774},{""difficulty"":1.0,""weight"":0.17525773195876287}]",0.46,0.4416,0.19817354712402485,2.35,0.8,4.5,0.4416,0.0,True,False,domain_shared_beta,low_aggregate_only,0.045,0.45,0.96,"difficulty in [0,1]; quality in [0,1]; beta > 0; monotone decreasing",0.45,0.2974800881590281,0.10421809212977393,0.4922893306908719
synthetic,benchmark_fitted_curve,demo-economy,Demo Economy,synthetic-provider,synthetic-v1,low,TwinRouterBench-synthetic-demo,0.46,0_to_1,synthetic://phase2-interface-demo,aggregate_only,synthetic_low,"[{""difficulty"":0.0,""weight"":0.7103092783505155},{""difficulty"":0.3333333333333333,""weight"":0.06391752577319587},{""difficulty"":0.6666666666666666,""weight"":0.050515463917525774},{""difficulty"":1.0,""weight"":0.17525773195876287}]",0.46,0.4416,0.19817354712402485,2.35,0.8,4.5,0.4416,0.0,True,False,domain_shared_beta,low_aggregate_only,0.045,0.45,0.96,"difficulty in [0,1]; quality in [0,1]; beta > 0; monotone decreasing",0.46,0.29259241100792216,0.10009123789079617,0.490289940322749
synthetic,benchmark_fitted_curve,demo-economy,Demo Economy,synthetic-provider,synthetic-v1,low,TwinRouterBench-synthetic-demo,0.46,0_to_1,synthetic://phase2-interface-demo,aggregate_only,synthetic_low,"[{""difficulty"":0.0,""weight"":0.7103092783505155},{""difficulty"":0.3333333333333333,""weight"":0.06391752577319587},{""difficulty"":0.6666666666666666,""weight"":0.050515463917525774},{""difficulty"":1.0,""weight"":0.17525773195876287}]",0.46,0.4416,0.19817354712402485,2.35,0.8,4.5,0.4416,0.0,True,False,domain_shared_beta,low_aggregate_only,0.045,0.45,0.96,"difficulty in [0,1]; quality in [0,1]; beta > 0; monotone decreasing",0.47000000000000003,0.28775214642498204,0.09611026660598841,0.4882908605560384
synthetic,benchmark_fitted_curve,demo-economy,Demo Economy,synthetic-provider,synthetic-v1,low,TwinRouterBench-synthetic-demo,0.46,0_to_1,synthetic://phase2-interface-demo,aggregate_only,synthetic_low,"[{""difficulty"":0.0,""weight"":0.7103092783505155},{""difficulty"":0.3333333333333333,""weight"":0.06391752577319587},{""difficulty"":0.6666666666666666,""weight"":0.050515463917525774},{""difficulty"":1.0,""weight"":0.17525773195876287}]",0.46,0.4416,0.19817354712402485,2.35,0.8,4.5,0.4416,0.0,True,False,domain_shared_beta,low_aggregate_only,0.045,0.45,0.96,"difficulty in [0,1]; quality in [0,1]; beta > 0; monotone decreasing",0.48,0.2829599247824458,0.09227139724323528,0.48629215527231173
synthetic,benchmark_fitted_curve,demo-economy,Demo Economy,synthetic-provider,synthetic-v1,low,TwinRouterBench-synthetic-demo,0.46,0_to_1,synthetic://phase2-interface-demo,aggregate_only,synthetic_low,"[{""difficulty"":0.0,""weight"":0.7103092783505155},{""difficulty"":0.3333333333333333,""weight"":0.06391752577319587},{""difficulty"":0.6666666666666666,""weight"":0.050515463917525774},{""difficulty"":1.0,""weight"":0.17525773195876287}]",0.46,0.4416,0.19817354712402485,2.35,0.8,4.5,0.4416,0.0,True,False,domain_shared_beta,low_aggregate_only,0.045,0.45,0.96,"difficulty in [0,1]; quality in [0,1]; beta > 0; monotone decreasing",0.49,0.2782163377386372,0.08857083640212399,0.4842938883052474
synthetic,benchmark_fitted_curve,demo-economy,Demo Economy,synthetic-provider,synthetic-v1,low,TwinRouterBench-synthetic-demo,0.46,0_to_1,synthetic://phase2-interface-demo,aggregate_only,synthetic_low,"[{""difficulty"":0.0,""weight"":0.7103092783505155},{""difficulty"":0.3333333333333333,""weight"":0.06391752577319587},{""difficulty"":0.6666666666666666,""weight"":0.050515463917525774},{""difficulty"":1.0,""weight"":0.17525773195876287}]",0.46,0.4416,0.19817354712402485,2.35,0.8,4.5,0.4416,0.0,True,False,domain_shared_beta,low_aggregate_only,0.045,0.45,0.96,"difficulty in [0,1]; quality in [0,1]; beta > 0; monotone decreasing",0.5,0.27352193842389494,0.08500478911530844,0.48229612343248435
synthetic,benchmark_fitted_curve,demo-economy,Demo Economy,synthetic-provider,synthetic-v1,low,TwinRouterBench-synthetic-demo,0.46,0_to_1,synthetic://phase2-interface-demo,aggregate_only,synthetic_low,"[{""difficulty"":0.0,""weight"":0.7103092783505155},{""difficulty"":0.3333333333333333,""weight"":0.06391752577319587},{""difficulty"":0.6666666666666666,""weight"":0.050515463917525774},{""difficulty"":1.0,""weight"":0.17525773195876287}]",0.46,0.4416,0.19817354712402485,2.35,0.8,4.5,0.4416,0.0,True,False,domain_shared_beta,low_aggregate_only,0.045,0.45,0.96,"difficulty in [0,1]; quality in [0,1]; beta > 0; monotone decreasing",0.51,0.2688772416805645,0.08156946880016153,0.4802989243674912
synthetic,benchmark_fitted_curve,demo-economy,Demo Economy,synthetic-provider,synthetic-v1,low,TwinRouterBench-synthetic-demo,0.46,0_to_1,synthetic://phase2-interface-demo,aggregate_only,synthetic_low,"[{""difficulty"":0.0,""weight"":0.7103092783505155},{""difficulty"":0.3333333333333333,""weight"":0.06391752577319587},{""difficulty"":0.6666666666666666,""weight"":0.050515463917525774},{""difficulty"":1.0,""weight"":0.17525773195876287}]",0.46,0.4416,0.19817354712402485,2.35,0.8,4.5,0.4416,0.0,True,False,domain_shared_beta,low_aggregate_only,0.045,0.45,0.96,"difficulty in [0,1]; quality in [0,1]; beta > 0; monotone decreasing",0.52,0.26428272435500383,0.07826110638520695,0.47830235475145194
synthetic,benchmark_fitted_curve,demo-economy,Demo Economy,synthetic-provider,synthetic-v1,low,TwinRouterBench-synthetic-demo,0.46,0_to_1,synthetic://phase2-interface-demo,aggregate_only,synthetic_low,"[{""difficulty"":0.0,""weight"":0.7103092783505155},{""difficulty"":0.3333333333333333,""weight"":0.06391752577319587},{""difficulty"":0.6666666666666666,""weight"":0.050515463917525774},{""difficulty"":1.0,""weight"":0.17525773195876287}]",0.46,0.4416,0.19817354712402485,2.35,0.8,4.5,0.4416,0.0,True,False,domain_shared_beta,low_aggregate_only,0.045,0.45,0.96,"difficulty in [0,1]; quality in [0,1]; beta > 0; monotone decreasing",0.53,0.2597388256394776,0.0750759586390743,0.4763064781451709
synthetic,benchmark_fitted_curve,demo-economy,Demo Economy,synthetic-provider,synthetic-v1,low,TwinRouterBench-synthetic-demo,0.46,0_to_1,synthetic://phase2-interface-demo,aggregate_only,synthetic_low,"[{""difficulty"":0.0,""weight"":0.7103092783505155},{""difficulty"":0.3333333333333333,""weight"":0.06391752577319587},{""difficulty"":0.6666666666666666,""weight"":0.050515463917525774},{""difficulty"":1.0,""weight"":0.17525773195876287}]",0.46,0.4416,0.19817354712402485,2.35,0.8,4.5,0.4416,0.0,True,False,domain_shared_beta,low_aggregate_only,0.045,0.45,0.96,"difficulty in [0,1]; quality in [0,1]; beta > 0; monotone decreasing",0.54,0.2552459474617423,0.07201031573234677,0.4743113580210015
synthetic,benchmark_fitted_curve,demo-economy,Demo Economy,synthetic-provider,synthetic-v1,low,TwinRouterBench-synthetic-demo,0.46,0_to_1,synthetic://phase2-interface-demo,aggregate_only,synthetic_low,"[{""difficulty"":0.0,""weight"":0.7103092783505155},{""difficulty"":0.3333333333333333,""weight"":0.06391752577319587},{""difficulty"":0.6666666666666666,""weight"":0.050515463917525774},{""difficulty"":1.0,""weight"":0.17525773195876287}]",0.46,0.4416,0.19817354712402485,2.35,0.8,4.5,0.4416,0.0,True,False,domain_shared_beta,low_aggregate_only,0.045,0.45,0.96,"difficulty in [0,1]; quality in [0,1]; beta > 0; monotone decreasing",0.55,0.2508044549200696,0.06906050806472427,0.4723170577547963
synthetic,benchmark_fitted_curve,demo-economy,Demo Economy,synthetic-provider,synthetic-v1,low,TwinRouterBench-synthetic-demo,0.46,0_to_1,synthetic://phase2-interface-demo,aggregate_only,synthetic_low,"[{""difficulty"":0.0,""weight"":0.7103092783505155},{""difficulty"":0.3333333333333333,""weight"":0.06391752577319587},{""difficulty"":0.6666666666666666,""weight"":0.050515463917525774},{""difficulty"":1.0,""weight"":0.17525773195876287}]",0.46,0.4416,0.19817354712402485,2.35,0.8,4.5,0.4416,0.0,True,False,domain_shared_beta,low_aggregate_only,0.045,0.45,0.96,"difficulty in [0,1]; quality in [0,1]; beta > 0; monotone decreasing",0.56,0.2464146767614039,0.0662229123914574,0.4703236406178856
synthetic,benchmark_fitted_curve,demo-economy,Demo Economy,synthetic-provider,synthetic-v1,low,TwinRouterBench-synthetic-demo,0.46,0_to_1,synthetic://phase2-interface-demo,aggregate_only,synthetic_low,"[{""difficulty"":0.0,""weight"":0.7103092783505155},{""difficulty"":0.3333333333333333,""weight"":0.06391752577319587},{""difficulty"":0.6666666666666666,""weight"":0.050515463917525774},{""difficulty"":1.0,""weight"":0.17525773195876287}]",0.46,0.4416,0.19817354712402485,2.35,0.8,4.5,0.4416,0.0,True,False,domain_shared_beta,low_aggregate_only,0.045,0.45,0.96,"difficulty in [0,1]; quality in [0,1]; beta > 0; monotone decreasing",0.5700000000000001,0.24207690590031367,0.0634939572840684,0.46833116976908257
synthetic,benchmark_fitted_curve,demo-economy,Demo Economy,synthetic-provider,synthetic-v1,low,TwinRouterBench-synthetic-demo,0.46,0_to_1,synthetic://phase2-interface-demo,aggregate_only,synthetic_low,"[{""difficulty"":0.0,""weight"":0.7103092783505155},{""difficulty"":0.3333333333333333,""weight"":0.06391752577319587},{""difficulty"":0.6666666666666666,""weight"":0.050515463917525774},{""difficulty"":1.0,""weight"":0.17525773195876287}]",0.46,0.4416,0.19817354712402485,2.35,0.8,4.5,0.4416,0.0,True,False,domain_shared_beta,low_aggregate_only,0.045,0.45,0.96,"difficulty in [0,1]; quality in [0,1]; beta > 0; monotone decreasing",0.58,0.2377913999763669,0.06087012796101791,0.4663397082467199
synthetic,benchmark_fitted_curve,demo-economy,Demo Economy,synthetic-provider,synthetic-v1,low,TwinRouterBench-synthetic-demo,0.46,0_to_1,synthetic://phase2-interface-demo,aggregate_only,synthetic_low,"[{""difficulty"":0.0,""weight"":0.7103092783505155},{""difficulty"":0.3333333333333333,""weight"":0.06391752577319587},{""difficulty"":0.6666666666666666,""weight"":0.050515463917525774},{""difficulty"":1.0,""weight"":0.17525773195876287}]",0.46,0.4416,0.19817354712402485,2.35,0.8,4.5,0.4416,0.0,True,False,domain_shared_beta,low_aggregate_only,0.045,0.45,0.96,"difficulty in [0,1]; quality in [0,1]; beta > 0; monotone decreasing",0.59,0.2335583819475439,0.05834797052424658,0.464349318960718
synthetic,benchmark_fitted_curve,demo-economy,Demo Economy,synthetic-provider,synthetic-v1,low,TwinRouterBench-synthetic-demo,0.46,0_to_1,synthetic://phase2-interface-demo,aggregate_only,synthetic_low,"[{""difficulty"":0.0,""weight"":0.7103092783505155},{""difficulty"":0.3333333333333333,""weight"":0.06391752577319587},{""difficulty"":0.6666666666666666,""weight"":0.050515463917525774},{""difficulty"":1.0,""weight"":0.17525773195876287}]",0.46,0.4416,0.19817354712402485,2.35,0.8,4.5,0.4416,0.0,True,False,domain_shared_beta,low_aggregate_only,0.045,0.45,0.96,"difficulty in [0,1]; quality in [0,1]; beta > 0; monotone decreasing",0.6,0.22937804071728782,0.05592409563746442,0.4623600646846889
synthetic,benchmark_fitted_curve,demo-economy,Demo Economy,synthetic-provider,synthetic-v1,low,TwinRouterBench-synthetic-demo,0.46,0_to_1,synthetic://phase2-interface-demo,aggregate_only,synthetic_low,"[{""difficulty"":0.0,""weight"":0.7103092783505155},{""difficulty"":0.3333333333333333,""weight"":0.06391752577319587},{""difficulty"":0.6666666666666666,""weight"":0.050515463917525774},{""difficulty"":1.0,""weight"":0.17525773195876287}]",0.46,0.4416,0.19817354712402485,2.35,0.8,4.5,0.4416,0.0,True,False,domain_shared_beta,low_aggregate_only,0.045,0.45,0.96,"difficulty in [0,1]; quality in [0,1]; beta > 0; monotone decreasing",0.61,0.2252505317927955,0.05359518168172288,0.4603720080480763
synthetic,benchmark_fitted_curve,demo-economy,Demo Economy,synthetic-provider,synthetic-v1,low,TwinRouterBench-synthetic-demo,0.46,0_to_1,synthetic://phase2-interface-demo,aggregate_only,synthetic_low,"[{""difficulty"":0.0,""weight"":0.7103092783505155},{""difficulty"":0.3333333333333333,""weight"":0.06391752577319587},{""difficulty"":0.6666666666666666,""weight"":0.050515463917525774},{""difficulty"":1.0,""weight"":0.17525773195876287}]",0.46,0.4416,0.19817354712402485,2.35,0.8,4.5,0.4416,0.0,True,False,domain_shared_beta,low_aggregate_only,0.045,0.45,0.96,"difficulty in [0,1]; quality in [0,1]; beta > 0; monotone decreasing",0.62,0.2211759779721572,0.05135797742322537,0.4583852115283342
synthetic,benchmark_fitted_curve,demo-economy,Demo Economy,synthetic-provider,synthetic-v1,low,TwinRouterBench-synthetic-demo,0.46,0_to_1,synthetic://phase2-interface-demo,aggregate_only,synthetic_low,"[{""difficulty"":0.0,""weight"":0.7103092783505155},{""difficulty"":0.3333333333333333,""weight"":0.06391752577319587},{""difficulty"":0.6666666666666666,""weight"":0.050515463917525774},{""difficulty"":1.0,""weight"":0.17525773195876287}]",0.46,0.4416,0.19817354712402485,2.35,0.8,4.5,0.4416,0.0,True,False,domain_shared_beta,low_aggregate_only,0.045,0.45,0.96,"difficulty in [0,1]; quality in [0,1]; beta > 0; monotone decreasing",0.63,0.21715447005796853,0.049209304227546886,0.4563997374431469
synthetic,benchmark_fitted_curve,demo-economy,Demo Economy,synthetic-provider,synthetic-v1,low,TwinRouterBench-synthetic-demo,0.46,0_to_1,synthetic://phase2-interface-demo,aggregate_only,synthetic_low,"[{""difficulty"":0.0,""weight"":0.7103092783505155},{""difficulty"":0.3333333333333333,""weight"":0.06391752577319587},{""difficulty"":0.6666666666666666,""weight"":0.050515463917525774},{""difficulty"":1.0,""weight"":0.17525773195876287}]",0.46,0.4416,0.19817354712402485,2.35,0.8,4.5,0.4416,0.0,True,False,domain_shared_beta,low_aggregate_only,0.045,0.45,0.96,"difficulty in [0,1]; quality in [0,1]; beta > 0; monotone decreasing",0.64,0.213186067595063,0.04714605785348098,0.4544156479426917
synthetic,benchmark_fitted_curve,demo-economy,Demo Economy,synthetic-provider,synthetic-v1,low,TwinRouterBench-synthetic-demo,0.46,0_to_1,synthetic://phase2-interface-demo,aggregate_only,synthetic_low,"[{""difficulty"":0.0,""weight"":0.7103092783505155},{""difficulty"":0.3333333333333333,""weight"":0.06391752577319587},{""difficulty"":0.6666666666666666,""weight"":0.050515463917525774},{""difficulty"":1.0,""weight"":0.17525773195876287}]",0.46,0.4416,0.19817354712402485,2.35,0.8,4.5,0.4416,0.0,True,False,domain_shared_beta,low_aggregate_only,0.045,0.45,0.96,"difficulty in [0,1]; quality in [0,1]; beta > 0; monotone decreasing",0.65,0.20927079963004078,0.04516520985863958,0.4524330050019465
synthetic,benchmark_fitted_curve,demo-economy,Demo Economy,synthetic-provider,synthetic-v1,low,TwinRouterBench-synthetic-demo,0.46,0_to_1,synthetic://phase2-interface-demo,aggregate_only,synthetic_low,"[{""difficulty"":0.0,""weight"":0.7103092783505155},{""difficulty"":0.3333333333333333,""weight"":0.06391752577319587},{""difficulty"":0.6666666666666666,""weight"":0.050515463917525774},{""difficulty"":1.0,""weight"":0.17525773195876287}]",0.46,0.4416,0.19817354712402485,2.35,0.8,4.5,0.4416,0.0,True,False,domain_shared_beta,low_aggregate_only,0.045,0.45,0.96,"difficulty in [0,1]; quality in [0,1]; beta > 0; monotone decreasing",0.66,0.20540866549030756,0.04326380864773069,0.45045187041304424
synthetic,benchmark_fitted_curve,demo-economy,Demo Economy,synthetic-provider,synthetic-v1,low,TwinRouterBench-synthetic-demo,0.46,0_to_1,synthetic://phase2-interface-demo,aggregate_only,synthetic_low,"[{""difficulty"":0.0,""weight"":0.7103092783505155},{""difficulty"":0.3333333333333333,""weight"":0.06391752577319587},{""difficulty"":0.6666666666666666,""weight"":0.050515463917525774},{""difficulty"":1.0,""weight"":0.17525773195876287}]",0.46,0.4416,0.19817354712402485,2.35,0.8,4.5,0.4416,0.0,True,False,domain_shared_beta,low_aggregate_only,0.045,0.45,0.96,"difficulty in [0,1]; quality in [0,1]; beta > 0; monotone decreasing",0.67,0.2015996355803798,0.041438980193153556,0.44847230577767616
synthetic,benchmark_fitted_curve,demo-economy,Demo Economy,synthetic-provider,synthetic-v1,low,TwinRouterBench-synthetic-demo,0.46,0_to_1,synthetic://phase2-interface-demo,aggregate_only,synthetic_low,"[{""difficulty"":0.0,""weight"":0.7103092783505155},{""difficulty"":0.3333333333333333,""weight"":0.06391752577319587},{""difficulty"":0.6666666666666666,""weight"":0.050515463917525774},{""difficulty"":1.0,""weight"":0.17525773195876287}]",0.46,0.4416,0.19817354712402485,2.35,0.8,4.5,0.4416,0.0,True,False,domain_shared_beta,low_aggregate_only,0.045,0.45,0.96,"difficulty in [0,1]; quality in [0,1]; beta > 0; monotone decreasing",0.68,0.19784365219325928,0.03968792845620546,0.44649437249954654
synthetic,benchmark_fitted_curve,demo-economy,Demo Economy,synthetic-provider,synthetic-v1,low,TwinRouterBench-synthetic-demo,0.46,0_to_1,synthetic://phase2-interface-demo,aggregate_only,synthetic_low,"[{""difficulty"":0.0,""weight"":0.7103092783505155},{""difficulty"":0.3333333333333333,""weight"":0.06391752577319587},{""difficulty"":0.6666666666666666,""weight"":0.050515463917525774},{""difficulty"":1.0,""weight"":0.17525773195876287}]",0.46,0.4416,0.19817354712402485,2.35,0.8,4.5,0.4416,0.0,True,False,domain_shared_beta,low_aggregate_only,0.045,0.45,0.96,"difficulty in [0,1]; quality in [0,1]; beta > 0; monotone decreasing",0.6900000000000001,0.19414063033473497,0.03800793553580696,0.4445181317768792
synthetic,benchmark_fitted_curve,demo-economy,Demo Economy,synthetic-provider,synthetic-v1,low,TwinRouterBench-synthetic-demo,0.46,0_to_1,synthetic://phase2-interface-demo,aggregate_only,synthetic_low,"[{""difficulty"":0.0,""weight"":0.7103092783505155},{""difficulty"":0.3333333333333333,""weight"":0.06391752577319587},{""difficulty"":0.6666666666666666,""weight"":0.050515463917525774},{""difficulty"":1.0,""weight"":0.17525773195876287}]",0.46,0.4416,0.19817354712402485,2.35,0.8,4.5,0.4416,0.0,True,False,domain_shared_beta,low_aggregate_only,0.045,0.45,0.96,"difficulty in [0,1]; quality in [0,1]; beta > 0; monotone decreasing",0.7000000000000001,0.19049045855852664,0.036396361570243035,0.44254364459497963
synthetic,benchmark_fitted_curve,demo-economy,Demo Economy,synthetic-provider,synthetic-v1,low,TwinRouterBench-synthetic-demo,0.46,0_to_1,synthetic://phase2-interface-demo,aggregate_only,synthetic_low,"[{""difficulty"":0.0,""weight"":0.7103092783505155},{""difficulty"":0.3333333333333333,""weight"":0.06391752577319587},{""difficulty"":0.6666666666666666,""weight"":0.050515463917525774},{""difficulty"":1.0,""weight"":0.17525773195876287}]",0.46,0.4416,0.19817354712402485,2.35,0.8,4.5,0.4416,0.0,True,False,domain_shared_beta,low_aggregate_only,0.045,0.45,0.96,"difficulty in [0,1]; quality in [0,1]; beta > 0; monotone decreasing",0.71,0.18689299981024723,0.03485064441599988,0.44057097171885284
synthetic,benchmark_fitted_curve,demo-economy,Demo Economy,synthetic-provider,synthetic-v1,low,TwinRouterBench-synthetic-demo,0.46,0_to_1,synthetic://phase2-interface-demo,aggregate_only,synthetic_low,"[{""difficulty"":0.0,""weight"":0.7103092783505155},{""difficulty"":0.3333333333333333,""weight"":0.06391752577319587},{""difficulty"":0.6666666666666666,""weight"":0.050515463917525774},{""difficulty"":1.0,""weight"":0.17525773195876287}]",0.46,0.4416,0.19817354712402485,2.35,0.8,4.5,0.4416,0.0,True,False,domain_shared_beta,low_aggregate_only,0.045,0.45,0.96,"difficulty in [0,1]; quality in [0,1]; beta > 0; monotone decreasing",0.72,0.18334809227822588,0.033368299126365165,0.4386001736858802
synthetic,benchmark_fitted_curve,demo-economy,Demo Economy,synthetic-provider,synthetic-v1,low,TwinRouterBench-synthetic-demo,0.46,0_to_1,synthetic://phase2-interface-demo,aggregate_only,synthetic_low,"[{""difficulty"":0.0,""weight"":0.7103092783505155},{""difficulty"":0.3333333333333333,""weight"":0.06391752577319587},{""difficulty"":0.6666666666666666,""weight"":0.050515463917525774},{""difficulty"":1.0,""weight"":0.17525773195876287}]",0.46,0.4416,0.19817354712402485,2.35,0.8,4.5,0.4416,0.0,True,False,domain_shared_beta,low_aggregate_only,0.045,0.45,0.96,"difficulty in [0,1]; quality in [0,1]; beta > 0; monotone decreasing",0.73,0.1798555502493034,0.03194691725106456,0.4366313107985568
synthetic,benchmark_fitted_curve,demo-economy,Demo Economy,synthetic-provider,synthetic-v1,low,TwinRouterBench-synthetic-demo,0.46,0_to_1,synthetic://phase2-interface-demo,aggregate_only,synthetic_low,"[{""difficulty"":0.0,""weight"":0.7103092783505155},{""difficulty"":0.3333333333333333,""weight"":0.06391752577319587},{""difficulty"":0.6666666666666666,""weight"":0.050515463917525774},{""difficulty"":1.0,""weight"":0.17525773195876287}]",0.46,0.4416,0.19817354712402485,2.35,0.8,4.5,0.4416,0.0,True,False,domain_shared_beta,low_aggregate_only,0.045,0.45,0.96,"difficulty in [0,1]; quality in [0,1]; beta > 0; monotone decreasing",0.74,0.17641516496778165,0.030584165976837836,0.4346644431172899
synthetic,benchmark_fitted_curve,demo-economy,Demo Economy,synthetic-provider,synthetic-v1,low,TwinRouterBench-synthetic-demo,0.46,0_to_1,synthetic://phase2-interface-demo,aggregate_only,synthetic_low,"[{""difficulty"":0.0,""weight"":0.7103092783505155},{""difficulty"":0.3333333333333333,""weight"":0.06391752577319587},{""difficulty"":0.6666666666666666,""weight"":0.050515463917525774},{""difficulty"":1.0,""weight"":0.17525773195876287}]",0.46,0.4416,0.19817354712402485,2.35,0.8,4.5,0.4416,0.0,True,False,domain_shared_beta,low_aggregate_only,0.045,0.45,0.96,"difficulty in [0,1]; quality in [0,1]; beta > 0; monotone decreasing",0.75,0.17302670549578403,0.029277787127523085,0.4326996304532616
synthetic,benchmark_fitted_curve,demo-economy,Demo Economy,synthetic-provider,synthetic-v1,low,TwinRouterBench-synthetic-demo,0.46,0_to_1,synthetic://phase2-interface-demo,aggregate_only,synthetic_low,"[{""difficulty"":0.0,""weight"":0.7103092783505155},{""difficulty"":0.3333333333333333,""weight"":0.06391752577319587},{""difficulty"":0.6666666666666666,""weight"":0.050515463917525774},{""difficulty"":1.0,""weight"":0.17525773195876287}]",0.46,0.4416,0.19817354712402485,2.35,0.8,4.5,0.4416,0.0,True,False,domain_shared_beta,low_aggregate_only,0.045,0.45,0.96,"difficulty in [0,1]; quality in [0,1]; beta > 0; monotone decreasing",0.76,0.16968991957335816,0.028025596040922997,0.4307369323613577
synthetic,benchmark_fitted_curve,demo-economy,Demo Economy,synthetic-provider,synthetic-v1,low,TwinRouterBench-synthetic-demo,0.46,0_to_1,synthetic://phase2-interface-demo,aggregate_only,synthetic_low,"[{""difficulty"":0.0,""weight"":0.7103092783505155},{""difficulty"":0.3333333333333333,""weight"":0.06391752577319587},{""difficulty"":0.6666666666666666,""weight"":0.050515463917525774},{""difficulty"":1.0,""weight"":0.17525773195876287}]",0.46,0.4416,0.19817354712402485,2.35,0.8,4.5,0.4416,0.0,True,False,domain_shared_beta,low_aggregate_only,0.045,0.45,0.96,"difficulty in [0,1]; quality in [0,1]; beta > 0; monotone decreasing",0.77,0.16640453447672995,0.026825480338477228,0.42877640813316326
synthetic,benchmark_fitted_curve,demo-economy,Demo Economy,synthetic-provider,synthetic-v1,low,TwinRouterBench-synthetic-demo,0.46,0_to_1,synthetic://phase2-interface-demo,aggregate_only,synthetic_low,"[{""difficulty"":0.0,""weight"":0.7103092783505155},{""difficulty"":0.3333333333333333,""weight"":0.06391752577319587},{""difficulty"":0.6666666666666666,""weight"":0.050515463917525774},{""difficulty"":1.0,""weight"":0.17525773195876287}]",0.46,0.4416,0.19817354712402485,2.35,0.8,4.5,0.4416,0.0,True,False,domain_shared_beta,low_aggregate_only,0.045,0.45,0.96,"difficulty in [0,1]; quality in [0,1]; beta > 0; monotone decreasing",0.78,0.16317025787319603,0.025675398602564757,0.4268181167900269
synthetic,benchmark_fitted_curve,demo-economy,Demo Economy,synthetic-provider,synthetic-v1,low,TwinRouterBench-synthetic-demo,0.46,0_to_1,synthetic://phase2-interface-demo,aggregate_only,synthetic_low,"[{""difficulty"":0.0,""weight"":0.7103092783505155},{""difficulty"":0.3333333333333333,""weight"":0.06391752577319587},{""difficulty"":0.6666666666666666,""weight"":0.050515463917525774},{""difficulty"":1.0,""weight"":0.17525773195876287}]",0.46,0.4416,0.19817354712402485,2.35,0.8,4.5,0.4416,0.0,True,False,domain_shared_beta,low_aggregate_only,0.045,0.45,0.96,"difficulty in [0,1]; quality in [0,1]; beta > 0; monotone decreasing",0.79,0.15998677867122044,0.024573378975112022,0.42486211707619653
synthetic,benchmark_fitted_curve,demo-economy,Demo Economy,synthetic-provider,synthetic-v1,low,TwinRouterBench-synthetic-demo,0.46,0_to_1,synthetic://phase2-interface-demo,aggregate_only,synthetic_low,"[{""difficulty"":0.0,""weight"":0.7103092783505155},{""difficulty"":0.3333333333333333,""weight"":0.06391752577319587},{""difficulty"":0.6666666666666666,""weight"":0.050515463917525774},{""difficulty"":1.0,""weight"":0.17525773195876287}]",0.46,0.4416,0.19817354712402485,2.35,0.8,4.5,0.4416,0.0,True,False,domain_shared_beta,low_aggregate_only,0.045,0.45,0.96,"difficulty in [0,1]; quality in [0,1]; beta > 0; monotone decreasing",0.8,0.1568537678643803,0.02351751769008757,0.42290846745202615
synthetic,benchmark_fitted_curve,demo-economy,Demo Economy,synthetic-provider,synthetic-v1,low,TwinRouterBench-synthetic-demo,0.46,0_to_1,synthetic://phase2-interface-demo,aggregate_only,synthetic_low,"[{""difficulty"":0.0,""weight"":0.7103092783505155},{""difficulty"":0.3333333333333333,""weight"":0.06391752577319587},{""difficulty"":0.6666666666666666,""weight"":0.050515463917525774},{""difficulty"":1.0,""weight"":0.17525773195876287}]",0.46,0.4416,0.19817354712402485,2.35,0.8,4.5,0.4416,0.0,True,False,domain_shared_beta,low_aggregate_only,0.045,0.45,0.96,"difficulty in [0,1]; quality in [0,1]; beta > 0; monotone decreasing",0.81,0.1537708793678848,0.022505977551425093,0.42095722608725783
synthetic,benchmark_fitted_curve,demo-economy,Demo Economy,synthetic-provider,synthetic-v1,low,TwinRouterBench-synthetic-demo,0.46,0_to_1,synthetic://phase2-interface-demo,aggregate_only,synthetic_low,"[{""difficulty"":0.0,""weight"":0.7103092783505155},{""difficulty"":0.3333333333333333,""weight"":0.06391752577319587},{""difficulty"":0.6666666666666666,""weight"":0.050515463917525774},{""difficulty"":1.0,""weight"":0.17525773195876287}]",0.46,0.4416,0.19817354712402485,2.35,0.8,4.5,0.4416,0.0,True,False,domain_shared_beta,low_aggregate_only,0.045,0.45,0.96,"difficulty in [0,1]; quality in [0,1]; beta > 0; monotone decreasing",0.8200000000000001,0.15073775084647106,0.021536986366932468,0.4190084508543784
synthetic,benchmark_fitted_curve,demo-economy,Demo Economy,synthetic-provider,synthetic-v1,low,TwinRouterBench-synthetic-demo,0.46,0_to_1,synthetic://phase2-interface-demo,aggregate_only,synthetic_low,"[{""difficulty"":0.0,""weight"":0.7103092783505155},{""difficulty"":0.3333333333333333,""weight"":0.06391752577319587},{""difficulty"":0.6666666666666666,""weight"":0.050515463917525774},{""difficulty"":1.0,""weight"":0.17525773195876287}]",0.46,0.4416,0.19817354712402485,2.35,0.8,4.5,0.4416,0.0,True,False,domain_shared_beta,low_aggregate_only,0.045,0.45,0.96,"difficulty in [0,1]; quality in [0,1]; beta > 0; monotone decreasing",0.8300000000000001,0.1477540045325577,0.020608835347815845,0.4170621993220525
synthetic,benchmark_fitted_curve,demo-economy,Demo Economy,synthetic-provider,synthetic-v1,low,TwinRouterBench-synthetic-demo,0.46,0_to_1,synthetic://phase2-interface-demo,aggregate_only,synthetic_low,"[{""difficulty"":0.0,""weight"":0.7103092783505155},{""difficulty"":0.3333333333333333,""weight"":0.06391752577319587},{""difficulty"":0.6666666666666666,""weight"":0.050515463917525774},{""difficulty"":1.0,""weight"":0.17525773195876287}]",0.46,0.4416,0.19817354712402485,2.35,0.8,4.5,0.4416,0.0,True,False,domain_shared_beta,low_aggregate_only,0.045,0.45,0.96,"difficulty in [0,1]; quality in [0,1]; beta > 0; monotone decreasing",0.84,0.1448192480336153,0.01971987748257447,0.41511852874863575
synthetic,benchmark_fitted_curve,demo-economy,Demo Economy,synthetic-provider,synthetic-v1,low,TwinRouterBench-synthetic-demo,0.46,0_to_1,synthetic://phase2-interface-demo,aggregate_only,synthetic_low,"[{""difficulty"":0.0,""weight"":0.7103092783505155},{""difficulty"":0.3333333333333333,""weight"":0.06391752577319587},{""difficulty"":0.6666666666666666,""weight"":0.050515463917525774},{""difficulty"":1.0,""weight"":0.17525773195876287}]",0.46,0.4416,0.19817354712402485,2.35,0.8,4.5,0.4416,0.0,True,False,domain_shared_beta,low_aggregate_only,0.045,0.45,0.96,"difficulty in [0,1]; quality in [0,1]; beta > 0; monotone decreasing",0.85,0.1419330751277895,0.018868525893201815,0.41317749607576554
synthetic,benchmark_fitted_curve,demo-economy,Demo Economy,synthetic-provider,synthetic-v1,low,TwinRouterBench-synthetic-demo,0.46,0_to_1,synthetic://phase2-interface-demo,aggregate_only,synthetic_low,"[{""difficulty"":0.0,""weight"":0.7103092783505155},{""difficulty"":0.3333333333333333,""weight"":0.06391752577319587},{""difficulty"":0.6666666666666666,""weight"":0.050515463917525774},{""difficulty"":1.0,""weight"":0.17525773195876287}]",0.46,0.4416,0.19817354712402485,2.35,0.8,4.5,0.4416,0.0,True,False,domain_shared_beta,low_aggregate_only,0.045,0.45,0.96,"difficulty in [0,1]; quality in [0,1]; beta > 0; monotone decreasing",0.86,0.13909506654688727,0.01805325218086172,0.41123915792203497
synthetic,benchmark_fitted_curve,demo-economy,Demo Economy,synthetic-provider,synthetic-v1,low,TwinRouterBench-synthetic-demo,0.46,0_to_1,synthetic://phase2-interface-demo,aggregate_only,synthetic_low,"[{""difficulty"":0.0,""weight"":0.7103092783505155},{""difficulty"":0.3333333333333333,""weight"":0.06391752577319587},{""difficulty"":0.6666666666666666,""weight"":0.050515463917525774},{""difficulty"":1.0,""weight"":0.17525773195876287}]",0.46,0.4416,0.19817354712402485,2.35,0.8,4.5,0.4416,0.0,True,False,domain_shared_beta,low_aggregate_only,0.045,0.45,0.96,"difficulty in [0,1]; quality in [0,1]; beta > 0; monotone decreasing",0.87,0.13630479074590993,0.017272584767491876,0.4093035705767491
synthetic,benchmark_fitted_curve,demo-economy,Demo Economy,synthetic-provider,synthetic-v1,low,TwinRouterBench-synthetic-demo,0.46,0_to_1,synthetic://phase2-interface-demo,aggregate_only,synthetic_low,"[{""difficulty"":0.0,""weight"":0.7103092783505155},{""difficulty"":0.3333333333333333,""weight"":0.06391752577319587},{""difficulty"":0.6666666666666666,""weight"":0.050515463917525774},{""difficulty"":1.0,""weight"":0.17525773195876287}]",0.46,0.4416,0.19817354712402485,2.35,0.8,4.5,0.4416,0.0,True,False,domain_shared_beta,low_aggregate_only,0.045,0.45,0.96,"difficulty in [0,1]; quality in [0,1]; beta > 0; monotone decreasing",0.88,0.1335618046583899,0.01652510723912019,0.4073707899937641
synthetic,benchmark_fitted_curve,demo-economy,Demo Economy,synthetic-provider,synthetic-v1,low,TwinRouterBench-synthetic-demo,0.46,0_to_1,synthetic://phase2-interface-demo,aggregate_only,synthetic_low,"[{""difficulty"":0.0,""weight"":0.7103092783505155},{""difficulty"":0.3333333333333333,""weight"":0.06391752577319587},{""difficulty"":0.6666666666666666,""weight"":0.050515463917525774},{""difficulty"":1.0,""weight"":0.17525773195876287}]",0.46,0.4416,0.19817354712402485,2.35,0.8,4.5,0.4416,0.0,True,False,domain_shared_beta,low_aggregate_only,0.045,0.45,0.96,"difficulty in [0,1]; quality in [0,1]; beta > 0; monotone decreasing",0.89,0.13086565443685683,0.015809456696060372,0.4054408717854134
synthetic,benchmark_fitted_curve,demo-economy,Demo Economy,synthetic-provider,synthetic-v1,low,TwinRouterBench-synthetic-demo,0.46,0_to_1,synthetic://phase2-interface-demo,aggregate_only,synthetic_low,"[{""difficulty"":0.0,""weight"":0.7103092783505155},{""difficulty"":0.3333333333333333,""weight"":0.06391752577319587},{""difficulty"":0.6666666666666666,""weight"":0.050515463917525774},{""difficulty"":1.0,""weight"":0.17525773195876287}]",0.46,0.4416,0.19817354712402485,2.35,0.8,4.5,0.4416,0.0,True,False,domain_shared_beta,low_aggregate_only,0.045,0.45,0.96,"difficulty in [0,1]; quality in [0,1]; beta > 0; monotone decreasing",0.9,0.12821587617782787,0.0151243221145785,0.4035138712165193
synthetic,benchmark_fitted_curve,demo-economy,Demo Economy,synthetic-provider,synthetic-v1,low,TwinRouterBench-synthetic-demo,0.46,0_to_1,synthetic://phase2-interface-demo,aggregate_only,synthetic_low,"[{""difficulty"":0.0,""weight"":0.7103092783505155},{""difficulty"":0.3333333333333333,""weight"":0.06391752577319587},{""difficulty"":0.6666666666666666,""weight"":0.050515463917525774},{""difficulty"":1.0,""weight"":0.17525773195876287}]",0.46,0.4416,0.19817354712402485,2.35,0.8,4.5,0.4416,0.0,True,False,domain_shared_beta,low_aggregate_only,0.045,0.45,0.96,"difficulty in [0,1]; quality in [0,1]; beta > 0; monotone decreasing",0.91,0.1256119966307823,0.014468442724091804,0.4015898431984931
synthetic,benchmark_fitted_curve,demo-economy,Demo Economy,synthetic-provider,synthetic-v1,low,TwinRouterBench-synthetic-demo,0.46,0_to_1,synthetic://phase2-interface-demo,aggregate_only,synthetic_low,"[{""difficulty"":0.0,""weight"":0.7103092783505155},{""difficulty"":0.3333333333333333,""weight"":0.06391752577319587},{""difficulty"":0.6666666666666666,""weight"":0.050515463917525774},{""difficulty"":1.0,""weight"":0.17525773195876287}]",0.46,0.4416,0.19817354712402485,2.35,0.8,4.5,0.4416,0.0,True,False,domain_shared_beta,low_aggregate_only,0.045,0.45,0.96,"difficulty in [0,1]; quality in [0,1]; beta > 0; monotone decreasing",0.92,0.12305353389064436,0.013840606403470863,0.39966884228352406
synthetic,benchmark_fitted_curve,demo-economy,Demo Economy,synthetic-provider,synthetic-v1,low,TwinRouterBench-synthetic-demo,0.46,0_to_1,synthetic://phase2-interface-demo,aggregate_only,synthetic_low,"[{""difficulty"":0.0,""weight"":0.7103092783505155},{""difficulty"":0.3333333333333333,""weight"":0.06391752577319587},{""difficulty"":0.6666666666666666,""weight"":0.050515463917525774},{""difficulty"":1.0,""weight"":0.17525773195876287}]",0.46,0.4416,0.19817354712402485,2.35,0.8,4.5,0.4416,0.0,True,False,domain_shared_beta,low_aggregate_only,0.045,0.45,0.96,"difficulty in [0,1]; quality in [0,1]; beta > 0; monotone decreasing",0.93,0.12053999807336087,0.013239648099565834,0.3977509226588584
synthetic,benchmark_fitted_curve,demo-economy,Demo Economy,synthetic-provider,synthetic-v1,low,TwinRouterBench-synthetic-demo,0.46,0_to_1,synthetic://phase2-interface-demo,aggregate_only,synthetic_low,"[{""difficulty"":0.0,""weight"":0.7103092783505155},{""difficulty"":0.3333333333333333,""weight"":0.06391752577319587},{""difficulty"":0.6666666666666666,""weight"":0.050515463917525774},{""difficulty"":1.0,""weight"":0.17525773195876287}]",0.46,0.4416,0.19817354712402485,2.35,0.8,4.5,0.4416,0.0,True,False,domain_shared_beta,low_aggregate_only,0.045,0.45,0.96,"difficulty in [0,1]; quality in [0,1]; beta > 0; monotone decreasing",0.9400000000000001,0.11807089197421691,0.012664448270662584,0.39583613814117047
synthetic,benchmark_fitted_curve,demo-economy,Demo Economy,synthetic-provider,synthetic-v1,low,TwinRouterBench-synthetic-demo,0.46,0_to_1,synthetic://phase2-interface-demo,aggregate_only,synthetic_low,"[{""difficulty"":0.0,""weight"":0.7103092783505155},{""difficulty"":0.3333333333333333,""weight"":0.06391752577319587},{""difficulty"":0.6666666666666666,""weight"":0.050515463917525774},{""difficulty"":1.0,""weight"":0.17525773195876287}]",0.46,0.4416,0.19817354712402485,2.35,0.8,4.5,0.4416,0.0,True,False,domain_shared_beta,low_aggregate_only,0.045,0.45,0.96,"difficulty in [0,1]; quality in [0,1]; beta > 0; monotone decreasing",0.9500000000000001,0.11564571170859246,0.012113931357195941,0.3939245421710254
synthetic,benchmark_fitted_curve,demo-economy,Demo Economy,synthetic-provider,synthetic-v1,low,TwinRouterBench-synthetic-demo,0.46,0_to_1,synthetic://phase2-interface-demo,aggregate_only,synthetic_low,"[{""difficulty"":0.0,""weight"":0.7103092783505155},{""difficulty"":0.3333333333333333,""weight"":0.06391752577319587},{""difficulty"":0.6666666666666666,""weight"":0.050515463917525774},{""difficulty"":1.0,""weight"":0.17525773195876287}]",0.46,0.4416,0.19817354712402485,2.35,0.8,4.5,0.4416,0.0,True,False,domain_shared_beta,low_aggregate_only,0.045,0.45,0.96,"difficulty in [0,1]; quality in [0,1]; beta > 0; monotone decreasing",0.96,0.11326394733491478,0.011587064281699552,0.3920161878074361
synthetic,benchmark_fitted_curve,demo-economy,Demo Economy,synthetic-provider,synthetic-v1,low,TwinRouterBench-synthetic-demo,0.46,0_to_1,synthetic://phase2-interface-demo,aggregate_only,synthetic_low,"[{""difficulty"":0.0,""weight"":0.7103092783505155},{""difficulty"":0.3333333333333333,""weight"":0.06391752577319587},{""difficulty"":0.6666666666666666,""weight"":0.050515463917525774},{""difficulty"":1.0,""weight"":0.17525773195876287}]",0.46,0.4416,0.19817354712402485,2.35,0.8,4.5,0.4416,0.0,True,False,domain_shared_beta,low_aggregate_only,0.045,0.45,0.96,"difficulty in [0,1]; quality in [0,1]; beta > 0; monotone decreasing",0.97,0.11092508345961358,0.01108285497965562,0.39011112772251416
synthetic,benchmark_fitted_curve,demo-economy,Demo Economy,synthetic-provider,synthetic-v1,low,TwinRouterBench-synthetic-demo,0.46,0_to_1,synthetic://phase2-interface-demo,aggregate_only,synthetic_low,"[{""difficulty"":0.0,""weight"":0.7103092783505155},{""difficulty"":0.3333333333333333,""weight"":0.06391752577319587},{""difficulty"":0.6666666666666666,""weight"":0.050515463917525774},{""difficulty"":1.0,""weight"":0.17525773195876287}]",0.46,0.4416,0.19817354712402485,2.35,0.8,4.5,0.4416,0.0,True,False,domain_shared_beta,low_aggregate_only,0.045,0.45,0.96,"difficulty in [0,1]; quality in [0,1]; beta > 0; monotone decreasing",0.98,0.10862859982393672,0.010600350962619768,0.3882094141962173
synthetic,benchmark_fitted_curve,demo-economy,Demo Economy,synthetic-provider,synthetic-v1,low,TwinRouterBench-synthetic-demo,0.46,0_to_1,synthetic://phase2-interface-demo,aggregate_only,synthetic_low,"[{""difficulty"":0.0,""weight"":0.7103092783505155},{""difficulty"":0.3333333333333333,""weight"":0.06391752577319587},{""difficulty"":0.6666666666666666,""weight"":0.050515463917525774},{""difficulty"":1.0,""weight"":0.17525773195876287}]",0.46,0.4416,0.19817354712402485,2.35,0.8,4.5,0.4416,0.0,True,False,domain_shared_beta,low_aggregate_only,0.045,0.45,0.96,"difficulty in [0,1]; quality in [0,1]; beta > 0; monotone decreasing",0.99,0.10637397187252765,0.01013863791473471,0.38631109911119155
synthetic,benchmark_fitted_curve,demo-economy,Demo Economy,synthetic-provider,synthetic-v1,low,TwinRouterBench-synthetic-demo,0.46,0_to_1,synthetic://phase2-interface-demo,aggregate_only,synthetic_low,"[{""difficulty"":0.0,""weight"":0.7103092783505155},{""difficulty"":0.3333333333333333,""weight"":0.06391752577319587},{""difficulty"":0.6666666666666666,""weight"":0.050515463917525774},{""difficulty"":1.0,""weight"":0.17525773195876287}]",0.46,0.4416,0.19817354712402485,2.35,0.8,4.5,0.4416,0.0,True,False,domain_shared_beta,low_aggregate_only,0.045,0.45,0.96,"difficulty in [0,1]; quality in [0,1]; beta > 0; monotone decreasing",1.0,0.10416067130371381,0.009696838323509756,0.3844162339477129
synthetic,benchmark_fitted_curve,demo-value,Demo Value,synthetic-provider,synthetic-v1,mid,TwinRouterBench-synthetic-demo,0.63,0_to_1,synthetic://phase2-interface-demo,aggregate_only,synthetic_low,"[{""difficulty"":0.0,""weight"":0.7103092783505155},{""difficulty"":0.3333333333333333,""weight"":0.06391752577319587},{""difficulty"":0.6666666666666666,""weight"":0.050515463917525774},{""difficulty"":1.0,""weight"":0.17525773195876287}]",0.63,0.6048,0.9783330744441143,2.35,0.8,4.5,0.6048,0.0,True,False,domain_shared_beta,low_aggregate_only,0.045,0.45,0.96,"difficulty in [0,1]; quality in [0,1]; beta > 0; monotone decreasing",0.0,0.7267773366897486,0.5555720457706004,0.8872911435036138
synthetic,benchmark_fitted_curve,demo-value,Demo Value,synthetic-provider,synthetic-v1,mid,TwinRouterBench-synthetic-demo,0.63,0_to_1,synthetic://phase2-interface-demo,aggregate_only,synthetic_low,"[{""difficulty"":0.0,""weight"":0.7103092783505155},{""difficulty"":0.3333333333333333,""weight"":0.06391752577319587},{""difficulty"":0.6666666666666666,""weight"":0.050515463917525774},{""difficulty"":1.0,""weight"":0.17525773195876287}]",0.63,0.6048,0.9783330744441143,2.35,0.8,4.5,0.6048,0.0,True,False,domain_shared_beta,low_aggregate_only,0.045,0.45,0.96,"difficulty in [0,1]; quality in [0,1]; beta > 0; monotone decreasing",0.01,0.7220861088445458,0.5535958837733691,0.8827118573103349
synthetic,benchmark_fitted_curve,demo-value,Demo Value,synthetic-provider,synthetic-v1,mid,TwinRouterBench-synthetic-demo,0.63,0_to_1,synthetic://phase2-interface-demo,aggregate_only,synthetic_low,"[{""difficulty"":0.0,""weight"":0.7103092783505155},{""difficulty"":0.3333333333333333,""weight"":0.06391752577319587},{""difficulty"":0.6666666666666666,""weight"":0.050515463917525774},{""difficulty"":1.0,""weight"":0.17525773195876287}]",0.63,0.6048,0.9783330744441143,2.35,0.8,4.5,0.6048,0.0,True,False,domain_shared_beta,low_aggregate_only,0.045,0.45,0.96,"difficulty in [0,1]; quality in [0,1]; beta > 0; monotone decreasing",0.02,0.7173456591171127,0.5516180264318924,0.8779721054077192
synthetic,benchmark_fitted_curve,demo-value,Demo Value,synthetic-provider,synthetic-v1,mid,TwinRouterBench-synthetic-demo,0.63,0_to_1,synthetic://phase2-interface-demo,aggregate_only,synthetic_low,"[{""difficulty"":0.0,""weight"":0.7103092783505155},{""difficulty"":0.3333333333333333,""weight"":0.06391752577319587},{""difficulty"":0.6666666666666666,""weight"":0.050515463917525774},{""difficulty"":1.0,""weight"":0.17525773195876287}]",0.63,0.6048,0.9783330744441143,2.35,0.8,4.5,0.6048,0.0,True,False,domain_shared_beta,low_aggregate_only,0.045,0.45,0.96,"difficulty in [0,1]; quality in [0,1]; beta > 0; monotone decreasing",0.03,0.7125565381753209,0.5496385349348356,0.8730683573492503
synthetic,benchmark_fitted_curve,demo-value,Demo Value,synthetic-provider,synthetic-v1,mid,TwinRouterBench-synthetic-demo,0.63,0_to_1,synthetic://phase2-interface-demo,aggregate_only,synthetic_low,"[{""difficulty"":0.0,""weight"":0.7103092783505155},{""difficulty"":0.3333333333333333,""weight"":0.06391752577319587},{""difficulty"":0.6666666666666666,""weight"":0.050515463917525774},{""difficulty"":1.0,""weight"":0.17525773195876287}]",0.63,0.6048,0.9783330744441143,2.35,0.8,4.5,0.6048,0.0,True,False,domain_shared_beta,low_aggregate_only,0.045,0.45,0.96,"difficulty in [0,1]; quality in [0,1]; beta > 0; monotone decreasing",0.04,0.7077193352012415,0.5476574706766851,0.8679971776986293
synthetic,benchmark_fitted_curve,demo-value,Demo Value,synthetic-provider,synthetic-v1,mid,TwinRouterBench-synthetic-demo,0.63,0_to_1,synthetic://phase2-interface-demo,aggregate_only,synthetic_low,"[{""difficulty"":0.0,""weight"":0.7103092783505155},{""difficulty"":0.3333333333333333,""weight"":0.06391752577319587},{""difficulty"":0.6666666666666666,""weight"":0.050515463917525774},{""difficulty"":1.0,""weight"":0.17525773195876287}]",0.63,0.6048,0.9783330744441143,2.35,0.8,4.5,0.6048,0.0,True,False,domain_shared_beta,low_aggregate_only,0.045,0.45,0.96,"difficulty in [0,1]; quality in [0,1]; beta > 0; monotone decreasing",0.05,0.7028346780806003,0.5456748952502578,0.8627552429980975
synthetic,benchmark_fitted_curve,demo-value,Demo Value,synthetic-provider,synthetic-v1,mid,TwinRouterBench-synthetic-demo,0.63,0_to_1,synthetic://phase2-interface-demo,aggregate_only,synthetic_low,"[{""difficulty"":0.0,""weight"":0.7103092783505155},{""difficulty"":0.3333333333333333,""weight"":0.06391752577319587},{""difficulty"":0.6666666666666666,""weight"":0.050515463917525774},{""difficulty"":1.0,""weight"":0.17525773195876287}]",0.63,0.6048,0.9783330744441143,2.35,0.8,4.5,0.6048,0.0,True,False,domain_shared_beta,low_aggregate_only,0.045,0.45,0.96,"difficulty in [0,1]; quality in [0,1]; beta > 0; monotone decreasing",0.06,0.6979032335363371,0.5436908704391579,0.8573393595773126
synthetic,benchmark_fitted_curve,demo-value,Demo Value,synthetic-provider,synthetic-v1,mid,TwinRouterBench-synthetic-demo,0.63,0_to_1,synthetic://phase2-interface-demo,aggregate_only,synthetic_low,"[{""difficulty"":0.0,""weight"":0.7103092783505155},{""difficulty"":0.3333333333333333,""weight"":0.06391752577319587},{""difficulty"":0.6666666666666666,""weight"":0.050515463917525774},{""difficulty"":1.0,""weight"":0.17525773195876287}]",0.63,0.6048,0.9783330744441143,2.35,0.8,4.5,0.6048,0.0,True,False,domain_shared_beta,low_aggregate_only,0.045,0.45,0.96,"difficulty in [0,1]; quality in [0,1]; beta > 0; monotone decreasing",0.07,0.6929257072044073,0.5417054582101819,0.8517464821636718
synthetic,benchmark_fitted_curve,demo-value,Demo Value,synthetic-provider,synthetic-v1,mid,TwinRouterBench-synthetic-demo,0.63,0_to_1,synthetic://phase2-interface-demo,aggregate_only,synthetic_low,"[{""difficulty"":0.0,""weight"":0.7103092783505155},{""difficulty"":0.3333333333333333,""weight"":0.06391752577319587},{""difficulty"":0.6666666666666666,""weight"":0.050515463917525774},{""difficulty"":1.0,""weight"":0.17525773195876287}]",0.63,0.6048,0.9783330744441143,2.35,0.8,4.5,0.6048,0.0,True,False,domain_shared_beta,low_aggregate_only,0.045,0.45,0.96,"difficulty in [0,1]; quality in [0,1]; beta > 0; monotone decreasing",0.08,0.6879028436500736,0.5397187207056764,0.8459737332437036
synthetic,benchmark_fitted_curve,demo-value,Demo Value,synthetic-provider,synthetic-v1,mid,TwinRouterBench-synthetic-demo,0.63,0_to_1,synthetic://phase2-interface-demo,aggregate_only,synthetic_low,"[{""difficulty"":0.0,""weight"":0.7103092783505155},{""difficulty"":0.3333333333333333,""weight"":0.06391752577319587},{""difficulty"":0.6666666666666666,""weight"":0.050515463917525774},{""difficulty"":1.0,""weight"":0.17525773195876287}]",0.63,0.6048,0.9783330744441143,2.35,0.8,4.5,0.6048,0.0,True,False,domain_shared_beta,low_aggregate_only,0.045,0.45,0.96,"difficulty in [0,1]; quality in [0,1]; beta > 0; monotone decreasing",0.09,0.6828354263230582,0.5377307202358468,0.8400184231130958
synthetic,benchmark_fitted_curve,demo-value,Demo Value,synthetic-provider,synthetic-v1,mid,TwinRouterBench-synthetic-demo,0.63,0_to_1,synthetic://phase2-interface-demo,aggregate_only,synthetic_low,"[{""difficulty"":0.0,""weight"":0.7103092783505155},{""difficulty"":0.3333333333333333,""weight"":0.06391752577319587},{""difficulty"":0.6666666666666666,""weight"":0.050515463917525774},{""difficulty"":1.0,""weight"":0.17525773195876287}]",0.63,0.6048,0.9783330744441143,2.35,0.8,4.5,0.6048,0.0,True,False,domain_shared_beta,low_aggregate_only,0.045,0.45,0.96,"difficulty in [0,1]; quality in [0,1]; beta > 0; monotone decreasing",0.1,0.6777242774500588,0.5357415192710226,0.8338780705401934
synthetic,benchmark_fitted_curve,demo-value,Demo Value,synthetic-provider,synthetic-v1,mid,TwinRouterBench-synthetic-demo,0.63,0_to_1,synthetic://phase2-interface-demo,aggregate_only,synthetic_low,"[{""difficulty"":0.0,""weight"":0.7103092783505155},{""difficulty"":0.3333333333333333,""weight"":0.06391752577319587},{""difficulty"":0.6666666666666666,""weight"":0.050515463917525774},{""difficulty"":1.0,""weight"":0.17525773195876287}]",0.63,0.6048,0.9783330744441143,2.35,0.8,4.5,0.6048,0.0,True,False,domain_shared_beta,low_aggregate_only,0.045,0.45,0.96,"difficulty in [0,1]; quality in [0,1]; beta > 0; monotone decreasing",0.11,0.6725702578632728,0.533751180433879,0.827550423954473
synthetic,benchmark_fitted_curve,demo-value,Demo Value,synthetic-provider,synthetic-v1,mid,TwinRouterBench-synthetic-demo,0.63,0_to_1,synthetic://phase2-interface-demo,aggregate_only,synthetic_low,"[{""difficulty"":0.0,""weight"":0.7103092783505155},{""difficulty"":0.3333333333333333,""weight"":0.06391752577319587},{""difficulty"":0.6666666666666666,""weight"":0.050515463917525774},{""difficulty"":1.0,""weight"":0.17525773195876287}]",0.63,0.6048,0.9783330744441143,2.35,0.8,4.5,0.6048,0.0,True,False,domain_shared_beta,low_aggregate_only,0.045,0.45,0.96,"difficulty in [0,1]; quality in [0,1]; beta > 0; monotone decreasing",0.12,0.667374266763727,0.5317597664916172,0.8210334830576959
synthetic,benchmark_fitted_curve,demo-value,Demo Value,synthetic-provider,synthetic-v1,mid,TwinRouterBench-synthetic-demo,0.63,0_to_1,synthetic://phase2-interface-demo,aggregate_only,synthetic_low,"[{""difficulty"":0.0,""weight"":0.7103092783505155},{""difficulty"":0.3333333333333333,""weight"":0.06391752577319587},{""difficulty"":0.6666666666666666,""weight"":0.050515463917525774},{""difficulty"":1.0,""weight"":0.17525773195876287}]",0.63,0.6048,0.9783330744441143,2.35,0.8,4.5,0.6048,0.0,True,False,domain_shared_beta,low_aggregate_only,0.045,0.45,0.96,"difficulty in [0,1]; quality in [0,1]; beta > 0; monotone decreasing",0.13,0.6621372414183705,0.5297673403481069,0.8143255207413227
synthetic,benchmark_fitted_curve,demo-value,Demo Value,synthetic-provider,synthetic-v1,mid,TwinRouterBench-synthetic-demo,0.63,0_to_1,synthetic://phase2-interface-demo,aggregate_only,synthetic_low,"[{""difficulty"":0.0,""weight"":0.7103092783505155},{""difficulty"":0.3333333333333333,""weight"":0.06391752577319587},{""difficulty"":0.6666666666666666,""weight"":0.050515463917525774},{""difficulty"":1.0,""weight"":0.17525773195876287}]",0.63,0.6048,0.9783330744441143,2.35,0.8,4.5,0.6048,0.0,True,False,domain_shared_beta,low_aggregate_only,0.045,0.45,0.96,"difficulty in [0,1]; quality in [0,1]; beta > 0; monotone decreasing",0.14,0.6568601567900615,0.5277739650359909,0.8074251051795032
synthetic,benchmark_fitted_curve,demo-value,Demo Value,synthetic-provider,synthetic-v1,mid,TwinRouterBench-synthetic-demo,0.63,0_to_1,synthetic://phase2-interface-demo,aggregate_only,synthetic_low,"[{""difficulty"":0.0,""weight"":0.7103092783505155},{""difficulty"":0.3333333333333333,""weight"":0.06391752577319587},{""difficulty"":0.6666666666666666,""weight"":0.050515463917525774},{""difficulty"":1.0,""weight"":0.17525773195876287}]",0.63,0.6048,0.9783330744441143,2.35,0.8,4.5,0.6048,0.0,True,False,domain_shared_beta,low_aggregate_only,0.045,0.45,0.96,"difficulty in [0,1]; quality in [0,1]; beta > 0; monotone decreasing",0.15,0.6515440250997573,0.5166602268459269,0.8003311219527474
synthetic,benchmark_fitted_curve,demo-value,Demo Value,synthetic-provider,synthetic-v1,mid,TwinRouterBench-synthetic-demo,0.63,0_to_1,synthetic://phase2-interface-demo,aggregate_only,synthetic_low,"[{""difficulty"":0.0,""weight"":0.7103092783505155},{""difficulty"":0.3333333333333333,""weight"":0.06391752577319587},{""difficulty"":0.6666666666666666,""weight"":0.050515463917525774},{""difficulty"":1.0,""weight"":0.17525773195876287}]",0.63,0.6048,0.9783330744441143,2.35,0.8,4.5,0.6048,0.0,True,False,domain_shared_beta,low_aggregate_only,0.045,0.45,0.96,"difficulty in [0,1]; quality in [0,1]; beta > 0; monotone decreasing",0.16,0.646189895320399,0.5054161847830103,0.7930427960434527
synthetic,benchmark_fitted_curve,demo-value,Demo Value,synthetic-provider,synthetic-v1,mid,TwinRouterBench-synthetic-demo,0.63,0_to_1,synthetic://phase2-interface-demo,aggregate_only,synthetic_low,"[{""difficulty"":0.0,""weight"":0.7103092783505155},{""difficulty"":0.3333333333333333,""weight"":0.06391752577319587},{""difficulty"":0.6666666666666666,""weight"":0.050515463917525774},{""difficulty"":1.0,""weight"":0.17525773195876287}]",0.63,0.6048,0.9783330744441143,2.35,0.8,4.5,0.6048,0.0,True,False,domain_shared_beta,low_aggregate_only,0.045,0.45,0.96,"difficulty in [0,1]; quality in [0,1]; beta > 0; monotone decreasing",0.17,0.6407988526021879,0.49416666132622006,0.7855597135310833
synthetic,benchmark_fitted_curve,demo-value,Demo Value,synthetic-provider,synthetic-v1,mid,TwinRouterBench-synthetic-demo,0.63,0_to_1,synthetic://phase2-interface-demo,aggregate_only,synthetic_low,"[{""difficulty"":0.0,""weight"":0.7103092783505155},{""difficulty"":0.3333333333333333,""weight"":0.06391752577319587},{""difficulty"":0.6666666666666666,""weight"":0.050515463917525774},{""difficulty"":1.0,""weight"":0.17525773195876287}]",0.63,0.6048,0.9783330744441143,2.35,0.8,4.5,0.6048,0.0,True,False,domain_shared_beta,low_aggregate_only,0.045,0.45,0.96,"difficulty in [0,1]; quality in [0,1]; beta > 0; monotone decreasing",0.18,0.6353720176291378,0.4829230413288169,0.7778818428022173
synthetic,benchmark_fitted_curve,demo-value,Demo Value,synthetic-provider,synthetic-v1,mid,TwinRouterBench-synthetic-demo,0.63,0_to_1,synthetic://phase2-interface-demo,aggregate_only,synthetic_low,"[{""difficulty"":0.0,""weight"":0.7103092783505155},{""difficulty"":0.3333333333333333,""weight"":0.06391752577319587},{""difficulty"":0.6666666666666666,""weight"":0.050515463917525774},{""difficulty"":1.0,""weight"":0.17525773195876287}]",0.63,0.6048,0.9783330744441143,2.35,0.8,4.5,0.6048,0.0,True,False,domain_shared_beta,low_aggregate_only,0.045,0.45,0.96,"difficulty in [0,1]; quality in [0,1]; beta > 0; monotone decreasing",0.19,0.6299105459070066,0.47169668576611795,0.7700095550792204
synthetic,benchmark_fitted_curve,demo-value,Demo Value,synthetic-provider,synthetic-v1,mid,TwinRouterBench-synthetic-demo,0.63,0_to_1,synthetic://phase2-interface-demo,aggregate_only,synthetic_low,"[{""difficulty"":0.0,""weight"":0.7103092783505155},{""difficulty"":0.3333333333333333,""weight"":0.06391752577319587},{""difficulty"":0.6666666666666666,""weight"":0.050515463917525774},{""difficulty"":1.0,""weight"":0.17525773195876287}]",0.63,0.6048,0.9783330744441143,2.35,0.8,4.5,0.6048,0.0,True,False,domain_shared_beta,low_aggregate_only,0.045,0.45,0.96,"difficulty in [0,1]; quality in [0,1]; beta > 0; monotone decreasing",0.2,0.6244156269829138,0.46049888589110954,0.7619436440612657
synthetic,benchmark_fitted_curve,demo-value,Demo Value,synthetic-provider,synthetic-v1,mid,TwinRouterBench-synthetic-demo,0.63,0_to_1,synthetic://phase2-interface-demo,aggregate_only,synthetic_low,"[{""difficulty"":0.0,""weight"":0.7103092783505155},{""difficulty"":0.3333333333333333,""weight"":0.06391752577319587},{""difficulty"":0.6666666666666666,""weight"":0.050515463917525774},{""difficulty"":1.0,""weight"":0.17525773195876287}]",0.63,0.6048,0.9783330744441143,2.35,0.8,4.5,0.6048,0.0,True,False,domain_shared_beta,low_aggregate_only,0.045,0.45,0.96,"difficulty in [0,1]; quality in [0,1]; beta > 0; monotone decreasing",0.21,0.6188884835971702,0.4493408179873432,0.7536853444631036
synthetic,benchmark_fitted_curve,demo-value,Demo Value,synthetic-provider,synthetic-v1,mid,TwinRouterBench-synthetic-demo,0.63,0_to_1,synthetic://phase2-interface-demo,aggregate_only,synthetic_low,"[{""difficulty"":0.0,""weight"":0.7103092783505155},{""difficulty"":0.3333333333333333,""weight"":0.06391752577319587},{""difficulty"":0.6666666666666666,""weight"":0.050515463917525774},{""difficulty"":1.0,""weight"":0.17525773195876287}]",0.63,0.6048,0.9783330744441143,2.35,0.8,4.5,0.6048,0.0,True,False,domain_shared_beta,low_aggregate_only,0.045,0.45,0.96,"difficulty in [0,1]; quality in [0,1]; beta > 0; monotone decreasing",0.22,0.613330370768064,0.43823349910265436,0.7452363492307582
synthetic,benchmark_fitted_curve,demo-value,Demo Value,synthetic-provider,synthetic-v1,mid,TwinRouterBench-synthetic-demo,0.63,0_to_1,synthetic://phase2-interface-demo,aggregate_only,synthetic_low,"[{""difficulty"":0.0,""weight"":0.7103092783505155},{""difficulty"":0.3333333333333333,""weight"":0.06391752577319587},{""difficulty"":0.6666666666666666,""weight"":0.050515463917525774},{""difficulty"":1.0,""weight"":0.17525773195876287}]",0.63,0.6048,0.9783330744441143,2.35,0.8,4.5,0.6048,0.0,True,False,domain_shared_beta,low_aggregate_only,0.045,0.45,0.96,"difficulty in [0,1]; quality in [0,1]; beta > 0; monotone decreasing",0.23,0.607742574810567,0.42718774413293026,0.7365988252094451
synthetic,benchmark_fitted_curve,demo-value,Demo Value,synthetic-provider,synthetic-v1,mid,TwinRouterBench-synthetic-demo,0.63,0_to_1,synthetic://phase2-interface-demo,aggregate_only,synthetic_low,"[{""difficulty"":0.0,""weight"":0.7103092783505155},{""difficulty"":0.3333333333333333,""weight"":0.06391752577319587},{""difficulty"":0.6666666666666666,""weight"":0.050515463917525774},{""difficulty"":1.0,""weight"":0.17525773195876287}]",0.63,0.6048,0.9783330744441143,2.35,0.8,4.5,0.6048,0.0,True,False,domain_shared_beta,low_aggregate_only,0.045,0.45,0.96,"difficulty in [0,1]; quality in [0,1]; beta > 0; monotone decreasing",0.24,0.6021264122901506,0.41621412460560714,0.7277754270378298
synthetic,benchmark_fitted_curve,demo-value,Demo Value,synthetic-provider,synthetic-v1,mid,TwinRouterBench-synthetic-demo,0.63,0_to_1,synthetic://phase2-interface-demo,aggregate_only,synthetic_low,"[{""difficulty"":0.0,""weight"":0.7103092783505155},{""difficulty"":0.3333333333333333,""weight"":0.06391752577319587},{""difficulty"":0.6666666666666666,""weight"":0.050515463917525774},{""difficulty"":1.0,""weight"":0.17525773195876287}]",0.63,0.6048,0.9783330744441143,2.35,0.8,4.5,0.6048,0.0,True,False,domain_shared_beta,low_aggregate_only,0.045,0.45,0.96,"difficulty in [0,1]; quality in [0,1]; beta > 0; monotone decreasing",0.25,0.596483228913116,0.4053229294882247,0.7187693090445184
synthetic,benchmark_fitted_curve,demo-value,Demo Value,synthetic-provider,synthetic-v1,mid,TwinRouterBench-synthetic-demo,0.63,0_to_1,synthetic://phase2-interface-demo,aggregate_only,synthetic_low,"[{""difficulty"":0.0,""weight"":0.7103092783505155},{""difficulty"":0.3333333333333333,""weight"":0.06391752577319587},{""difficulty"":0.6666666666666666,""weight"":0.050515463917525774},{""difficulty"":1.0,""weight"":0.17525773195876287}]",0.63,0.6048,0.9783330744441143,2.35,0.8,4.5,0.6048,0.0,True,False,domain_shared_beta,low_aggregate_only,0.045,0.45,0.96,"difficulty in [0,1]; quality in [0,1]; beta > 0; monotone decreasing",0.26,0.5908143983550709,0.3945241283187431,0.7095841349276575
synthetic,benchmark_fitted_curve,demo-value,Demo Value,synthetic-provider,synthetic-v1,mid,TwinRouterBench-synthetic-demo,0.63,0_to_1,synthetic://phase2-interface-demo,aggregate_only,synthetic_low,"[{""difficulty"":0.0,""weight"":0.7103092783505155},{""difficulty"":0.3333333333333333,""weight"":0.06391752577319587},{""difficulty"":0.6666666666666666,""weight"":0.050515463917525774},{""difficulty"":1.0,""weight"":0.17525773195876287}]",0.63,0.6048,0.9783330744441143,2.35,0.8,4.5,0.6048,0.0,True,False,domain_shared_beta,low_aggregate_only,0.045,0.45,0.96,"difficulty in [0,1]; quality in [0,1]; beta > 0; monotone decreasing",0.27,0.5851213210293994,0.38382733692203824,0.7002240850069293
synthetic,benchmark_fitted_curve,demo-value,Demo Value,synthetic-provider,synthetic-v1,mid,TwinRouterBench-synthetic-demo,0.63,0_to_1,synthetic://phase2-interface-demo,aggregate_only,synthetic_low,"[{""difficulty"":0.0,""weight"":0.7103092783505155},{""difficulty"":0.3333333333333333,""weight"":0.06391752577319587},{""difficulty"":0.6666666666666666,""weight"":0.050515463917525774},{""difficulty"":1.0,""weight"":0.17525773195876287}]",0.63,0.6048,0.9783330744441143,2.35,0.8,4.5,0.6048,0.0,True,False,domain_shared_beta,low_aggregate_only,0.045,0.45,0.96,"difficulty in [0,1]; quality in [0,1]; beta > 0; monotone decreasing",0.28,0.5794054227977861,0.37324178594171803,0.6945594322708832
synthetic,benchmark_fitted_curve,demo-value,Demo Value,synthetic-provider,synthetic-v1,mid,TwinRouterBench-synthetic-demo,0.63,0_to_1,synthetic://phase2-interface-demo,aggregate_only,synthetic_low,"[{""difficulty"":0.0,""weight"":0.7103092783505155},{""difficulty"":0.3333333333333333,""weight"":0.06391752577319587},{""difficulty"":0.6666666666666666,""weight"":0.050515463917525774},{""difficulty"":1.0,""weight"":0.17525773195876287}]",0.63,0.6048,0.9783330744441143,2.35,0.8,4.5,0.6048,0.0,True,False,domain_shared_beta,low_aggregate_only,0.045,0.45,0.96,"difficulty in [0,1]; quality in [0,1]; beta > 0; monotone decreasing",0.29,0.5736681536250696,0.3627762923788585,0.6928596226059827
synthetic,benchmark_fitted_curve,demo-value,Demo Value,synthetic-provider,synthetic-v1,mid,TwinRouterBench-synthetic-demo,0.63,0_to_1,synthetic://phase2-interface-demo,aggregate_only,synthetic_low,"[{""difficulty"":0.0,""weight"":0.7103092783505155},{""difficulty"":0.3333333333333333,""weight"":0.06391752577319587},{""difficulty"":0.6666666666666666,""weight"":0.050515463917525774},{""difficulty"":1.0,""weight"":0.17525773195876287}]",0.63,0.6048,0.9783330744441143,2.35,0.8,4.5,0.6048,0.0,True,False,domain_shared_beta,low_aggregate_only,0.045,0.45,0.96,"difficulty in [0,1]; quality in [0,1]; beta > 0; monotone decreasing",0.3,0.5679109861809003,0.3524392342901962,0.6911545596695403
synthetic,benchmark_fitted_curve,demo-value,Demo Value,synthetic-provider,synthetic-v1,mid,TwinRouterBench-synthetic-demo,0.63,0_to_1,synthetic://phase2-interface-demo,aggregate_only,synthetic_low,"[{""difficulty"":0.0,""weight"":0.7103092783505155},{""difficulty"":0.3333333333333333,""weight"":0.06391752577319587},{""difficulty"":0.6666666666666666,""weight"":0.050515463917525774},{""difficulty"":1.0,""weight"":0.17525773195876287}]",0.63,0.6048,0.9783330744441143,2.35,0.8,4.5,0.6048,0.0,True,False,domain_shared_beta,low_aggregate_only,0.045,0.45,0.96,"difficulty in [0,1]; quality in [0,1]; beta > 0; monotone decreasing",0.31,0.5621354143908797,0.34223852875847693,0.6894442738851061
synthetic,benchmark_fitted_curve,demo-value,Demo Value,synthetic-provider,synthetic-v1,mid,TwinRouterBench-synthetic-demo,0.63,0_to_1,synthetic://phase2-interface-demo,aggregate_only,synthetic_low,"[{""difficulty"":0.0,""weight"":0.7103092783505155},{""difficulty"":0.3333333333333333,""weight"":0.06391752577319587},{""difficulty"":0.6666666666666666,""weight"":0.050515463917525774},{""difficulty"":1.0,""weight"":0.17525773195876287}]",0.63,0.6048,0.9783330744441143,2.35,0.8,4.5,0.6048,0.0,True,False,domain_shared_beta,low_aggregate_only,0.045,0.45,0.96,"difficulty in [0,1]; quality in [0,1]; beta > 0; monotone decreasing",0.32,0.5563429519400449,0.332181613207779,0.6877287961981754
synthetic,benchmark_fitted_curve,demo-value,Demo Value,synthetic-provider,synthetic-v1,mid,TwinRouterBench-synthetic-demo,0.63,0_to_1,synthetic://phase2-interface-demo,aggregate_only,synthetic_low,"[{""difficulty"":0.0,""weight"":0.7103092783505155},{""difficulty"":0.3333333333333333,""weight"":0.06391752577319587},{""difficulty"":0.6666666666666666,""weight"":0.050515463917525774},{""difficulty"":1.0,""weight"":0.17525773195876287}]",0.63,0.6048,0.9783330744441143,2.35,0.8,4.5,0.6048,0.0,True,False,domain_shared_beta,low_aggregate_only,0.045,0.45,0.96,"difficulty in [0,1]; quality in [0,1]; beta > 0; monotone decreasing",0.33,0.5505351307317461,0.32227543009741044,0.686008158075691
synthetic,benchmark_fitted_curve,demo-value,Demo Value,synthetic-provider,synthetic-v1,mid,TwinRouterBench-synthetic-demo,0.63,0_to_1,synthetic://phase2-interface-demo,aggregate_only,synthetic_low,"[{""difficulty"":0.0,""weight"":0.7103092783505155},{""difficulty"":0.3333333333333333,""weight"":0.06391752577319587},{""difficulty"":0.6666666666666666,""weight"":0.050515463917525774},{""difficulty"":1.0,""weight"":0.17525773195876287}]",0.63,0.6048,0.9783330744441143,2.35,0.8,4.5,0.6048,0.0,True,False,domain_shared_beta,low_aggregate_only,0.045,0.45,0.96,"difficulty in [0,1]; quality in [0,1]; beta > 0; monotone decreasing",0.34,0.544713499305132,0.3125264149900682,0.6842823915054472
synthetic,benchmark_fitted_curve,demo-value,Demo Value,synthetic-provider,synthetic-v1,mid,TwinRouterBench-synthetic-demo,0.63,0_to_1,synthetic://phase2-interface-demo,aggregate_only,synthetic_low,"[{""difficulty"":0.0,""weight"":0.7103092783505155},{""difficulty"":0.3333333333333333,""weight"":0.06391752577319587},{""difficulty"":0.6666666666666666,""weight"":0.050515463917525774},{""difficulty"":1.0,""weight"":0.17525773195876287}]",0.63,0.6048,0.9783330744441143,2.35,0.8,4.5,0.6048,0.0,True,False,domain_shared_beta,low_aggregate_only,0.045,0.45,0.96,"difficulty in [0,1]; quality in [0,1]; beta > 0; monotone decreasing",0.35000000000000003,0.5388796212146221,0.3029404879539247,0.6825515289953941
synthetic,benchmark_fitted_curve,demo-value,Demo Value,synthetic-provider,synthetic-v1,mid,TwinRouterBench-synthetic-demo,0.63,0_to_1,synthetic://phase2-interface-demo,aggregate_only,synthetic_low,"[{""difficulty"":0.0,""weight"":0.7103092783505155},{""difficulty"":0.3333333333333333,""weight"":0.06391752577319587},{""difficulty"":0.6666666666666666,""weight"":0.050515463917525774},{""difficulty"":1.0,""weight"":0.17525773195876287}]",0.63,0.6048,0.9783330744441143,2.35,0.8,4.5,0.6048,0.0,True,False,domain_shared_beta,low_aggregate_only,0.045,0.45,0.96,"difficulty in [0,1]; quality in [0,1]; beta > 0; monotone decreasing",0.36,0.5330350733748894,0.2935230482246985,0.6808156035728408
synthetic,benchmark_fitted_curve,demo-value,Demo Value,synthetic-provider,synthetic-v1,mid,TwinRouterBench-synthetic-demo,0.63,0_to_1,synthetic://phase2-interface-demo,aggregate_only,synthetic_low,"[{""difficulty"":0.0,""weight"":0.7103092783505155},{""difficulty"":0.3333333333333333,""weight"":0.06391752577319587},{""difficulty"":0.6666666666666666,""weight"":0.050515463917525774},{""difficulty"":1.0,""weight"":0.17525773195876287}]",0.63,0.6048,0.9783330744441143,2.35,0.8,4.5,0.6048,0.0,True,False,domain_shared_beta,low_aggregate_only,0.045,0.45,0.96,"difficulty in [0,1]; quality in [0,1]; beta > 0; monotone decreasing",0.37,0.5271814443750146,0.2842789720229859,0.6790746487835582
synthetic,benchmark_fitted_curve,demo-value,Demo Value,synthetic-provider,synthetic-v1,mid,TwinRouterBench-synthetic-demo,0.63,0_to_1,synthetic://phase2-interface-demo,aggregate_only,synthetic_low,"[{""difficulty"":0.0,""weight"":0.7103092783505155},{""difficulty"":0.3333333333333333,""weight"":0.06391752577319587},{""difficulty"":0.6666666666666666,""weight"":0.050515463917525774},{""difficulty"":1.0,""weight"":0.17525773195876287}]",0.63,0.6048,0.9783330744441143,2.35,0.8,4.5,0.6048,0.0,True,False,domain_shared_beta,low_aggregate_only,0.045,0.45,0.96,"difficulty in [0,1]; quality in [0,1]; beta > 0; monotone decreasing",0.38,0.521320332765592,0.27521261339453706,0.6773286986907804
synthetic,benchmark_fitted_curve,demo-value,Demo Value,synthetic-provider,synthetic-v1,mid,TwinRouterBench-synthetic-demo,0.63,0_to_1,synthetic://phase2-interface-demo,aggregate_only,synthetic_low,"[{""difficulty"":0.0,""weight"":0.7103092783505155},{""difficulty"":0.3333333333333333,""weight"":0.06391752577319587},{""difficulty"":0.6666666666666666,""weight"":0.050515463917525774},{""difficulty"":1.0,""weight"":0.17525773195876287}]",0.63,0.6048,0.9783330744441143,2.35,0.8,4.5,0.6048,0.0,True,False,domain_shared_beta,low_aggregate_only,0.045,0.45,0.96,"difficulty in [0,1]; quality in [0,1]; beta > 0; monotone decreasing",0.39,0.5154533453226766,0.26632780791699395,0.6755777878741033
synthetic,benchmark_fitted_curve,demo-value,Demo Value,synthetic-provider,synthetic-v1,mid,TwinRouterBench-synthetic-demo,0.63,0_to_1,synthetic://phase2-interface-demo,aggregate_only,synthetic_low,"[{""difficulty"":0.0,""weight"":0.7103092783505155},{""difficulty"":0.3333333333333333,""weight"":0.06391752577319587},{""difficulty"":0.6666666666666666,""weight"":0.050515463917525774},{""difficulty"":1.0,""weight"":0.17525773195876287}]",0.63,0.6048,0.9783330744441143,2.35,0.8,4.5,0.6048,0.0,True,False,domain_shared_beta,low_aggregate_only,0.045,0.45,0.96,"difficulty in [0,1]; quality in [0,1]; beta > 0; monotone decreasing",0.4,0.5095820952925544,0.2576278790960506,0.6738219514282802
synthetic,benchmark_fitted_curve,demo-value,Demo Value,synthetic-provider,synthetic-v1,mid,TwinRouterBench-synthetic-demo,0.63,0_to_1,synthetic://phase2-interface-demo,aggregate_only,synthetic_low,"[{""difficulty"":0.0,""weight"":0.7103092783505155},{""difficulty"":0.3333333333333333,""weight"":0.06391752577319587},{""difficulty"":0.6666666666666666,""weight"":0.050515463917525774},{""difficulty"":1.0,""weight"":0.17525773195876287}]",0.63,0.6048,0.9783330744441143,2.35,0.8,4.5,0.6048,0.0,True,False,domain_shared_beta,low_aggregate_only,0.045,0.45,0.96,"difficulty in [0,1]; quality in [0,1]; beta > 0; monotone decreasing",0.41000000000000003,0.5037082006213893,0.24911564725711174,0.6720612249619154
synthetic,benchmark_fitted_curve,demo-value,Demo Value,synthetic-provider,synthetic-v1,mid,TwinRouterBench-synthetic-demo,0.63,0_to_1,synthetic://phase2-interface-demo,aggregate_only,synthetic_low,"[{""difficulty"":0.0,""weight"":0.7103092783505155},{""difficulty"":0.3333333333333333,""weight"":0.06391752577319587},{""difficulty"":0.6666666666666666,""weight"":0.050515463917525774},{""difficulty"":1.0,""weight"":0.17525773195876287}]",0.63,0.6048,0.9783330744441143,2.35,0.8,4.5,0.6048,0.0,True,False,domain_shared_beta,low_aggregate_only,0.045,0.45,0.96,"difficulty in [0,1]; quality in [0,1]; beta > 0; monotone decreasing",0.42,0.4978332821738705,0.24079344072533385,0.6702956445960531
synthetic,benchmark_fitted_curve,demo-value,Demo Value,synthetic-provider,synthetic-v1,mid,TwinRouterBench-synthetic-demo,0.63,0_to_1,synthetic://phase2-interface-demo,aggregate_only,synthetic_low,"[{""difficulty"":0.0,""weight"":0.7103092783505155},{""difficulty"":0.3333333333333333,""weight"":0.06391752577319587},{""difficulty"":0.6666666666666666,""weight"":0.050515463917525774},{""difficulty"":1.0,""weight"":0.17525773195876287}]",0.63,0.6048,0.9783330744441143,2.35,0.8,4.5,0.6048,0.0,True,False,domain_shared_beta,low_aggregate_only,0.045,0.45,0.96,"difficulty in [0,1]; quality in [0,1]; beta > 0; monotone decreasing",0.43,0.4919589619450161,0.23266310907734308,0.6685252469626614
synthetic,benchmark_fitted_curve,demo-value,Demo Value,synthetic-provider,synthetic-v1,mid,TwinRouterBench-synthetic-demo,0.63,0_to_1,synthetic://phase2-interface-demo,aggregate_only,synthetic_low,"[{""difficulty"":0.0,""weight"":0.7103092783505155},{""difficulty"":0.3333333333333333,""weight"":0.06391752577319587},{""difficulty"":0.6666666666666666,""weight"":0.050515463917525774},{""difficulty"":1.0,""weight"":0.17525773195876287}]",0.63,0.6048,0.9783330744441143,2.35,0.8,4.5,0.6048,0.0,True,False,domain_shared_beta,low_aggregate_only,0.045,0.45,0.96,"difficulty in [0,1]; quality in [0,1]; beta > 0; monotone decreasing",0.44,0.4860868612693282,0.22472603824182238,0.6667500692030138
synthetic,benchmark_fitted_curve,demo-value,Demo Value,synthetic-provider,synthetic-v1,mid,TwinRouterBench-synthetic-demo,0.63,0_to_1,synthetic://phase2-interface-demo,aggregate_only,synthetic_low,"[{""difficulty"":0.0,""weight"":0.7103092783505155},{""difficulty"":0.3333333333333333,""weight"":0.06391752577319587},{""difficulty"":0.6666666666666666,""weight"":0.050515463917525774},{""difficulty"":1.0,""weight"":0.17525773195876287}]",0.63,0.6048,0.9783330744441143,2.35,0.8,4.5,0.6048,0.0,True,False,domain_shared_beta,low_aggregate_only,0.045,0.45,0.96,"difficulty in [0,1]; quality in [0,1]; beta > 0; monotone decreasing",0.45,0.4802185990314961,0.21698316722333166,0.6649701489659637
synthetic,benchmark_fitted_curve,demo-value,Demo Value,synthetic-provider,synthetic-v1,mid,TwinRouterBench-synthetic-demo,0.63,0_to_1,synthetic://phase2-interface-demo,aggregate_only,synthetic_low,"[{""difficulty"":0.0,""weight"":0.7103092783505155},{""difficulty"":0.3333333333333333,""weight"":0.06391752577319587},{""difficulty"":0.6666666666666666,""weight"":0.050515463917525774},{""difficulty"":1.0,""weight"":0.17525773195876287}]",0.63,0.6048,0.9783330744441143,2.35,0.8,4.5,0.6048,0.0,True,False,domain_shared_beta,low_aggregate_only,0.045,0.45,0.96,"difficulty in [0,1]; quality in [0,1]; beta > 0; monotone decreasing",0.46,0.4743557898828422,0.20943500622395525,0.6631855244061141
synthetic,benchmark_fitted_curve,demo-value,Demo Value,synthetic-provider,synthetic-v1,mid,TwinRouterBench-synthetic-demo,0.63,0_to_1,synthetic://phase2-interface-demo,aggregate_only,synthetic_low,"[{""difficulty"":0.0,""weight"":0.7103092783505155},{""difficulty"":0.3333333333333333,""weight"":0.06391752577319587},{""difficulty"":0.6666666666666666,""weight"":0.050515463917525774},{""difficulty"":1.0,""weight"":0.17525773195876287}]",0.63,0.6048,0.9783330744441143,2.35,0.8,4.5,0.6048,0.0,True,False,domain_shared_beta,low_aggregate_only,0.045,0.45,0.96,"difficulty in [0,1]; quality in [0,1]; beta > 0; monotone decreasing",0.47000000000000003,0.46850004246768434,0.2020816559403735,0.6613962341818823
synthetic,benchmark_fitted_curve,demo-value,Demo Value,synthetic-provider,synthetic-v1,mid,TwinRouterBench-synthetic-demo,0.63,0_to_1,synthetic://phase2-interface-demo,aggregate_only,synthetic_low,"[{""difficulty"":0.0,""weight"":0.7103092783505155},{""difficulty"":0.3333333333333333,""weight"":0.06391752577319587},{""difficulty"":0.6666666666666666,""weight"":0.050515463917525774},{""difficulty"":1.0,""weight"":0.17525773195876287}]",0.63,0.6048,0.9783330744441143,2.35,0.8,4.5,0.6048,0.0,True,False,domain_shared_beta,low_aggregate_only,0.045,0.45,0.96,"difficulty in [0,1]; quality in [0,1]; beta > 0; monotone decreasing",0.48,0.46265295766374037,0.1949228278194383,0.6596023174534575
synthetic,benchmark_fitted_curve,demo-value,Demo Value,synthetic-provider,synthetic-v1,mid,TwinRouterBench-synthetic-demo,0.63,0_to_1,synthetic://phase2-interface-demo,aggregate_only,synthetic_low,"[{""difficulty"":0.0,""weight"":0.7103092783505155},{""difficulty"":0.3333333333333333,""weight"":0.06391752577319587},{""difficulty"":0.6666666666666666,""weight"":0.050515463917525774},{""difficulty"":1.0,""weight"":0.17525773195876287}]",0.63,0.6048,0.9783330744441143,2.35,0.8,4.5,0.6048,0.0,True,False,domain_shared_beta,low_aggregate_only,0.045,0.45,0.96,"difficulty in [0,1]; quality in [0,1]; beta > 0; monotone decreasing",0.49,0.4568161268406559,0.18795786506298737,0.6578038138806531
synthetic,benchmark_fitted_curve,demo-value,Demo Value,synthetic-provider,synthetic-v1,mid,TwinRouterBench-synthetic-demo,0.63,0_to_1,synthetic://phase2-interface-demo,aggregate_only,synthetic_low,"[{""difficulty"":0.0,""weight"":0.7103092783505155},{""difficulty"":0.3333333333333333,""weight"":0.06391752577319587},{""difficulty"":0.6666666666666666,""weight"":0.050515463917525774},{""difficulty"":1.0,""weight"":0.17525773195876287}]",0.63,0.6048,0.9783330744441143,2.35,0.8,4.5,0.6048,0.0,True,False,domain_shared_beta,low_aggregate_only,0.045,0.45,0.96,"difficulty in [0,1]; quality in [0,1]; beta > 0; monotone decreasing",0.5,0.45099113014065356,0.18118576418212512,0.656000763620652
synthetic,benchmark_fitted_curve,demo-value,Demo Value,synthetic-provider,synthetic-v1,mid,TwinRouterBench-synthetic-demo,0.63,0_to_1,synthetic://phase2-interface-demo,aggregate_only,synthetic_low,"[{""difficulty"":0.0,""weight"":0.7103092783505155},{""difficulty"":0.3333333333333333,""weight"":0.06391752577319587},{""difficulty"":0.6666666666666666,""weight"":0.050515463917525774},{""difficulty"":1.0,""weight"":0.17525773195876287}]",0.63,0.6048,0.9783330744441143,2.35,0.8,4.5,0.6048,0.0,True,False,domain_shared_beta,low_aggregate_only,0.045,0.45,0.96,"difficulty in [0,1]; quality in [0,1]; beta > 0; monotone decreasing",0.51,0.44517953478521866,0.1746051969122245,0.6541932073256452
synthetic,benchmark_fitted_curve,demo-value,Demo Value,synthetic-provider,synthetic-v1,mid,TwinRouterBench-synthetic-demo,0.63,0_to_1,synthetic://phase2-interface-demo,aggregate_only,synthetic_low,"[{""difficulty"":0.0,""weight"":0.7103092783505155},{""difficulty"":0.3333333333333333,""weight"":0.06391752577319587},{""difficulty"":0.6666666666666666,""weight"":0.050515463917525774},{""difficulty"":1.0,""weight"":0.17525773195876287}]",0.63,0.6048,0.9783330744441143,2.35,0.8,4.5,0.6048,0.0,True,False,domain_shared_beta,low_aggregate_only,0.045,0.45,0.96,"difficulty in [0,1]; quality in [0,1]; beta > 0; monotone decreasing",0.52,0.4393828934116338,0.1682145323121362,0.6523811861403646
synthetic,benchmark_fitted_curve,demo-value,Demo Value,synthetic-provider,synthetic-v1,mid,TwinRouterBench-synthetic-demo,0.63,0_to_1,synthetic://phase2-interface-demo,aggregate_only,synthetic_low,"[{""difficulty"":0.0,""weight"":0.7103092783505155},{""difficulty"":0.3333333333333333,""weight"":0.06391752577319587},{""difficulty"":0.6666666666666666,""weight"":0.050515463917525774},{""difficulty"":1.0,""weight"":0.17525773195876287}]",0.63,0.6048,0.9783330744441143,2.35,0.8,4.5,0.6048,0.0,True,False,domain_shared_beta,low_aggregate_only,0.045,0.45,0.96,"difficulty in [0,1]; quality in [0,1]; beta > 0; monotone decreasing",0.53,0.43360274244305475,0.16201185888423966,0.6505647416995066
synthetic,benchmark_fitted_curve,demo-value,Demo Value,synthetic-provider,synthetic-v1,mid,TwinRouterBench-synthetic-demo,0.63,0_to_1,synthetic://phase2-interface-demo,aggregate_only,synthetic_low,"[{""difficulty"":0.0,""weight"":0.7103092783505155},{""difficulty"":0.3333333333333333,""weight"":0.06391752577319587},{""difficulty"":0.6666666666666666,""weight"":0.050515463917525774},{""difficulty"":1.0,""weight"":0.17525773195876287}]",0.63,0.6048,0.9783330744441143,2.35,0.8,4.5,0.6048,0.0,True,False,domain_shared_beta,low_aggregate_only,0.045,0.45,0.96,"difficulty in [0,1]; quality in [0,1]; beta > 0; monotone decreasing",0.54,0.42784060049568823,0.15599500656574447,0.6487439161250519
synthetic,benchmark_fitted_curve,demo-value,Demo Value,synthetic-provider,synthetic-v1,mid,TwinRouterBench-synthetic-demo,0.63,0_to_1,synthetic://phase2-interface-demo,aggregate_only,synthetic_low,"[{""difficulty"":0.0,""weight"":0.7103092783505155},{""difficulty"":0.3333333333333333,""weight"":0.06391752577319587},{""difficulty"":0.6666666666666666,""weight"":0.050515463917525774},{""difficulty"":1.0,""weight"":0.17525773195876287}]",0.63,0.6048,0.9783330744441143,2.35,0.8,4.5,0.6048,0.0,True,False,domain_shared_beta,low_aggregate_only,0.045,0.45,0.96,"difficulty in [0,1]; quality in [0,1]; beta > 0; monotone decreasing",0.55,0.4220979668264909,0.15016156845579257,0.6469187520234755
synthetic,benchmark_fitted_curve,demo-value,Demo Value,synthetic-provider,synthetic-v1,mid,TwinRouterBench-synthetic-demo,0.63,0_to_1,synthetic://phase2-interface-demo,aggregate_only,synthetic_low,"[{""difficulty"":0.0,""weight"":0.7103092783505155},{""difficulty"":0.3333333333333333,""weight"":0.06391752577319587},{""difficulty"":0.6666666666666666,""weight"":0.050515463917525774},{""difficulty"":1.0,""weight"":0.17525773195876287}]",0.63,0.6048,0.9783330744441143,2.35,0.8,4.5,0.6048,0.0,True,False,domain_shared_beta,low_aggregate_only,0.045,0.45,0.96,"difficulty in [0,1]; quality in [0,1]; beta > 0; monotone decreasing",0.56,0.4163763198246475,0.14450892215718542,0.645089292482851
synthetic,benchmark_fitted_curve,demo-value,Demo Value,synthetic-provider,synthetic-v1,mid,TwinRouterBench-synthetic-demo,0.63,0_to_1,synthetic://phase2-interface-demo,aggregate_only,synthetic_low,"[{""difficulty"":0.0,""weight"":0.7103092783505155},{""difficulty"":0.3333333333333333,""weight"":0.06391752577319587},{""difficulty"":0.6666666666666666,""weight"":0.050515463917525774},{""difficulty"":1.0,""weight"":0.17525773195876287}]",0.63,0.6048,0.9783330744441143,2.35,0.8,4.5,0.6048,0.0,True,False,domain_shared_beta,low_aggregate_only,0.045,0.45,0.96,"difficulty in [0,1]; quality in [0,1]; beta > 0; monotone decreasing",0.5700000000000001,0.4106771155499209,0.1390342506257505,0.6432555810698479
synthetic,benchmark_fitted_curve,demo-value,Demo Value,synthetic-provider,synthetic-v1,mid,TwinRouterBench-synthetic-demo,0.63,0_to_1,synthetic://phase2-interface-demo,aggregate_only,synthetic_low,"[{""difficulty"":0.0,""weight"":0.7103092783505155},{""difficulty"":0.3333333333333333,""weight"":0.06391752577319587},{""difficulty"":0.6666666666666666,""weight"":0.050515463917525774},{""difficulty"":1.0,""weight"":0.17525773195876287}]",0.63,0.6048,0.9783330744441143,2.35,0.8,4.5,0.6048,0.0,True,False,domain_shared_beta,low_aggregate_only,0.045,0.45,0.96,"difficulty in [0,1]; quality in [0,1]; beta > 0; monotone decreasing",0.58,0.40500178632078826,0.13373456243428672,0.6414176618266216
synthetic,benchmark_fitted_curve,demo-value,Demo Value,synthetic-provider,synthetic-v1,mid,TwinRouterBench-synthetic-demo,0.63,0_to_1,synthetic://phase2-interface-demo,aggregate_only,synthetic_low,"[{""difficulty"":0.0,""weight"":0.7103092783505155},{""difficulty"":0.3333333333333333,""weight"":0.06391752577319587},{""difficulty"":0.6666666666666666,""weight"":0.050515463917525774},{""difficulty"":1.0,""weight"":0.17525773195876287}]",0.63,0.6048,0.9783330744441143,2.35,0.8,4.5,0.6048,0.0,True,False,domain_shared_beta,low_aggregate_only,0.045,0.45,0.96,"difficulty in [0,1]; quality in [0,1]; beta > 0; monotone decreasing",0.59,0.39935173935508766,0.12860671137153165,0.6395755792675963
synthetic,benchmark_fitted_curve,demo-value,Demo Value,synthetic-provider,synthetic-v1,mid,TwinRouterBench-synthetic-demo,0.63,0_to_1,synthetic://phase2-interface-demo,aggregate_only,synthetic_low,"[{""difficulty"":0.0,""weight"":0.7103092783505155},{""difficulty"":0.3333333333333333,""weight"":0.06391752577319587},{""difficulty"":0.6666666666666666,""weight"":0.050515463917525774},{""difficulty"":1.0,""weight"":0.17525773195876287}]",0.63,0.6048,0.9783330744441143,2.35,0.8,4.5,0.6048,0.0,True,False,domain_shared_beta,low_aggregate_only,0.045,0.45,0.96,"difficulty in [0,1]; quality in [0,1]; beta > 0; monotone decreasing",0.6,0.39372835546570734,0.1236474153095394,0.6377293783761427
synthetic,benchmark_fitted_curve,demo-value,Demo Value,synthetic-provider,synthetic-v1,mid,TwinRouterBench-synthetic-demo,0.63,0_to_1,synthetic://phase2-interface-demo,aggregate_only,synthetic_low,"[{""difficulty"":0.0,""weight"":0.7103092783505155},{""difficulty"":0.3333333333333333,""weight"":0.06391752577319587},{""difficulty"":0.6666666666666666,""weight"":0.050515463917525774},{""difficulty"":1.0,""weight"":0.17525773195876287}]",0.63,0.6048,0.9783330744441143,2.35,0.8,4.5,0.6048,0.0,True,False,domain_shared_beta,low_aggregate_only,0.045,0.45,0.96,"difficulty in [0,1]; quality in [0,1]; beta > 0; monotone decreasing",0.61,0.38813298781364275,0.11885327428514357,0.6358791046011472
synthetic,benchmark_fitted_curve,demo-value,Demo Value,synthetic-provider,synthetic-v1,mid,TwinRouterBench-synthetic-demo,0.63,0_to_1,synthetic://phase2-interface-demo,aggregate_only,synthetic_low,"[{""difficulty"":0.0,""weight"":0.7103092783505155},{""difficulty"":0.3333333333333333,""weight"":0.06391752577319587},{""difficulty"":0.6666666666666666,""weight"":0.050515463917525774},{""difficulty"":1.0,""weight"":0.17525773195876287}]",0.63,0.6048,0.9783330744441143,2.35,0.8,4.5,0.6048,0.0,True,False,domain_shared_beta,low_aggregate_only,0.045,0.45,0.96,"difficulty in [0,1]; quality in [0,1]; beta > 0; monotone decreasing",0.62,0.38256696072053986,0.1142207877527245,0.6340248038534763
synthetic,benchmark_fitted_curve,demo-value,Demo Value,synthetic-provider,synthetic-v1,mid,TwinRouterBench-synthetic-demo,0.63,0_to_1,synthetic://phase2-interface-demo,aggregate_only,synthetic_low,"[{""difficulty"":0.0,""weight"":0.7103092783505155},{""difficulty"":0.3333333333333333,""weight"":0.06391752577319587},{""difficulty"":0.6666666666666666,""weight"":0.050515463917525774},{""difficulty"":1.0,""weight"":0.17525773195876287}]",0.63,0.6048,0.9783330744441143,2.35,0.8,4.5,0.6048,0.0,True,False,domain_shared_beta,low_aggregate_only,0.045,0.45,0.96,"difficulty in [0,1]; quality in [0,1]; beta > 0; monotone decreasing",0.63,0.37703156854263054,0.1097463709762378,0.6321665225023345
synthetic,benchmark_fitted_curve,demo-value,Demo Value,synthetic-provider,synthetic-v1,mid,TwinRouterBench-synthetic-demo,0.63,0_to_1,synthetic://phase2-interface-demo,aggregate_only,synthetic_low,"[{""difficulty"":0.0,""weight"":0.7103092783505155},{""difficulty"":0.3333333333333333,""weight"":0.06391752577319587},{""difficulty"":0.6666666666666666,""weight"":0.050515463917525774},{""difficulty"":1.0,""weight"":0.17525773195876287}]",0.63,0.6048,0.9783330744441143,2.35,0.8,4.5,0.6048,0.0,True,False,domain_shared_beta,low_aggregate_only,0.045,0.45,0.96,"difficulty in [0,1]; quality in [0,1]; beta > 0; monotone decreasing",0.64,0.37152807460774373,0.10542637053836082,0.6303043073715169
synthetic,benchmark_fitted_curve,demo-value,Demo Value,synthetic-provider,synthetic-v1,mid,TwinRouterBench-synthetic-demo,0.63,0_to_1,synthetic://phase2-interface-demo,aggregate_only,synthetic_low,"[{""difficulty"":0.0,""weight"":0.7103092783505155},{""difficulty"":0.3333333333333333,""weight"":0.06391752577319587},{""difficulty"":0.6666666666666666,""weight"":0.050515463917525774},{""difficulty"":1.0,""weight"":0.17525773195876287}]",0.63,0.6048,0.9783330744441143,2.35,0.8,4.5,0.6048,0.0,True,False,domain_shared_beta,low_aggregate_only,0.045,0.45,0.96,"difficulty in [0,1]; quality in [0,1]; beta > 0; monotone decreasing",0.65,0.3660577102168618,0.10125707895364423,0.6284382057355556
synthetic,benchmark_fitted_curve,demo-value,Demo Value,synthetic-provider,synthetic-v1,mid,TwinRouterBench-synthetic-demo,0.63,0_to_1,synthetic://phase2-interface-demo,aggregate_only,synthetic_low,"[{""difficulty"":0.0,""weight"":0.7103092783505155},{""difficulty"":0.3333333333333333,""weight"":0.06391752577319587},{""difficulty"":0.6666666666666666,""weight"":0.050515463917525774},{""difficulty"":1.0,""weight"":0.17525773195876287}]",0.63,0.6048,0.9783330744441143,2.35,0.8,4.5,0.6048,0.0,True,False,domain_shared_beta,low_aggregate_only,0.045,0.45,0.96,"difficulty in [0,1]; quality in [0,1]; beta > 0; monotone decreasing",0.66,0.3606216737114661,0.09723474838071998,0.6265682653157624
synthetic,benchmark_fitted_curve,demo-value,Demo Value,synthetic-provider,synthetic-v1,mid,TwinRouterBench-synthetic-demo,0.63,0_to_1,synthetic://phase2-interface-demo,aggregate_only,synthetic_low,"[{""difficulty"":0.0,""weight"":0.7103092783505155},{""difficulty"":0.3333333333333333,""weight"":0.06391752577319587},{""difficulty"":0.6666666666666666,""weight"":0.050515463917525774},{""difficulty"":1.0,""weight"":0.17525773195876287}]",0.63,0.6048,0.9783330744441143,2.35,0.8,4.5,0.6048,0.0,True,False,domain_shared_beta,low_aggregate_only,0.045,0.45,0.96,"difficulty in [0,1]; quality in [0,1]; beta > 0; monotone decreasing",0.67,0.3552211296076934,0.09335560343591426,0.6246945342761654
synthetic,benchmark_fitted_curve,demo-value,Demo Value,synthetic-provider,synthetic-v1,mid,TwinRouterBench-synthetic-demo,0.63,0_to_1,synthetic://phase2-interface-demo,aggregate_only,synthetic_low,"[{""difficulty"":0.0,""weight"":0.7103092783505155},{""difficulty"":0.3333333333333333,""weight"":0.06391752577319587},{""difficulty"":0.6666666666666666,""weight"":0.050515463917525774},{""difficulty"":1.0,""weight"":0.17525773195876287}]",0.63,0.6048,0.9783330744441143,2.35,0.8,4.5,0.6048,0.0,True,False,domain_shared_beta,low_aggregate_only,0.045,0.45,0.96,"difficulty in [0,1]; quality in [0,1]; beta > 0; monotone decreasing",0.68,0.3498572077981076,0.08961585311707292,0.6228170612193435
synthetic,benchmark_fitted_curve,demo-value,Demo Value,synthetic-provider,synthetic-v1,mid,TwinRouterBench-synthetic-demo,0.63,0_to_1,synthetic://phase2-interface-demo,aggregate_only,synthetic_low,"[{""difficulty"":0.0,""weight"":0.7103092783505155},{""difficulty"":0.3333333333333333,""weight"":0.06391752577319587},{""difficulty"":0.6666666666666666,""weight"":0.050515463917525774},{""difficulty"":1.0,""weight"":0.17525773195876287}]",0.63,0.6048,0.9783330744441143,2.35,0.8,4.5,0.6048,0.0,True,False,domain_shared_beta,low_aggregate_only,0.045,0.45,0.96,"difficulty in [0,1]; quality in [0,1]; beta > 0; monotone decreasing",0.6900000000000001,0.3445310028216668,0.08601170185204644,0.6209358951821561
synthetic,benchmark_fitted_curve,demo-value,Demo Value,synthetic-provider,synthetic-v1,mid,TwinRouterBench-synthetic-demo,0.63,0_to_1,synthetic://phase2-interface-demo,aggregate_only,synthetic_low,"[{""difficulty"":0.0,""weight"":0.7103092783505155},{""difficulty"":0.3333333333333333,""weight"":0.06391752577319587},{""difficulty"":0.6666666666666666,""weight"":0.050515463917525774},{""difficulty"":1.0,""weight"":0.17525773195876287}]",0.63,0.6048,0.9783330744441143,2.35,0.8,4.5,0.6048,0.0,True,False,domain_shared_beta,low_aggregate_only,0.045,0.45,0.96,"difficulty in [0,1]; quality in [0,1]; beta > 0; monotone decreasing",0.7000000000000001,0.33924357320225357,0.08253935969114576,0.6190510856313689
synthetic,benchmark_fitted_curve,demo-value,Demo Value,synthetic-provider,synthetic-v1,mid,TwinRouterBench-synthetic-demo,0.63,0_to_1,synthetic://phase2-interface-demo,aggregate_only,synthetic_low,"[{""difficulty"":0.0,""weight"":0.7103092783505155},{""difficulty"":0.3333333333333333,""weight"":0.06391752577319587},{""difficulty"":0.6666666666666666,""weight"":0.050515463917525774},{""difficulty"":1.0,""weight"":0.17525773195876287}]",0.63,0.6048,0.9783330744441143,2.35,0.8,4.5,0.6048,0.0,True,False,domain_shared_beta,low_aggregate_only,0.045,0.45,0.96,"difficulty in [0,1]; quality in [0,1]; beta > 0; monotone decreasing",0.71,0.33399594085591966,0.07919505166700899,0.6171626824591797
synthetic,benchmark_fitted_curve,demo-value,Demo Value,synthetic-provider,synthetic-v1,mid,TwinRouterBench-synthetic-demo,0.63,0_to_1,synthetic://phase2-interface-demo,aggregate_only,synthetic_low,"[{""difficulty"":0.0,""weight"":0.7103092783505155},{""difficulty"":0.3333333333333333,""weight"":0.06391752577319587},{""difficulty"":0.6666666666666666,""weight"":0.050515463917525774},{""difficulty"":1.0,""weight"":0.17525773195876287}]",0.63,0.6048,0.9783330744441143,2.35,0.8,4.5,0.6048,0.0,True,False,domain_shared_beta,low_aggregate_only,0.045,0.45,0.96,"difficulty in [0,1]; quality in [0,1]; beta > 0; monotone decreasing",0.72,0.3287890905667916,0.07597502634875769,0.6152707359786407
synthetic,benchmark_fitted_curve,demo-value,Demo Value,synthetic-provider,synthetic-v1,mid,TwinRouterBench-synthetic-demo,0.63,0_to_1,synthetic://phase2-interface-demo,aggregate_only,synthetic_low,"[{""difficulty"":0.0,""weight"":0.7103092783505155},{""difficulty"":0.3333333333333333,""weight"":0.06391752577319587},{""difficulty"":0.6666666666666666,""weight"":0.050515463917525774},{""difficulty"":1.0,""weight"":0.17525773195876287}]",0.63,0.6048,0.9783330744441143,2.35,0.8,4.5,0.6048,0.0,True,False,domain_shared_beta,low_aggregate_only,0.045,0.45,0.96,"difficulty in [0,1]; quality in [0,1]; beta > 0; monotone decreasing",0.73,0.32362396953137873,0.07287556362012168,0.6133752969189793
synthetic,benchmark_fitted_curve,demo-value,Demo Value,synthetic-provider,synthetic-v1,mid,TwinRouterBench-synthetic-demo,0.63,0_to_1,synthetic://phase2-interface-demo,aggregate_only,synthetic_low,"[{""difficulty"":0.0,""weight"":0.7103092783505155},{""difficulty"":0.3333333333333333,""weight"":0.06391752577319587},{""difficulty"":0.6666666666666666,""weight"":0.050515463917525774},{""difficulty"":1.0,""weight"":0.17525773195876287}]",0.63,0.6048,0.9783330744441143,2.35,0.8,4.5,0.6048,0.0,True,False,domain_shared_beta,low_aggregate_only,0.045,0.45,0.96,"difficulty in [0,1]; quality in [0,1]; beta > 0; monotone decreasing",0.74,0.31850148697083014,0.0698929817134233,0.6114764164208206
synthetic,benchmark_fitted_curve,demo-value,Demo Value,synthetic-provider,synthetic-v1,mid,TwinRouterBench-synthetic-demo,0.63,0_to_1,synthetic://phase2-interface-demo,aggregate_only,synthetic_low,"[{""difficulty"":0.0,""weight"":0.7103092783505155},{""difficulty"":0.3333333333333333,""weight"":0.06391752577319587},{""difficulty"":0.6666666666666666,""weight"":0.050515463917525774},{""difficulty"":1.0,""weight"":0.17525773195876287}]",0.63,0.6048,0.9783330744441143,2.35,0.8,4.5,0.6048,0.0,True,False,domain_shared_beta,low_aggregate_only,0.045,0.45,0.96,"difficulty in [0,1]; quality in [0,1]; beta > 0; monotone decreasing",0.75,0.3134225138104968,0.06702364353298783,0.6095741460313073
synthetic,benchmark_fitted_curve,demo-value,Demo Value,synthetic-provider,synthetic-v1,mid,TwinRouterBench-synthetic-demo,0.63,0_to_1,synthetic://phase2-interface-demo,aggregate_only,synthetic_low,"[{""difficulty"":0.0,""weight"":0.7103092783505155},{""difficulty"":0.3333333333333333,""weight"":0.06391752577319587},{""difficulty"":0.6666666666666666,""weight"":0.050515463917525774},{""difficulty"":1.0,""weight"":0.17525773195876287}]",0.63,0.6048,0.9783330744441143,2.35,0.8,4.5,0.6048,0.0,True,False,domain_shared_beta,low_aggregate_only,0.045,0.45,0.96,"difficulty in [0,1]; quality in [0,1]; beta > 0; monotone decreasing",0.76,0.3083878824259757,0.06426396230273794,0.6076685376991235
synthetic,benchmark_fitted_curve,demo-value,Demo Value,synthetic-provider,synthetic-v1,mid,TwinRouterBench-synthetic-demo,0.63,0_to_1,synthetic://phase2-interface-demo,aggregate_only,synthetic_low,"[{""difficulty"":0.0,""weight"":0.7103092783505155},{""difficulty"":0.3333333333333333,""weight"":0.06391752577319587},{""difficulty"":0.6666666666666666,""weight"":0.050515463917525774},{""difficulty"":1.0,""weight"":0.17525773195876287}]",0.63,0.6048,0.9783330744441143,2.35,0.8,4.5,0.6048,0.0,True,False,domain_shared_beta,low_aggregate_only,0.045,0.45,0.96,"difficulty in [0,1]; quality in [0,1]; beta > 0; monotone decreasing",0.77,0.30339838645463735,0.061610406573487375,0.6057596437694182
synthetic,benchmark_fitted_curve,demo-value,Demo Value,synthetic-provider,synthetic-v1,mid,TwinRouterBench-synthetic-demo,0.63,0_to_1,synthetic://phase2-interface-demo,aggregate_only,synthetic_low,"[{""difficulty"":0.0,""weight"":0.7103092783505155},{""difficulty"":0.3333333333333333,""weight"":0.06391752577319587},{""difficulty"":0.6666666666666666,""weight"":0.050515463917525774},{""difficulty"":1.0,""weight"":0.17525773195876287}]",0.63,0.6048,0.9783330744441143,2.35,0.8,4.5,0.6048,0.0,True,False,domain_shared_beta,low_aggregate_only,0.045,0.45,0.96,"difficulty in [0,1]; quality in [0,1]; beta > 0; monotone decreasing",0.78,0.2984547806714762,0.05905950462582023,0.6038475169786328
synthetic,benchmark_fitted_curve,demo-value,Demo Value,synthetic-provider,synthetic-v1,mid,TwinRouterBench-synthetic-demo,0.63,0_to_1,synthetic://phase2-interface-demo,aggregate_only,synthetic_low,"[{""difficulty"":0.0,""weight"":0.7103092783505155},{""difficulty"":0.3333333333333333,""weight"":0.06391752577319587},{""difficulty"":0.6666666666666666,""weight"":0.050515463917525774},{""difficulty"":1.0,""weight"":0.17525773195876287}]",0.63,0.6048,0.9783330744441143,2.35,0.8,4.5,0.6048,0.0,True,False,domain_shared_beta,low_aggregate_only,0.045,0.45,0.96,"difficulty in [0,1]; quality in [0,1]; beta > 0; monotone decreasing",0.79,0.2935577809279671,0.05660784830447633,0.6019322104492324
synthetic,benchmark_fitted_curve,demo-value,Demo Value,synthetic-provider,synthetic-v1,mid,TwinRouterBench-synthetic-demo,0.63,0_to_1,synthetic://phase2-interface-demo,aggregate_only,synthetic_low,"[{""difficulty"":0.0,""weight"":0.7103092783505155},{""difficulty"":0.3333333333333333,""weight"":0.06391752577319587},{""difficulty"":0.6666666666666666,""weight"":0.050515463917525774},{""difficulty"":1.0,""weight"":0.17525773195876287}]",0.63,0.6048,0.9783330744441143,2.35,0.8,4.5,0.6048,0.0,True,False,domain_shared_beta,low_aggregate_only,0.045,0.45,0.96,"difficulty in [0,1]; quality in [0,1]; beta > 0; monotone decreasing",0.8,0.2887080641524675,0.054252096319899634,0.6000137776843408
synthetic,benchmark_fitted_curve,demo-value,Demo Value,synthetic-provider,synthetic-v1,mid,TwinRouterBench-synthetic-demo,0.63,0_to_1,synthetic://phase2-interface-demo,aggregate_only,synthetic_low,"[{""difficulty"":0.0,""weight"":0.7103092783505155},{""difficulty"":0.3333333333333333,""weight"":0.06391752577319587},{""difficulty"":0.6666666666666666,""weight"":0.050515463917525774},{""difficulty"":1.0,""weight"":0.17525773195876287}]",0.63,0.6048,0.9783330744441143,2.35,0.8,4.5,0.6048,0.0,True,False,domain_shared_beta,low_aggregate_only,0.045,0.45,0.96,"difficulty in [0,1]; quality in [0,1]; beta > 0; monotone decreasing",0.81,0.28390626841056826,0.0519889770520948,0.598092272562282
synthetic,benchmark_fitted_curve,demo-value,Demo Value,synthetic-provider,synthetic-v1,mid,TwinRouterBench-synthetic-demo,0.63,0_to_1,synthetic://phase2-interface-demo,aggregate_only,synthetic_low,"[{""difficulty"":0.0,""weight"":0.7103092783505155},{""difficulty"":0.3333333333333333,""weight"":0.06391752577319587},{""difficulty"":0.6666666666666666,""weight"":0.050515463917525774},{""difficulty"":1.0,""weight"":0.17525773195876287}]",0.63,0.6048,0.9783330744441143,2.35,0.8,4.5,0.6048,0.0,True,False,domain_shared_beta,low_aggregate_only,0.045,0.45,0.96,"difficulty in [0,1]; quality in [0,1]; beta > 0; monotone decreasing",0.8200000000000001,0.2791529930236742,0.04981529089120536,0.5961677493310276
synthetic,benchmark_fitted_curve,demo-value,Demo Value,synthetic-provider,synthetic-v1,mid,TwinRouterBench-synthetic-demo,0.63,0_to_1,synthetic://phase2-interface-demo,aggregate_only,synthetic_low,"[{""difficulty"":0.0,""weight"":0.7103092783505155},{""difficulty"":0.3333333333333333,""weight"":0.06391752577319587},{""difficulty"":0.6666666666666666,""weight"":0.050515463917525774},{""difficulty"":1.0,""weight"":0.17525773195876287}]",0.63,0.6048,0.9783330744441143,2.35,0.8,4.5,0.6048,0.0,True,False,domain_shared_beta,low_aggregate_only,0.045,0.45,0.96,"difficulty in [0,1]; quality in [0,1]; beta > 0; monotone decreasing",0.8300000000000001,0.2744487987439792,0.04772791214831964,0.5942402626025527
synthetic,benchmark_fitted_curve,demo-value,Demo Value,synthetic-provider,synthetic-v1,mid,TwinRouterBench-synthetic-demo,0.63,0_to_1,synthetic://phase2-interface-demo,aggregate_only,synthetic_low,"[{""difficulty"":0.0,""weight"":0.7103092783505155},{""difficulty"":0.3333333333333333,""weight"":0.06391752577319587},{""difficulty"":0.6666666666666666,""weight"":0.050515463917525774},{""difficulty"":1.0,""weight"":0.17525773195876287}]",0.63,0.6048,0.9783330744441143,2.35,0.8,4.5,0.6048,0.0,True,False,domain_shared_beta,low_aggregate_only,0.045,0.45,0.96,"difficulty in [0,1]; quality in [0,1]; beta > 0; monotone decreasing",0.84,0.26979420798389847,0.04572379056895528,0.5923098673470998
synthetic,benchmark_fitted_curve,demo-value,Demo Value,synthetic-provider,synthetic-v1,mid,TwinRouterBench-synthetic-demo,0.63,0_to_1,synthetic://phase2-interface-demo,aggregate_only,synthetic_low,"[{""difficulty"":0.0,""weight"":0.7103092783505155},{""difficulty"":0.3333333333333333,""weight"":0.06391752577319587},{""difficulty"":0.6666666666666666,""weight"":0.050515463917525774},{""difficulty"":1.0,""weight"":0.17525773195876287}]",0.63,0.6048,0.9783330744441143,2.35,0.8,4.5,0.6048,0.0,True,False,domain_shared_beta,low_aggregate_only,0.045,0.45,0.96,"difficulty in [0,1]; quality in [0,1]; beta > 0; monotone decreasing",0.85,0.26518970509792744,0.04379995248050031,0.5903766188873535
synthetic,benchmark_fitted_curve,demo-value,Demo Value,synthetic-provider,synthetic-v1,mid,TwinRouterBench-synthetic-demo,0.63,0_to_1,synthetic://phase2-interface-demo,aggregate_only,synthetic_low,"[{""difficulty"":0.0,""weight"":0.7103092783505155},{""difficulty"":0.3333333333333333,""weight"":0.06391752577319587},{""difficulty"":0.6666666666666666,""weight"":0.050515463917525774},{""difficulty"":1.0,""weight"":0.17525773195876287}]",0.63,0.6048,0.9783330744441143,2.35,0.8,4.5,0.6048,0.0,True,False,domain_shared_beta,low_aggregate_only,0.045,0.45,0.96,"difficulty in [0,1]; quality in [0,1]; beta > 0; monotone decreasing",0.86,0.2606357367148172,0.04195350160362567,0.588440572892525
synthetic,benchmark_fitted_curve,demo-value,Demo Value,synthetic-provider,synthetic-v1,mid,TwinRouterBench-synthetic-demo,0.63,0_to_1,synthetic://phase2-interface-demo,aggregate_only,synthetic_low,"[{""difficulty"":0.0,""weight"":0.7103092783505155},{""difficulty"":0.3333333333333333,""weight"":0.06391752577319587},{""difficulty"":0.6666666666666666,""weight"":0.050515463917525774},{""difficulty"":1.0,""weight"":0.17525773195876287}]",0.63,0.6048,0.9783330744441143,2.35,0.8,4.5,0.6048,0.0,True,False,domain_shared_beta,low_aggregate_only,0.045,0.45,0.96,"difficulty in [0,1]; quality in [0,1]; beta > 0; monotone decreasing",0.87,0.25613271211788086,0.0401816195563529,0.5865017853723505
synthetic,benchmark_fitted_curve,demo-value,Demo Value,synthetic-provider,synthetic-v1,mid,TwinRouterBench-synthetic-demo,0.63,0_to_1,synthetic://phase2-interface-demo,aggregate_only,synthetic_low,"[{""difficulty"":0.0,""weight"":0.7103092783505155},{""difficulty"":0.3333333333333333,""weight"":0.06391752577319587},{""difficulty"":0.6666666666666666,""weight"":0.050515463917525774},{""difficulty"":1.0,""weight"":0.17525773195876287}]",0.63,0.6048,0.9783330744441143,2.35,0.8,4.5,0.6048,0.0,True,False,domain_shared_beta,low_aggregate_only,0.045,0.45,0.96,"difficulty in [0,1]; quality in [0,1]; beta > 0; monotone decreasing",0.88,0.2516810036711891,0.03848156607808437,0.5845603126710021
synthetic,benchmark_fitted_curve,demo-value,Demo Value,synthetic-provider,synthetic-v1,mid,TwinRouterBench-synthetic-demo,0.63,0_to_1,synthetic://phase2-interface-demo,aggregate_only,synthetic_low,"[{""difficulty"":0.0,""weight"":0.7103092783505155},{""difficulty"":0.3333333333333333,""weight"":0.06391752577319587},{""difficulty"":0.6666666666666666,""weight"":0.050515463917525774},{""difficulty"":1.0,""weight"":0.17525773195876287}]",0.63,0.6048,0.9783330744441143,2.35,0.8,4.5,0.6048,0.0,True,False,domain_shared_beta,low_aggregate_only,0.045,0.45,0.96,"difficulty in [0,1]; quality in [0,1]; beta > 0; monotone decreasing",0.89,0.24728094728936026,0.036850678999497684,0.5826162114609135
synthetic,benchmark_fitted_curve,demo-value,Demo Value,synthetic-provider,synthetic-v1,mid,TwinRouterBench-synthetic-demo,0.63,0_to_1,synthetic://phase2-interface-demo,aggregate_only,synthetic_low,"[{""difficulty"":0.0,""weight"":0.7103092783505155},{""difficulty"":0.3333333333333333,""weight"":0.06391752577319587},{""difficulty"":0.6666666666666666,""weight"":0.050515463917525774},{""difficulty"":1.0,""weight"":0.17525773195876287}]",0.63,0.6048,0.9783330744441143,2.35,0.8,4.5,0.6048,0.0,True,False,domain_shared_beta,low_aggregate_only,0.045,0.45,0.96,"difficulty in [0,1]; quality in [0,1]; beta > 0; monotone decreasing",0.9,0.24293284294861012,0.03528637398279032,0.5806695387365225
synthetic,benchmark_fitted_curve,demo-value,Demo Value,synthetic-provider,synthetic-v1,mid,TwinRouterBench-synthetic-demo,0.63,0_to_1,synthetic://phase2-interface-demo,aggregate_only,synthetic_low,"[{""difficulty"":0.0,""weight"":0.7103092783505155},{""difficulty"":0.3333333333333333,""weight"":0.06391752577319587},{""difficulty"":0.6666666666666666,""weight"":0.050515463917525774},{""difficulty"":1.0,""weight"":0.17525773195876287}]",0.63,0.6048,0.9783330744441143,2.35,0.8,4.5,0.6048,0.0,True,False,domain_shared_beta,low_aggregate_only,0.045,0.45,0.96,"difficulty in [0,1]; quality in [0,1]; beta > 0; monotone decreasing",0.91,0.23863695523669948,0.033786144055344476,0.5787203518079312
synthetic,benchmark_fitted_curve,demo-value,Demo Value,synthetic-provider,synthetic-v1,mid,TwinRouterBench-synthetic-demo,0.63,0_to_1,synthetic://phase2-interface-demo,aggregate_only,synthetic_low,"[{""difficulty"":0.0,""weight"":0.7103092783505155},{""difficulty"":0.3333333333333333,""weight"":0.06391752577319587},{""difficulty"":0.6666666666666666,""weight"":0.050515463917525774},{""difficulty"":1.0,""weight"":0.17525773195876287}]",0.63,0.6048,0.9783330744441143,2.35,0.8,4.5,0.6048,0.0,True,False,domain_shared_beta,low_aggregate_only,0.045,0.45,0.96,"difficulty in [0,1]; quality in [0,1]; beta > 0; monotone decreasing",0.92,0.23439351393939026,0.032347558958482105,0.5767687082944838
synthetic,benchmark_fitted_curve,demo-value,Demo Value,synthetic-provider,synthetic-v1,mid,TwinRouterBench-synthetic-demo,0.63,0_to_1,synthetic://phase2-interface-demo,aggregate_only,synthetic_low,"[{""difficulty"":0.0,""weight"":0.7103092783505155},{""difficulty"":0.3333333333333333,""weight"":0.06391752577319587},{""difficulty"":0.6666666666666666,""weight"":0.050515463917525774},{""difficulty"":1.0,""weight"":0.17525773195876287}]",0.63,0.6048,0.9783330744441143,2.35,0.8,4.5,0.6048,0.0,True,False,domain_shared_beta,low_aggregate_only,0.045,0.45,0.96,"difficulty in [0,1]; quality in [0,1]; beta > 0; monotone decreasing",0.93,0.2302027146610183,0.03096826433160223,0.574814666118266
synthetic,benchmark_fitted_curve,demo-value,Demo Value,synthetic-provider,synthetic-v1,mid,TwinRouterBench-synthetic-demo,0.63,0_to_1,synthetic://phase2-interface-demo,aggregate_only,synthetic_low,"[{""difficulty"":0.0,""weight"":0.7103092783505155},{""difficulty"":0.3333333333333333,""weight"":0.06391752577319587},{""difficulty"":0.6666666666666666,""weight"":0.050515463917525774},{""difficulty"":1.0,""weight"":0.17525773195876287}]",0.63,0.6048,0.9783330744441143,2.35,0.8,4.5,0.6048,0.0,True,False,domain_shared_beta,low_aggregate_only,0.045,0.45,0.96,"difficulty in [0,1]; quality in [0,1]; beta > 0; monotone decreasing",0.9400000000000001,0.22606471947678014,0.029645980750646964,0.5728582834975261
synthetic,benchmark_fitted_curve,demo-value,Demo Value,synthetic-provider,synthetic-v1,mid,TwinRouterBench-synthetic-demo,0.63,0_to_1,synthetic://phase2-interface-demo,aggregate_only,synthetic_low,"[{""difficulty"":0.0,""weight"":0.7103092783505155},{""difficulty"":0.3333333333333333,""weight"":0.06391752577319587},{""difficulty"":0.6666666666666666,""weight"":0.050515463917525774},{""difficulty"":1.0,""weight"":0.17525773195876287}]",0.63,0.6048,0.9783330744441143,2.35,0.8,4.5,0.6048,0.0,True,False,domain_shared_beta,low_aggregate_only,0.045,0.45,0.96,"difficulty in [0,1]; quality in [0,1]; beta > 0; monotone decreasing",0.9500000000000001,0.2219796576143414,0.028378502638536363,0.5708996189400187
synthetic,benchmark_fitted_curve,demo-value,Demo Value,synthetic-provider,synthetic-v1,mid,TwinRouterBench-synthetic-demo,0.63,0_to_1,synthetic://phase2-interface-demo,aggregate_only,synthetic_low,"[{""difficulty"":0.0,""weight"":0.7103092783505155},{""difficulty"":0.3333333333333333,""weight"":0.06391752577319587},{""difficulty"":0.6666666666666666,""weight"":0.050515463917525774},{""difficulty"":1.0,""weight"":0.17525773195876287}]",0.63,0.6048,0.9783330744441143,2.35,0.8,4.5,0.6048,0.0,True,False,domain_shared_beta,low_aggregate_only,0.045,0.45,0.96,"difficulty in [0,1]; quality in [0,1]; beta > 0; monotone decreasing",0.96,0.21794762616238908,0.027163697063948875,0.5689387312362743
synthetic,benchmark_fitted_curve,demo-value,Demo Value,synthetic-provider,synthetic-v1,mid,TwinRouterBench-synthetic-demo,0.63,0_to_1,synthetic://phase2-interface-demo,aggregate_only,synthetic_low,"[{""difficulty"":0.0,""weight"":0.7103092783505155},{""difficulty"":0.3333333333333333,""weight"":0.06391752577319587},{""difficulty"":0.6666666666666666,""weight"":0.050515463917525774},{""difficulty"":1.0,""weight"":0.17525773195876287}]",0.63,0.6048,0.9783330744441143,2.35,0.8,4.5,0.6048,0.0,True,False,domain_shared_beta,low_aggregate_only,0.045,0.45,0.96,"difficulty in [0,1]; quality in [0,1]; beta > 0; monotone decreasing",0.97,0.21396869080376554,0.025999502443609483,0.5669756794527938
synthetic,benchmark_fitted_curve,demo-value,Demo Value,synthetic-provider,synthetic-v1,mid,TwinRouterBench-synthetic-demo,0.63,0_to_1,synthetic://phase2-interface-demo,aggregate_only,synthetic_low,"[{""difficulty"":0.0,""weight"":0.7103092783505155},{""difficulty"":0.3333333333333333,""weight"":0.06391752577319587},{""difficulty"":0.6666666666666666,""weight"":0.050515463917525774},{""difficulty"":1.0,""weight"":0.17525773195876287}]",0.63,0.6048,0.9783330744441143,2.35,0.8,4.5,0.6048,0.0,True,False,domain_shared_beta,low_aggregate_only,0.045,0.45,0.96,"difficulty in [0,1]; quality in [0,1]; beta > 0; monotone decreasing",0.98,0.2100428865708601,0.02488392716208446,0.5650105229251734
synthetic,benchmark_fitted_curve,demo-value,Demo Value,synthetic-provider,synthetic-v1,mid,TwinRouterBench-synthetic-demo,0.63,0_to_1,synthetic://phase2-interface-demo,aggregate_only,synthetic_low,"[{""difficulty"":0.0,""weight"":0.7103092783505155},{""difficulty"":0.3333333333333333,""weight"":0.06391752577319587},{""difficulty"":0.6666666666666666,""weight"":0.050515463917525774},{""difficulty"":1.0,""weight"":0.17525773195876287}]",0.63,0.6048,0.9783330744441143,2.35,0.8,4.5,0.6048,0.0,True,False,domain_shared_beta,low_aggregate_only,0.045,0.45,0.96,"difficulty in [0,1]; quality in [0,1]; beta > 0; monotone decreasing",0.99,0.20617021862095822,0.02381504812197121,0.5630433212511563
synthetic,benchmark_fitted_curve,demo-value,Demo Value,synthetic-provider,synthetic-v1,mid,TwinRouterBench-synthetic-demo,0.63,0_to_1,synthetic://phase2-interface-demo,aggregate_only,synthetic_low,"[{""difficulty"":0.0,""weight"":0.7103092783505155},{""difficulty"":0.3333333333333333,""weight"":0.06391752577319587},{""difficulty"":0.6666666666666666,""weight"":0.050515463917525774},{""difficulty"":1.0,""weight"":0.17525773195876287}]",0.63,0.6048,0.9783330744441143,2.35,0.8,4.5,0.6048,0.0,True,False,domain_shared_beta,low_aggregate_only,0.045,0.45,0.96,"difficulty in [0,1]; quality in [0,1]; beta > 0; monotone decreasing",1.0,0.20235066302930002,0.02279100923631675,0.5610741342836179
synthetic,benchmark_fitted_curve,demo-premium,Demo Premium,synthetic-provider,synthetic-v1,mid_high,TwinRouterBench-synthetic-demo,0.76,0_to_1,synthetic://phase2-interface-demo,stratified_synthetic,synthetic_medium,"[{""difficulty"":0.0,""weight"":0.7103092783505155},{""difficulty"":0.3333333333333333,""weight"":0.06391752577319587},{""difficulty"":0.6666666666666666,""weight"":0.050515463917525774},{""difficulty"":1.0,""weight"":0.17525773195876287}]",0.76,0.7296,1.6545589467180402,2.27579152727424,1.9344227981831041,2.617160256365376,0.7299406778466807,0.00034067784668068146,False,True,stratified_benchmark_fit,medium_high_stratified,0.02,0.82,0.96,"difficulty in [0,1]; quality in [0,1]; beta > 0; monotone decreasing",0.0,0.839506253546557,0.8135473047829223,0.8639508918956624
synthetic,benchmark_fitted_curve,demo-premium,Demo Premium,synthetic-provider,synthetic-v1,mid_high,TwinRouterBench-synthetic-demo,0.76,0_to_1,synthetic://phase2-interface-demo,stratified_synthetic,synthetic_medium,"[{""difficulty"":0.0,""weight"":0.7103092783505155},{""difficulty"":0.3333333333333333,""weight"":0.06391752577319587},{""difficulty"":0.6666666666666666,""weight"":0.050515463917525774},{""difficulty"":1.0,""weight"":0.17525773195876287}]",0.76,0.7296,1.6545589467180402,2.27579152727424,1.9344227981831041,2.617160256365376,0.7299406778466807,0.00034067784668068146,False,True,stratified_benchmark_fit,medium_high_stratified,0.02,0.82,0.96,"difficulty in [0,1]; quality in [0,1]; beta > 0; monotone decreasing",0.01,0.8364162126721104,0.8105952024119567,0.860845284115023
synthetic,benchmark_fitted_curve,demo-premium,Demo Premium,synthetic-provider,synthetic-v1,mid_high,TwinRouterBench-synthetic-demo,0.76,0_to_1,synthetic://phase2-interface-demo,stratified_synthetic,synthetic_medium,"[{""difficulty"":0.0,""weight"":0.7103092783505155},{""difficulty"":0.3333333333333333,""weight"":0.06391752577319587},{""difficulty"":0.6666666666666666,""weight"":0.050515463917525774},{""difficulty"":1.0,""weight"":0.17525773195876287}]",0.76,0.7296,1.6545589467180402,2.27579152727424,1.9344227981831041,2.617160256365376,0.7299406778466807,0.00034067784668068146,False,True,stratified_benchmark_fit,medium_high_stratified,0.02,0.82,0.96,"difficulty in [0,1]; quality in [0,1]; beta > 0; monotone decreasing",0.02,0.8332784933030625,0.8076074129507519,0.8576804624092084
synthetic,benchmark_fitted_curve,demo-premium,Demo Premium,synthetic-provider,synthetic-v1,mid_high,TwinRouterBench-synthetic-demo,0.76,0_to_1,synthetic://phase2-interface-demo,stratified_synthetic,synthetic_medium,"[{""difficulty"":0.0,""weight"":0.7103092783505155},{""difficulty"":0.3333333333333333,""weight"":0.06391752577319587},{""difficulty"":0.6666666666666666,""weight"":0.050515463917525774},{""difficulty"":1.0,""weight"":0.17525773195876287}]",0.76,0.7296,1.6545589467180402,2.27579152727424,1.9344227981831041,2.617160256365376,0.7299406778466807,0.00034067784668068146,False,True,stratified_benchmark_fit,medium_high_stratified,0.02,0.82,0.96,"difficulty in [0,1]; quality in [0,1]; beta > 0; monotone decreasing",0.03,0.8300928147779715,0.804583854512526,0.8544558320029214
synthetic,benchmark_fitted_curve,demo-premium,Demo Premium,synthetic-provider,synthetic-v1,mid_high,TwinRouterBench-synthetic-demo,0.76,0_to_1,synthetic://phase2-interface-demo,stratified_synthetic,synthetic_medium,"[{""difficulty"":0.0,""weight"":0.7103092783505155},{""difficulty"":0.3333333333333333,""weight"":0.06391752577319587},{""difficulty"":0.6666666666666666,""weight"":0.050515463917525774},{""difficulty"":1.0,""weight"":0.17525773195876287}]",0.76,0.7296,1.6545589467180402,2.27579152727424,1.9344227981831041,2.617160256365376,0.7299406778466807,0.00034067784668068146,False,True,stratified_benchmark_fit,medium_high_stratified,0.02,0.82,0.96,"difficulty in [0,1]; quality in [0,1]; beta > 0; monotone decreasing",0.04,0.8268589130070232,0.8015244567820223,0.851170817165944
synthetic,benchmark_fitted_curve,demo-premium,Demo Premium,synthetic-provider,synthetic-v1,mid_high,TwinRouterBench-synthetic-demo,0.76,0_to_1,synthetic://phase2-interface-demo,stratified_synthetic,synthetic_medium,"[{""difficulty"":0.0,""weight"":0.7103092783505155},{""difficulty"":0.3333333333333333,""weight"":0.06391752577319587},{""difficulty"":0.6666666666666666,""weight"":0.050515463917525774},{""difficulty"":1.0,""weight"":0.17525773195876287}]",0.76,0.7296,1.6545589467180402,2.27579152727424,1.9344227981831041,2.617160256365376,0.7299406778466807,0.00034067784668068146,False,True,stratified_benchmark_fit,medium_high_stratified,0.02,0.82,0.96,"difficulty in [0,1]; quality in [0,1]; beta > 0; monotone decreasing",0.05,0.8235765411965106,0.7984291613360783,0.847824862535971
synthetic,benchmark_fitted_curve,demo-premium,Demo Premium,synthetic-provider,synthetic-v1,mid_high,TwinRouterBench-synthetic-demo,0.76,0_to_1,synthetic://phase2-interface-demo,stratified_synthetic,synthetic_medium,"[{""difficulty"":0.0,""weight"":0.7103092783505155},{""difficulty"":0.3333333333333333,""weight"":0.06391752577319587},{""difficulty"":0.6666666666666666,""weight"":0.050515463917525774},{""difficulty"":1.0,""weight"":0.17525773195876287}]",0.76,0.7296,1.6545589467180402,2.27579152727424,1.9344227981831041,2.617160256365376,0.7299406778466807,0.00034067784668068146,False,True,stratified_benchmark_fit,medium_high_stratified,0.02,0.82,0.96,"difficulty in [0,1]; quality in [0,1]; beta > 0; monotone decreasing",0.06,0.8202454705771945,0.7952979219618511,0.844417434466728
synthetic,benchmark_fitted_curve,demo-premium,Demo Premium,synthetic-provider,synthetic-v1,mid_high,TwinRouterBench-synthetic-demo,0.76,0_to_1,synthetic://phase2-interface-demo,stratified_synthetic,synthetic_medium,"[{""difficulty"":0.0,""weight"":0.7103092783505155},{""difficulty"":0.3333333333333333,""weight"":0.06391752577319587},{""difficulty"":0.6666666666666666,""weight"":0.050515463917525774},{""difficulty"":1.0,""weight"":0.17525773195876287}]",0.76,0.7296,1.6545589467180402,2.27579152727424,1.9344227981831041,2.617160256365376,0.7299406778466807,0.00034067784668068146,False,True,stratified_benchmark_fit,medium_high_stratified,0.02,0.82,0.96,"difficulty in [0,1]; quality in [0,1]; beta > 0; monotone decreasing",0.07,0.8168654911353973,0.7921307049721974,0.8409480223995955
synthetic,benchmark_fitted_curve,demo-premium,Demo Premium,synthetic-provider,synthetic-v1,mid_high,TwinRouterBench-synthetic-demo,0.76,0_to_1,synthetic://phase2-interface-demo,stratified_synthetic,synthetic_medium,"[{""difficulty"":0.0,""weight"":0.7103092783505155},{""difficulty"":0.3333333333333333,""weight"":0.06391752577319587},{""difficulty"":0.6666666666666666,""weight"":0.050515463917525774},{""difficulty"":1.0,""weight"":0.17525773195876287}]",0.76,0.7296,1.6545589467180402,2.27579152727424,1.9344227981831041,2.617160256365376,0.7299406778466807,0.00034067784668068146,False,True,stratified_benchmark_fit,medium_high_stratified,0.02,0.82,0.96,"difficulty in [0,1]; quality in [0,1]; beta > 0; monotone decreasing",0.08,0.8134364123456185,0.7889274895176865,0.8374161402567795
synthetic,benchmark_fitted_curve,demo-premium,Demo Premium,synthetic-provider,synthetic-v1,mid_high,TwinRouterBench-synthetic-demo,0.76,0_to_1,synthetic://phase2-interface-demo,stratified_synthetic,synthetic_medium,"[{""difficulty"":0.0,""weight"":0.7103092783505155},{""difficulty"":0.3333333333333333,""weight"":0.06391752577319587},{""difficulty"":0.6666666666666666,""weight"":0.050515463917525774},{""difficulty"":1.0,""weight"":0.17525773195876287}]",0.76,0.7296,1.6545589467180402,2.27579152727424,1.9344227981831041,2.617160256365376,0.7299406778466807,0.00034067784668068146,False,True,stratified_benchmark_fit,medium_high_stratified,0.02,0.82,0.96,"difficulty in [0,1]; quality in [0,1]; beta > 0; monotone decreasing",0.09,0.8099580639034043,0.7856882678947148,0.8338213278538935
synthetic,benchmark_fitted_curve,demo-premium,Demo Premium,synthetic-provider,synthetic-v1,mid_high,TwinRouterBench-synthetic-demo,0.76,0_to_1,synthetic://phase2-interface-demo,stratified_synthetic,synthetic_medium,"[{""difficulty"":0.0,""weight"":0.7103092783505155},{""difficulty"":0.3333333333333333,""weight"":0.06391752577319587},{""difficulty"":0.6666666666666666,""weight"":0.050515463917525774},{""difficulty"":1.0,""weight"":0.17525773195876287}]",0.76,0.7296,1.6545589467180402,2.27579152727424,1.9344227981831041,2.617160256365376,0.7299406778466807,0.00034067784668068146,False,True,stratified_benchmark_fit,medium_high_stratified,0.02,0.82,0.96,"difficulty in [0,1]; quality in [0,1]; beta > 0; monotone decreasing",0.1,0.8064302964571387,0.7824130458491744,0.8301631523296351
synthetic,benchmark_fitted_curve,demo-premium,Demo Premium,synthetic-provider,synthetic-v1,mid_high,TwinRouterBench-synthetic-demo,0.76,0_to_1,synthetic://phase2-interface-demo,stratified_synthetic,synthetic_medium,"[{""difficulty"":0.0,""weight"":0.7103092783505155},{""difficulty"":0.3333333333333333,""weight"":0.06391752577319587},{""difficulty"":0.6666666666666666,""weight"":0.050515463917525774},{""difficulty"":1.0,""weight"":0.17525773195876287}]",0.76,0.7296,1.6545589467180402,2.27579152727424,1.9344227981831041,2.617160256365376,0.7299406778466807,0.00034067784668068146,False,True,stratified_benchmark_fit,medium_high_stratified,0.02,0.82,0.96,"difficulty in [0,1]; quality in [0,1]; beta > 0; monotone decreasing",0.11,0.8028529823373695,0.779101842875124,0.8264412095900503
synthetic,benchmark_fitted_curve,demo-premium,Demo Premium,synthetic-provider,synthetic-v1,mid_high,TwinRouterBench-synthetic-demo,0.76,0_to_1,synthetic://phase2-interface-demo,stratified_synthetic,synthetic_medium,"[{""difficulty"":0.0,""weight"":0.7103092783505155},{""difficulty"":0.3333333333333333,""weight"":0.06391752577319587},{""difficulty"":0.6666666666666666,""weight"":0.050515463917525774},{""difficulty"":1.0,""weight"":0.17525773195876287}]",0.76,0.7296,1.6545589467180402,2.27579152727424,1.9344227981831041,2.617160256365376,0.7299406778466807,0.00034067784668068146,False,True,stratified_benchmark_fit,medium_high_stratified,0.02,0.82,0.96,"difficulty in [0,1]; quality in [0,1]; beta > 0; monotone decreasing",0.12,0.799226016282223,0.7757546925078896,0.822655125764701
synthetic,benchmark_fitted_curve,demo-premium,Demo Premium,synthetic-provider,synthetic-v1,mid_high,TwinRouterBench-synthetic-demo,0.76,0_to_1,synthetic://phase2-interface-demo,stratified_synthetic,synthetic_medium,"[{""difficulty"":0.0,""weight"":0.7103092783505155},{""difficulty"":0.3333333333333333,""weight"":0.06391752577319587},{""difficulty"":0.6666666666666666,""weight"":0.050515463917525774},{""difficulty"":1.0,""weight"":0.17525773195876287}]",0.76,0.7296,1.6545589467180402,2.27579152727424,1.9344227981831041,2.617160256365376,0.7299406778466807,0.00034067784668068146,False,True,stratified_benchmark_fit,medium_high_stratified,0.02,0.82,0.96,"difficulty in [0,1]; quality in [0,1]; beta > 0; monotone decreasing",0.13,0.7955493161574051,0.7723716426110215,0.8188045586718528
synthetic,benchmark_fitted_curve,demo-premium,Demo Premium,synthetic-provider,synthetic-v1,mid_high,TwinRouterBench-synthetic-demo,0.76,0_to_1,synthetic://phase2-interface-demo,stratified_synthetic,synthetic_medium,"[{""difficulty"":0.0,""weight"":0.7103092783505155},{""difficulty"":0.3333333333333333,""weight"":0.06391752577319587},{""difficulty"":0.6666666666666666,""weight"":0.050515463917525774},{""difficulty"":1.0,""weight"":0.17525773195876287}]",0.76,0.7296,1.6545589467180402,2.27579152727424,1.9344227981831041,2.617160256365376,0.7299406778466807,0.00034067784668068146,False,True,stratified_benchmark_fit,medium_high_stratified,0.02,0.82,0.96,"difficulty in [0,1]; quality in [0,1]; beta > 0; monotone decreasing",0.14,0.7918228236692374,0.7689527556565204,0.8148891992896233
synthetic,benchmark_fitted_curve,demo-premium,Demo Premium,synthetic-provider,synthetic-v1,mid_high,TwinRouterBench-synthetic-demo,0.76,0_to_1,synthetic://phase2-interface-demo,stratified_synthetic,synthetic_medium,"[{""difficulty"":0.0,""weight"":0.7103092783505155},{""difficulty"":0.3333333333333333,""weight"":0.06391752577319587},{""difficulty"":0.6666666666666666,""weight"":0.050515463917525774},{""difficulty"":1.0,""weight"":0.17525773195876287}]",0.76,0.7296,1.6545589467180402,2.27579152727424,1.9344227981831041,2.617160256365376,0.7299406778466807,0.00034067784668068146,False,True,stratified_benchmark_fit,medium_high_stratified,0.02,0.82,0.96,"difficulty in [0,1]; quality in [0,1]; beta > 0; monotone decreasing",0.15,0.7880465050691177,0.7654981089977376,0.8109087732298382
synthetic,benchmark_fitted_curve,demo-premium,Demo Premium,synthetic-provider,synthetic-v1,mid_high,TwinRouterBench-synthetic-demo,0.76,0_to_1,synthetic://phase2-interface-demo,stratified_synthetic,synthetic_medium,"[{""difficulty"":0.0,""weight"":0.7103092783505155},{""difficulty"":0.3333333333333333,""weight"":0.06391752577319587},{""difficulty"":0.6666666666666666,""weight"":0.050515463917525774},{""difficulty"":1.0,""weight"":0.17525773195876287}]",0.76,0.7296,1.6545589467180402,2.27579152727424,1.9344227981831041,2.617160256365376,0.7299406778466807,0.00034067784668068146,False,True,stratified_benchmark_fit,medium_high_stratified,0.02,0.82,0.96,"difficulty in [0,1]; quality in [0,1]; beta > 0; monotone decreasing",0.16,0.7842203518477545,0.7620077951343531,0.8068630422111596
synthetic,benchmark_fitted_curve,demo-premium,Demo Premium,synthetic-provider,synthetic-v1,mid_high,TwinRouterBench-synthetic-demo,0.76,0_to_1,synthetic://phase2-interface-demo,stratified_synthetic,synthetic_medium,"[{""difficulty"":0.0,""weight"":0.7103092783505155},{""difficulty"":0.3333333333333333,""weight"":0.06391752577319587},{""difficulty"":0.6666666666666666,""weight"":0.050515463917525774},{""difficulty"":1.0,""weight"":0.17525773195876287}]",0.76,0.7296,1.6545589467180402,2.27579152727424,1.9344227981831041,2.617160256365376,0.7299406778466807,0.00034067784668068146,False,True,stratified_benchmark_fit,medium_high_stratified,0.02,0.82,0.96,"difficulty in [0,1]; quality in [0,1]; beta > 0; monotone decreasing",0.17,0.7803443814174751,0.7584819219688199,0.8027518055278726
synthetic,benchmark_fitted_curve,demo-premium,Demo Premium,synthetic-provider,synthetic-v1,mid_high,TwinRouterBench-synthetic-demo,0.76,0_to_1,synthetic://phase2-interface-demo,stratified_synthetic,synthetic_medium,"[{""difficulty"":0.0,""weight"":0.7103092783505155},{""difficulty"":0.3333333333333333,""weight"":0.06391752577319587},{""difficulty"":0.6666666666666666,""weight"":0.050515463917525774},{""difficulty"":1.0,""weight"":0.17525773195876287}]",0.76,0.7296,1.6545589467180402,2.27579152727424,1.9344227981831041,2.617160256365376,0.7299406778466807,0.00034067784668068146,False,True,stratified_benchmark_fit,medium_high_stratified,0.02,0.82,0.96,"difficulty in [0,1]; quality in [0,1]; beta > 0; monotone decreasing",0.18,0.776418637780861,0.7549206130536693,0.7985749015105362
synthetic,benchmark_fitted_curve,demo-premium,Demo Premium,synthetic-provider,synthetic-v1,mid_high,TwinRouterBench-synthetic-demo,0.76,0_to_1,synthetic://phase2-interface-demo,stratified_synthetic,synthetic_medium,"[{""difficulty"":0.0,""weight"":0.7103092783505155},{""difficulty"":0.3333333333333333,""weight"":0.06391752577319587},{""difficulty"":0.6666666666666666,""weight"":0.050515463917525774},{""difficulty"":1.0,""weight"":0.17525773195876287}]",0.76,0.7296,1.6545589467180402,2.27579152727424,1.9344227981831041,2.617160256365376,0.7299406778466807,0.00034067784668068146,False,True,stratified_benchmark_fit,medium_high_stratified,0.02,0.82,0.96,"difficulty in [0,1]; quality in [0,1]; beta > 0; monotone decreasing",0.19,0.7724431921839369,0.7513240078290624,0.7943322089745334
synthetic,benchmark_fitted_curve,demo-premium,Demo Premium,synthetic-provider,synthetic-v1,mid_high,TwinRouterBench-synthetic-demo,0.76,0_to_1,synthetic://phase2-interface-demo,stratified_synthetic,synthetic_medium,"[{""difficulty"":0.0,""weight"":0.7103092783505155},{""difficulty"":0.3333333333333333,""weight"":0.06391752577319587},{""difficulty"":0.6666666666666666,""weight"":0.050515463917525774},{""difficulty"":1.0,""weight"":0.17525773195876287}]",0.76,0.7296,1.6545589467180402,2.27579152727424,1.9344227981831041,2.617160256365376,0.7299406778466807,0.00034067784668068146,False,True,stratified_benchmark_fit,medium_high_stratified,0.02,0.82,0.96,"difficulty in [0,1]; quality in [0,1]; beta > 0; monotone decreasing",0.2,0.7684181437520927,0.7476922618499724,0.7900236486523956
synthetic,benchmark_fitted_curve,demo-premium,Demo Premium,synthetic-provider,synthetic-v1,mid_high,TwinRouterBench-synthetic-demo,0.76,0_to_1,synthetic://phase2-interface-demo,stratified_synthetic,synthetic_medium,"[{""difficulty"":0.0,""weight"":0.7103092783505155},{""difficulty"":0.3333333333333333,""weight"":0.06391752577319587},{""difficulty"":0.6666666666666666,""weight"":0.050515463917525774},{""difficulty"":1.0,""weight"":0.17525773195876287}]",0.76,0.7296,1.6545589467180402,2.27579152727424,1.9344227981831041,2.617160256365376,0.7299406778466807,0.00034067784668068146,False,True,stratified_benchmark_fit,medium_high_stratified,0.02,0.82,0.96,"difficulty in [0,1]; quality in [0,1]; beta > 0; monotone decreasing",0.21,0.7643436201068947,0.7440255470023852,0.7856491846056135
synthetic,benchmark_fitted_curve,demo-premium,Demo Premium,synthetic-provider,synthetic-v1,mid_high,TwinRouterBench-synthetic-demo,0.76,0_to_1,synthetic://phase2-interface-demo,stratified_synthetic,synthetic_medium,"[{""difficulty"":0.0,""weight"":0.7103092783505155},{""difficulty"":0.3333333333333333,""weight"":0.06391752577319587},{""difficulty"":0.6666666666666666,""weight"":0.050515463917525774},{""difficulty"":1.0,""weight"":0.17525773195876287}]",0.76,0.7296,1.6545589467180402,2.27579152727424,1.9344227981831041,2.617160256365376,0.7299406778466807,0.00034067784668068146,False,True,stratified_benchmark_fit,medium_high_stratified,0.02,0.82,0.96,"difficulty in [0,1]; quality in [0,1]; beta > 0; monotone decreasing",0.22,0.7602197779619188,0.7403240517079046,0.7812088256115036
synthetic,benchmark_fitted_curve,demo-premium,Demo Premium,synthetic-provider,synthetic-v1,mid_high,TwinRouterBench-synthetic-demo,0.76,0_to_1,synthetic://phase2-interface-demo,stratified_synthetic,synthetic_medium,"[{""difficulty"":0.0,""weight"":0.7103092783505155},{""difficulty"":0.3333333333333333,""weight"":0.06391752577319587},{""difficulty"":0.6666666666666666,""weight"":0.050515463917525774},{""difficulty"":1.0,""weight"":0.17525773195876287}]",0.76,0.7296,1.6545589467180402,2.27579152727424,1.9344227981831041,2.617160256365376,0.7299406778466807,0.00034067784668068146,False,True,stratified_benchmark_fit,medium_high_stratified,0.02,0.82,0.96,"difficulty in [0,1]; quality in [0,1]; beta > 0; monotone decreasing",0.23,0.7560468036957099,0.73658798111615,0.7767026265205653
synthetic,benchmark_fitted_curve,demo-premium,Demo Premium,synthetic-provider,synthetic-v1,mid_high,TwinRouterBench-synthetic-demo,0.76,0_to_1,synthetic://phase2-interface-demo,stratified_synthetic,synthetic_medium,"[{""difficulty"":0.0,""weight"":0.7103092783505155},{""difficulty"":0.3333333333333333,""weight"":0.06391752577319587},{""difficulty"":0.6666666666666666,""weight"":0.050515463917525774},{""difficulty"":1.0,""weight"":0.17525773195876287}]",0.76,0.7296,1.6545589467180402,2.27579152727424,1.9344227981831041,2.617160256365376,0.7299406778466807,0.00034067784668068146,False,True,stratified_benchmark_fit,medium_high_stratified,0.02,0.82,0.96,"difficulty in [0,1]; quality in [0,1]; beta > 0; monotone decreasing",0.24,0.7518249138999681,0.7328175572843456,0.7721306895796346
synthetic,benchmark_fitted_curve,demo-premium,Demo Premium,synthetic-provider,synthetic-v1,mid_high,TwinRouterBench-synthetic-demo,0.76,0_to_1,synthetic://phase2-interface-demo,stratified_synthetic,synthetic_medium,"[{""difficulty"":0.0,""weight"":0.7103092783505155},{""difficulty"":0.3333333333333333,""weight"":0.06391752577319587},{""difficulty"":0.6666666666666666,""weight"":0.050515463917525774},{""difficulty"":1.0,""weight"":0.17525773195876287}]",0.76,0.7296,1.6545589467180402,2.27579152727424,1.9344227981831041,2.617160256365376,0.7299406778466807,0.00034067784668068146,False,True,stratified_benchmark_fit,medium_high_stratified,0.02,0.82,0.96,"difficulty in [0,1]; quality in [0,1]; beta > 0; monotone decreasing",0.25,0.7475543559010437,0.7290130193434973,0.7674931657160343
synthetic,benchmark_fitted_curve,demo-premium,Demo Premium,synthetic-provider,synthetic-v1,mid_high,TwinRouterBench-synthetic-demo,0.76,0_to_1,synthetic://phase2-interface-demo,stratified_synthetic,synthetic_medium,"[{""difficulty"":0.0,""weight"":0.7103092783505155},{""difficulty"":0.3333333333333333,""weight"":0.06391752577319587},{""difficulty"":0.6666666666666666,""weight"":0.050515463917525774},{""difficulty"":1.0,""weight"":0.17525773195876287}]",0.76,0.7296,1.6545589467180402,2.27579152727424,1.9344227981831041,2.617160256365376,0.7299406778466807,0.00034067784668068146,False,True,stratified_benchmark_fit,medium_high_stratified,0.02,0.82,0.96,"difficulty in [0,1]; quality in [0,1]; beta > 0; monotone decreasing",0.26,0.7432354082528254,0.7251746236505697,0.7627902557778286
synthetic,benchmark_fitted_curve,demo-premium,Demo Premium,synthetic-provider,synthetic-v1,mid_high,TwinRouterBench-synthetic-demo,0.76,0_to_1,synthetic://phase2-interface-demo,stratified_synthetic,synthetic_medium,"[{""difficulty"":0.0,""weight"":0.7103092783505155},{""difficulty"":0.3333333333333333,""weight"":0.06391752577319587},{""difficulty"":0.6666666666666666,""weight"":0.050515463917525774},{""difficulty"":1.0,""weight"":0.17525773195876287}]",0.76,0.7296,1.6545589467180402,2.27579152727424,1.9344227981831041,2.617160256365376,0.7299406778466807,0.00034067784668068146,False,True,stratified_benchmark_fit,medium_high_stratified,0.02,0.82,0.96,"difficulty in [0,1]; quality in [0,1]; beta > 0; monotone decreasing",0.27,0.7388683811991092,0.7213026439260803,0.7580222117252005
synthetic,benchmark_fitted_curve,demo-premium,Demo Premium,synthetic-provider,synthetic-v1,mid_high,TwinRouterBench-synthetic-demo,0.76,0_to_1,synthetic://phase2-interface-demo,stratified_synthetic,synthetic_medium,"[{""difficulty"":0.0,""weight"":0.7103092783505155},{""difficulty"":0.3333333333333333,""weight"":0.06391752577319587},{""difficulty"":0.6666666666666666,""weight"":0.050515463917525774},{""difficulty"":1.0,""weight"":0.17525773195876287}]",0.76,0.7296,1.6545589467180402,2.27579152727424,1.9344227981831041,2.617160256365376,0.7299406778466807,0.00034067784668068146,False,True,stratified_benchmark_fit,medium_high_stratified,0.02,0.82,0.96,"difficulty in [0,1]; quality in [0,1]; beta > 0; monotone decreasing",0.28,0.734453617103545,0.7173973713765411,0.753189337767927
synthetic,benchmark_fitted_curve,demo-premium,Demo Premium,synthetic-provider,synthetic-v1,mid_high,TwinRouterBench-synthetic-demo,0.76,0_to_1,synthetic://phase2-interface-demo,stratified_synthetic,synthetic_medium,"[{""difficulty"":0.0,""weight"":0.7103092783505155},{""difficulty"":0.3333333333333333,""weight"":0.06391752577319587},{""difficulty"":0.6666666666666666,""weight"":0.050515463917525774},{""difficulty"":1.0,""weight"":0.17525773195876287}]",0.76,0.7296,1.6545589467180402,2.27579152727424,1.9344227981831041,2.617160256365376,0.7299406778466807,0.00034067784668068146,False,True,stratified_benchmark_fit,medium_high_stratified,0.02,0.82,0.96,"difficulty in [0,1]; quality in [0,1]; beta > 0; monotone decreasing",0.29,0.7299914908452733,0.7134591148011926,0.7482919914438703
synthetic,benchmark_fitted_curve,demo-premium,Demo Premium,synthetic-provider,synthetic-v1,mid_high,TwinRouterBench-synthetic-demo,0.76,0_to_1,synthetic://phase2-interface-demo,stratified_synthetic,synthetic_medium,"[{""difficulty"":0.0,""weight"":0.7103092783505155},{""difficulty"":0.3333333333333333,""weight"":0.06391752577319587},{""difficulty"":0.6666666666666666,""weight"":0.050515463917525774},{""difficulty"":1.0,""weight"":0.17525773195876287}]",0.76,0.7296,1.6545589467180402,2.27579152727424,1.9344227981831041,2.617160256365376,0.7299406778466807,0.00034067784668068146,False,True,stratified_benchmark_fit,medium_high_stratified,0.02,0.82,0.96,"difficulty in [0,1]; quality in [0,1]; beta > 0; monotone decreasing",0.3,0.7254824101783944,0.7094882006824863,0.743330584633393
synthetic,benchmark_fitted_curve,demo-premium,Demo Premium,synthetic-provider,synthetic-v1,mid_high,TwinRouterBench-synthetic-demo,0.76,0_to_1,synthetic://phase2-interface-demo,stratified_synthetic,synthetic_medium,"[{""difficulty"":0.0,""weight"":0.7103092783505155},{""difficulty"":0.3333333333333333,""weight"":0.06391752577319587},{""difficulty"":0.6666666666666666,""weight"":0.050515463917525774},{""difficulty"":1.0,""weight"":0.17525773195876287}]",0.76,0.7296,1.6545589467180402,2.27579152727424,1.9344227981831041,2.617160256365376,0.7299406778466807,0.00034067784668068146,False,True,stratified_benchmark_fit,medium_high_stratified,0.02,0.82,0.96,"difficulty in [0,1]; quality in [0,1]; beta > 0; monotone decreasing",0.31,0.7209268160534382,0.7054849732597946,0.7383055845046032
synthetic,benchmark_fitted_curve,demo-premium,Demo Premium,synthetic-provider,synthetic-v1,mid_high,TwinRouterBench-synthetic-demo,0.76,0_to_1,synthetic://phase2-interface-demo,stratified_synthetic,synthetic_medium,"[{""difficulty"":0.0,""weight"":0.7103092783505155},{""difficulty"":0.3333333333333333,""weight"":0.06391752577319587},{""difficulty"":0.6666666666666666,""weight"":0.050515463917525774},{""difficulty"":1.0,""weight"":0.17525773195876287}]",0.76,0.7296,1.6545589467180402,2.27579152727424,1.9344227981831041,2.617160256365376,0.7299406778466807,0.00034067784668068146,False,True,stratified_benchmark_fit,medium_high_stratified,0.02,0.82,0.96,"difficulty in [0,1]; quality in [0,1]; beta > 0; monotone decreasing",0.32,0.7163251828990456,0.7003464255988293,0.7332175143843617
synthetic,benchmark_fitted_curve,demo-premium,Demo Premium,synthetic-provider,synthetic-v1,mid_high,TwinRouterBench-synthetic-demo,0.76,0_to_1,synthetic://phase2-interface-demo,stratified_synthetic,synthetic_medium,"[{""difficulty"":0.0,""weight"":0.7103092783505155},{""difficulty"":0.3333333333333333,""weight"":0.06391752577319587},{""difficulty"":0.6666666666666666,""weight"":0.050515463917525774},{""difficulty"":1.0,""weight"":0.17525773195876287}]",0.76,0.7296,1.6545589467180402,2.27579152727424,1.9344227981831041,2.617160256365376,0.7299406778466807,0.00034067784668068146,False,True,stratified_benchmark_fit,medium_high_stratified,0.02,0.82,0.96,"difficulty in [0,1]; quality in [0,1]; beta > 0; monotone decreasing",0.33,0.7116780188621189,0.6948253849879413,0.7280669545500315
synthetic,benchmark_fitted_curve,demo-premium,Demo Premium,synthetic-provider,synthetic-v1,mid_high,TwinRouterBench-synthetic-demo,0.76,0_to_1,synthetic://phase2-interface-demo,stratified_synthetic,synthetic_medium,"[{""difficulty"":0.0,""weight"":0.7103092783505155},{""difficulty"":0.3333333333333333,""weight"":0.06391752577319587},{""difficulty"":0.6666666666666666,""weight"":0.050515463917525774},{""difficulty"":1.0,""weight"":0.17525773195876287}]",0.76,0.7296,1.6545589467180402,2.27579152727424,1.9344227981831041,2.617160256365376,0.7299406778466807,0.00034067784668068146,False,True,stratified_benchmark_fit,medium_high_stratified,0.02,0.82,0.96,"difficulty in [0,1]; quality in [0,1]; beta > 0; monotone decreasing",0.34,0.7069858660047551,0.6892477566868306,0.7229131528672466
synthetic,benchmark_fitted_curve,demo-premium,Demo Premium,synthetic-provider,synthetic-v1,mid_high,TwinRouterBench-synthetic-demo,0.76,0_to_1,synthetic://phase2-interface-demo,stratified_synthetic,synthetic_medium,"[{""difficulty"":0.0,""weight"":0.7103092783505155},{""difficulty"":0.3333333333333333,""weight"":0.06391752577319587},{""difficulty"":0.6666666666666666,""weight"":0.050515463917525774},{""difficulty"":1.0,""weight"":0.17525773195876287}]",0.76,0.7296,1.6545589467180402,2.27579152727424,1.9344227981831041,2.617160256365376,0.7299406778466807,0.00034067784668068146,False,True,stratified_benchmark_fit,medium_high_stratified,0.02,0.82,0.96,"difficulty in [0,1]; quality in [0,1]; beta > 0; monotone decreasing",0.35000000000000003,0.7022493004563365,0.6836146054937263,0.7190216567502579
synthetic,benchmark_fitted_curve,demo-premium,Demo Premium,synthetic-provider,synthetic-v1,mid_high,TwinRouterBench-synthetic-demo,0.76,0_to_1,synthetic://phase2-interface-demo,stratified_synthetic,synthetic_medium,"[{""difficulty"":0.0,""weight"":0.7103092783505155},{""difficulty"":0.3333333333333333,""weight"":0.06391752577319587},{""difficulty"":0.6666666666666666,""weight"":0.050515463917525774},{""difficulty"":1.0,""weight"":0.17525773195876287}]",0.76,0.7296,1.6545589467180402,2.27579152727424,1.9344227981831041,2.617160256365376,0.7299406778466807,0.00034067784668068146,False,True,stratified_benchmark_fit,medium_high_stratified,0.02,0.82,0.96,"difficulty in [0,1]; quality in [0,1]; beta > 0; monotone decreasing",0.36,0.6974689325192263,0.6779270559084397,0.7150970463477775
synthetic,benchmark_fitted_curve,demo-premium,Demo Premium,synthetic-provider,synthetic-v1,mid_high,TwinRouterBench-synthetic-demo,0.76,0_to_1,synthetic://phase2-interface-demo,stratified_synthetic,synthetic_medium,"[{""difficulty"":0.0,""weight"":0.7103092783505155},{""difficulty"":0.3333333333333333,""weight"":0.06391752577319587},{""difficulty"":0.6666666666666666,""weight"":0.050515463917525774},{""difficulty"":1.0,""weight"":0.17525773195876287}]",0.76,0.7296,1.6545589467180402,2.27579152727424,1.9344227981831041,2.617160256365376,0.7299406778466807,0.00034067784668068146,False,True,stratified_benchmark_fit,medium_high_stratified,0.02,0.82,0.96,"difficulty in [0,1]; quality in [0,1]; beta > 0; monotone decreasing",0.37,0.6926454067265958,0.672186291861689,0.7111396407957269
synthetic,benchmark_fitted_curve,demo-premium,Demo Premium,synthetic-provider,synthetic-v1,mid_high,TwinRouterBench-synthetic-demo,0.76,0_to_1,synthetic://phase2-interface-demo,stratified_synthetic,synthetic_medium,"[{""difficulty"":0.0,""weight"":0.7103092783505155},{""difficulty"":0.3333333333333333,""weight"":0.06391752577319587},{""difficulty"":0.6666666666666666,""weight"":0.050515463917525774},{""difficulty"":1.0,""weight"":0.17525773195876287}]",0.76,0.7296,1.6545589467180402,2.27579152727424,1.9344227981831041,2.617160256365376,0.7299406778466807,0.00034067784668068146,False,True,stratified_benchmark_fit,medium_high_stratified,0.02,0.82,0.96,"difficulty in [0,1]; quality in [0,1]; beta > 0; monotone decreasing",0.38,0.6877794018509962,0.6663935563203858,0.7071497769584365
synthetic,benchmark_fitted_curve,demo-premium,Demo Premium,synthetic-provider,synthetic-v1,mid_high,TwinRouterBench-synthetic-demo,0.76,0_to_1,synthetic://phase2-interface-demo,stratified_synthetic,synthetic_medium,"[{""difficulty"":0.0,""weight"":0.7103092783505155},{""difficulty"":0.3333333333333333,""weight"":0.06391752577319587},{""difficulty"":0.6666666666666666,""weight"":0.050515463917525774},{""difficulty"":1.0,""weight"":0.17525773195876287}]",0.76,0.7296,1.6545589467180402,2.27579152727424,1.9344227981831041,2.617160256365376,0.7299406778466807,0.00034067784668068146,False,True,stratified_benchmark_fit,medium_high_stratified,0.02,0.82,0.96,"difficulty in [0,1]; quality in [0,1]; beta > 0; monotone decreasing",0.39,0.6828716308623841,0.660550150766636,0.7031278094923035
synthetic,benchmark_fitted_curve,demo-premium,Demo Premium,synthetic-provider,synthetic-v1,mid_high,TwinRouterBench-synthetic-demo,0.76,0_to_1,synthetic://phase2-interface-demo,stratified_synthetic,synthetic_medium,"[{""difficulty"":0.0,""weight"":0.7103092783505155},{""difficulty"":0.3333333333333333,""weight"":0.06391752577319587},{""difficulty"":0.6666666666666666,""weight"":0.050515463917525774},{""difficulty"":1.0,""weight"":0.17525773195876287}]",0.76,0.7296,1.6545589467180402,2.27579152727424,1.9344227981831041,2.617160256365376,0.7299406778466807,0.00034067784668068146,False,True,stratified_benchmark_fit,medium_high_stratified,0.02,0.82,0.96,"difficulty in [0,1]; quality in [0,1]; beta > 0; monotone decreasing",0.4,0.6779228408344119,0.6546574345486115,0.6990741108918863
synthetic,benchmark_fitted_curve,demo-premium,Demo Premium,synthetic-provider,synthetic-v1,mid_high,TwinRouterBench-synthetic-demo,0.76,0_to_1,synthetic://phase2-interface-demo,stratified_synthetic,synthetic_medium,"[{""difficulty"":0.0,""weight"":0.7103092783505155},{""difficulty"":0.3333333333333333,""weight"":0.06391752577319587},{""difficulty"":0.6666666666666666,""weight"":0.050515463917525774},{""difficulty"":1.0,""weight"":0.17525773195876287}]",0.76,0.7296,1.6545589467180402,2.27579152727424,1.9344227981831041,2.617160256365376,0.7299406778466807,0.00034067784668068146,False,True,stratified_benchmark_fit,medium_high_stratified,0.02,0.82,0.96,"difficulty in [0,1]; quality in [0,1]; beta > 0; monotone decreasing",0.41000000000000003,0.6729338127979052,0.6487168241018805,0.6949890715179601
synthetic,benchmark_fitted_curve,demo-premium,Demo Premium,synthetic-provider,synthetic-v1,mid_high,TwinRouterBench-synthetic-demo,0.76,0_to_1,synthetic://phase2-interface-demo,stratified_synthetic,synthetic_medium,"[{""difficulty"":0.0,""weight"":0.7103092783505155},{""difficulty"":0.3333333333333333,""weight"":0.06391752577319587},{""difficulty"":0.6666666666666666,""weight"":0.050515463917525774},{""difficulty"":1.0,""weight"":0.17525773195876287}]",0.76,0.7296,1.6545589467180402,2.27579152727424,1.9344227981831041,2.617160256365376,0.7299406778466807,0.00034067784668068146,False,True,stratified_benchmark_fit,medium_high_stratified,0.02,0.82,0.96,"difficulty in [0,1]; quality in [0,1]; beta > 0; monotone decreasing",0.42,0.6679053615405673,0.6427297920402198,0.6908730996070892
synthetic,benchmark_fitted_curve,demo-premium,Demo Premium,synthetic-provider,synthetic-v1,mid_high,TwinRouterBench-synthetic-demo,0.76,0_to_1,synthetic://phase2-interface-demo,stratified_synthetic,synthetic_medium,"[{""difficulty"":0.0,""weight"":0.7103092783505155},{""difficulty"":0.3333333333333333,""weight"":0.06391752577319587},{""difficulty"":0.6666666666666666,""weight"":0.050515463917525774},{""difficulty"":1.0,""weight"":0.17525773195876287}]",0.76,0.7296,1.6545589467180402,2.27579152727424,1.9344227981831041,2.617160256365376,0.7299406778466807,0.00034067784668068146,False,True,stratified_benchmark_fit,medium_high_stratified,0.02,0.82,0.96,"difficulty in [0,1]; quality in [0,1]; beta > 0; monotone decreasing",0.43,0.6628383353520763,0.6366978661154092,0.68672662126229
synthetic,benchmark_fitted_curve,demo-premium,Demo Premium,synthetic-provider,synthetic-v1,mid_high,TwinRouterBench-synthetic-demo,0.76,0_to_1,synthetic://phase2-interface-demo,stratified_synthetic,synthetic_medium,"[{""difficulty"":0.0,""weight"":0.7103092783505155},{""difficulty"":0.3333333333333333,""weight"":0.06391752577319587},{""difficulty"":0.6666666666666666,""weight"":0.050515463917525774},{""difficulty"":1.0,""weight"":0.17525773195876287}]",0.76,0.7296,1.6545589467180402,2.27579152727424,1.9344227981831041,2.617160256365376,0.7299406778466807,0.00034067784668068146,False,True,stratified_benchmark_fit,medium_high_stratified,0.02,0.82,0.96,"difficulty in [0,1]; quality in [0,1]; beta > 0; monotone decreasing",0.44,0.6577336157138701,0.6306226280459782,0.6825500804243928
synthetic,benchmark_fitted_curve,demo-premium,Demo Premium,synthetic-provider,synthetic-v1,mid_high,TwinRouterBench-synthetic-demo,0.76,0_to_1,synthetic://phase2-interface-demo,stratified_synthetic,synthetic_medium,"[{""difficulty"":0.0,""weight"":0.7103092783505155},{""difficulty"":0.3333333333333333,""weight"":0.06391752577319587},{""difficulty"":0.6666666666666666,""weight"":0.050515463917525774},{""difficulty"":1.0,""weight"":0.17525773195876287}]",0.76,0.7296,1.6545589467180402,2.27579152727424,1.9344227981831041,2.617160256365376,0.7299406778466807,0.00034067784668068146,False,True,stratified_benchmark_fit,medium_high_stratified,0.02,0.82,0.96,"difficulty in [0,1]; quality in [0,1]; beta > 0; monotone decreasing",0.45,0.6525921169330569,0.6245057122153805,0.6783439388237363
synthetic,benchmark_fitted_curve,demo-premium,Demo Premium,synthetic-provider,synthetic-v1,mid_high,TwinRouterBench-synthetic-demo,0.76,0_to_1,synthetic://phase2-interface-demo,stratified_synthetic,synthetic_medium,"[{""difficulty"":0.0,""weight"":0.7103092783505155},{""difficulty"":0.3333333333333333,""weight"":0.06391752577319587},{""difficulty"":0.6666666666666666,""weight"":0.050515463917525774},{""difficulty"":1.0,""weight"":0.17525773195876287}]",0.76,0.7296,1.6545589467180402,2.27579152727424,1.9344227981831041,2.617160256365376,0.7299406778466807,0.00034067784668068146,False,True,stratified_benchmark_fit,medium_high_stratified,0.02,0.82,0.96,"difficulty in [0,1]; quality in [0,1]; beta > 0; monotone decreasing",0.46,0.647414785720027,0.6183488042405721,0.6741086759118561
synthetic,benchmark_fitted_curve,demo-premium,Demo Premium,synthetic-provider,synthetic-v1,mid_high,TwinRouterBench-synthetic-demo,0.76,0_to_1,synthetic://phase2-interface-demo,stratified_synthetic,synthetic_medium,"[{""difficulty"":0.0,""weight"":0.7103092783505155},{""difficulty"":0.3333333333333333,""weight"":0.06391752577319587},{""difficulty"":0.6666666666666666,""weight"":0.050515463917525774},{""difficulty"":1.0,""weight"":0.17525773195876287}]",0.76,0.7296,1.6545589467180402,2.27579152727424,1.9344227981831041,2.617160256365376,0.7299406778466807,0.00034067784668068146,False,True,stratified_benchmark_fit,medium_high_stratified,0.02,0.82,0.96,"difficulty in [0,1]; quality in [0,1]; beta > 0; monotone decreasing",0.47000000000000003,0.6422026007094979,0.6121536394124876,0.6698447887728701
synthetic,benchmark_fitted_curve,demo-premium,Demo Premium,synthetic-provider,synthetic-v1,mid_high,TwinRouterBench-synthetic-demo,0.76,0_to_1,synthetic://phase2-interface-demo,stratified_synthetic,synthetic_medium,"[{""difficulty"":0.0,""weight"":0.7103092783505155},{""difficulty"":0.3333333333333333,""weight"":0.06391752577319587},{""difficulty"":0.6666666666666666,""weight"":0.050515463917525774},{""difficulty"":1.0,""weight"":0.17525773195876287}]",0.76,0.7296,1.6545589467180402,2.27579152727424,1.9344227981831041,2.617160256365376,0.7299406778466807,0.00034067784668068146,False,True,stratified_benchmark_fit,medium_high_stratified,0.02,0.82,0.96,"difficulty in [0,1]; quality in [0,1]; beta > 0; monotone decreasing",0.48,0.6369565719248744,0.6059220010104311,0.665552792014289
synthetic,benchmark_fitted_curve,demo-premium,Demo Premium,synthetic-provider,synthetic-v1,mid_high,TwinRouterBench-synthetic-demo,0.76,0_to_1,synthetic://phase2-interface-demo,stratified_synthetic,synthetic_medium,"[{""difficulty"":0.0,""weight"":0.7103092783505155},{""difficulty"":0.3333333333333333,""weight"":0.06391752577319587},{""difficulty"":0.6666666666666666,""weight"":0.050515463917525774},{""difficulty"":1.0,""weight"":0.17525773195876287}]",0.76,0.7296,1.6545589467180402,2.27579152727424,1.9344227981831041,2.617160256365376,0.7299406778466807,0.00034067784668068146,False,True,stratified_benchmark_fit,medium_high_stratified,0.02,0.82,0.96,"difficulty in [0,1]; quality in [0,1]; beta > 0; monotone decreasing",0.49,0.6316777401859678,0.5996557184929221,0.6612332176370196
synthetic,benchmark_fitted_curve,demo-premium,Demo Premium,synthetic-provider,synthetic-v1,mid_high,TwinRouterBench-synthetic-demo,0.76,0_to_1,synthetic://phase2-interface-demo,stratified_synthetic,synthetic_medium,"[{""difficulty"":0.0,""weight"":0.7103092783505155},{""difficulty"":0.3333333333333333,""weight"":0.06391752577319587},{""difficulty"":0.6666666666666666,""weight"":0.050515463917525774},{""difficulty"":1.0,""weight"":0.17525773195876287}]",0.76,0.7296,1.6545589467180402,2.27579152727424,1.9344227981831041,2.617160256365376,0.7299406778466807,0.00034067784668068146,False,True,stratified_benchmark_fit,medium_high_stratified,0.02,0.82,0.96,"difficulty in [0,1]; quality in [0,1]; beta > 0; monotone decreasing",0.5,0.6263671764602781,0.5933566655680622,0.6568866148843682
synthetic,benchmark_fitted_curve,demo-premium,Demo Premium,synthetic-provider,synthetic-v1,mid_high,TwinRouterBench-synthetic-demo,0.76,0_to_1,synthetic://phase2-interface-demo,stratified_synthetic,synthetic_medium,"[{""difficulty"":0.0,""weight"":0.7103092783505155},{""difficulty"":0.3333333333333333,""weight"":0.06391752577319587},{""difficulty"":0.6666666666666666,""weight"":0.050515463917525774},{""difficulty"":1.0,""weight"":0.17525773195876287}]",0.76,0.7296,1.6545589467180402,2.27579152727424,1.9344227981831041,2.617160256365376,0.7299406778466807,0.00034067784668068146,False,True,stratified_benchmark_fit,medium_high_stratified,0.02,0.82,0.96,"difficulty in [0,1]; quality in [0,1]; beta > 0; monotone decreasing",0.51,0.6210259811582134,0.5870267581470082,0.6525135500698829
synthetic,benchmark_fitted_curve,demo-premium,Demo Premium,synthetic-provider,synthetic-v1,mid_high,TwinRouterBench-synthetic-demo,0.76,0_to_1,synthetic://phase2-interface-demo,stratified_synthetic,synthetic_medium,"[{""difficulty"":0.0,""weight"":0.7103092783505155},{""difficulty"":0.3333333333333333,""weight"":0.06391752577319587},{""difficulty"":0.6666666666666666,""weight"":0.050515463917525774},{""difficulty"":1.0,""weight"":0.17525773195876287}]",0.76,0.7296,1.6545589467180402,2.27579152727424,1.9344227981831041,2.617160256365376,0.7299406778466807,0.00034067784668068146,False,True,stratified_benchmark_fit,medium_high_stratified,0.02,0.82,0.96,"difficulty in [0,1]; quality in [0,1]; beta > 0; monotone decreasing",0.52,0.6156552833727847,0.5806679521846521,0.6481146063839254
synthetic,benchmark_fitted_curve,demo-premium,Demo Premium,synthetic-provider,synthetic-v1,mid_high,TwinRouterBench-synthetic-demo,0.76,0_to_1,synthetic://phase2-interface-demo,stratified_synthetic,synthetic_medium,"[{""difficulty"":0.0,""weight"":0.7103092783505155},{""difficulty"":0.3333333333333333,""weight"":0.06391752577319587},{""difficulty"":0.6666666666666666,""weight"":0.050515463917525774},{""difficulty"":1.0,""weight"":0.17525773195876287}]",0.76,0.7296,1.6545589467180402,2.27579152727424,1.9344227981831041,2.617160256365376,0.7299406778466807,0.00034067784668068146,False,True,stratified_benchmark_fit,medium_high_stratified,0.02,0.82,0.96,"difficulty in [0,1]; quality in [0,1]; beta > 0; monotone decreasing",0.53,0.610256240064489,0.574282241412112,0.6436903836788884
synthetic,benchmark_fitted_curve,demo-premium,Demo Premium,synthetic-provider,synthetic-v1,mid_high,TwinRouterBench-synthetic-demo,0.76,0_to_1,synthetic://phase2-interface-demo,stratified_synthetic,synthetic_medium,"[{""difficulty"":0.0,""weight"":0.7103092783505155},{""difficulty"":0.3333333333333333,""weight"":0.06391752577319587},{""difficulty"":0.6666666666666666,""weight"":0.050515463917525774},{""difficulty"":1.0,""weight"":0.17525773195876287}]",0.76,0.7296,1.6545589467180402,2.27579152727424,1.9344227981831041,2.617160256365376,0.7299406778466807,0.00034067784668068146,False,True,stratified_benchmark_fit,medium_high_stratified,0.02,0.82,0.96,"difficulty in [0,1]; quality in [0,1]; beta > 0; monotone decreasing",0.54,0.6048300351922602,0.5678716549661302,0.6392414982330327
synthetic,benchmark_fitted_curve,demo-premium,Demo Premium,synthetic-provider,synthetic-v1,mid_high,TwinRouterBench-synthetic-demo,0.76,0_to_1,synthetic://phase2-interface-demo,stratified_synthetic,synthetic_medium,"[{""difficulty"":0.0,""weight"":0.7103092783505155},{""difficulty"":0.3333333333333333,""weight"":0.06391752577319587},{""difficulty"":0.6666666666666666,""weight"":0.050515463917525774},{""difficulty"":1.0,""weight"":0.17525773195876287}]",0.76,0.7296,1.6545589467180402,2.27579152727424,1.9344227981831041,2.617160256365376,0.7299406778466807,0.00034067784668068146,False,True,stratified_benchmark_fit,medium_high_stratified,0.02,0.82,0.96,"difficulty in [0,1]; quality in [0,1]; beta > 0; monotone decreasing",0.55,0.599377878791547,0.5614382549209442,0.6347685824929521
synthetic,benchmark_fitted_curve,demo-premium,Demo Premium,synthetic-provider,synthetic-v1,mid_high,TwinRouterBench-synthetic-demo,0.76,0_to_1,synthetic://phase2-interface-demo,stratified_synthetic,synthetic_medium,"[{""difficulty"":0.0,""weight"":0.7103092783505155},{""difficulty"":0.3333333333333333,""weight"":0.06391752577319587},{""difficulty"":0.6666666666666666,""weight"":0.050515463917525774},{""difficulty"":1.0,""weight"":0.17525773195876287}]",0.76,0.7296,1.6545589467180402,2.27579152727424,1.9344227981831041,2.617160256365376,0.7299406778466807,0.00034067784668068146,False,True,stratified_benchmark_fit,medium_high_stratified,0.02,0.82,0.96,"difficulty in [0,1]; quality in [0,1]; beta > 0; monotone decreasing",0.56,0.5939010060007357,0.5549841337286558,0.6302722847947191
synthetic,benchmark_fitted_curve,demo-premium,Demo Premium,synthetic-provider,synthetic-v1,mid_high,TwinRouterBench-synthetic-demo,0.76,0_to_1,synthetic://phase2-interface-demo,stratified_synthetic,synthetic_medium,"[{""difficulty"":0.0,""weight"":0.7103092783505155},{""difficulty"":0.3333333333333333,""weight"":0.06391752577319587},{""difficulty"":0.6666666666666666,""weight"":0.050515463917525774},{""difficulty"":1.0,""weight"":0.17525773195876287}]",0.76,0.7296,1.6545589467180402,2.27579152727424,1.9344227981831041,2.617160256365376,0.7299406778466807,0.00034067784668068146,False,True,stratified_benchmark_fit,medium_high_stratified,0.02,0.82,0.96,"difficulty in [0,1]; quality in [0,1]; beta > 0; monotone decreasing",0.5700000000000001,0.5884006760373203,0.5485114115745481,0.6257532690638148
synthetic,benchmark_fitted_curve,demo-premium,Demo Premium,synthetic-provider,synthetic-v1,mid_high,TwinRouterBench-synthetic-demo,0.76,0_to_1,synthetic://phase2-interface-demo,stratified_synthetic,synthetic_medium,"[{""difficulty"":0.0,""weight"":0.7103092783505155},{""difficulty"":0.3333333333333333,""weight"":0.06391752577319587},{""difficulty"":0.6666666666666666,""weight"":0.050515463917525774},{""difficulty"":1.0,""weight"":0.17525773195876287}]",0.76,0.7296,1.6545589467180402,2.27579152727424,1.9344227981831041,2.617160256365376,0.7299406778466807,0.00034067784668068146,False,True,stratified_benchmark_fit,medium_high_stratified,0.02,0.82,0.96,"difficulty in [0,1]; quality in [0,1]; beta > 0; monotone decreasing",0.58,0.5828781711253771,0.5420222336542092,0.621212214493985
synthetic,benchmark_fitted_curve,demo-premium,Demo Premium,synthetic-provider,synthetic-v1,mid_high,TwinRouterBench-synthetic-demo,0.76,0_to_1,synthetic://phase2-interface-demo,stratified_synthetic,synthetic_medium,"[{""difficulty"":0.0,""weight"":0.7103092783505155},{""difficulty"":0.3333333333333333,""weight"":0.06391752577319587},{""difficulty"":0.6666666666666666,""weight"":0.050515463917525774},{""difficulty"":1.0,""weight"":0.17525773195876287}]",0.76,0.7296,1.6545589467180402,2.27579152727424,1.9344227981831041,2.617160256365376,0.7299406778466807,0.00034067784668068146,False,True,stratified_benchmark_fit,medium_high_stratified,0.02,0.82,0.96,"difficulty in [0,1]; quality in [0,1]; beta > 0; monotone decreasing",0.59,0.5773347953760741,0.5355187673796922,0.6166498152052177
synthetic,benchmark_fitted_curve,demo-premium,Demo Premium,synthetic-provider,synthetic-v1,mid_high,TwinRouterBench-synthetic-demo,0.76,0_to_1,synthetic://phase2-interface-demo,stratified_synthetic,synthetic_medium,"[{""difficulty"":0.0,""weight"":0.7103092783505155},{""difficulty"":0.3333333333333333,""weight"":0.06391752577319587},{""difficulty"":0.6666666666666666,""weight"":0.050515463917525774},{""difficulty"":1.0,""weight"":0.17525773195876287}]",0.76,0.7296,1.6545589467180402,2.27579152727424,1.9344227981831041,2.617160256365376,0.7299406778466807,0.00034067784668068146,False,True,stratified_benchmark_fit,medium_high_stratified,0.02,0.82,0.96,"difficulty in [0,1]; quality in [0,1]; beta > 0; monotone decreasing",0.6,0.5717718736231029,0.5290031995222874,0.6120667798810768
synthetic,benchmark_fitted_curve,demo-premium,Demo Premium,synthetic-provider,synthetic-v1,mid_high,TwinRouterBench-synthetic-demo,0.76,0_to_1,synthetic://phase2-interface-demo,stratified_synthetic,synthetic_medium,"[{""difficulty"":0.0,""weight"":0.7103092783505155},{""difficulty"":0.3333333333333333,""weight"":0.06391752577319587},{""difficulty"":0.6666666666666666,""weight"":0.050515463917525774},{""difficulty"":1.0,""weight"":0.17525773195876287}]",0.76,0.7296,1.6545589467180402,2.27579152727424,1.9344227981831041,2.617160256365376,0.7299406778466807,0.00034067784668068146,False,True,stratified_benchmark_fit,medium_high_stratified,0.02,0.82,0.96,"difficulty in [0,1]; quality in [0,1]; beta > 0; monotone decreasing",0.61,0.5661907502150763,0.5224777332997889,0.6074638313856805
synthetic,benchmark_fitted_curve,demo-premium,Demo Premium,synthetic-provider,synthetic-v1,mid_high,TwinRouterBench-synthetic-demo,0.76,0_to_1,synthetic://phase2-interface-demo,stratified_synthetic,synthetic_medium,"[{""difficulty"":0.0,""weight"":0.7103092783505155},{""difficulty"":0.3333333333333333,""weight"":0.06391752577319587},{""difficulty"":0.6666666666666666,""weight"":0.050515463917525774},{""difficulty"":1.0,""weight"":0.17525773195876287}]",0.76,0.7296,1.6545589467180402,2.27579152727424,1.9344227981831041,2.617160256365376,0.7299406778466807,0.00034067784668068146,False,True,stratified_benchmark_fit,medium_high_stratified,0.02,0.82,0.96,"difficulty in [0,1]; quality in [0,1]; beta > 0; monotone decreasing",0.62,0.5605927877670883,0.5159445854164114,0.6028417063606533
synthetic,benchmark_fitted_curve,demo-premium,Demo Premium,synthetic-provider,synthetic-v1,mid_high,TwinRouterBench-synthetic-demo,0.76,0_to_1,synthetic://phase2-interface-demo,stratified_synthetic,synthetic_medium,"[{""difficulty"":0.0,""weight"":0.7103092783505155},{""difficulty"":0.3333333333333333,""weight"":0.06391752577319587},{""difficulty"":0.6666666666666666,""weight"":0.050515463917525774},{""difficulty"":1.0,""weight"":0.17525773195876287}]",0.76,0.7296,1.6545589467180402,2.27579152727424,1.9344227981831041,2.617160256365376,0.7299406778466807,0.00034067784668068146,False,True,stratified_benchmark_fit,medium_high_stratified,0.02,0.82,0.96,"difficulty in [0,1]; quality in [0,1]; beta > 0; monotone decreasing",0.63,0.5549793658737759,0.5094059830637447,0.5982011548024322
synthetic,benchmark_fitted_curve,demo-premium,Demo Premium,synthetic-provider,synthetic-v1,mid_high,TwinRouterBench-synthetic-demo,0.76,0_to_1,synthetic://phase2-interface-demo,stratified_synthetic,synthetic_medium,"[{""difficulty"":0.0,""weight"":0.7103092783505155},{""difficulty"":0.3333333333333333,""weight"":0.06391752577319587},{""difficulty"":0.6666666666666666,""weight"":0.050515463917525774},{""difficulty"":1.0,""weight"":0.17525773195876287}]",0.76,0.7296,1.6545589467180402,2.27579152727424,1.9344227981831041,2.617160256365376,0.7299406778466807,0.00034067784668068146,False,True,stratified_benchmark_fit,medium_high_stratified,0.02,0.82,0.96,"difficulty in [0,1]; quality in [0,1]; beta > 0; monotone decreasing",0.64,0.5493518797863589,0.5028641608913282,0.5935429396203518
synthetic,benchmark_fitted_curve,demo-premium,Demo Premium,synthetic-provider,synthetic-v1,mid_high,TwinRouterBench-synthetic-demo,0.76,0_to_1,synthetic://phase2-interface-demo,stratified_synthetic,synthetic_medium,"[{""difficulty"":0.0,""weight"":0.7103092783505155},{""difficulty"":0.3333333333333333,""weight"":0.06391752577319587},{""difficulty"":0.6666666666666666,""weight"":0.050515463917525774},{""difficulty"":1.0,""weight"":0.17525773195876287}]",0.76,0.7296,1.6545589467180402,2.27579152727424,1.9344227981831041,2.617160256365376,0.7299406778466807,0.00034067784668068146,False,True,stratified_benchmark_fit,medium_high_stratified,0.02,0.82,0.96,"difficulty in [0,1]; quality in [0,1]; beta > 0; monotone decreasing",0.65,0.5437117390562658,0.4963213579555744,0.5888678361759769
synthetic,benchmark_fitted_curve,demo-premium,Demo Premium,synthetic-provider,synthetic-v1,mid_high,TwinRouterBench-synthetic-demo,0.76,0_to_1,synthetic://phase2-interface-demo,stratified_synthetic,synthetic_medium,"[{""difficulty"":0.0,""weight"":0.7103092783505155},{""difficulty"":0.3333333333333333,""weight"":0.06391752577319587},{""difficulty"":0.6666666666666666,""weight"":0.050515463917525774},{""difficulty"":1.0,""weight"":0.17525773195876287}]",0.76,0.7296,1.6545589467180402,2.27579152727424,1.9344227981831041,2.617160256365376,0.7299406778466807,0.00034067784668068146,False,True,stratified_benchmark_fit,medium_high_stratified,0.02,0.82,0.96,"difficulty in [0,1]; quality in [0,1]; beta > 0; monotone decreasing",0.66,0.5380603661480745,0.48977981465588505,0.5841766318042049
synthetic,benchmark_fitted_curve,demo-premium,Demo Premium,synthetic-provider,synthetic-v1,mid_high,TwinRouterBench-synthetic-demo,0.76,0_to_1,synthetic://phase2-interface-demo,stratified_synthetic,synthetic_medium,"[{""difficulty"":0.0,""weight"":0.7103092783505155},{""difficulty"":0.3333333333333333,""weight"":0.06391752577319587},{""difficulty"":0.6666666666666666,""weight"":0.050515463917525774},{""difficulty"":1.0,""weight"":0.17525773195876287}]",0.76,0.7296,1.6545589467180402,2.27579152727424,1.9344227981831041,2.617160256365376,0.7299406778466807,0.00034067784668068146,False,True,stratified_benchmark_fit,medium_high_stratified,0.02,0.82,0.96,"difficulty in [0,1]; quality in [0,1]; beta > 0; monotone decreasing",0.67,0.5323991950246063,0.48324176966685933,0.5794701253166908
synthetic,benchmark_fitted_curve,demo-premium,Demo Premium,synthetic-provider,synthetic-v1,mid_high,TwinRouterBench-synthetic-demo,0.76,0_to_1,synthetic://phase2-interface-demo,stratified_synthetic,synthetic_medium,"[{""difficulty"":0.0,""weight"":0.7103092783505155},{""difficulty"":0.3333333333333333,""weight"":0.06391752577319587},{""difficulty"":0.6666666666666666,""weight"":0.050515463917525774},{""difficulty"":1.0,""weight"":0.17525773195876287}]",0.76,0.7296,1.6545589467180402,2.27579152727424,1.9344227981831041,2.617160256365376,0.7299406778466807,0.00034067784668068146,False,True,stratified_benchmark_fit,medium_high_stratified,0.02,0.82,0.96,"difficulty in [0,1]; quality in [0,1]; beta > 0; monotone decreasing",0.68,0.5267296697071188,0.476709456875519,0.5747491264882086
synthetic,benchmark_fitted_curve,demo-premium,Demo Premium,synthetic-provider,synthetic-v1,mid_high,TwinRouterBench-synthetic-demo,0.76,0_to_1,synthetic://phase2-interface-demo,stratified_synthetic,synthetic_medium,"[{""difficulty"":0.0,""weight"":0.7103092783505155},{""difficulty"":0.3333333333333333,""weight"":0.06391752577319587},{""difficulty"":0.6666666666666666,""weight"":0.050515463917525774},{""difficulty"":1.0,""weight"":0.17525773195876287}]",0.76,0.7296,1.6545589467180402,2.27579152727424,1.9344227981831041,2.617160256365376,0.7299406778466807,0.00034067784668068146,False,True,stratified_benchmark_fit,medium_high_stratified,0.02,0.82,0.96,"difficulty in [0,1]; quality in [0,1]; beta > 0; monotone decreasing",0.6900000000000001,0.5210532428136304,0.47018510233244903,0.5700144555265892
synthetic,benchmark_fitted_curve,demo-premium,Demo Premium,synthetic-provider,synthetic-v1,mid_high,TwinRouterBench-synthetic-demo,0.76,0_to_1,synthetic://phase2-interface-demo,stratified_synthetic,synthetic_medium,"[{""difficulty"":0.0,""weight"":0.7103092783505155},{""difficulty"":0.3333333333333333,""weight"":0.06391752577319587},{""difficulty"":0.6666666666666666,""weight"":0.050515463917525774},{""difficulty"":1.0,""weight"":0.17525773195876287}]",0.76,0.7296,1.6545589467180402,2.27579152727424,1.9344227981831041,2.617160256365376,0.7299406778466807,0.00034067784668068146,False,True,stratified_benchmark_fit,medium_high_stratified,0.02,0.82,0.96,"difficulty in [0,1]; quality in [0,1]; beta > 0; monotone decreasing",0.7000000000000001,0.5153713740784955,0.4636709212256794,0.5652669425269294
synthetic,benchmark_fitted_curve,demo-premium,Demo Premium,synthetic-provider,synthetic-v1,mid_high,TwinRouterBench-synthetic-demo,0.76,0_to_1,synthetic://phase2-interface-demo,stratified_synthetic,synthetic_medium,"[{""difficulty"":0.0,""weight"":0.7103092783505155},{""difficulty"":0.3333333333333333,""weight"":0.06391752577319587},{""difficulty"":0.6666666666666666,""weight"":0.050515463917525774},{""difficulty"":1.0,""weight"":0.17525773195876287}]",0.76,0.7296,1.6545589467180402,2.27579152727424,1.9344227981831041,2.617160256365376,0.7299406778466807,0.00034067784668068146,False,True,stratified_benchmark_fit,medium_high_stratified,0.02,0.82,0.96,"difficulty in [0,1]; quality in [0,1]; beta > 0; monotone decreasing",0.71,0.5096855288564132,0.4571691148860266,0.5605074269107982
synthetic,benchmark_fitted_curve,demo-premium,Demo Premium,synthetic-provider,synthetic-v1,mid_high,TwinRouterBench-synthetic-demo,0.76,0_to_1,synthetic://phase2-interface-demo,stratified_synthetic,synthetic_medium,"[{""difficulty"":0.0,""weight"":0.7103092783505155},{""difficulty"":0.3333333333333333,""weight"":0.06391752577319587},{""difficulty"":0.6666666666666666,""weight"":0.050515463917525774},{""difficulty"":1.0,""weight"":0.17525773195876287}]",0.76,0.7296,1.6545589467180402,2.27579152727424,1.9344227981831041,2.617160256365376,0.7299406778466807,0.00034067784668068146,False,True,stratified_benchmark_fit,medium_high_stratified,0.02,0.82,0.96,"difficulty in [0,1]; quality in [0,1]; beta > 0; monotone decreasing",0.72,0.5039971766141172,0.4506818678324517,0.5557367568512078
synthetic,benchmark_fitted_curve,demo-premium,Demo Premium,synthetic-provider,synthetic-v1,mid_high,TwinRouterBench-synthetic-demo,0.76,0_to_1,synthetic://phase2-interface-demo,stratified_synthetic,synthetic_medium,"[{""difficulty"":0.0,""weight"":0.7103092783505155},{""difficulty"":0.3333333333333333,""weight"":0.06391752577319587},{""difficulty"":0.6666666666666666,""weight"":0.050515463917525774},{""difficulty"":1.0,""weight"":0.17525773195876287}]",0.76,0.7296,1.6545589467180402,2.27579152727424,1.9344227981831041,2.617160256365376,0.7299406778466807,0.00034067784668068146,False,True,stratified_benchmark_fit,medium_high_stratified,0.02,0.82,0.96,"difficulty in [0,1]; quality in [0,1]; beta > 0; monotone decreasing",0.73,0.49830778941303855,0.4442113448657983,0.5509557886841576
synthetic,benchmark_fitted_curve,demo-premium,Demo Premium,synthetic-provider,synthetic-v1,mid_high,TwinRouterBench-synthetic-demo,0.76,0_to_1,synthetic://phase2-interface-demo,stratified_synthetic,synthetic_medium,"[{""difficulty"":0.0,""weight"":0.7103092783505155},{""difficulty"":0.3333333333333333,""weight"":0.06391752577319587},{""difficulty"":0.6666666666666666,""weight"":0.050515463917525774},{""difficulty"":1.0,""weight"":0.17525773195876287}]",0.76,0.7296,1.6545589467180402,2.27579152727424,1.9344227981831041,2.617160256365376,0.7299406778466807,0.00034067784668068146,False,True,stratified_benchmark_fit,medium_high_stratified,0.02,0.82,0.96,"difficulty in [0,1]; quality in [0,1]; beta > 0; monotone decreasing",0.74,0.4926188403862617,0.43775968821903144,0.5461653863075857
synthetic,benchmark_fitted_curve,demo-premium,Demo Premium,synthetic-provider,synthetic-v1,mid_high,TwinRouterBench-synthetic-demo,0.76,0_to_1,synthetic://phase2-interface-demo,stratified_synthetic,synthetic_medium,"[{""difficulty"":0.0,""weight"":0.7103092783505155},{""difficulty"":0.3333333333333333,""weight"":0.06391752577319587},{""difficulty"":0.6666666666666666,""weight"":0.050515463917525774},{""difficulty"":1.0,""weight"":0.17525773195876287}]",0.76,0.7296,1.6545589467180402,2.27579152727424,1.9344227981831041,2.617160256365376,0.7299406778466807,0.00034067784668068146,False,True,stratified_benchmark_fit,medium_high_stratified,0.02,0.82,0.96,"difficulty in [0,1]; quality in [0,1]; beta > 0; monotone decreasing",0.75,0.48693180221312543,0.4313290147718262,0.5413664205686045
synthetic,benchmark_fitted_curve,demo-premium,Demo Premium,synthetic-provider,synthetic-v1,mid_high,TwinRouterBench-synthetic-demo,0.76,0_to_1,synthetic://phase2-interface-demo,stratified_synthetic,synthetic_medium,"[{""difficulty"":0.0,""weight"":0.7103092783505155},{""difficulty"":0.3333333333333333,""weight"":0.06391752577319587},{""difficulty"":0.6666666666666666,""weight"":0.050515463917525774},{""difficulty"":1.0,""weight"":0.17525773195876287}]",0.76,0.7296,1.6545589467180402,2.27579152727424,1.9344227981831041,2.617160256365376,0.7299406778466807,0.00034067784668068146,False,True,stratified_benchmark_fit,medium_high_stratified,0.02,0.82,0.96,"difficulty in [0,1]; quality in [0,1]; beta > 0; monotone decreasing",0.76,0.48124814559482115,0.4249214133370384,0.5365597686399217
synthetic,benchmark_fitted_curve,demo-premium,Demo Premium,synthetic-provider,synthetic-v1,mid_high,TwinRouterBench-synthetic-demo,0.76,0_to_1,synthetic://phase2-interface-demo,stratified_synthetic,synthetic_medium,"[{""difficulty"":0.0,""weight"":0.7103092783505155},{""difficulty"":0.3333333333333333,""weight"":0.06391752577319587},{""difficulty"":0.6666666666666666,""weight"":0.050515463917525774},{""difficulty"":1.0,""weight"":0.17525773195876287}]",0.76,0.7296,1.6545589467180402,2.27579152727424,1.9344227981831041,2.617160256365376,0.7299406778466807,0.00034067784668068146,False,True,stratified_benchmark_fit,medium_high_stratified,0.02,0.82,0.96,"difficulty in [0,1]; quality in [0,1]; beta > 0; monotone decreasing",0.77,0.4755693377343416,0.41853894202624425,0.5317463133863805
synthetic,benchmark_fitted_curve,demo-premium,Demo Premium,synthetic-provider,synthetic-v1,mid_high,TwinRouterBench-synthetic-demo,0.76,0_to_1,synthetic://phase2-interface-demo,stratified_synthetic,synthetic_medium,"[{""difficulty"":0.0,""weight"":0.7103092783505155},{""difficulty"":0.3333333333333333,""weight"":0.06391752577319587},{""difficulty"":0.6666666666666666,""weight"":0.050515463917525774},{""difficulty"":1.0,""weight"":0.17525773195876287}]",0.76,0.7296,1.6545589467180402,2.27579152727424,1.9344227981831041,2.617160256365376,0.7299406778466807,0.00034067784668068146,False,True,stratified_benchmark_fit,medium_high_stratified,0.02,0.82,0.96,"difficulty in [0,1]; quality in [0,1]; beta > 0; monotone decreasing",0.78,0.4698968408241135,0.4121836257011568,0.5269269427225762
synthetic,benchmark_fitted_curve,demo-premium,Demo Premium,synthetic-provider,synthetic-v1,mid_high,TwinRouterBench-synthetic-demo,0.76,0_to_1,synthetic://phase2-interface-demo,stratified_synthetic,synthetic_medium,"[{""difficulty"":0.0,""weight"":0.7103092783505155},{""difficulty"":0.3333333333333333,""weight"":0.06391752577319587},{""difficulty"":0.6666666666666666,""weight"":0.050515463917525774},{""difficulty"":1.0,""weight"":0.17525773195876287}]",0.76,0.7296,1.6545589467180402,2.27579152727424,1.9344227981831041,2.617160256365376,0.7299406778466807,0.00034067784668068146,False,True,stratified_benchmark_fit,medium_high_stratified,0.02,0.82,0.96,"difficulty in [0,1]; quality in [0,1]; beta > 0; monotone decreasing",0.79,0.464232110544623,0.40585745351731994,0.5221025489625329
synthetic,benchmark_fitted_curve,demo-premium,Demo Premium,synthetic-provider,synthetic-v1,mid_high,TwinRouterBench-synthetic-demo,0.76,0_to_1,synthetic://phase2-interface-demo,stratified_synthetic,synthetic_medium,"[{""difficulty"":0.0,""weight"":0.7103092783505155},{""difficulty"":0.3333333333333333,""weight"":0.06391752577319587},{""difficulty"":0.6666666666666666,""weight"":0.050515463917525774},{""difficulty"":1.0,""weight"":0.17525773195876287}]",0.76,0.7296,1.6545589467180402,2.27579152727424,1.9344227981831041,2.617160256365376,0.7299406778466807,0.00034067784668068146,False,True,stratified_benchmark_fit,medium_high_stratified,0.02,0.82,0.96,"difficulty in [0,1]; quality in [0,1]; beta > 0; monotone decreasing",0.8,0.4585765945772956,0.399562376566045,0.5172740281624436
synthetic,benchmark_fitted_curve,demo-premium,Demo Premium,synthetic-provider,synthetic-v1,mid_high,TwinRouterBench-synthetic-demo,0.76,0_to_1,synthetic://phase2-interface-demo,stratified_synthetic,synthetic_medium,"[{""difficulty"":0.0,""weight"":0.7103092783505155},{""difficulty"":0.3333333333333333,""weight"":0.06391752577319587},{""difficulty"":0.6666666666666666,""weight"":0.050515463917525774},{""difficulty"":1.0,""weight"":0.17525773195876287}]",0.76,0.7296,1.6545589467180402,2.27579152727424,1.9344227981831041,2.617160256365376,0.7299406778466807,0.00034067784668068146,False,True,stratified_benchmark_fit,medium_high_stratified,0.02,0.82,0.96,"difficulty in [0,1]; quality in [0,1]; beta > 0; monotone decreasing",0.81,0.4529317311348457,0.39330030562010315,0.5124422794574962
synthetic,benchmark_fitted_curve,demo-premium,Demo Premium,synthetic-provider,synthetic-v1,mid_high,TwinRouterBench-synthetic-demo,0.76,0_to_1,synthetic://phase2-interface-demo,stratified_synthetic,synthetic_medium,"[{""difficulty"":0.0,""weight"":0.7103092783505155},{""difficulty"":0.3333333333333333,""weight"":0.06391752577319587},{""difficulty"":0.6666666666666666,""weight"":0.050515463917525774},{""difficulty"":1.0,""weight"":0.17525773195876287}]",0.76,0.7296,1.6545589467180402,2.27579152727424,1.9344227981831041,2.617160256365376,0.7299406778466807,0.00034067784668068146,False,True,stratified_benchmark_fit,medium_high_stratified,0.02,0.82,0.96,"difficulty in [0,1]; quality in [0,1]; beta > 0; monotone decreasing",0.8200000000000001,0.44729894751223853,0.3870731089882061,0.5076082043938249
synthetic,benchmark_fitted_curve,demo-premium,Demo Premium,synthetic-provider,synthetic-v1,mid_high,TwinRouterBench-synthetic-demo,0.76,0_to_1,synthetic://phase2-interface-demo,stratified_synthetic,synthetic_medium,"[{""difficulty"":0.0,""weight"":0.7103092783505155},{""difficulty"":0.3333333333333333,""weight"":0.06391752577319587},{""difficulty"":0.6666666666666666,""weight"":0.050515463917525774},{""difficulty"":1.0,""weight"":0.17525773195876287}]",0.76,0.7296,1.6545589467180402,2.27579152727424,1.9344227981831041,2.617160256365376,0.7299406778466807,0.00034067784668068146,False,True,stratified_benchmark_fit,medium_high_stratified,0.02,0.82,0.96,"difficulty in [0,1]; quality in [0,1]; beta > 0; monotone decreasing",0.8300000000000001,0.44167965866133546,0.3808826104828178,0.5027727062566376
synthetic,benchmark_fitted_curve,demo-premium,Demo Premium,synthetic-provider,synthetic-v1,mid_high,TwinRouterBench-synthetic-demo,0.76,0_to_1,synthetic://phase2-interface-demo,stratified_synthetic,synthetic_medium,"[{""difficulty"":0.0,""weight"":0.7103092783505155},{""difficulty"":0.3333333333333333,""weight"":0.06391752577319587},{""difficulty"":0.6666666666666666,""weight"":0.050515463917525774},{""difficulty"":1.0,""weight"":0.17525773195876287}]",0.76,0.7296,1.6545589467180402,2.27579152727424,1.9344227981831041,2.617160256365376,0.7299406778466807,0.00034067784668068146,False,True,stratified_benchmark_fit,medium_high_stratified,0.02,0.82,0.96,"difficulty in [0,1]; quality in [0,1]; beta > 0; monotone decreasing",0.84,0.4360752657922054,0.37473058750533417,0.4979366893955824
synthetic,benchmark_fitted_curve,demo-premium,Demo Premium,synthetic-provider,synthetic-v1,mid_high,TwinRouterBench-synthetic-demo,0.76,0_to_1,synthetic://phase2-interface-demo,stratified_synthetic,synthetic_medium,"[{""difficulty"":0.0,""weight"":0.7103092783505155},{""difficulty"":0.3333333333333333,""weight"":0.06391752577319587},{""difficulty"":0.6666666666666666,""weight"":0.050515463917525774},{""difficulty"":1.0,""weight"":0.17525773195876287}]",0.76,0.7296,1.6545589467180402,2.27579152727424,1.9344227981831041,2.617160256365376,0.7299406778466807,0.00034067784668068146,False,True,stratified_benchmark_fit,medium_high_stratified,0.02,0.82,0.96,"difficulty in [0,1]; quality in [0,1]; beta > 0; monotone decreasing",0.85,0.4304871550039823,0.36861876925215326,0.49310105854842284
synthetic,benchmark_fitted_curve,demo-premium,Demo Premium,synthetic-provider,synthetic-v1,mid_high,TwinRouterBench-synthetic-demo,0.76,0_to_1,synthetic://phase2-interface-demo,stratified_synthetic,synthetic_medium,"[{""difficulty"":0.0,""weight"":0.7103092783505155},{""difficulty"":0.3333333333333333,""weight"":0.06391752577319587},{""difficulty"":0.6666666666666666,""weight"":0.050515463917525774},{""difficulty"":1.0,""weight"":0.17525773195876287}]",0.76,0.7296,1.6545589467180402,2.27579152727424,1.9344227981831041,2.617160256365376,0.7299406778466807,0.00034067784668068146,False,True,stratified_benchmark_fit,medium_high_stratified,0.02,0.82,0.96,"difficulty in [0,1]; quality in [0,1]; beta > 0; monotone decreasing",0.86,0.42491669594804776,0.3625488350446343,0.4882667181640963
synthetic,benchmark_fitted_curve,demo-premium,Demo Premium,synthetic-provider,synthetic-v1,mid_high,TwinRouterBench-synthetic-demo,0.76,0_to_1,synthetic://phase2-interface-demo,stratified_synthetic,synthetic_medium,"[{""difficulty"":0.0,""weight"":0.7103092783505155},{""difficulty"":0.3333333333333333,""weight"":0.06391752577319587},{""difficulty"":0.6666666666666666,""weight"":0.050515463917525774},{""difficulty"":1.0,""weight"":0.17525773195876287}]",0.76,0.7296,1.6545589467180402,2.27579152727424,1.9344227981831041,2.617160256365376,0.7299406778466807,0.00034067784668068146,False,True,stratified_benchmark_fit,medium_high_stratified,0.02,0.82,0.96,"difficulty in [0,1]; quality in [0,1]; beta > 0; monotone decreasing",0.87,0.41936524052619156,0.35652241278542235,0.48343457172623144
synthetic,benchmark_fitted_curve,demo-premium,Demo Premium,synthetic-provider,synthetic-v1,mid_high,TwinRouterBench-synthetic-demo,0.76,0_to_1,synthetic://phase2-interface-demo,stratified_synthetic,synthetic_medium,"[{""difficulty"":0.0,""weight"":0.7103092783505155},{""difficulty"":0.3333333333333333,""weight"":0.06391752577319587},{""difficulty"":0.6666666666666666,""weight"":0.050515463917525774},{""difficulty"":1.0,""weight"":0.17525773195876287}]",0.76,0.7296,1.6545589467180402,2.27579152727424,1.9344227981831041,2.617160256365376,0.7299406778466807,0.00034067784668068146,False,True,stratified_benchmark_fit,medium_high_stratified,0.02,0.82,0.96,"difficulty in [0,1]; quality in [0,1]; beta > 0; monotone decreasing",0.88,0.41383412162628547,0.3505410775430885,0.4786055210781992
synthetic,benchmark_fitted_curve,demo-premium,Demo Premium,synthetic-provider,synthetic-v1,mid_high,TwinRouterBench-synthetic-demo,0.76,0_to_1,synthetic://phase2-interface-demo,stratified_synthetic,synthetic_medium,"[{""difficulty"":0.0,""weight"":0.7103092783505155},{""difficulty"":0.3333333333333333,""weight"":0.06391752577319587},{""difficulty"":0.6666666666666666,""weight"":0.050515463917525774},{""difficulty"":1.0,""weight"":0.17525773195876287}]",0.76,0.7296,1.6545589467180402,2.27579152727424,1.9344227981831041,2.617160256365376,0.7299406778466807,0.00034067784668068146,False,True,stratified_benchmark_fit,medium_high_stratified,0.02,0.82,0.96,"difficulty in [0,1]; quality in [0,1]; beta > 0; monotone decreasing",0.89,0.4083246518978625,0.3446063502665162,0.4737804657507693
synthetic,benchmark_fitted_curve,demo-premium,Demo Premium,synthetic-provider,synthetic-v1,mid_high,TwinRouterBench-synthetic-demo,0.76,0_to_1,synthetic://phase2-interface-demo,stratified_synthetic,synthetic_medium,"[{""difficulty"":0.0,""weight"":0.7103092783505155},{""difficulty"":0.3333333333333333,""weight"":0.06391752577319587},{""difficulty"":0.6666666666666666,""weight"":0.050515463917525774},{""difficulty"":1.0,""weight"":0.17525773195876287}]",0.76,0.7296,1.6545589467180402,2.27579152727424,1.9344227981831041,2.617160256365376,0.7299406778466807,0.00034067784668068146,False,True,stratified_benchmark_fit,medium_high_stratified,0.02,0.82,0.96,"difficulty in [0,1]; quality in [0,1]; beta > 0; monotone decreasing",0.9,0.4028381225698592,0.338719696629947,0.46896030229343366
synthetic,benchmark_fitted_curve,demo-premium,Demo Premium,synthetic-provider,synthetic-v1,mid_high,TwinRouterBench-synthetic-demo,0.76,0_to_1,synthetic://phase2-interface-demo,stratified_synthetic,synthetic_medium,"[{""difficulty"":0.0,""weight"":0.7103092783505155},{""difficulty"":0.3333333333333333,""weight"":0.06391752577319587},{""difficulty"":0.6666666666666666,""weight"":0.050515463917525774},{""difficulty"":1.0,""weight"":0.17525773195876287}]",0.76,0.7296,1.6545589467180402,2.27579152727424,1.9344227981831041,2.617160256365376,0.7299406778466807,0.00034067784668068146,False,True,stratified_benchmark_fit,medium_high_stratified,0.02,0.82,0.96,"difficulty in [0,1]; quality in [0,1]; beta > 0; monotone decreasing",0.91,0.39737580231262537,0.3328825260090955,0.4641459236104524
synthetic,benchmark_fitted_curve,demo-premium,Demo Premium,synthetic-provider,synthetic-v1,mid_high,TwinRouterBench-synthetic-demo,0.76,0_to_1,synthetic://phase2-interface-demo,stratified_synthetic,synthetic_medium,"[{""difficulty"":0.0,""weight"":0.7103092783505155},{""difficulty"":0.3333333333333333,""weight"":0.06391752577319587},{""difficulty"":0.6666666666666666,""weight"":0.050515463917525774},{""difficulty"":1.0,""weight"":0.17525773195876287}]",0.76,0.7296,1.6545589467180402,2.27579152727424,1.9344227981831041,2.617160256365376,0.7299406778466807,0.00034067784668068146,False,True,stratified_benchmark_fit,medium_high_stratified,0.02,0.82,0.96,"difficulty in [0,1]; quality in [0,1]; beta > 0; monotone decreasing",0.92,0.3919389361461542,0.32709619058824846,0.4593382183026622
synthetic,benchmark_fitted_curve,demo-premium,Demo Premium,synthetic-provider,synthetic-v1,mid_high,TwinRouterBench-synthetic-demo,0.76,0_to_1,synthetic://phase2-interface-demo,stratified_synthetic,synthetic_medium,"[{""difficulty"":0.0,""weight"":0.7103092783505155},{""difficulty"":0.3333333333333333,""weight"":0.06391752577319587},{""difficulty"":0.6666666666666666,""weight"":0.050515463917525774},{""difficulty"":1.0,""weight"":0.17525773195876287}]",0.76,0.7296,1.6545589467180402,2.27579152727424,1.9344227981831041,2.617160256365376,0.7299406778466807,0.00034067784668068146,False,True,stratified_benchmark_fit,medium_high_stratified,0.02,0.82,0.96,"difficulty in [0,1]; quality in [0,1]; beta > 0; monotone decreasing",0.93,0.3865287443963257,0.3213619845977817,0.4545380700160716
synthetic,benchmark_fitted_curve,demo-premium,Demo Premium,synthetic-provider,synthetic-v1,mid_high,TwinRouterBench-synthetic-demo,0.76,0_to_1,synthetic://phase2-interface-demo,stratified_synthetic,synthetic_medium,"[{""difficulty"":0.0,""weight"":0.7103092783505155},{""difficulty"":0.3333333333333333,""weight"":0.06391752577319587},{""difficulty"":0.6666666666666666,""weight"":0.050515463917525774},{""difficulty"":1.0,""weight"":0.17525773195876287}]",0.76,0.7296,1.6545589467180402,2.27579152727424,1.9344227981831041,2.617160256365376,0.7299406778466807,0.00034067784668068146,False,True,stratified_benchmark_fit,medium_high_stratified,0.02,0.82,0.96,"difficulty in [0,1]; quality in [0,1]; beta > 0; monotone decreasing",0.9400000000000001,0.3811464217007929,0.31568114368107036,0.44974635679825137
synthetic,benchmark_fitted_curve,demo-premium,Demo Premium,synthetic-provider,synthetic-v1,mid_high,TwinRouterBench-synthetic-demo,0.76,0_to_1,synthetic://phase2-interface-demo,stratified_synthetic,synthetic_medium,"[{""difficulty"":0.0,""weight"":0.7103092783505155},{""difficulty"":0.3333333333333333,""weight"":0.06391752577319587},{""difficulty"":0.6666666666666666,""weight"":0.050515463917525774},{""difficulty"":1.0,""weight"":0.17525773195876287}]",0.76,0.7296,1.6545589467180402,2.27579152727424,1.9344227981831041,2.617160256365376,0.7299406778466807,0.00034067784668068146,False,True,stratified_benchmark_fit,medium_high_stratified,0.02,0.82,0.96,"difficulty in [0,1]; quality in [0,1]; beta > 0; monotone decreasing",0.9500000000000001,0.37579313606597464,0.3100548443893187,0.4449639504635046
synthetic,benchmark_fitted_curve,demo-premium,Demo Premium,synthetic-provider,synthetic-v1,mid_high,TwinRouterBench-synthetic-demo,0.76,0_to_1,synthetic://phase2-interface-demo,stratified_synthetic,synthetic_medium,"[{""difficulty"":0.0,""weight"":0.7103092783505155},{""difficulty"":0.3333333333333333,""weight"":0.06391752577319587},{""difficulty"":0.6666666666666666,""weight"":0.050515463917525774},{""difficulty"":1.0,""weight"":0.17525773195876287}]",0.76,0.7296,1.6545589467180402,2.27579152727424,1.9344227981831041,2.617160256365376,0.7299406778466807,0.00034067784668068146,False,True,stratified_benchmark_fit,medium_high_stratified,0.02,0.82,0.96,"difficulty in [0,1]; quality in [0,1]; beta > 0; monotone decreasing",0.96,0.3704700279764485,0.3044842038024185,0.44019171596777984
synthetic,benchmark_fitted_curve,demo-premium,Demo Premium,synthetic-provider,synthetic-v1,mid_high,TwinRouterBench-synthetic-demo,0.76,0_to_1,synthetic://phase2-interface-demo,stratified_synthetic,synthetic_medium,"[{""difficulty"":0.0,""weight"":0.7103092783505155},{""difficulty"":0.3333333333333333,""weight"":0.06391752577319587},{""difficulty"":0.6666666666666666,""weight"":0.050515463917525774},{""difficulty"":1.0,""weight"":0.17525773195876287}]",0.76,0.7296,1.6545589467180402,2.27579152727424,1.9344227981831041,2.617160256365376,0.7299406778466807,0.00034067784668068146,False,True,stratified_benchmark_fit,medium_high_stratified,0.02,0.82,0.96,"difficulty in [0,1]; quality in [0,1]; beta > 0; monotone decreasing",0.97,0.36517820955786806,0.2989702792735393,0.4354305107942623
synthetic,benchmark_fitted_curve,demo-premium,Demo Premium,synthetic-provider,synthetic-v1,mid_high,TwinRouterBench-synthetic-demo,0.76,0_to_1,synthetic://phase2-interface-demo,stratified_synthetic,synthetic_medium,"[{""difficulty"":0.0,""weight"":0.7103092783505155},{""difficulty"":0.3333333333333333,""weight"":0.06391752577319587},{""difficulty"":0.6666666666666666,""weight"":0.050515463917525774},{""difficulty"":1.0,""weight"":0.17525773195876287}]",0.76,0.7296,1.6545589467180402,2.27579152727424,1.9344227981831041,2.617160256365376,0.7299406778466807,0.00034067784668068146,False,True,stratified_benchmark_fit,medium_high_stratified,0.02,0.82,0.96,"difficulty in [0,1]; quality in [0,1]; beta > 0; monotone decreasing",0.98,0.35991876379435567,0.2935140682947843,0.4306811843505523
synthetic,benchmark_fitted_curve,demo-premium,Demo Premium,synthetic-provider,synthetic-v1,mid_high,TwinRouterBench-synthetic-demo,0.76,0_to_1,synthetic://phase2-interface-demo,stratified_synthetic,synthetic_medium,"[{""difficulty"":0.0,""weight"":0.7103092783505155},{""difficulty"":0.3333333333333333,""weight"":0.06391752577319587},{""difficulty"":0.6666666666666666,""weight"":0.050515463917525774},{""difficulty"":1.0,""weight"":0.17525773195876287}]",0.76,0.7296,1.6545589467180402,2.27579152727424,1.9344227981831041,2.617160256365376,0.7299406778466807,0.00034067784668068146,False,True,stratified_benchmark_fit,medium_high_stratified,0.02,0.82,0.96,"difficulty in [0,1]; quality in [0,1]; beta > 0; monotone decreasing",0.99,0.35469274380115184,0.2881165084808877,0.4259445773783075
synthetic,benchmark_fitted_curve,demo-premium,Demo Premium,synthetic-provider,synthetic-v1,mid_high,TwinRouterBench-synthetic-demo,0.76,0_to_1,synthetic://phase2-interface-demo,stratified_synthetic,synthetic_medium,"[{""difficulty"":0.0,""weight"":0.7103092783505155},{""difficulty"":0.3333333333333333,""weight"":0.06391752577319587},{""difficulty"":0.6666666666666666,""weight"":0.050515463917525774},{""difficulty"":1.0,""weight"":0.17525773195876287}]",0.76,0.7296,1.6545589467180402,2.27579152727424,1.9344227981831041,2.617160256365376,0.7299406778466807,0.00034067784668068146,False,True,stratified_benchmark_fit,medium_high_stratified,0.02,0.82,0.96,"difficulty in [0,1]; quality in [0,1]; beta > 0; monotone decreasing",1.0,0.34950117215312987,0.282778477667611,0.421221521376194
synthetic,benchmark_fitted_curve,demo-frontier,Demo Frontier,synthetic-provider,synthetic-v1,high,TwinRouterBench-synthetic-demo,0.88,0_to_1,synthetic://phase2-interface-demo,stratified_synthetic,synthetic_medium,"[{""difficulty"":0.0,""weight"":0.7103092783505155},{""difficulty"":0.3333333333333333,""weight"":0.06391752577319587},{""difficulty"":0.6666666666666666,""weight"":0.050515463917525774},{""difficulty"":1.0,""weight"":0.17525773195876287}]",0.88,0.8448,2.498312551470936,2.260323958886373,1.9212753650534171,2.5993725527193288,0.8456074549560935,0.0008074549560934674,False,True,stratified_benchmark_fit,medium_high_stratified,0.02,0.82,0.96,"difficulty in [0,1]; quality in [0,1]; beta > 0; monotone decreasing",0.0,0.9240234388660483,0.9039444828139169,0.9418165328195214
synthetic,benchmark_fitted_curve,demo-frontier,Demo Frontier,synthetic-provider,synthetic-v1,high,TwinRouterBench-synthetic-demo,0.88,0_to_1,synthetic://phase2-interface-demo,stratified_synthetic,synthetic_medium,"[{""difficulty"":0.0,""weight"":0.7103092783505155},{""difficulty"":0.3333333333333333,""weight"":0.06391752577319587},{""difficulty"":0.6666666666666666,""weight"":0.050515463917525774},{""difficulty"":1.0,""weight"":0.17525773195876287}]",0.88,0.8448,2.498312551470936,2.260323958886373,1.9212753650534171,2.5993725527193288,0.8456074549560935,0.0008074549560934674,False,True,stratified_benchmark_fit,medium_high_stratified,0.02,0.82,0.96,"difficulty in [0,1]; quality in [0,1]; beta > 0; monotone decreasing",0.01,0.9224213111802192,0.9022632653956731,0.9403756581798751
synthetic,benchmark_fitted_curve,demo-frontier,Demo Frontier,synthetic-provider,synthetic-v1,high,TwinRouterBench-synthetic-demo,0.88,0_to_1,synthetic://phase2-interface-demo,stratified_synthetic,synthetic_medium,"[{""difficulty"":0.0,""weight"":0.7103092783505155},{""difficulty"":0.3333333333333333,""weight"":0.06391752577319587},{""difficulty"":0.6666666666666666,""weight"":0.050515463917525774},{""difficulty"":1.0,""weight"":0.17525773195876287}]",0.88,0.8448,2.498312551470936,2.260323958886373,1.9212753650534171,2.5993725527193288,0.8456074549560935,0.0008074549560934674,False,True,stratified_benchmark_fit,medium_high_stratified,0.02,0.82,0.96,"difficulty in [0,1]; quality in [0,1]; beta > 0; monotone decreasing",0.02,0.9207882953678368,0.9005558595197709,0.9389014160658984
synthetic,benchmark_fitted_curve,demo-frontier,Demo Frontier,synthetic-provider,synthetic-v1,high,TwinRouterBench-synthetic-demo,0.88,0_to_1,synthetic://phase2-interface-demo,stratified_synthetic,synthetic_medium,"[{""difficulty"":0.0,""weight"":0.7103092783505155},{""difficulty"":0.3333333333333333,""weight"":0.06391752577319587},{""difficulty"":0.6666666666666666,""weight"":0.050515463917525774},{""difficulty"":1.0,""weight"":0.17525773195876287}]",0.88,0.8448,2.498312551470936,2.260323958886373,1.9212753650534171,2.5993725527193288,0.8456074549560935,0.0008074549560934674,False,True,stratified_benchmark_fit,medium_high_stratified,0.02,0.82,0.96,"difficulty in [0,1]; quality in [0,1]; beta > 0; monotone decreasing",0.03,0.9191239188026405,0.8988219710103658,0.9373931493703113
synthetic,benchmark_fitted_curve,demo-frontier,Demo Frontier,synthetic-provider,synthetic-v1,high,TwinRouterBench-synthetic-demo,0.88,0_to_1,synthetic://phase2-interface-demo,stratified_synthetic,synthetic_medium,"[{""difficulty"":0.0,""weight"":0.7103092783505155},{""difficulty"":0.3333333333333333,""weight"":0.06391752577319587},{""difficulty"":0.6666666666666666,""weight"":0.050515463917525774},{""difficulty"":1.0,""weight"":0.17525773195876287}]",0.88,0.8448,2.498312551470936,2.260323958886373,1.9212753650534171,2.5993725527193288,0.8456074549560935,0.0008074549560934674,False,True,stratified_benchmark_fit,medium_high_stratified,0.02,0.82,0.96,"difficulty in [0,1]; quality in [0,1]; beta > 0; monotone decreasing",0.04,0.9174277068615223,0.8970613064223502,0.9358501938253712
synthetic,benchmark_fitted_curve,demo-frontier,Demo Frontier,synthetic-provider,synthetic-v1,high,TwinRouterBench-synthetic-demo,0.88,0_to_1,synthetic://phase2-interface-demo,stratified_synthetic,synthetic_medium,"[{""difficulty"":0.0,""weight"":0.7103092783505155},{""difficulty"":0.3333333333333333,""weight"":0.06391752577319587},{""difficulty"":0.6666666666666666,""weight"":0.050515463917525774},{""difficulty"":1.0,""weight"":0.17525773195876287}]",0.88,0.8448,2.498312551470936,2.260323958886373,1.9212753650534171,2.5993725527193288,0.8456074549560935,0.0008074549560934674,False,True,stratified_benchmark_fit,medium_high_stratified,0.02,0.82,0.96,"difficulty in [0,1]; quality in [0,1]; beta > 0; monotone decreasing",0.05,0.9156991831671626,0.8952735732138388,0.9342718782348675
synthetic,benchmark_fitted_curve,demo-frontier,Demo Frontier,synthetic-provider,synthetic-v1,high,TwinRouterBench-synthetic-demo,0.88,0_to_1,synthetic://phase2-interface-demo,stratified_synthetic,synthetic_medium,"[{""difficulty"":0.0,""weight"":0.7103092783505155},{""difficulty"":0.3333333333333333,""weight"":0.06391752577319587},{""difficulty"":0.6666666666666666,""weight"":0.050515463917525774},{""difficulty"":1.0,""weight"":0.17525773195876287}]",0.88,0.8448,2.498312551470936,2.260323958886373,1.9212753650534171,2.5993725527193288,0.8456074549560935,0.0008074549560934674,False,True,stratified_benchmark_fit,medium_high_stratified,0.02,0.82,0.96,"difficulty in [0,1]; quality in [0,1]; beta > 0; monotone decreasing",0.06,0.9139378698428873,0.8934584799240503,0.9326575247264074
synthetic,benchmark_fitted_curve,demo-frontier,Demo Frontier,synthetic-provider,synthetic-v1,high,TwinRouterBench-synthetic-demo,0.88,0_to_1,synthetic://phase2-interface-demo,stratified_synthetic,synthetic_medium,"[{""difficulty"":0.0,""weight"":0.7103092783505155},{""difficulty"":0.3333333333333333,""weight"":0.06391752577319587},{""difficulty"":0.6666666666666666,""weight"":0.050515463917525774},{""difficulty"":1.0,""weight"":0.17525773195876287}]",0.88,0.8448,2.498312551470936,2.260323958886373,1.9212753650534171,2.5993725527193288,0.8456074549560935,0.0008074549560934674,False,True,stratified_benchmark_fit,medium_high_stratified,0.02,0.82,0.96,"difficulty in [0,1]; quality in [0,1]; beta > 0; monotone decreasing",0.07,0.9121432877799995,0.8916157363566102,0.9310064490247636
synthetic,benchmark_fitted_curve,demo-frontier,Demo Frontier,synthetic-provider,synthetic-v1,high,TwinRouterBench-synthetic-demo,0.88,0_to_1,synthetic://phase2-interface-demo,stratified_synthetic,synthetic_medium,"[{""difficulty"":0.0,""weight"":0.7103092783505155},{""difficulty"":0.3333333333333333,""weight"":0.06391752577319587},{""difficulty"":0.6666666666666666,""weight"":0.050515463917525774},{""difficulty"":1.0,""weight"":0.17525773195876287}]",0.88,0.8448,2.498312551470936,2.260323958886373,1.9212753650534171,2.5993725527193288,0.8456074549560935,0.0008074549560934674,False,True,stratified_benchmark_fit,medium_high_stratified,0.02,0.82,0.96,"difficulty in [0,1]; quality in [0,1]; beta > 0; monotone decreasing",0.08,0.9103149569178302,0.8897450537682998,0.9293179607470518
synthetic,benchmark_fitted_curve,demo-frontier,Demo Frontier,synthetic-provider,synthetic-v1,high,TwinRouterBench-synthetic-demo,0.88,0_to_1,synthetic://phase2-interface-demo,stratified_synthetic,synthetic_medium,"[{""difficulty"":0.0,""weight"":0.7103092783505155},{""difficulty"":0.3333333333333333,""weight"":0.06391752577319587},{""difficulty"":0.6666666666666666,""weight"":0.050515463917525774},{""difficulty"":1.0,""weight"":0.17525773195876287}]",0.88,0.8448,2.498312551470936,2.260323958886373,1.9212753650534171,2.5993725527193288,0.8456074549560935,0.0008074549560934674,False,True,stratified_benchmark_fit,medium_high_stratified,0.02,0.82,0.96,"difficulty in [0,1]; quality in [0,1]; beta > 0; monotone decreasing",0.09,0.9084523965367437,0.887846145063263,0.9275913637205141
synthetic,benchmark_fitted_curve,demo-frontier,Demo Frontier,synthetic-provider,synthetic-v1,high,TwinRouterBench-synthetic-demo,0.88,0_to_1,synthetic://phase2-interface-demo,stratified_synthetic,synthetic_medium,"[{""difficulty"":0.0,""weight"":0.7103092783505155},{""difficulty"":0.3333333333333333,""weight"":0.06391752577319587},{""difficulty"":0.6666666666666666,""weight"":0.050515463917525774},{""difficulty"":1.0,""weight"":0.17525773195876287}]",0.88,0.8448,2.498312551470936,2.260323958886373,1.9212753650534171,2.5993725527193288,0.8456074549560935,0.0008074549560934674,False,True,stratified_benchmark_fit,medium_high_stratified,0.02,0.82,0.96,"difficulty in [0,1]; quality in [0,1]; beta > 0; monotone decreasing",0.1,0.9065551255643225,0.8859187249926789,0.9258259563236781
synthetic,benchmark_fitted_curve,demo-frontier,Demo Frontier,synthetic-provider,synthetic-v1,high,TwinRouterBench-synthetic-demo,0.88,0_to_1,synthetic://phase2-interface-demo,stratified_synthetic,synthetic_medium,"[{""difficulty"":0.0,""weight"":0.7103092783505155},{""difficulty"":0.3333333333333333,""weight"":0.06391752577319587},{""difficulty"":0.6666666666666666,""weight"":0.050515463917525774},{""difficulty"":1.0,""weight"":0.17525773195876287}]",0.88,0.8448,2.498312551470936,2.260323958886373,1.9212753650534171,2.5993725527193288,0.8456074549560935,0.0008074549560934674,False,True,stratified_benchmark_fit,medium_high_stratified,0.02,0.82,0.96,"difficulty in [0,1]; quality in [0,1]; beta > 0; monotone decreasing",0.11,0.9046226628949403,0.8839625103598998,0.9240210318516595
synthetic,benchmark_fitted_curve,demo-frontier,Demo Frontier,synthetic-provider,synthetic-v1,high,TwinRouterBench-synthetic-demo,0.88,0_to_1,synthetic://phase2-interface-demo,stratified_synthetic,synthetic_medium,"[{""difficulty"":0.0,""weight"":0.7103092783505155},{""difficulty"":0.3333333333333333,""weight"":0.06391752577319587},{""difficulty"":0.6666666666666666,""weight"":0.050515463917525774},{""difficulty"":1.0,""weight"":0.17525773195876287}]",0.88,0.8448,2.498312551470936,2.260323958886373,1.9212753650534171,2.5993725527193288,0.8456074549560935,0.0008074549560934674,False,True,stratified_benchmark_fit,medium_high_stratified,0.02,0.82,0.96,"difficulty in [0,1]; quality in [0,1]; beta > 0; monotone decreasing",0.12,0.902654527722923,0.8819772202310465,0.9221758789063741
synthetic,benchmark_fitted_curve,demo-frontier,Demo Frontier,synthetic-provider,synthetic-v1,high,TwinRouterBench-synthetic-demo,0.88,0_to_1,synthetic://phase2-interface-demo,stratified_synthetic,synthetic_medium,"[{""difficulty"":0.0,""weight"":0.7103092783505155},{""difficulty"":0.3333333333333333,""weight"":0.06391752577319587},{""difficulty"":0.6666666666666666,""weight"":0.050515463917525774},{""difficulty"":1.0,""weight"":0.17525773195876287}]",0.88,0.8448,2.498312551470936,2.260323958886373,1.9212753650534171,2.5993725527193288,0.8456074549560935,0.0008074549560934674,False,True,stratified_benchmark_fit,medium_high_stratified,0.02,0.82,0.96,"difficulty in [0,1]; quality in [0,1]; beta > 0; monotone decreasing",0.13,0.9006502398894757,0.8799625761510399,0.920289781812411
synthetic,benchmark_fitted_curve,demo-frontier,Demo Frontier,synthetic-provider,synthetic-v1,high,TwinRouterBench-synthetic-demo,0.88,0_to_1,synthetic://phase2-interface-demo,stratified_synthetic,synthetic_medium,"[{""difficulty"":0.0,""weight"":0.7103092783505155},{""difficulty"":0.3333333333333333,""weight"":0.06391752577319587},{""difficulty"":0.6666666666666666,""weight"":0.050515463917525774},{""difficulty"":1.0,""weight"":0.17525773195876287}]",0.88,0.8448,2.498312551470936,2.260323958886373,1.9212753650534171,2.5993725527193288,0.8456074549560935,0.0008074549560934674,False,True,stratified_benchmark_fit,medium_high_stratified,0.02,0.82,0.96,"difficulty in [0,1]; quality in [0,1]; beta > 0; monotone decreasing",0.14,0.8986093202435469,0.8779183023650476,0.9183620210593113
synthetic,benchmark_fitted_curve,demo-frontier,Demo Frontier,synthetic-provider,synthetic-v1,high,TwinRouterBench-synthetic-demo,0.88,0_to_1,synthetic://phase2-interface-demo,stratified_synthetic,synthetic_medium,"[{""difficulty"":0.0,""weight"":0.7103092783505155},{""difficulty"":0.3333333333333333,""weight"":0.06391752577319587},{""difficulty"":0.6666666666666666,""weight"":0.050515463917525774},{""difficulty"":1.0,""weight"":0.17525773195876287}]",0.88,0.8448,2.498312551470936,2.260323958886373,1.9212753650534171,2.5993725527193288,0.8456074549560935,0.0008074549560934674,False,True,stratified_benchmark_fit,medium_high_stratified,0.02,0.82,0.96,"difficulty in [0,1]; quality in [0,1]; beta > 0; monotone decreasing",0.15,0.8965312910167691,0.8758441260453055,0.9163918737709811
synthetic,benchmark_fitted_curve,demo-frontier,Demo Frontier,synthetic-provider,synthetic-v1,high,TwinRouterBench-synthetic-demo,0.88,0_to_1,synthetic://phase2-interface-demo,stratified_synthetic,synthetic_medium,"[{""difficulty"":0.0,""weight"":0.7103092783505155},{""difficulty"":0.3333333333333333,""weight"":0.06391752577319587},{""difficulty"":0.6666666666666666,""weight"":0.050515463917525774},{""difficulty"":1.0,""weight"":0.17525773195876287}]",0.88,0.8448,2.498312551470936,2.260323958886373,1.9212753650534171,2.5993725527193288,0.8456074549560935,0.0008074549560934674,False,True,stratified_benchmark_fit,medium_high_stratified,0.02,0.82,0.96,"difficulty in [0,1]; quality in [0,1]; beta > 0; monotone decreasing",0.16,0.8944156762126105,0.87373977752327,0.9143786142029483
synthetic,benchmark_fitted_curve,demo-frontier,Demo Frontier,synthetic-provider,synthetic-v1,high,TwinRouterBench-synthetic-demo,0.88,0_to_1,synthetic://phase2-interface-demo,stratified_synthetic,synthetic_medium,"[{""difficulty"":0.0,""weight"":0.7103092783505155},{""difficulty"":0.3333333333333333,""weight"":0.06391752577319587},{""difficulty"":0.6666666666666666,""weight"":0.050515463917525774},{""difficulty"":1.0,""weight"":0.17525773195876287}]",0.88,0.8448,2.498312551470936,2.260323958886373,1.9212753650534171,2.5993725527193288,0.8456074549560935,0.0008074549560934674,False,True,stratified_benchmark_fit,medium_high_stratified,0.02,0.82,0.96,"difficulty in [0,1]; quality in [0,1]; beta > 0; monotone decreasing",0.17,0.8922620020098364,0.8716049905270475,0.9123215142681522
synthetic,benchmark_fitted_curve,demo-frontier,Demo Frontier,synthetic-provider,synthetic-v1,high,TwinRouterBench-synthetic-demo,0.88,0_to_1,synthetic://phase2-interface-demo,stratified_synthetic,synthetic_medium,"[{""difficulty"":0.0,""weight"":0.7103092783505155},{""difficulty"":0.3333333333333333,""weight"":0.06391752577319587},{""difficulty"":0.6666666666666666,""weight"":0.050515463917525774},{""difficulty"":1.0,""weight"":0.17525773195876287}]",0.88,0.8448,2.498312551470936,2.260323958886373,1.9212753650534171,2.5993725527193288,0.8456074549560935,0.0008074549560934674,False,True,stratified_benchmark_fit,medium_high_stratified,0.02,0.82,0.96,"difficulty in [0,1]; quality in [0,1]; beta > 0; monotone decreasing",0.18,0.8900697971803692,0.8694395024240297,0.9102198440919297
synthetic,benchmark_fitted_curve,demo-frontier,Demo Frontier,synthetic-provider,synthetic-v1,high,TwinRouterBench-synthetic-demo,0.88,0_to_1,synthetic://phase2-interface-demo,stratified_synthetic,synthetic_medium,"[{""difficulty"":0.0,""weight"":0.7103092783505155},{""difficulty"":0.3333333333333333,""weight"":0.06391752577319587},{""difficulty"":0.6666666666666666,""weight"":0.050515463917525774},{""difficulty"":1.0,""weight"":0.17525773195876287}]",0.88,0.8448,2.498312551470936,2.260323958886373,1.9212753650534171,2.5993725527193288,0.8456074549560935,0.0008074549560934674,False,True,stratified_benchmark_fit,medium_high_stratified,0.02,0.82,0.96,"difficulty in [0,1]; quality in [0,1]; beta > 0; monotone decreasing",0.19,0.8878385935216023,0.8672430544686618,0.908072872596832
synthetic,benchmark_fitted_curve,demo-frontier,Demo Frontier,synthetic-provider,synthetic-v1,high,TwinRouterBench-synthetic-demo,0.88,0_to_1,synthetic://phase2-interface-demo,stratified_synthetic,synthetic_medium,"[{""difficulty"":0.0,""weight"":0.7103092783505155},{""difficulty"":0.3333333333333333,""weight"":0.06391752577319587},{""difficulty"":0.6666666666666666,""weight"":0.050515463917525774},{""difficulty"":1.0,""weight"":0.17525773195876287}]",0.88,0.8448,2.498312551470936,2.260323958886373,1.9212753650534171,2.5993725527193288,0.8456074549560935,0.0008074549560934674,False,True,stratified_benchmark_fit,medium_high_stratified,0.02,0.82,0.96,"difficulty in [0,1]; quality in [0,1]; beta > 0; monotone decreasing",0.2,0.8855679263031992,0.865015392055252,0.9058798681178715
synthetic,benchmark_fitted_curve,demo-frontier,Demo Frontier,synthetic-provider,synthetic-v1,high,TwinRouterBench-synthetic-demo,0.88,0_to_1,synthetic://phase2-interface-demo,stratified_synthetic,synthetic_medium,"[{""difficulty"":0.0,""weight"":0.7103092783505155},{""difficulty"":0.3333333333333333,""weight"":0.06391752577319587},{""difficulty"":0.6666666666666666,""weight"":0.050515463917525774},{""difficulty"":1.0,""weight"":0.17525773195876287}]",0.88,0.8448,2.498312551470936,2.260323958886373,1.9212753650534171,2.5993725527193288,0.8456074549560935,0.0008074549560934674,False,True,stratified_benchmark_fit,medium_high_stratified,0.02,0.82,0.96,"difficulty in [0,1]; quality in [0,1]; beta > 0; monotone decreasing",0.21,0.8832573347283843,0.8627562649757238,0.9036400990487603
synthetic,benchmark_fitted_curve,demo-frontier,Demo Frontier,synthetic-provider,synthetic-v1,high,TwinRouterBench-synthetic-demo,0.88,0_to_1,synthetic://phase2-interface-demo,stratified_synthetic,synthetic_medium,"[{""difficulty"":0.0,""weight"":0.7103092783505155},{""difficulty"":0.3333333333333333,""weight"":0.06391752577319587},{""difficulty"":0.6666666666666666,""weight"":0.050515463917525774},{""difficulty"":1.0,""weight"":0.17525773195876287}]",0.88,0.8448,2.498312551470936,2.260323958886373,1.9212753650534171,2.5993725527193288,0.8456074549560935,0.0008074549560934674,False,True,stratified_benchmark_fit,medium_high_stratified,0.02,0.82,0.96,"difficulty in [0,1]; quality in [0,1]; beta > 0; monotone decreasing",0.22,0.8809063624096979,0.860465427682194,0.9013528345196616
synthetic,benchmark_fitted_curve,demo-frontier,Demo Frontier,synthetic-provider,synthetic-v1,high,TwinRouterBench-synthetic-demo,0.88,0_to_1,synthetic://phase2-interface-demo,stratified_synthetic,synthetic_medium,"[{""difficulty"":0.0,""weight"":0.7103092783505155},{""difficulty"":0.3333333333333333,""weight"":0.06391752577319587},{""difficulty"":0.6666666666666666,""weight"":0.050515463917525774},{""difficulty"":1.0,""weight"":0.17525773195876287}]",0.88,0.8448,2.498312551470936,2.260323958886373,1.9212753650534171,2.5993725527193288,0.8456074549560935,0.0008074549560934674,False,True,stratified_benchmark_fit,medium_high_stratified,0.02,0.82,0.96,"difficulty in [0,1]; quality in [0,1]; beta > 0; monotone decreasing",0.23,0.8785145578591583,0.8581426395542565,0.899017345106923
synthetic,benchmark_fitted_curve,demo-frontier,Demo Frontier,synthetic-provider,synthetic-v1,high,TwinRouterBench-synthetic-demo,0.88,0_to_1,synthetic://phase2-interface-demo,stratified_synthetic,synthetic_medium,"[{""difficulty"":0.0,""weight"":0.7103092783505155},{""difficulty"":0.3333333333333333,""weight"":0.06391752577319587},{""difficulty"":0.6666666666666666,""weight"":0.050515463917525774},{""difficulty"":1.0,""weight"":0.17525773195876287}]",0.88,0.8448,2.498312551470936,2.260323958886373,1.9212753650534171,2.5993725527193288,0.8456074549560935,0.0008074549560934674,False,True,stratified_benchmark_fit,medium_high_stratified,0.02,0.82,0.96,"difficulty in [0,1]; quality in [0,1]; beta > 0; monotone decreasing",0.24,0.876081474992743,0.8557876651708288,0.8966329035752103
synthetic,benchmark_fitted_curve,demo-frontier,Demo Frontier,synthetic-provider,synthetic-v1,high,TwinRouterBench-synthetic-demo,0.88,0_to_1,synthetic://phase2-interface-demo,stratified_synthetic,synthetic_medium,"[{""difficulty"":0.0,""weight"":0.7103092783505155},{""difficulty"":0.3333333333333333,""weight"":0.06391752577319587},{""difficulty"":0.6666666666666666,""weight"":0.050515463917525774},{""difficulty"":1.0,""weight"":0.17525773195876287}]",0.88,0.8448,2.498312551470936,2.260323958886373,1.9212753650534171,2.5993725527193288,0.8456074549560935,0.0008074549560934674,False,True,stratified_benchmark_fit,medium_high_stratified,0.02,0.82,0.96,"difficulty in [0,1]; quality in [0,1]; beta > 0; monotone decreasing",0.25,0.8736066736490598,0.8534002745864101,0.894198785652405
synthetic,benchmark_fitted_curve,demo-frontier,Demo Frontier,synthetic-provider,synthetic-v1,high,TwinRouterBench-synthetic-demo,0.88,0_to_1,synthetic://phase2-interface-demo,stratified_synthetic,synthetic_medium,"[{""difficulty"":0.0,""weight"":0.7103092783505155},{""difficulty"":0.3333333333333333,""weight"":0.06391752577319587},{""difficulty"":0.6666666666666666,""weight"":0.050515463917525774},{""difficulty"":1.0,""weight"":0.17525773195876287}]",0.88,0.8448,2.498312551470936,2.260323958886373,1.9212753650534171,2.5993725527193288,0.8456074549560935,0.0008074549560934674,False,True,stratified_benchmark_fit,medium_high_stratified,0.02,0.82,0.96,"difficulty in [0,1]; quality in [0,1]; beta > 0; monotone decreasing",0.26,0.8710897201220483,0.8509802436115889,0.8917142708375588
synthetic,benchmark_fitted_curve,demo-frontier,Demo Frontier,synthetic-provider,synthetic-v1,high,TwinRouterBench-synthetic-demo,0.88,0_to_1,synthetic://phase2-interface-demo,stratified_synthetic,synthetic_medium,"[{""difficulty"":0.0,""weight"":0.7103092783505155},{""difficulty"":0.3333333333333333,""weight"":0.06391752577319587},{""difficulty"":0.6666666666666666,""weight"":0.050515463917525774},{""difficulty"":1.0,""weight"":0.17525773195876287}]",0.88,0.8448,2.498312551470936,2.260323958886373,1.9212753650534171,2.5993725527193288,0.8456074549560935,0.0008074549560934674,False,True,stratified_benchmark_fit,medium_high_stratified,0.02,0.82,0.96,"difficulty in [0,1]; quality in [0,1]; beta > 0; monotone decreasing",0.27,0.8685301877075123,0.8485273540976147,0.8891786432421355
synthetic,benchmark_fitted_curve,demo-frontier,Demo Frontier,synthetic-provider,synthetic-v1,high,TwinRouterBench-synthetic-demo,0.88,0_to_1,synthetic://phase2-interface-demo,stratified_synthetic,synthetic_medium,"[{""difficulty"":0.0,""weight"":0.7103092783505155},{""difficulty"":0.3333333333333333,""weight"":0.06391752577319587},{""difficulty"":0.6666666666666666,""weight"":0.050515463917525774},{""difficulty"":1.0,""weight"":0.17525773195876287}]",0.88,0.8448,2.498312551470936,2.260323958886373,1.9212753650534171,2.5993725527193288,0.8456074549560935,0.0008074549560934674,False,True,stratified_benchmark_fit,medium_high_stratified,0.02,0.82,0.96,"difficulty in [0,1]; quality in [0,1]; beta > 0; monotone decreasing",0.28,0.8659276572632372,0.8460413942248461,0.8865911924646913
synthetic,benchmark_fitted_curve,demo-frontier,Demo Frontier,synthetic-provider,synthetic-v1,high,TwinRouterBench-synthetic-demo,0.88,0_to_1,synthetic://phase2-interface-demo,stratified_synthetic,synthetic_medium,"[{""difficulty"":0.0,""weight"":0.7103092783505155},{""difficulty"":0.3333333333333333,""weight"":0.06391752577319587},{""difficulty"":0.6666666666666666,""weight"":0.050515463917525774},{""difficulty"":1.0,""weight"":0.17525773195876287}]",0.88,0.8448,2.498312551470936,2.260323958886373,1.9212753650534171,2.5993725527193288,0.8456074549560935,0.0008074549560934674,False,True,stratified_benchmark_fit,medium_high_stratified,0.02,0.82,0.96,"difficulty in [0,1]; quality in [0,1]; beta > 0; monotone decreasing",0.29,0.8632817177824154,0.8435221587948614,0.8839512144990669
synthetic,benchmark_fitted_curve,demo-frontier,Demo Frontier,synthetic-provider,synthetic-v1,high,TwinRouterBench-synthetic-demo,0.88,0_to_1,synthetic://phase2-interface-demo,stratified_synthetic,synthetic_medium,"[{""difficulty"":0.0,""weight"":0.7103092783505155},{""difficulty"":0.3333333333333333,""weight"":0.06391752577319587},{""difficulty"":0.6666666666666666,""weight"":0.050515463917525774},{""difficulty"":1.0,""weight"":0.17525773195876287}]",0.88,0.8448,2.498312551470936,2.260323958886373,1.9212753650534171,2.5993725527193288,0.8456074549560935,0.0008074549560934674,False,True,stratified_benchmark_fit,medium_high_stratified,0.02,0.82,0.96,"difficulty in [0,1]; quality in [0,1]; beta > 0; monotone decreasing",0.3,0.860591966980048,0.8409694495260134,0.8812580126760755
synthetic,benchmark_fitted_curve,demo-frontier,Demo Frontier,synthetic-provider,synthetic-v1,high,TwinRouterBench-synthetic-demo,0.88,0_to_1,synthetic://phase2-interface-demo,stratified_synthetic,synthetic_medium,"[{""difficulty"":0.0,""weight"":0.7103092783505155},{""difficulty"":0.3333333333333333,""weight"":0.06391752577319587},{""difficulty"":0.6666666666666666,""weight"":0.050515463917525774},{""difficulty"":1.0,""weight"":0.17525773195876287}]",0.88,0.8448,2.498312551470936,2.260323958886373,1.9212753650534171,2.5993725527193288,0.8456074549560935,0.0008074549560934674,False,True,stratified_benchmark_fit,medium_high_stratified,0.02,0.82,0.96,"difficulty in [0,1]; quality in [0,1]; beta > 0; monotone decreasing",0.31,0.8578580118919535,0.8383830753521857,0.8785108986385789
synthetic,benchmark_fitted_curve,demo-frontier,Demo Frontier,synthetic-provider,synthetic-v1,high,TwinRouterBench-synthetic-demo,0.88,0_to_1,synthetic://phase2-interface-demo,stratified_synthetic,synthetic_medium,"[{""difficulty"":0.0,""weight"":0.7103092783505155},{""difficulty"":0.3333333333333333,""weight"":0.06391752577319587},{""difficulty"":0.6666666666666666,""weight"":0.050515463917525774},{""difficulty"":1.0,""weight"":0.17525773195876287}]",0.88,0.8448,2.498312551470936,2.260323958886373,1.9212753650534171,2.5993725527193288,0.8456074549560935,0.0008074549560934674,False,True,stratified_benchmark_fit,medium_high_stratified,0.02,0.82,0.96,"difficulty in [0,1]; quality in [0,1]; beta > 0; monotone decreasing",0.32,0.8550794694859631,0.8357628527245013,0.875709193349745
synthetic,benchmark_fitted_curve,demo-frontier,Demo Frontier,synthetic-provider,synthetic-v1,high,TwinRouterBench-synthetic-demo,0.88,0_to_1,synthetic://phase2-interface-demo,stratified_synthetic,synthetic_medium,"[{""difficulty"":0.0,""weight"":0.7103092783505155},{""difficulty"":0.3333333333333333,""weight"":0.06391752577319587},{""difficulty"":0.6666666666666666,""weight"":0.050515463917525774},{""difficulty"":1.0,""weight"":0.17525773195876287}]",0.88,0.8448,2.498312551470936,2.260323958886373,1.9212753650534171,2.5993725527193288,0.8456074549560935,0.0008074549560934674,False,True,stratified_benchmark_fit,medium_high_stratified,0.02,0.82,0.96,"difficulty in [0,1]; quality in [0,1]; beta > 0; monotone decreasing",0.33,0.8522559672848343,0.8331086059157102,0.8728522281341732
synthetic,benchmark_fitted_curve,demo-frontier,Demo Frontier,synthetic-provider,synthetic-v1,high,TwinRouterBench-synthetic-demo,0.88,0_to_1,synthetic://phase2-interface-demo,stratified_synthetic,synthetic_medium,"[{""difficulty"":0.0,""weight"":0.7103092783505155},{""difficulty"":0.3333333333333333,""weight"":0.06391752577319587},{""difficulty"":0.6666666666666666,""weight"":0.050515463917525774},{""difficulty"":1.0,""weight"":0.17525773195876287}]",0.88,0.8448,2.498312551470936,2.260323958886373,1.9212753650534171,2.5993725527193288,0.8456074549560935,0.0008074549560934674,False,True,stratified_benchmark_fit,medium_high_stratified,0.02,0.82,0.96,"difficulty in [0,1]; quality in [0,1]; beta > 0; monotone decreasing",0.34,0.849387144000366,0.8304201673269738,0.8699393457514646
synthetic,benchmark_fitted_curve,demo-frontier,Demo Frontier,synthetic-provider,synthetic-v1,high,TwinRouterBench-synthetic-demo,0.88,0_to_1,synthetic://phase2-interface-demo,stratified_synthetic,synthetic_medium,"[{""difficulty"":0.0,""weight"":0.7103092783505155},{""difficulty"":0.3333333333333333,""weight"":0.06391752577319587},{""difficulty"":0.6666666666666666,""weight"":0.050515463917525774},{""difficulty"":1.0,""weight"":0.17525773195876287}]",0.88,0.8448,2.498312551470936,2.260323958886373,1.9212753650534171,2.5993725527193288,0.8456074549560935,0.0008074549560934674,False,True,stratified_benchmark_fit,medium_high_stratified,0.02,0.82,0.96,"difficulty in [0,1]; quality in [0,1]; beta > 0; monotone decreasing",0.35000000000000003,0.8464726501781449,0.8276973777967463,0.8669699015016927
synthetic,benchmark_fitted_curve,demo-frontier,Demo Frontier,synthetic-provider,synthetic-v1,high,TwinRouterBench-synthetic-demo,0.88,0_to_1,synthetic://phase2-interface-demo,stratified_synthetic,synthetic_medium,"[{""difficulty"":0.0,""weight"":0.7103092783505155},{""difficulty"":0.3333333333333333,""weight"":0.06391752577319587},{""difficulty"":0.6666666666666666,""weight"":0.050515463917525774},{""difficulty"":1.0,""weight"":0.17525773195876287}]",0.88,0.8448,2.498312551470936,2.260323958886373,1.9212753650534171,2.5993725527193288,0.8456074549560935,0.0008074549560934674,False,True,stratified_benchmark_fit,medium_high_stratified,0.02,0.82,0.96,"difficulty in [0,1]; quality in [0,1]; beta > 0; monotone decreasing",0.36,0.8435121488523015,0.824940086911435,0.8639432643621113
synthetic,benchmark_fitted_curve,demo-frontier,Demo Frontier,synthetic-provider,synthetic-v1,high,TwinRouterBench-synthetic-demo,0.88,0_to_1,synthetic://phase2-interface-demo,stratified_synthetic,synthetic_medium,"[{""difficulty"":0.0,""weight"":0.7103092783505155},{""difficulty"":0.3333333333333333,""weight"":0.06391752577319587},{""difficulty"":0.6666666666666666,""weight"":0.050515463917525774},{""difficulty"":1.0,""weight"":0.17525773195876287}]",0.88,0.8448,2.498312551470936,2.260323958886373,1.9212753650534171,2.5993725527193288,0.8456074549560935,0.0008074549560934674,False,True,stratified_benchmark_fit,medium_high_stratified,0.02,0.82,0.96,"difficulty in [0,1]; quality in [0,1]; beta > 0; monotone decreasing",0.37,0.8405053162095983,0.8221481533175092,0.8608588181542981
synthetic,benchmark_fitted_curve,demo-frontier,Demo Frontier,synthetic-provider,synthetic-v1,high,TwinRouterBench-synthetic-demo,0.88,0_to_1,synthetic://phase2-interface-demo,stratified_synthetic,synthetic_medium,"[{""difficulty"":0.0,""weight"":0.7103092783505155},{""difficulty"":0.3333333333333333,""weight"":0.06391752577319587},{""difficulty"":0.6666666666666666,""weight"":0.050515463917525774},{""difficulty"":1.0,""weight"":0.17525773195876287}]",0.88,0.8448,2.498312551470936,2.260323958886373,1.9212753650534171,2.5993725527193288,0.8456074549560935,0.0008074549560934674,False,True,stratified_benchmark_fit,medium_high_stratified,0.02,0.82,0.96,"difficulty in [0,1]; quality in [0,1]; beta > 0; monotone decreasing",0.38,0.8374518422621224,0.8193214450347089,0.8577159627408072
synthetic,benchmark_fitted_curve,demo-frontier,Demo Frontier,synthetic-provider,synthetic-v1,high,TwinRouterBench-synthetic-demo,0.88,0_to_1,synthetic://phase2-interface-demo,stratified_synthetic,synthetic_medium,"[{""difficulty"":0.0,""weight"":0.7103092783505155},{""difficulty"":0.3333333333333333,""weight"":0.06391752577319587},{""difficulty"":0.6666666666666666,""weight"":0.050515463917525774},{""difficulty"":1.0,""weight"":0.17525773195876287}]",0.88,0.8448,2.498312551470936,2.260323958886373,1.9212753650534171,2.5993725527193288,0.8456074549560935,0.0008074549560934674,False,True,stratified_benchmark_fit,medium_high_stratified,0.02,0.82,0.96,"difficulty in [0,1]; quality in [0,1]; beta > 0; monotone decreasing",0.39,0.8343514315277911,0.8164598397699899,0.85451411525025
synthetic,benchmark_fitted_curve,demo-frontier,Demo Frontier,synthetic-provider,synthetic-v1,high,TwinRouterBench-synthetic-demo,0.88,0_to_1,synthetic://phase2-interface-demo,stratified_synthetic,synthetic_medium,"[{""difficulty"":0.0,""weight"":0.7103092783505155},{""difficulty"":0.3333333333333333,""weight"":0.06391752577319587},{""difficulty"":0.6666666666666666,""weight"":0.050515463917525774},{""difficulty"":1.0,""weight"":0.17525773195876287}]",0.88,0.8448,2.498312551470936,2.260323958886373,1.9212753650534171,2.5993725527193288,0.8456074549560935,0.0008074549560934674,False,True,stratified_benchmark_fit,medium_high_stratified,0.02,0.82,0.96,"difficulty in [0,1]; quality in [0,1]; beta > 0; monotone decreasing",0.4,0.8312038037178295,0.813563225231828,0.8512527113295869
synthetic,benchmark_fitted_curve,demo-frontier,Demo Frontier,synthetic-provider,synthetic-v1,high,TwinRouterBench-synthetic-demo,0.88,0_to_1,synthetic://phase2-interface-demo,stratified_synthetic,synthetic_medium,"[{""difficulty"":0.0,""weight"":0.7103092783505155},{""difficulty"":0.3333333333333333,""weight"":0.06391752577319587},{""difficulty"":0.6666666666666666,""weight"":0.050515463917525774},{""difficulty"":1.0,""weight"":0.17525773195876287}]",0.88,0.8448,2.498312551470936,2.260323958886373,1.9212753650534171,2.5993725527193288,0.8456074549560935,0.0008074549560934674,False,True,stratified_benchmark_fit,medium_high_stratified,0.02,0.82,0.96,"difficulty in [0,1]; quality in [0,1]; beta > 0; monotone decreasing",0.41000000000000003,0.8280086944303204,0.8106314994444834,0.8479312064222507
synthetic,benchmark_fitted_curve,demo-frontier,Demo Frontier,synthetic-provider,synthetic-v1,high,TwinRouterBench-synthetic-demo,0.88,0_to_1,synthetic://phase2-interface-demo,stratified_synthetic,synthetic_medium,"[{""difficulty"":0.0,""weight"":0.7103092783505155},{""difficulty"":0.3333333333333333,""weight"":0.06391752577319587},{""difficulty"":0.6666666666666666,""weight"":0.050515463917525774},{""difficulty"":1.0,""weight"":0.17525773195876287}]",0.88,0.8448,2.498312551470936,2.260323958886373,1.9212753650534171,2.5993725527193288,0.8456074549560935,0.0008074549560934674,False,True,stratified_benchmark_fit,medium_high_stratified,0.02,0.82,0.96,"difficulty in [0,1]; quality in [0,1]; beta > 0; monotone decreasing",0.42,0.8247658558488633,0.807664571061821,0.8445490770705737
synthetic,benchmark_fitted_curve,demo-frontier,Demo Frontier,synthetic-provider,synthetic-v1,high,TwinRouterBench-synthetic-demo,0.88,0_to_1,synthetic://phase2-interface-demo,stratified_synthetic,synthetic_medium,"[{""difficulty"":0.0,""weight"":0.7103092783505155},{""difficulty"":0.3333333333333333,""weight"":0.06391752577319587},{""difficulty"":0.6666666666666666,""weight"":0.050515463917525774},{""difficulty"":1.0,""weight"":0.17525773195876287}]",0.88,0.8448,2.498312551470936,2.260323958886373,1.9212753650534171,2.5993725527193288,0.8456074549560935,0.0008074549560934674,False,True,stratified_benchmark_fit,medium_high_stratified,0.02,0.82,0.96,"difficulty in [0,1]; quality in [0,1]; beta > 0; monotone decreasing",0.43,0.8214750574453296,0.8046623596802549,0.8411058222408199
synthetic,benchmark_fitted_curve,demo-frontier,Demo Frontier,synthetic-provider,synthetic-v1,high,TwinRouterBench-synthetic-demo,0.88,0_to_1,synthetic://phase2-interface-demo,stratified_synthetic,synthetic_medium,"[{""difficulty"":0.0,""weight"":0.7103092783505155},{""difficulty"":0.3333333333333333,""weight"":0.06391752577319587},{""difficulty"":0.6666666666666666,""weight"":0.050515463917525774},{""difficulty"":1.0,""weight"":0.17525773195876287}]",0.88,0.8448,2.498312551470936,2.260323958886373,1.9212753650534171,2.5993725527193288,0.8456074549560935,0.0008074549560934674,False,True,stratified_benchmark_fit,medium_high_stratified,0.02,0.82,0.96,"difficulty in [0,1]; quality in [0,1]; beta > 0; monotone decreasing",0.44,0.8181360866856383,0.8016247961503842,0.8376009646689634
synthetic,benchmark_fitted_curve,demo-frontier,Demo Frontier,synthetic-provider,synthetic-v1,high,TwinRouterBench-synthetic-demo,0.88,0_to_1,synthetic://phase2-interface-demo,stratified_synthetic,synthetic_medium,"[{""difficulty"":0.0,""weight"":0.7103092783505155},{""difficulty"":0.3333333333333333,""weight"":0.06391752577319587},{""difficulty"":0.6666666666666666,""weight"":0.050515463917525774},{""difficulty"":1.0,""weight"":0.17525773195876287}]",0.88,0.8448,2.498312551470936,2.260323958886373,1.9212753650534171,2.5993725527193288,0.8456074549560935,0.0008074549560934674,False,True,stratified_benchmark_fit,medium_high_stratified,0.02,0.82,0.96,"difficulty in [0,1]; quality in [0,1]; beta > 0; monotone decreasing",0.45,0.8147487497374186,0.7985518228868593,0.8340340522251838
synthetic,benchmark_fitted_curve,demo-frontier,Demo Frontier,synthetic-provider,synthetic-v1,high,TwinRouterBench-synthetic-demo,0.88,0_to_1,synthetic://phase2-interface-demo,stratified_synthetic,synthetic_medium,"[{""difficulty"":0.0,""weight"":0.7103092783505155},{""difficulty"":0.3333333333333333,""weight"":0.06391752577319587},{""difficulty"":0.6666666666666666,""weight"":0.050515463917525774},{""difficulty"":1.0,""weight"":0.17525773195876287}]",0.88,0.8448,2.498312551470936,2.260323958886373,1.9212753650534171,2.5993725527193288,0.8456074549560935,0.0008074549560934674,False,True,stratified_benchmark_fit,medium_high_stratified,0.02,0.82,0.96,"difficulty in [0,1]; quality in [0,1]; beta > 0; monotone decreasing",0.46,0.8113128721783693,0.7949662929052594,0.8304046592948731
synthetic,benchmark_fitted_curve,demo-frontier,Demo Frontier,synthetic-provider,synthetic-v1,high,TwinRouterBench-synthetic-demo,0.88,0_to_1,synthetic://phase2-interface-demo,stratified_synthetic,synthetic_medium,"[{""difficulty"":0.0,""weight"":0.7103092783505155},{""difficulty"":0.3333333333333333,""weight"":0.06391752577319587},{""difficulty"":0.6666666666666666,""weight"":0.050515463917525774},{""difficulty"":1.0,""weight"":0.17525773195876287}]",0.88,0.8448,2.498312551470936,2.260323958886373,1.9212753650534171,2.5993725527193288,0.8456074549560935,0.0008074549560934674,False,True,stratified_benchmark_fit,medium_high_stratified,0.02,0.82,0.96,"difficulty in [0,1]; quality in [0,1]; beta > 0; monotone decreasing",0.47000000000000003,0.8078282997040708,0.7906969547819077,0.8267123881737772
synthetic,benchmark_fitted_curve,demo-frontier,Demo Frontier,synthetic-provider,synthetic-v1,high,TwinRouterBench-synthetic-demo,0.88,0_to_1,synthetic://phase2-interface-demo,stratified_synthetic,synthetic_medium,"[{""difficulty"":0.0,""weight"":0.7103092783505155},{""difficulty"":0.3333333333333333,""weight"":0.06391752577319587},{""difficulty"":0.6666666666666666,""weight"":0.050515463917525774},{""difficulty"":1.0,""weight"":0.17525773195876287}]",0.88,0.8448,2.498312551470936,2.260323958886373,1.9212753650534171,2.5993725527193288,0.8456074549560935,0.0008074549560934674,False,True,stratified_benchmark_fit,medium_high_stratified,0.02,0.82,0.96,"difficulty in [0,1]; quality in [0,1]; beta > 0; monotone decreasing",0.48,0.804294898833941,0.7863626083241488,0.8229568704747191
synthetic,benchmark_fitted_curve,demo-frontier,Demo Frontier,synthetic-provider,synthetic-v1,high,TwinRouterBench-synthetic-demo,0.88,0_to_1,synthetic://phase2-interface-demo,stratified_synthetic,synthetic_medium,"[{""difficulty"":0.0,""weight"":0.7103092783505155},{""difficulty"":0.3333333333333333,""weight"":0.06391752577319587},{""difficulty"":0.6666666666666666,""weight"":0.050515463917525774},{""difficulty"":1.0,""weight"":0.17525773195876287}]",0.88,0.8448,2.498312551470936,2.260323958886373,1.9212753650534171,2.5993725527193288,0.8456074549560935,0.0008074549560934674,False,True,stratified_benchmark_fit,medium_high_stratified,0.02,0.82,0.96,"difficulty in [0,1]; quality in [0,1]; beta > 0; monotone decreasing",0.49,0.8007125576139862,0.7819632550884803,0.8191563573707951
synthetic,benchmark_fitted_curve,demo-frontier,Demo Frontier,synthetic-provider,synthetic-v1,high,TwinRouterBench-synthetic-demo,0.88,0_to_1,synthetic://phase2-interface-demo,stratified_synthetic,synthetic_medium,"[{""difficulty"":0.0,""weight"":0.7103092783505155},{""difficulty"":0.3333333333333333,""weight"":0.06391752577319587},{""difficulty"":0.6666666666666666,""weight"":0.050515463917525774},{""difficulty"":1.0,""weight"":0.17525773195876287}]",0.88,0.8448,2.498312551470936,2.260323958886373,1.9212753650534171,2.5993725527193288,0.8456074549560935,0.0008074549560934674,False,True,stratified_benchmark_fit,medium_high_stratified,0.02,0.82,0.96,"difficulty in [0,1]; quality in [0,1]; beta > 0; monotone decreasing",0.5,0.7970811863149269,0.777498941252887,0.8162927236902651
synthetic,benchmark_fitted_curve,demo-frontier,Demo Frontier,synthetic-provider,synthetic-v1,high,TwinRouterBench-synthetic-demo,0.88,0_to_1,synthetic://phase2-interface-demo,stratified_synthetic,synthetic_medium,"[{""difficulty"":0.0,""weight"":0.7103092783505155},{""difficulty"":0.3333333333333333,""weight"":0.06391752577319587},{""difficulty"":0.6666666666666666,""weight"":0.050515463917525774},{""difficulty"":1.0,""weight"":0.17525773195876287}]",0.88,0.8448,2.498312551470936,2.260323958886373,1.9212753650534171,2.5993725527193288,0.8456074549560935,0.0008074549560934674,False,True,stratified_benchmark_fit,medium_high_stratified,0.02,0.82,0.96,"difficulty in [0,1]; quality in [0,1]; beta > 0; monotone decreasing",0.51,0.7934007181242447,0.772969758901439,0.8133940745342824
synthetic,benchmark_fitted_curve,demo-frontier,Demo Frontier,synthetic-provider,synthetic-v1,high,TwinRouterBench-synthetic-demo,0.88,0_to_1,synthetic://phase2-interface-demo,stratified_synthetic,synthetic_medium,"[{""difficulty"":0.0,""weight"":0.7103092783505155},{""difficulty"":0.3333333333333333,""weight"":0.06391752577319587},{""difficulty"":0.6666666666666666,""weight"":0.050515463917525774},{""difficulty"":1.0,""weight"":0.17525773195876287}]",0.88,0.8448,2.498312551470936,2.260323958886373,1.9212753650534171,2.5993725527193288,0.8456074549560935,0.0008074549560934674,False,True,stratified_benchmark_fit,medium_high_stratified,0.02,0.82,0.96,"difficulty in [0,1]; quality in [0,1]; beta > 0; monotone decreasing",0.52,0.7896711098306326,0.7683758472722336,0.810460308535312
synthetic,benchmark_fitted_curve,demo-frontier,Demo Frontier,synthetic-provider,synthetic-v1,high,TwinRouterBench-synthetic-demo,0.88,0_to_1,synthetic://phase2-interface-demo,stratified_synthetic,synthetic_medium,"[{""difficulty"":0.0,""weight"":0.7103092783505155},{""difficulty"":0.3333333333333333,""weight"":0.06391752577319587},{""difficulty"":0.6666666666666666,""weight"":0.050515463917525774},{""difficulty"":1.0,""weight"":0.17525773195876287}]",0.88,0.8448,2.498312551470936,2.260323958886373,1.9212753650534171,2.5993725527193288,0.8456074549560935,0.0008074549560934674,False,True,stratified_benchmark_fit,medium_high_stratified,0.02,0.82,0.96,"difficulty in [0,1]; quality in [0,1]; beta > 0; monotone decreasing",0.53,0.7858923424992935,0.7637173939640318,0.8074913349736099
synthetic,benchmark_fitted_curve,demo-frontier,Demo Frontier,synthetic-provider,synthetic-v1,high,TwinRouterBench-synthetic-demo,0.88,0_to_1,synthetic://phase2-interface-demo,stratified_synthetic,synthetic_medium,"[{""difficulty"":0.0,""weight"":0.7103092783505155},{""difficulty"":0.3333333333333333,""weight"":0.06391752577319587},{""difficulty"":0.6666666666666666,""weight"":0.050515463917525774},{""difficulty"":1.0,""weight"":0.17525773195876287}]",0.88,0.8448,2.498312551470936,2.260323958886373,1.9212753650534171,2.5993725527193288,0.8456074549560935,0.0008074549560934674,False,True,stratified_benchmark_fit,medium_high_stratified,0.02,0.82,0.96,"difficulty in [0,1]; quality in [0,1]; beta > 0; monotone decreasing",0.54,0.7820644221364836,0.7589946360968567,0.8044870740901043
synthetic,benchmark_fitted_curve,demo-frontier,Demo Frontier,synthetic-provider,synthetic-v1,high,TwinRouterBench-synthetic-demo,0.88,0_to_1,synthetic://phase2-interface-demo,stratified_synthetic,synthetic_medium,"[{""difficulty"":0.0,""weight"":0.7103092783505155},{""difficulty"":0.3333333333333333,""weight"":0.06391752577319587},{""difficulty"":0.6666666666666666,""weight"":0.050515463917525774},{""difficulty"":1.0,""weight"":0.17525773195876287}]",0.88,0.8448,2.498312551470936,2.260323958886373,1.9212753650534171,2.5993725527193288,0.8456074549560935,0.0008074549560934674,False,True,stratified_benchmark_fit,medium_high_stratified,0.02,0.82,0.96,"difficulty in [0,1]; quality in [0,1]; beta > 0; monotone decreasing",0.55,0.7781873803416549,0.7542078614217663,0.8014474573979409
synthetic,benchmark_fitted_curve,demo-frontier,Demo Frontier,synthetic-provider,synthetic-v1,high,TwinRouterBench-synthetic-demo,0.88,0_to_1,synthetic://phase2-interface-demo,stratified_synthetic,synthetic_medium,"[{""difficulty"":0.0,""weight"":0.7103092783505155},{""difficulty"":0.3333333333333333,""weight"":0.06391752577319587},{""difficulty"":0.6666666666666666,""weight"":0.050515463917525774},{""difficulty"":1.0,""weight"":0.17525773195876287}]",0.88,0.8448,2.498312551470936,2.260323958886373,1.9212753650534171,2.5993725527193288,0.8456074549560935,0.0008074549560934674,False,True,stratified_benchmark_fit,medium_high_stratified,0.02,0.82,0.96,"difficulty in [0,1]; quality in [0,1]; beta > 0; monotone decreasing",0.56,0.7742612749455162,0.7493574093749651,0.7983724279922318
synthetic,benchmark_fitted_curve,demo-frontier,Demo Frontier,synthetic-provider,synthetic-v1,high,TwinRouterBench-synthetic-demo,0.88,0_to_1,synthetic://phase2-interface-demo,stratified_synthetic,synthetic_medium,"[{""difficulty"":0.0,""weight"":0.7103092783505155},{""difficulty"":0.3333333333333333,""weight"":0.06391752577319587},{""difficulty"":0.6666666666666666,""weight"":0.050515463917525774},{""difficulty"":1.0,""weight"":0.17525773195876287}]",0.88,0.8448,2.498312551470936,2.260323958886373,1.9212753650534171,2.5993725527193288,0.8456074549560935,0.0008074549560934674,False,True,stratified_benchmark_fit,medium_high_stratified,0.02,0.82,0.96,"difficulty in [0,1]; quality in [0,1]; beta > 0; monotone decreasing",0.5700000000000001,0.7702861906322954,0.7444436720714022,0.795261940857546
synthetic,benchmark_fitted_curve,demo-frontier,Demo Frontier,synthetic-provider,synthetic-v1,high,TwinRouterBench-synthetic-demo,0.88,0_to_1,synthetic://phase2-interface-demo,stratified_synthetic,synthetic_medium,"[{""difficulty"":0.0,""weight"":0.7103092783505155},{""difficulty"":0.3333333333333333,""weight"":0.06391752577319587},{""difficulty"":0.6666666666666666,""weight"":0.050515463917525774},{""difficulty"":1.0,""weight"":0.17525773195876287}]",0.88,0.8448,2.498312551470936,2.260323958886373,1.9212753650534171,2.5993725527193288,0.8456074549560935,0.0008074549560934674,False,True,stratified_benchmark_fit,medium_high_stratified,0.02,0.82,0.96,"difficulty in [0,1]; quality in [0,1]; beta > 0; monotone decreasing",0.58,0.766262239544457,0.7394670952329951,0.7921159631726507
synthetic,benchmark_fitted_curve,demo-frontier,Demo Frontier,synthetic-provider,synthetic-v1,high,TwinRouterBench-synthetic-demo,0.88,0_to_1,synthetic://phase2-interface-demo,stratified_synthetic,synthetic_medium,"[{""difficulty"":0.0,""weight"":0.7103092783505155},{""difficulty"":0.3333333333333333,""weight"":0.06391752577319587},{""difficulty"":0.6666666666666666,""weight"":0.050515463917525774},{""difficulty"":1.0,""weight"":0.17525773195876287}]",0.88,0.8448,2.498312551470936,2.260323958886373,1.9212753650534171,2.5993725527193288,0.8456074549560935,0.0008074549560934674,False,True,stratified_benchmark_fit,medium_high_stratified,0.02,0.82,0.96,"difficulty in [0,1]; quality in [0,1]; beta > 0; monotone decreasing",0.59,0.7621895618681004,0.7344281790466425,0.7889344746120152
synthetic,benchmark_fitted_curve,demo-frontier,Demo Frontier,synthetic-provider,synthetic-v1,high,TwinRouterBench-synthetic-demo,0.88,0_to_1,synthetic://phase2-interface-demo,stratified_synthetic,synthetic_medium,"[{""difficulty"":0.0,""weight"":0.7103092783505155},{""difficulty"":0.3333333333333333,""weight"":0.06391752577319587},{""difficulty"":0.6666666666666666,""weight"":0.050515463917525774},{""difficulty"":1.0,""weight"":0.17525773195876287}]",0.88,0.8448,2.498312551470936,2.260323958886373,1.9212753650534171,2.5993725527193288,0.8456074549560935,0.0008074549560934674,False,True,stratified_benchmark_fit,medium_high_stratified,0.02,0.82,0.96,"difficulty in [0,1]; quality in [0,1]; beta > 0; monotone decreasing",0.6,0.758068326397246,0.7293274789472257,0.7857174676435639
synthetic,benchmark_fitted_curve,demo-frontier,Demo Frontier,synthetic-provider,synthetic-v1,high,TwinRouterBench-synthetic-demo,0.88,0_to_1,synthetic://phase2-interface-demo,stratified_synthetic,synthetic_medium,"[{""difficulty"":0.0,""weight"":0.7103092783505155},{""difficulty"":0.3333333333333333,""weight"":0.06391752577319587},{""difficulty"":0.6666666666666666,""weight"":0.050515463917525774},{""difficulty"":1.0,""weight"":0.17525773195876287}]",0.88,0.8448,2.498312551470936,2.260323958886373,1.9212753650534171,2.5993725527193288,0.8456074549560935,0.0008074549560934674,False,True,stratified_benchmark_fit,medium_high_stratified,0.02,0.82,0.96,"difficulty in [0,1]; quality in [0,1]; beta > 0; monotone decreasing",0.61,0.7538987310751996,0.7241656063208695,0.7824649478221624
synthetic,benchmark_fitted_curve,demo-frontier,Demo Frontier,synthetic-provider,synthetic-v1,high,TwinRouterBench-synthetic-demo,0.88,0_to_1,synthetic://phase2-interface-demo,stratified_synthetic,synthetic_medium,"[{""difficulty"":0.0,""weight"":0.7103092783505155},{""difficulty"":0.3333333333333333,""weight"":0.06391752577319587},{""difficulty"":0.6666666666666666,""weight"":0.050515463917525774},{""difficulty"":1.0,""weight"":0.17525773195876287}]",0.88,0.8448,2.498312551470936,2.260323958886373,1.9212753650534171,2.5993725527193288,0.8456074549560935,0.0008074549560934674,False,True,stratified_benchmark_fit,medium_high_stratified,0.02,0.82,0.96,"difficulty in [0,1]; quality in [0,1]; beta > 0; monotone decreasing",0.62,0.7496810035111717,0.7189432291238156,0.7791769340783041
synthetic,benchmark_fitted_curve,demo-frontier,Demo Frontier,synthetic-provider,synthetic-v1,high,TwinRouterBench-synthetic-demo,0.88,0_to_1,synthetic://phase2-interface-demo,stratified_synthetic,synthetic_medium,"[{""difficulty"":0.0,""weight"":0.7103092783505155},{""difficulty"":0.3333333333333333,""weight"":0.06391752577319587},{""difficulty"":0.6666666666666666,""weight"":0.050515463917525774},{""difficulty"":1.0,""weight"":0.17525773195876287}]",0.88,0.8448,2.498312551470936,2.260323958886373,1.9212753650534171,2.5993725527193288,0.8456074549560935,0.0008074549560934674,False,True,stratified_benchmark_fit,medium_high_stratified,0.02,0.82,0.96,"difficulty in [0,1]; quality in [0,1]; beta > 0; monotone decreasing",0.63,0.7454154014703256,0.713661072412383,0.7758534590014571
synthetic,benchmark_fitted_curve,demo-frontier,Demo Frontier,synthetic-provider,synthetic-v1,high,TwinRouterBench-synthetic-demo,0.88,0_to_1,synthetic://phase2-interface-demo,stratified_synthetic,synthetic_medium,"[{""difficulty"":0.0,""weight"":0.7103092783505155},{""difficulty"":0.3333333333333333,""weight"":0.06391752577319587},{""difficulty"":0.6666666666666666,""weight"":0.050515463917525774},{""difficulty"":1.0,""weight"":0.17525773195876287}]",0.88,0.8448,2.498312551470936,2.260323958886373,1.9212753650534171,2.5993725527193288,0.8456074549560935,0.0008074549560934674,False,True,stratified_benchmark_fit,medium_high_stratified,0.02,0.82,0.96,"difficulty in [0,1]; quality in [0,1]; beta > 0; monotone decreasing",0.64,0.7411022133354279,0.708319918779626,0.772494569117522
synthetic,benchmark_fitted_curve,demo-frontier,Demo Frontier,synthetic-provider,synthetic-v1,high,TwinRouterBench-synthetic-demo,0.88,0_to_1,synthetic://phase2-interface-demo,stratified_synthetic,synthetic_medium,"[{""difficulty"":0.0,""weight"":0.7103092783505155},{""difficulty"":0.3333333333333333,""weight"":0.06391752577319587},{""difficulty"":0.6666666666666666,""weight"":0.050515463917525774},{""difficulty"":1.0,""weight"":0.17525773195876287}]",0.88,0.8448,2.498312551470936,2.260323958886373,1.9212753650534171,2.5993725527193288,0.8456074549560935,0.0008074549560934674,False,True,stratified_benchmark_fit,medium_high_stratified,0.02,0.82,0.96,"difficulty in [0,1]; quality in [0,1]; beta > 0; monotone decreasing",0.65,0.7367417585382823,0.7029206086944694,0.769100325159841
synthetic,benchmark_fitted_curve,demo-frontier,Demo Frontier,synthetic-provider,synthetic-v1,high,TwinRouterBench-synthetic-demo,0.88,0_to_1,synthetic://phase2-interface-demo,stratified_synthetic,synthetic_medium,"[{""difficulty"":0.0,""weight"":0.7103092783505155},{""difficulty"":0.3333333333333333,""weight"":0.06391752577319587},{""difficulty"":0.6666666666666666,""weight"":0.050515463917525774},{""difficulty"":1.0,""weight"":0.17525773195876287}]",0.88,0.8448,2.498312551470936,2.260323958886373,1.9212753650534171,2.5993725527193288,0.8456074549560935,0.0008074549560934674,False,True,stratified_benchmark_fit,medium_high_stratified,0.02,0.82,0.96,"difficulty in [0,1]; quality in [0,1]; beta > 0; monotone decreasing",0.66,0.7323343879591382,0.6974640407392896,0.7656708023331932
synthetic,benchmark_fitted_curve,demo-frontier,Demo Frontier,synthetic-provider,synthetic-v1,high,TwinRouterBench-synthetic-demo,0.88,0_to_1,synthetic://phase2-interface-demo,stratified_synthetic,synthetic_medium,"[{""difficulty"":0.0,""weight"":0.7103092783505155},{""difficulty"":0.3333333333333333,""weight"":0.06391752577319587},{""difficulty"":0.6666666666666666,""weight"":0.050515463917525774},{""difficulty"":1.0,""weight"":0.17525773195876287}]",0.88,0.8448,2.498312551470936,2.260323958886373,1.9212753650534171,2.5993725527193288,0.8456074549560935,0.0008074549560934674,False,True,stratified_benchmark_fit,medium_high_stratified,0.02,0.82,0.96,"difficulty in [0,1]; quality in [0,1]; beta > 0; monotone decreasing",0.67,0.7278804842922878,0.6919511717421357,0.7622060905702033
synthetic,benchmark_fitted_curve,demo-frontier,Demo Frontier,synthetic-provider,synthetic-v1,high,TwinRouterBench-synthetic-demo,0.88,0_to_1,synthetic://phase2-interface-demo,stratified_synthetic,synthetic_medium,"[{""difficulty"":0.0,""weight"":0.7103092783505155},{""difficulty"":0.3333333333333333,""weight"":0.06391752577319587},{""difficulty"":0.6666666666666666,""weight"":0.050515463917525774},{""difficulty"":1.0,""weight"":0.17525773195876287}]",0.88,0.8448,2.498312551470936,2.260323958886373,1.9212753650534171,2.5993725527193288,0.8456074549560935,0.0008074549560934674,False,True,stratified_benchmark_fit,medium_high_stratified,0.02,0.82,0.96,"difficulty in [0,1]; quality in [0,1]; beta > 0; monotone decreasing",0.68,0.7233804623760934,0.686383016800026,0.7587062947795875
synthetic,benchmark_fitted_curve,demo-frontier,Demo Frontier,synthetic-provider,synthetic-v1,high,TwinRouterBench-synthetic-demo,0.88,0_to_1,synthetic://phase2-interface-demo,stratified_synthetic,synthetic_medium,"[{""difficulty"":0.0,""weight"":0.7103092783505155},{""difficulty"":0.3333333333333333,""weight"":0.06391752577319587},{""difficulty"":0.6666666666666666,""weight"":0.050515463917525774},{""difficulty"":1.0,""weight"":0.17525773195876287}]",0.88,0.8448,2.498312551470936,2.260323958886373,1.9212753650534171,2.5993725527193288,0.8456074549560935,0.0008074549560934674,False,True,stratified_benchmark_fit,medium_high_stratified,0.02,0.82,0.96,"difficulty in [0,1]; quality in [0,1]; beta > 0; monotone decreasing",0.6900000000000001,0.7188347694857129,0.6807606491900293,0.7551715350856529
synthetic,benchmark_fitted_curve,demo-frontier,Demo Frontier,synthetic-provider,synthetic-v1,high,TwinRouterBench-synthetic-demo,0.88,0_to_1,synthetic://phase2-interface-demo,stratified_synthetic,synthetic_medium,"[{""difficulty"":0.0,""weight"":0.7103092783505155},{""difficulty"":0.3333333333333333,""weight"":0.06391752577319587},{""difficulty"":0.6666666666666666,""weight"":0.050515463917525774},{""difficulty"":1.0,""weight"":0.17525773195876287}]",0.88,0.8448,2.498312551470936,2.260323958886373,1.9212753650534171,2.5993725527193288,0.8456074549560935,0.0008074549560934674,False,True,stratified_benchmark_fit,medium_high_stratified,0.02,0.82,0.96,"difficulty in [0,1]; quality in [0,1]; beta > 0; monotone decreasing",0.7000000000000001,0.7142438855868437,0.6750852001651384,0.7516019470584695
synthetic,benchmark_fitted_curve,demo-frontier,Demo Frontier,synthetic-provider,synthetic-v1,high,TwinRouterBench-synthetic-demo,0.88,0_to_1,synthetic://phase2-interface-demo,stratified_synthetic,synthetic_medium,"[{""difficulty"":0.0,""weight"":0.7103092783505155},{""difficulty"":0.3333333333333333,""weight"":0.06391752577319587},{""difficulty"":0.6666666666666666,""weight"":0.050515463917525774},{""difficulty"":1.0,""weight"":0.17525773195876287}]",0.88,0.8448,2.498312551470936,2.260323958886373,1.9212753650534171,2.5993725527193288,0.8456074549560935,0.0008074549560934674,False,True,stratified_benchmark_fit,medium_high_stratified,0.02,0.82,0.96,"difficulty in [0,1]; quality in [0,1]; beta > 0; monotone decreasing",0.71,0.7096083235488421,0.6693578586322665,0.7479976819341251
synthetic,benchmark_fitted_curve,demo-frontier,Demo Frontier,synthetic-provider,synthetic-v1,high,TwinRouterBench-synthetic-demo,0.88,0_to_1,synthetic://phase2-interface-demo,stratified_synthetic,synthetic_medium,"[{""difficulty"":0.0,""weight"":0.7103092783505155},{""difficulty"":0.3333333333333333,""weight"":0.06391752577319587},{""difficulty"":0.6666666666666666,""weight"":0.050515463917525774},{""difficulty"":1.0,""weight"":0.17525773195876287}]",0.88,0.8448,2.498312551470936,2.260323958886373,1.9212753650534171,2.5993725527193288,0.8456074549560935,0.0008074549560934674,False,True,stratified_benchmark_fit,medium_high_stratified,0.02,0.82,0.96,"difficulty in [0,1]; quality in [0,1]; beta > 0; monotone decreasing",0.72,0.7049286293156404,0.6635798707100448,0.7443589068244799
synthetic,benchmark_fitted_curve,demo-frontier,Demo Frontier,synthetic-provider,synthetic-v1,high,TwinRouterBench-synthetic-demo,0.88,0_to_1,synthetic://phase2-interface-demo,stratified_synthetic,synthetic_medium,"[{""difficulty"":0.0,""weight"":0.7103092783505155},{""difficulty"":0.3333333333333333,""weight"":0.06391752577319587},{""difficulty"":0.6666666666666666,""weight"":0.050515463917525774},{""difficulty"":1.0,""weight"":0.17525773195876287}]",0.88,0.8448,2.498312551470936,2.260323958886373,1.9212753650534171,2.5993725527193288,0.8456074549560935,0.0008074549560934674,False,True,stratified_benchmark_fit,medium_high_stratified,0.02,0.82,0.96,"difficulty in [0,1]; quality in [0,1]; beta > 0; monotone decreasing",0.73,0.7002053820329397,0.6577525391644687,0.7406858049158372
synthetic,benchmark_fitted_curve,demo-frontier,Demo Frontier,synthetic-provider,synthetic-v1,high,TwinRouterBench-synthetic-demo,0.88,0_to_1,synthetic://phase2-interface-demo,stratified_synthetic,synthetic_medium,"[{""difficulty"":0.0,""weight"":0.7103092783505155},{""difficulty"":0.3333333333333333,""weight"":0.06391752577319587},{""difficulty"":0.6666666666666666,""weight"":0.050515463917525774},{""difficulty"":1.0,""weight"":0.17525773195876287}]",0.88,0.8448,2.498312551470936,2.260323958886373,1.9212753650534171,2.5993725527193288,0.8456074549560935,0.0008074549560934674,False,True,stratified_benchmark_fit,medium_high_stratified,0.02,0.82,0.96,"difficulty in [0,1]; quality in [0,1]; beta > 0; monotone decreasing",0.74,0.6954391941302334,0.6518772227208359,0.736978575655943
synthetic,benchmark_fitted_curve,demo-frontier,Demo Frontier,synthetic-provider,synthetic-v1,high,TwinRouterBench-synthetic-demo,0.88,0_to_1,synthetic://phase2-interface-demo,stratified_synthetic,synthetic_medium,"[{""difficulty"":0.0,""weight"":0.7103092783505155},{""difficulty"":0.3333333333333333,""weight"":0.06391752577319587},{""difficulty"":0.6666666666666666,""weight"":0.050515463917525774},{""difficulty"":1.0,""weight"":0.17525773195876287}]",0.88,0.8448,2.498312551470936,2.260323958886373,1.9212753650534171,2.5993725527193288,0.8456074549560935,0.0008074549560934674,False,True,stratified_benchmark_fit,medium_high_stratified,0.02,0.82,0.96,"difficulty in [0,1]; quality in [0,1]; beta > 0; monotone decreasing",0.75,0.6906307113562893,0.6459553352508249,0.7332374349287446
synthetic,benchmark_fitted_curve,demo-frontier,Demo Frontier,synthetic-provider,synthetic-v1,high,TwinRouterBench-synthetic-demo,0.88,0_to_1,synthetic://phase2-interface-demo,stratified_synthetic,synthetic_medium,"[{""difficulty"":0.0,""weight"":0.7103092783505155},{""difficulty"":0.3333333333333333,""weight"":0.06391752577319587},{""difficulty"":0.6666666666666666,""weight"":0.050515463917525774},{""difficulty"":1.0,""weight"":0.17525773195876287}]",0.88,0.8448,2.498312551470936,2.260323958886373,1.9212753650534171,2.5993725527193288,0.8456074549560935,0.0008074549560934674,False,True,stratified_benchmark_fit,medium_high_stratified,0.02,0.82,0.96,"difficulty in [0,1]; quality in [0,1]; beta > 0; monotone decreasing",0.76,0.685780612766809,0.6399883448340062,0.7294626152163293
synthetic,benchmark_fitted_curve,demo-frontier,Demo Frontier,synthetic-provider,synthetic-v1,high,TwinRouterBench-synthetic-demo,0.88,0_to_1,synthetic://phase2-interface-demo,stratified_synthetic,synthetic_medium,"[{""difficulty"":0.0,""weight"":0.7103092783505155},{""difficulty"":0.3333333333333333,""weight"":0.06391752577319587},{""difficulty"":0.6666666666666666,""weight"":0.050515463917525774},{""difficulty"":1.0,""weight"":0.17525773195876287}]",0.88,0.8448,2.498312551470936,2.260323958886373,1.9212753650534171,2.5993725527193288,0.8456074549560935,0.0008074549560934674,False,True,stratified_benchmark_fit,medium_high_stratified,0.02,0.82,0.96,"difficulty in [0,1]; quality in [0,1]; beta > 0; monotone decreasing",0.77,0.6808896106630731,0.6339777726935113,0.7256543657474832
synthetic,benchmark_fitted_curve,demo-frontier,Demo Frontier,synthetic-provider,synthetic-v1,high,TwinRouterBench-synthetic-demo,0.88,0_to_1,synthetic://phase2-interface-demo,stratified_synthetic,synthetic_medium,"[{""difficulty"":0.0,""weight"":0.7103092783505155},{""difficulty"":0.3333333333333333,""weight"":0.06391752577319587},{""difficulty"":0.6666666666666666,""weight"":0.050515463917525774},{""difficulty"":1.0,""weight"":0.17525773195876287}]",0.88,0.8448,2.498312551470936,2.260323958886373,1.9212753650534171,2.5993725527193288,0.8456074549560935,0.0008074549560934674,False,True,stratified_benchmark_fit,medium_high_stratified,0.02,0.82,0.96,"difficulty in [0,1]; quality in [0,1]; beta > 0; monotone decreasing",0.78,0.6759584504804811,0.6279251920060605,0.7218129526323139
synthetic,benchmark_fitted_curve,demo-frontier,Demo Frontier,synthetic-provider,synthetic-v1,high,TwinRouterBench-synthetic-demo,0.88,0_to_1,synthetic://phase2-interface-demo,stratified_synthetic,synthetic_medium,"[{""difficulty"":0.0,""weight"":0.7103092783505155},{""difficulty"":0.3333333333333333,""weight"":0.06391752577319587},{""difficulty"":0.6666666666666666,""weight"":0.050515463917525774},{""difficulty"":1.0,""weight"":0.17525773195876287}]",0.88,0.8448,2.498312551470936,2.260323958886373,1.9212753650534171,2.5993725527193288,0.8456074549560935,0.0008074549560934674,False,True,stratified_benchmark_fit,medium_high_stratified,0.02,0.82,0.96,"difficulty in [0,1]; quality in [0,1]; beta > 0; monotone decreasing",0.79,0.670987910626008,0.6218322265870149,0.7179386589823911
synthetic,benchmark_fitted_curve,demo-frontier,Demo Frontier,synthetic-provider,synthetic-v1,high,TwinRouterBench-synthetic-demo,0.88,0_to_1,synthetic://phase2-interface-demo,stratified_synthetic,synthetic_medium,"[{""difficulty"":0.0,""weight"":0.7103092783505155},{""difficulty"":0.3333333333333333,""weight"":0.06391752577319587},{""difficulty"":0.6666666666666666,""weight"":0.050515463917525774},{""difficulty"":1.0,""weight"":0.17525773195876287}]",0.88,0.8448,2.498312551470936,2.260323958886373,1.9212753650534171,2.5993725527193288,0.8456074549560935,0.0008074549560934674,False,True,stratified_benchmark_fit,medium_high_stratified,0.02,0.82,0.96,"difficulty in [0,1]; quality in [0,1]; beta > 0; monotone decreasing",0.8,0.6659788022637033,0.6157005494516097,0.7140317850158747
synthetic,benchmark_fitted_curve,demo-frontier,Demo Frontier,synthetic-provider,synthetic-v1,high,TwinRouterBench-synthetic-demo,0.88,0_to_1,synthetic://phase2-interface-demo,stratified_synthetic,synthetic_medium,"[{""difficulty"":0.0,""weight"":0.7103092783505155},{""difficulty"":0.3333333333333333,""weight"":0.06391752577319587},{""difficulty"":0.6666666666666666,""weight"":0.050515463917525774},{""difficulty"":1.0,""weight"":0.17525773195876287}]",0.88,0.8448,2.498312551470936,2.260323958886373,1.9212753650534171,2.5993725527193288,0.8456074549560935,0.0008074549560934674,False,True,stratified_benchmark_fit,medium_high_stratified,0.02,0.82,0.96,"difficulty in [0,1]; quality in [0,1]; beta > 0; monotone decreasing",0.81,0.6609319690474926,0.609531881254013,0.7100926481471121
synthetic,benchmark_fitted_curve,demo-frontier,Demo Frontier,synthetic-provider,synthetic-v1,high,TwinRouterBench-synthetic-demo,0.88,0_to_1,synthetic://phase2-interface-demo,stratified_synthetic,synthetic_medium,"[{""difficulty"":0.0,""weight"":0.7103092783505155},{""difficulty"":0.3333333333333333,""weight"":0.06391752577319587},{""difficulty"":0.6666666666666666,""weight"":0.050515463917525774},{""difficulty"":1.0,""weight"":0.17525773195876287}]",0.88,0.8448,2.498312551470936,2.260323958886373,1.9212753650534171,2.5993725527193288,0.8456074549560935,0.0008074549560934674,False,True,stratified_benchmark_fit,medium_high_stratified,0.02,0.82,0.96,"difficulty in [0,1]; quality in [0,1]; beta > 0; monotone decreasing",0.8200000000000001,0.6558482868006557,0.603327988606351,0.7061215830602015
synthetic,benchmark_fitted_curve,demo-frontier,Demo Frontier,synthetic-provider,synthetic-v1,high,TwinRouterBench-synthetic-demo,0.88,0_to_1,synthetic://phase2-interface-demo,stratified_synthetic,synthetic_medium,"[{""difficulty"":0.0,""weight"":0.7103092783505155},{""difficulty"":0.3333333333333333,""weight"":0.06391752577319587},{""difficulty"":0.6666666666666666,""weight"":0.050515463917525774},{""difficulty"":1.0,""weight"":0.17525773195876287}]",0.88,0.8448,2.498312551470936,2.260323958886373,1.9212753650534171,2.5993725527193288,0.8456074549560935,0.0008074549560934674,False,True,stratified_benchmark_fit,medium_high_stratified,0.02,0.82,0.96,"difficulty in [0,1]; quality in [0,1]; beta > 0; monotone decreasing",0.8300000000000001,0.6507286631415005,0.5970906822803383,0.7021189417660378
synthetic,benchmark_fitted_curve,demo-frontier,Demo Frontier,synthetic-provider,synthetic-v1,high,TwinRouterBench-synthetic-demo,0.88,0_to_1,synthetic://phase2-interface-demo,stratified_synthetic,synthetic_medium,"[{""difficulty"":0.0,""weight"":0.7103092783505155},{""difficulty"":0.3333333333333333,""weight"":0.06391752577319587},{""difficulty"":0.6666666666666666,""weight"":0.050515463917525774},{""difficulty"":1.0,""weight"":0.17525773195876287}]",0.88,0.8448,2.498312551470936,2.260323958886373,1.9212753650534171,2.5993725527193288,0.8456074549560935,0.0008074549560934674,False,True,stratified_benchmark_fit,medium_high_stratified,0.02,0.82,0.96,"difficulty in [0,1]; quality in [0,1]; beta > 0; monotone decreasing",0.84,0.6455740370548805,0.590821815294648,0.6980850936423769
synthetic,benchmark_fitted_curve,demo-frontier,Demo Frontier,synthetic-provider,synthetic-v1,high,TwinRouterBench-synthetic-demo,0.88,0_to_1,synthetic://phase2-interface-demo,stratified_synthetic,synthetic_medium,"[{""difficulty"":0.0,""weight"":0.7103092783505155},{""difficulty"":0.3333333333333333,""weight"":0.06391752577319587},{""difficulty"":0.6666666666666666,""weight"":0.050515463917525774},{""difficulty"":1.0,""weight"":0.17525773195876287}]",0.88,0.8448,2.498312551470936,2.260323958886373,1.9212753650534171,2.5993725527193288,0.8456074549560935,0.0008074549560934674,False,True,stratified_benchmark_fit,medium_high_stratified,0.02,0.82,0.96,"difficulty in [0,1]; quality in [0,1]; beta > 0; monotone decreasing",0.85,0.6403853784093532,0.5845232808916443,0.6940204254564722
synthetic,benchmark_fitted_curve,demo-frontier,Demo Frontier,synthetic-provider,synthetic-v1,high,TwinRouterBench-synthetic-demo,0.88,0_to_1,synthetic://phase2-interface-demo,stratified_synthetic,synthetic_medium,"[{""difficulty"":0.0,""weight"":0.7103092783505155},{""difficulty"":0.3333333333333333,""weight"":0.06391752577319587},{""difficulty"":0.6666666666666666,""weight"":0.050515463917525774},{""difficulty"":1.0,""weight"":0.17525773195876287}]",0.88,0.8448,2.498312551470936,2.260323958886373,1.9212753650534171,2.5993725527193288,0.8456074549560935,0.0008074549560934674,False,True,stratified_benchmark_fit,medium_high_stratified,0.02,0.82,0.96,"difficulty in [0,1]; quality in [0,1]; beta > 0; monotone decreasing",0.86,0.6351636874199241,0.5781970104075904,0.6899253413698635
synthetic,benchmark_fitted_curve,demo-frontier,Demo Frontier,synthetic-provider,synthetic-v1,high,TwinRouterBench-synthetic-demo,0.88,0_to_1,synthetic://phase2-interface-demo,stratified_synthetic,synthetic_medium,"[{""difficulty"":0.0,""weight"":0.7103092783505155},{""difficulty"":0.3333333333333333,""weight"":0.06391752577319587},{""difficulty"":0.6666666666666666,""weight"":0.050515463917525774},{""difficulty"":1.0,""weight"":0.17525773195876287}]",0.88,0.8448,2.498312551470936,2.260323958886373,1.9212753650534171,2.5993725527193288,0.8456074549560935,0.0008074549560934674,False,True,stratified_benchmark_fit,medium_high_stratified,0.02,0.82,0.96,"difficulty in [0,1]; quality in [0,1]; beta > 0; monotone decreasing",0.87,0.6299099940564715,0.5718449710409049,0.6858002629249237
synthetic,benchmark_fitted_curve,demo-frontier,Demo Frontier,synthetic-provider,synthetic-v1,high,TwinRouterBench-synthetic-demo,0.88,0_to_1,synthetic://phase2-interface-demo,stratified_synthetic,synthetic_medium,"[{""difficulty"":0.0,""weight"":0.7103092783505155},{""difficulty"":0.3333333333333333,""weight"":0.06391752577319587},{""difficulty"":0.6666666666666666,""weight"":0.050515463917525774},{""difficulty"":1.0,""weight"":0.17525773195876287}]",0.88,0.8448,2.498312551470936,2.260323958886373,1.9212753650534171,2.5993725527193288,0.8456074549560935,0.0008074549560934674,False,True,stratified_benchmark_fit,medium_high_stratified,0.02,0.82,0.96,"difficulty in [0,1]; quality in [0,1]; beta > 0; monotone decreasing",0.88,0.6246253573981011,0.5654691635235142,0.6816456290127892
synthetic,benchmark_fitted_curve,demo-frontier,Demo Frontier,synthetic-provider,synthetic-v1,high,TwinRouterBench-synthetic-demo,0.88,0_to_1,synthetic://phase2-interface-demo,stratified_synthetic,synthetic_medium,"[{""difficulty"":0.0,""weight"":0.7103092783505155},{""difficulty"":0.3333333333333333,""weight"":0.06391752577319587},{""difficulty"":0.6666666666666666,""weight"":0.050515463917525774},{""difficulty"":1.0,""weight"":0.17525773195876287}]",0.88,0.8448,2.498312551470936,2.260323958886373,1.9212753650534171,2.5993725527193288,0.8456074549560935,0.0008074549560934674,False,True,stratified_benchmark_fit,medium_high_stratified,0.02,0.82,0.96,"difficulty in [0,1]; quality in [0,1]; beta > 0; monotone decreasing",0.89,0.6193108649338449,0.5590716197007732,0.6774618958223356
synthetic,benchmark_fitted_curve,demo-frontier,Demo Frontier,synthetic-provider,synthetic-v1,high,TwinRouterBench-synthetic-demo,0.88,0_to_1,synthetic://phase2-interface-demo,stratified_synthetic,synthetic_medium,"[{""difficulty"":0.0,""weight"":0.7103092783505155},{""difficulty"":0.3333333333333333,""weight"":0.06391752577319587},{""difficulty"":0.6666666666666666,""weight"":0.050515463917525774},{""difficulty"":1.0,""weight"":0.17525773195876287}]",0.88,0.8448,2.498312551470936,2.260323958886373,1.9212753650534171,2.5993725527193288,0.8456074549560935,0.0008074549560934674,False,True,stratified_benchmark_fit,medium_high_stratified,0.02,0.82,0.96,"difficulty in [0,1]; quality in [0,1]; beta > 0; monotone decreasing",0.9,0.6139676318102696,0.5526544000258642,0.6732495367698844
synthetic,benchmark_fitted_curve,demo-frontier,Demo Frontier,synthetic-provider,synthetic-v1,high,TwinRouterBench-synthetic-demo,0.88,0_to_1,synthetic://phase2-interface-demo,stratified_synthetic,synthetic_medium,"[{""difficulty"":0.0,""weight"":0.7103092783505155},{""difficulty"":0.3333333333333333,""weight"":0.06391752577319587},{""difficulty"":0.6666666666666666,""weight"":0.050515463917525774},{""difficulty"":1.0,""weight"":0.17525773195876287}]",0.88,0.8448,2.498312551470936,2.260323958886373,1.9212753650534171,2.5993725527193288,0.8456074549560935,0.0008074549560934674,False,True,stratified_benchmark_fit,medium_high_stratified,0.02,0.82,0.96,"difficulty in [0,1]; quality in [0,1]; beta > 0; monotone decreasing",0.91,0.6085968000267283,0.5462195909749658,0.6690090424093591
synthetic,benchmark_fitted_curve,demo-frontier,Demo Frontier,synthetic-provider,synthetic-v1,high,TwinRouterBench-synthetic-demo,0.88,0_to_1,synthetic://phase2-interface-demo,stratified_synthetic,synthetic_medium,"[{""difficulty"":0.0,""weight"":0.7103092783505155},{""difficulty"":0.3333333333333333,""weight"":0.06391752577319587},{""difficulty"":0.6666666666666666,""weight"":0.050515463917525774},{""difficulty"":1.0,""weight"":0.17525773195876287}]",0.88,0.8448,2.498312551470936,2.260323958886373,1.9212753650534171,2.5993725527193288,0.8456074549560935,0.0008074549560934674,False,True,stratified_benchmark_fit,medium_high_stratified,0.02,0.82,0.96,"difficulty in [0,1]; quality in [0,1]; beta > 0; monotone decreasing",0.92,0.60319953757915,0.539769302389872,0.6647409203226432
synthetic,benchmark_fitted_curve,demo-frontier,Demo Frontier,synthetic-provider,synthetic-v1,high,TwinRouterBench-synthetic-demo,0.88,0_to_1,synthetic://phase2-interface-demo,stratified_synthetic,synthetic_medium,"[{""difficulty"":0.0,""weight"":0.7103092783505155},{""difficulty"":0.3333333333333333,""weight"":0.06391752577319587},{""difficulty"":0.6666666666666666,""weight"":0.050515463917525774},{""difficulty"":1.0,""weight"":0.17525773195876287}]",0.88,0.8448,2.498312551470936,2.260323958886373,1.9212753650534171,2.5993725527193288,0.8456074549560935,0.0008074549560934674,False,True,stratified_benchmark_fit,medium_high_stratified,0.02,0.82,0.96,"difficulty in [0,1]; quality in [0,1]; beta > 0; monotone decreasing",0.93,0.5977770375534213,0.5333056647550747,0.6604456949899248
synthetic,benchmark_fitted_curve,demo-frontier,Demo Frontier,synthetic-provider,synthetic-v1,high,TwinRouterBench-synthetic-demo,0.88,0_to_1,synthetic://phase2-interface-demo,stratified_synthetic,synthetic_medium,"[{""difficulty"":0.0,""weight"":0.7103092783505155},{""difficulty"":0.3333333333333333,""weight"":0.06391752577319587},{""difficulty"":0.6666666666666666,""weight"":0.050515463917525774},{""difficulty"":1.0,""weight"":0.17525773195876287}]",0.88,0.8448,2.498312551470936,2.260323958886373,1.9212753650534171,2.5993725527193288,0.8456074549560935,0.0008074549560934674,False,True,stratified_benchmark_fit,medium_high_stratified,0.02,0.82,0.96,"difficulty in [0,1]; quality in [0,1]; beta > 0; monotone decreasing",0.9400000000000001,0.5923305171695822,0.5268308264166397,0.6561239076398493
synthetic,benchmark_fitted_curve,demo-frontier,Demo Frontier,synthetic-provider,synthetic-v1,high,TwinRouterBench-synthetic-demo,0.88,0_to_1,synthetic://phase2-interface-demo,stratified_synthetic,synthetic_medium,"[{""difficulty"":0.0,""weight"":0.7103092783505155},{""difficulty"":0.3333333333333333,""weight"":0.06391752577319587},{""difficulty"":0.6666666666666666,""weight"":0.050515463917525774},{""difficulty"":1.0,""weight"":0.17525773195876287}]",0.88,0.8448,2.498312551470936,2.260323958886373,1.9212753650534171,2.5993725527193288,0.8456074549560935,0.0008074549560934674,False,True,stratified_benchmark_fit,medium_high_stratified,0.02,0.82,0.96,"difficulty in [0,1]; quality in [0,1]; beta > 0; monotone decreasing",0.9500000000000001,0.5868612167782112,0.5203469507504894,0.6517761160793373
synthetic,benchmark_fitted_curve,demo-frontier,Demo Frontier,synthetic-provider,synthetic-v1,high,TwinRouterBench-synthetic-demo,0.88,0_to_1,synthetic://phase2-interface-demo,stratified_synthetic,synthetic_medium,"[{""difficulty"":0.0,""weight"":0.7103092783505155},{""difficulty"":0.3333333333333333,""weight"":0.06391752577319587},{""difficulty"":0.6666666666666666,""weight"":0.050515463917525774},{""difficulty"":1.0,""weight"":0.17525773195876287}]",0.88,0.8448,2.498312551470936,2.260323958886373,1.9212753650534171,2.5993725527193288,0.8456074549560935,0.0008074549560934674,False,True,stratified_benchmark_fit,medium_high_stratified,0.02,0.82,0.96,"difficulty in [0,1]; quality in [0,1]; beta > 0; monotone decreasing",0.96,0.5813703988105391,0.5138562132879454,0.6474028945029654
synthetic,benchmark_fitted_curve,demo-frontier,Demo Frontier,synthetic-provider,synthetic-v1,high,TwinRouterBench-synthetic-demo,0.88,0_to_1,synthetic://phase2-interface-demo,stratified_synthetic,synthetic_medium,"[{""difficulty"":0.0,""weight"":0.7103092783505155},{""difficulty"":0.3333333333333333,""weight"":0.06391752577319587},{""difficulty"":0.6666666666666666,""weight"":0.050515463917525774},{""difficulty"":1.0,""weight"":0.17525773195876287}]",0.88,0.8448,2.498312551470936,2.260323958886373,1.9212753650534171,2.5993725527193288,0.8456074549560935,0.0008074549560934674,False,True,stratified_benchmark_fit,medium_high_stratified,0.02,0.82,0.96,"difficulty in [0,1]; quality in [0,1]; beta > 0; monotone decreasing",0.97,0.5758593466839802,0.5073607988065957,0.6430048332818443
synthetic,benchmark_fitted_curve,demo-frontier,Demo Frontier,synthetic-provider,synthetic-v1,high,TwinRouterBench-synthetic-demo,0.88,0_to_1,synthetic://phase2-interface-demo,stratified_synthetic,synthetic_medium,"[{""difficulty"":0.0,""weight"":0.7103092783505155},{""difficulty"":0.3333333333333333,""weight"":0.06391752577319587},{""difficulty"":0.6666666666666666,""weight"":0.050515463917525774},{""difficulty"":1.0,""weight"":0.17525773195876287}]",0.88,0.8448,2.498312551470936,2.260323958886373,1.9212753650534171,2.5993725527193288,0.8456074549560935,0.0008074549560934674,False,True,stratified_benchmark_fit,medium_high_stratified,0.02,0.82,0.96,"difficulty in [0,1]; quality in [0,1]; beta > 0; monotone decreasing",0.98,0.5703293636649284,0.5008628983947199,0.6385825387319687
synthetic,benchmark_fitted_curve,demo-frontier,Demo Frontier,synthetic-provider,synthetic-v1,high,TwinRouterBench-synthetic-demo,0.88,0_to_1,synthetic://phase2-interface-demo,stratified_synthetic,synthetic_medium,"[{""difficulty"":0.0,""weight"":0.7103092783505155},{""difficulty"":0.3333333333333333,""weight"":0.06391752577319587},{""difficulty"":0.6666666666666666,""weight"":0.050515463917525774},{""difficulty"":1.0,""weight"":0.17525773195876287}]",0.88,0.8448,2.498312551470936,2.260323958886373,1.9212753650534171,2.5993725527193288,0.8456074549560935,0.0008074549560934674,False,True,stratified_benchmark_fit,medium_high_stratified,0.02,0.82,0.96,"difficulty in [0,1]; quality in [0,1]; beta > 0; monotone decreasing",0.99,0.5647817716908006,0.494364706497633,0.6341366328620592
synthetic,benchmark_fitted_curve,demo-frontier,Demo Frontier,synthetic-provider,synthetic-v1,high,TwinRouterBench-synthetic-demo,0.88,0_to_1,synthetic://phase2-interface-demo,stratified_synthetic,synthetic_medium,"[{""difficulty"":0.0,""weight"":0.7103092783505155},{""difficulty"":0.3333333333333333,""weight"":0.06391752577319587},{""difficulty"":0.6666666666666666,""weight"":0.050515463917525774},{""difficulty"":1.0,""weight"":0.17525773195876287}]",0.88,0.8448,2.498312551470936,2.260323958886373,1.9212753650534171,2.5993725527193288,0.8456074549560935,0.0008074549560934674,False,True,stratified_benchmark_fit,medium_high_stratified,0.02,0.82,0.96,"difficulty in [0,1]; quality in [0,1]; beta > 0; monotone decreasing",1.0,0.5592179101534664,0.4878684179544027,0.6296677531009518
