instance_id,repo,official_difficulty,problem_statement_hash,routellm_raw_score,routellm_rank,routellm_percentile,routellm_tertile,model_result_count,valid_result_count,resolved_null_count,success_count,failure_count,empirical_success_rate,empirical_failure_rate,analysis_definition
astropy__astropy-12907,astropy/astropy,15 min - 1 hour,c01334ec1b21a089c650cf2e7b96ab974469076bf1260d23885799e1f0a7551f,0.20955243706703186,282,0.56312625250501,Medium,34,34,0,33,1,0.9705882352941176,0.029411764705882353,null_as_not_success
astropy__astropy-13033,astropy/astropy,15 min - 1 hour,a295c83e68ff62290947b0796b75659b94621b7f2340d6f0055512d04be3f1d1,0.17477503418922424,174,0.3466933867735471,Medium,34,34,0,2,32,0.058823529411764705,0.9411764705882353,null_as_not_success
astropy__astropy-13236,astropy/astropy,15 min - 1 hour,1f01b57c4e17057a2427b8ed897618f91782d22e98804b706826ba936a3d5ec4,0.07703739404678345,2,0.002004008016032064,Easy,34,34,0,4,30,0.11764705882352941,0.8823529411764706,null_as_not_success
astropy__astropy-13398,astropy/astropy,1-4 hours,c26c8dc258dc5cb9dd34f30bdbaaed3f19a8ada137e0f19d81d7f57dc5f11bba,0.09149742126464844,13,0.02404809619238477,Easy,34,34,0,2,32,0.058823529411764705,0.9411764705882353,null_as_not_success
astropy__astropy-13453,astropy/astropy,15 min - 1 hour,be929904c3062b54da2fa3ad7de338bd7f1f41a5aa48e64bec41f244d6e17c5a,0.1415623128414154,92,0.18236472945891782,Easy,34,34,0,34,0,1.0,0.0,null_as_not_success
astropy__astropy-13579,astropy/astropy,1-4 hours,70a48b6e4c77b5abc12b1e750bbb70110b7215d19c9ea3550f2b7261be84021d,0.17352229356765747,170,0.33867735470941884,Medium,34,34,0,32,2,0.9411764705882353,0.058823529411764705,null_as_not_success
astropy__astropy-13977,astropy/astropy,15 min - 1 hour,53b72f8a5aed23f5d11650d7d4ae0e36c820cfade3c8ebcc7b718055a80d1cb2,0.1452585756778717,105,0.20841683366733466,Easy,34,34,0,4,30,0.11764705882352941,0.8823529411764706,null_as_not_success
astropy__astropy-14096,astropy/astropy,15 min - 1 hour,938971021e89cd882f6ea33d61202fe7aa0091d7be4748b100ddc7e164db90cd,0.13784417510032654,84,0.16633266533066132,Easy,34,34,0,28,6,0.8235294117647058,0.17647058823529413,null_as_not_success
astropy__astropy-14182,astropy/astropy,15 min - 1 hour,2f743a72613ab0e8e063ff7b7f0a233015ad12ba14992625d9f84b315fa885fd,0.11039138585329056,32,0.06212424849699399,Easy,34,34,0,14,20,0.4117647058823529,0.5882352941176471,null_as_not_success
astropy__astropy-14309,astropy/astropy,<15 min fix,27b74ed7081579a5f310188d6ed6ac4da1d785c492b00052d605b7ba04d036b9,0.18716594576835632,213,0.4248496993987976,Medium,34,34,0,34,0,1.0,0.0,null_as_not_success
astropy__astropy-14365,astropy/astropy,15 min - 1 hour,615252d5c44819451977588671ce903d3a21c41a8bf011738e2aee39218d56c6,0.2210589498281479,315,0.6292585170340681,Medium,34,34,0,9,25,0.2647058823529412,0.7352941176470589,null_as_not_success
astropy__astropy-14369,astropy/astropy,1-4 hours,005d3d61c2ffbfa601f53125a9fb5271a1a87979977b857204d9f3cf5190fba9,0.31863933801651,471,0.9418837675350702,Hard,34,34,0,9,25,0.2647058823529412,0.7352941176470589,null_as_not_success
astropy__astropy-14508,astropy/astropy,15 min - 1 hour,d08eb8c70acd4f003f7f477092385046092d36ff4e4155594b286795e7f9cd9f,0.23507842421531677,356,0.7114228456913828,Hard,34,33,1,31,3,0.9117647058823529,0.08823529411764706,null_as_not_success
astropy__astropy-14539,astropy/astropy,15 min - 1 hour,deeb8ddb329b19eb6de7602db7ffbfb94a0887bedebd68ce49594609b6f4cf1a,0.2759762704372406,435,0.8697394789579158,Hard,34,34,0,33,1,0.9705882352941176,0.029411764705882353,null_as_not_success
astropy__astropy-14598,astropy/astropy,15 min - 1 hour,5edf1315e9ce360f72c2d3b23f08cdb974a758b64b13a6724236ca5d54beb9a9,0.17599189281463623,176,0.35070140280561124,Medium,34,34,0,2,32,0.058823529411764705,0.9411764705882353,null_as_not_success
astropy__astropy-14995,astropy/astropy,<15 min fix,2eb1c507dd3ad67acc74872966e4bb5e14d571e20e67f246fc454ed9461f5745,0.22533729672431946,324,0.6472945891783567,Medium,34,33,1,33,1,0.9705882352941176,0.029411764705882353,null_as_not_success
astropy__astropy-7166,astropy/astropy,<15 min fix,70c79d6da0284ce81f9e951dbab5c77d94bf8a27cd156f54169b424d75d11e43,0.22162844240665436,319,0.6372745490981964,Medium,34,34,0,33,1,0.9705882352941176,0.029411764705882353,null_as_not_success
astropy__astropy-7336,astropy/astropy,<15 min fix,1c51cc8817f7b2f1feb043bdd2a54fcc4f89150dad82c60dbd43f68d1dcdf90d,0.17005617916584015,159,0.3166332665330661,Easy,34,34,0,33,1,0.9705882352941176,0.029411764705882353,null_as_not_success
astropy__astropy-7606,astropy/astropy,15 min - 1 hour,d61965d0866c6a856d68dc4229f873e783399415a60d2a906d7847b777623ddd,0.2564201056957245,408,0.8156312625250501,Hard,34,34,0,0,34,0.0,1.0,null_as_not_success
astropy__astropy-7671,astropy/astropy,15 min - 1 hour,90a901a7b3d510c5fe9317b76fc9f83e883b577de167936d9e76ccbd69677f70,0.18130235373973846,197,0.3927855711422846,Medium,34,34,0,32,2,0.9411764705882353,0.058823529411764705,null_as_not_success
astropy__astropy-8707,astropy/astropy,15 min - 1 hour,f7420a19ba5b0c807396a84da376d8303e69ff66d0216c332adf099da589a714,0.159704327583313,138,0.2745490981963928,Easy,34,34,0,1,33,0.029411764705882353,0.9705882352941176,null_as_not_success
astropy__astropy-8872,astropy/astropy,15 min - 1 hour,495ed57c2183a49ff489deab1cf1f0a4fafe7e6fad6d6af79a407426de354746,0.20563200116157532,271,0.5410821643286573,Medium,34,34,0,1,33,0.029411764705882353,0.9705882352941176,null_as_not_success
django__django-10097,django/django,<15 min fix,2288319e7e72693551b8454b5c63f165f23dfb32bc6579ad03602d3cd311bdaa,0.147594153881073,112,0.22244488977955912,Easy,34,34,0,6,28,0.17647058823529413,0.8235294117647058,null_as_not_success
django__django-10554,django/django,1-4 hours,2f72fa6137f1d53983cff629a05e06c42a2ad477ea4557746c4688cbd6aeb724,0.19778327643871307,252,0.503006012024048,Medium,34,34,0,3,31,0.08823529411764706,0.9117647058823529,null_as_not_success
django__django-10880,django/django,<15 min fix,d554ba8ef84e2e4dc22c291d413e4cb58070d5d730dae3aca383a4cdb77c20b2,0.24282018840312958,373,0.7454909819639278,Hard,34,34,0,33,1,0.9705882352941176,0.029411764705882353,null_as_not_success
django__django-10914,django/django,<15 min fix,ba101c6d80094fe56bc64d74dcb7efe033a6e0d43dd77e8f00e65806fdbcdb8b,0.16494637727737427,150,0.2985971943887776,Easy,34,34,0,34,0,1.0,0.0,null_as_not_success
django__django-10973,django/django,15 min - 1 hour,bde1c4529fef5d030d1bd73a02e45bdbf9535a3c351aa9a43dba5c8249800271,0.12783119082450867,57,0.11222444889779559,Easy,34,34,0,27,7,0.7941176470588235,0.20588235294117646,null_as_not_success
django__django-10999,django/django,<15 min fix,efbac10cda6c1ef780205a8d9fc176b5489d1da8f76d9cbd366ef303052fd8d3,0.2691584825515747,425,0.8496993987975952,Hard,34,34,0,0,34,0.0,1.0,null_as_not_success
django__django-11066,django/django,<15 min fix,2c4cbca71895396f6bac73ad9454105f56828f542278e2e927483f6cac599db8,0.19227994978427887,237,0.4729458917835671,Medium,34,34,0,34,0,1.0,0.0,null_as_not_success
django__django-11087,django/django,15 min - 1 hour,9bd93972a91db1ad0e44e65720dd0f36f000de6264e770ffdaaeb06996a338f3,0.12805330753326416,60,0.11823647294589178,Easy,34,34,0,5,29,0.14705882352941177,0.8529411764705882,null_as_not_success
django__django-11095,django/django,15 min - 1 hour,0564572e65282f6920d43eaaa77ae7b103eec95b435aa1ba183d7daa32b9e83d,0.12339534610509872,49,0.09619238476953908,Easy,34,34,0,33,1,0.9705882352941176,0.029411764705882353,null_as_not_success
django__django-11099,django/django,<15 min fix,b0526bc6d9268fe373bf624621c8d5f560fc6b0ffae7e64b460d84f6726f3ed5,0.2749221920967102,433,0.8657314629258517,Hard,34,34,0,34,0,1.0,0.0,null_as_not_success
django__django-11119,django/django,<15 min fix,264fad964e8d5a49cd04509eb503175aed31535e29c9262cb9eee4b251192728,0.17120131850242615,165,0.3286573146292585,Easy,34,34,0,34,0,1.0,0.0,null_as_not_success
django__django-11133,django/django,<15 min fix,a7f427b7eb3f746b6985030b467a99099e6e3453319297a41e35effa7c32b8ed,0.11420851200819016,37,0.07214428857715431,Easy,34,34,0,34,0,1.0,0.0,null_as_not_success
django__django-11138,django/django,1-4 hours,b33c129178156fdb6d35f4d406ac6090bc6fbb7b220893ec068c0d76d7bca1ea,0.13274672627449036,68,0.1342685370741483,Easy,34,34,0,23,11,0.6764705882352942,0.3235294117647059,null_as_not_success
django__django-11141,django/django,15 min - 1 hour,f7a89b6c259b982bea8f5247ea54ad080dd4d3b5a7a559662b13928218ef6d94,0.2279762625694275,338,0.6753507014028056,Hard,34,34,0,6,28,0.17647058823529413,0.8235294117647058,null_as_not_success
django__django-11149,django/django,15 min - 1 hour,06f935b0cc647735e6955439f0cdd900198152c69bf75dc8f9af4673d0bc3f2b,0.15681633353233337,132,0.2625250501002004,Easy,34,34,0,21,13,0.6176470588235294,0.38235294117647056,null_as_not_success
django__django-11163,django/django,<15 min fix,8dbd8cae38c3a82b681a79bdfe8ffaa78aa6f1fad9744a1ca197f90265e5c80b,0.29761141538619995,453,0.905811623246493,Hard,34,34,0,34,0,1.0,0.0,null_as_not_success
django__django-11179,django/django,<15 min fix,9f6cb755dfdc0db5536cba40dae20c41d4750fd6a87acc18677c929ca896d136,0.2053736001253128,270,0.5390781563126252,Medium,34,34,0,32,2,0.9411764705882353,0.058823529411764705,null_as_not_success
django__django-11206,django/django,15 min - 1 hour,ee97fdc81bae9d09d812606706e4594d671418a6b4ece0d0e649518e4b915e07,0.279955118894577,438,0.875751503006012,Hard,34,34,0,30,4,0.8823529411764706,0.11764705882352941,null_as_not_success
django__django-11211,django/django,15 min - 1 hour,658b186e181f63e4cf92e146a414b8f30b0fc898e5bb698a7a45bcd900fce010,0.2284407615661621,340,0.6793587174348698,Hard,34,34,0,32,2,0.9411764705882353,0.058823529411764705,null_as_not_success
django__django-11239,django/django,<15 min fix,4f06ccec412dfd622e67248f35d24c93d00bfb755849a39f958b4e806969b86f,0.13285288214683533,69,0.13627254509018036,Easy,34,34,0,28,6,0.8235294117647058,0.17647058823529413,null_as_not_success
django__django-11265,django/django,15 min - 1 hour,6186de491ef0cfc65eab80595ae1e2d5e8746e2b5751fc5e39bc75b293bbaa3c,0.20430651307106018,268,0.5350701402805611,Medium,34,34,0,18,16,0.5294117647058824,0.47058823529411764,null_as_not_success
django__django-11276,django/django,15 min - 1 hour,eb475bff9bea96bffba03eee2d2d0b4e1b494afe04343176f8200a97e32077c8,0.11892527341842651,42,0.08216432865731463,Easy,34,34,0,28,6,0.8235294117647058,0.17647058823529413,null_as_not_success
django__django-11292,django/django,15 min - 1 hour,6fdf22f6653877da6f205b4a51557ccc30e14866d85c33a67657a29deb7194b1,0.10225648432970047,20,0.03807615230460922,Easy,34,34,0,34,0,1.0,0.0,null_as_not_success
django__django-11299,django/django,<15 min fix,97b5f134c36100595809297bfa1c1ce5948944ca8c384e47b2b9df33fb94089c,0.21517594158649445,298,0.5951903807615231,Medium,34,34,0,32,2,0.9411764705882353,0.058823529411764705,null_as_not_success
django__django-11333,django/django,15 min - 1 hour,46c75805409021e7df849f3ee81081ba222cd9ceac4020e5a956be44df192d5d,0.1423081010580063,97,0.19238476953907815,Easy,34,34,0,31,3,0.9117647058823529,0.08823529411764706,null_as_not_success
django__django-11400,django/django,1-4 hours,3add264d5b3fc0e287b7bfe3c5b1179263d4a811de6caeb2a739b918bb049a21,0.2283519059419632,339,0.6773547094188377,Hard,34,34,0,2,32,0.058823529411764705,0.9411764705882353,null_as_not_success
django__django-11433,django/django,<15 min fix,65f0d2e3b24ac4220baeebaf2adbdb8124d975a8ea8397a95a0054bae9b585b7,0.1346311718225479,75,0.14829659318637275,Easy,34,34,0,19,15,0.5588235294117647,0.4411764705882353,null_as_not_success
django__django-11451,django/django,<15 min fix,3b394ef33a4c2eb7541dfa1eb6dd8672bd86a4de24b7c674cccf909c32b1f346,0.15691325068473816,133,0.26452905811623245,Easy,34,34,0,32,2,0.9411764705882353,0.058823529411764705,null_as_not_success
django__django-11477,django/django,15 min - 1 hour,e6f1734b2127e19740523521d8c2a947f81cb3b7f7bbe51fd8550374fd580d9b,0.49993467330932617,500,1.0,Hard,34,34,0,2,32,0.058823529411764705,0.9411764705882353,null_as_not_success
django__django-11490,django/django,<15 min fix,3e617e299646332b07e60d86867a3c5246fd7fd6cf0263a94ae5585f0fd30d00,0.29417672753334045,452,0.9038076152304609,Hard,34,34,0,27,7,0.7941176470588235,0.20588235294117646,null_as_not_success
django__django-11532,django/django,15 min - 1 hour,55f341608fd38b10a968d018743892b2ae8828db032984dc7c105f6679eb65c7,0.2839552164077759,442,0.8837675350701403,Hard,34,34,0,18,16,0.5294117647058824,0.47058823529411764,null_as_not_success
django__django-11551,django/django,15 min - 1 hour,cd027addb8154f7cfea79bc2b15dede0f5147436aee168f548dcbbe233ccdecb,0.21868100762367249,310,0.6192384769539078,Medium,34,34,0,33,1,0.9705882352941176,0.029411764705882353,null_as_not_success
django__django-11555,django/django,<15 min fix,7ee01f2d7d71129328901b610c75e815c7dfb7ddd1ca605d87d8d02ba6851d1c,0.19115199148654938,235,0.46893787575150303,Medium,34,34,0,27,7,0.7941176470588235,0.20588235294117646,null_as_not_success
django__django-11603,django/django,<15 min fix,cc6c06c69faae4c8e525b22f032272081f2dbc5d7d732f3589ca3f5723a0215b,0.23995047807693481,367,0.7334669338677354,Hard,34,34,0,34,0,1.0,0.0,null_as_not_success
django__django-11728,django/django,15 min - 1 hour,92e9410d9f1fe201c108b695ddfe9c121a14eff902d41f154f2982ad5ce6d6c7,0.3760009706020355,490,0.9799599198396793,Hard,34,34,0,18,16,0.5294117647058824,0.47058823529411764,null_as_not_success
django__django-11734,django/django,15 min - 1 hour,b51d07c9174dd7bef00b07bb42a728e48a83131a9a9b752fa99f6eb5ef0c76cc,0.2807983160018921,439,0.8777555110220441,Hard,34,34,0,1,33,0.029411764705882353,0.9705882352941176,null_as_not_success
django__django-11740,django/django,15 min - 1 hour,e957578643e3473772f3962d3350cf65879725d62c071efa6b97fc4fda1f7d27,0.1334580034017563,72,0.14228456913827656,Easy,34,34,0,33,1,0.9705882352941176,0.029411764705882353,null_as_not_success
django__django-11749,django/django,15 min - 1 hour,43e20ff7e1fecc7bc072098091cafb2d1c078428917e0a43b182ef78cecccecb,0.22729681432247162,334,0.6673346693386774,Hard,34,34,0,30,4,0.8823529411764706,0.11764705882352941,null_as_not_success
django__django-11790,django/django,15 min - 1 hour,4482bb11e178b43b0d8d59d373ea8ed2631996c27f7ec51d89d65dad47ab37cb,0.282426655292511,441,0.8817635270541082,Hard,34,34,0,10,24,0.29411764705882354,0.7058823529411765,null_as_not_success
django__django-11815,django/django,15 min - 1 hour,e022afa957e8b3db88243013133760019ad87c3d207851d0da7af9fdd8483efd,0.37853288650512695,492,0.9839679358717435,Hard,34,34,0,26,8,0.7647058823529411,0.23529411764705882,null_as_not_success
django__django-11820,django/django,<15 min fix,8037de3210e730f87afe64ed1280846ba8d4d7e23c7720cba65ebe389ce36a7e,0.289293110370636,446,0.8917835671342685,Hard,34,34,0,2,32,0.058823529411764705,0.9411764705882353,null_as_not_success
django__django-11848,django/django,15 min - 1 hour,cce2d9dc991da88832938161e2da1d3b1b829f72c5e178ed15a7d9ae8435db74,0.3032270669937134,459,0.9178356713426854,Hard,34,34,0,23,11,0.6764705882352942,0.3235294117647059,null_as_not_success
django__django-11880,django/django,<15 min fix,e602e90dd73a70f9faf006238dfda2347f4aa08bb29365ae2611b3ea92f3eff4,0.2534463107585907,403,0.8056112224448898,Hard,34,34,0,34,0,1.0,0.0,null_as_not_success
django__django-11885,django/django,1-4 hours,bd6ce8dcb4e3ccf23898a9f244352cc8d464c3f6e5fff1f656d5a30446a6ea10,0.1298423707485199,62,0.12224448897795591,Easy,34,34,0,10,24,0.29411764705882354,0.7058823529411765,null_as_not_success
django__django-11951,django/django,<15 min fix,7c7ff1d81171a59af83ad9d0934053aa7c4e9bf6698ae2b3acde3e4d6353c169,0.23485317826271057,355,0.7094188376753507,Hard,34,34,0,32,2,0.9411764705882353,0.058823529411764705,null_as_not_success
django__django-11964,django/django,<15 min fix,9f510b2ad7d3833f07816f18dfa6dbb8dacf72061c288cfe399418bfe4da25ab,0.24806395173072815,388,0.7755511022044088,Hard,34,34,0,20,14,0.5882352941176471,0.4117647058823529,null_as_not_success
django__django-11999,django/django,15 min - 1 hour,5c317d46980d58d2ca75a9fb2c1af025e27357abd4dcd5ea37d4b2dcd8bcd63c,0.13532580435276031,76,0.15030060120240482,Easy,34,34,0,34,0,1.0,0.0,null_as_not_success
django__django-12039,django/django,15 min - 1 hour,2d2bf1ab2eecd3ede142cda952d8b44ef51fab8febe416c2a85636fd4e13ea3d,0.21367037296295166,291,0.5811623246492986,Medium,34,34,0,32,2,0.9411764705882353,0.058823529411764705,null_as_not_success
django__django-12050,django/django,15 min - 1 hour,161289bab4cda50aeb7a81ed68bb3a025e2a99db08588000a2f91ee206fbaa19,0.42397698760032654,499,0.9979959919839679,Hard,34,34,0,34,0,1.0,0.0,null_as_not_success
django__django-12125,django/django,<15 min fix,d466ceb9860bfb421821c9bab47b1fa2c11295523365b174ea0b2a5a3b125a65,0.2504526674747467,393,0.7855711422845691,Hard,34,34,0,31,3,0.9117647058823529,0.08823529411764706,null_as_not_success
django__django-12143,django/django,15 min - 1 hour,ea44d6cab1951bed46e10efdbfdb78f383cedc26f1d76a88cc7075ab774c2d87,0.20747177302837372,276,0.5511022044088176,Medium,34,34,0,34,0,1.0,0.0,null_as_not_success
django__django-12155,django/django,15 min - 1 hour,9f32a4a285f49a0f7005c54b76bcfa9d413dcf203ccc4e6f03bdb5bd89f537a4,0.21503876149654388,296,0.591182364729459,Medium,34,34,0,34,0,1.0,0.0,null_as_not_success
django__django-12193,django/django,<15 min fix,6bd02eebf7c0609141d1497e235bcffa2070916542617dcee089b19d8d844eeb,0.2846754193305969,443,0.8857715430861723,Hard,34,34,0,20,14,0.5882352941176471,0.4117647058823529,null_as_not_success
django__django-12209,django/django,<15 min fix,5e48c4a578224647481334cf10311fff1141a4897260744d719b8af678daf53c,0.15879234671592712,135,0.2685370741482966,Easy,34,34,0,33,1,0.9705882352941176,0.029411764705882353,null_as_not_success
django__django-12262,django/django,15 min - 1 hour,eb0c9b99667bc7666a6ff518747eaa71c6d392f727583d3f90cabe5cf4afe994,0.2503732442855835,392,0.7835671342685371,Hard,34,34,0,33,1,0.9705882352941176,0.029411764705882353,null_as_not_success
django__django-12273,django/django,15 min - 1 hour,0ddf00d3800106f5e154fc638ba1e50b97e2fbebc27ab4639e16040bcf2685ca,0.19951653480529785,257,0.5130260521042084,Medium,34,34,0,12,22,0.35294117647058826,0.6470588235294118,null_as_not_success
django__django-12276,django/django,<15 min fix,e8baf7faea7833b073ddc3bc0336ed0bbc8dae41004fbaf398cb6b8c8f667a8b,0.09666554629802704,18,0.03406813627254509,Easy,34,34,0,34,0,1.0,0.0,null_as_not_success
django__django-12304,django/django,<15 min fix,99dceeb9e23295f6b10e7778f737b9bfb3cf49f99eca1cfae9b10505324c3901,0.22891762852668762,342,0.6833667334669339,Hard,34,34,0,33,1,0.9705882352941176,0.029411764705882353,null_as_not_success
django__django-12308,django/django,<15 min fix,3a5c42ef1352e5d34855a9b6efc54b08f2e6122a861306f8f47e323775851784,0.1547594964504242,122,0.24248496993987975,Easy,34,34,0,9,25,0.2647058823529412,0.7352941176470589,null_as_not_success
django__django-12325,django/django,1-4 hours,8f920ccb5f6169fecd052cc74e6c0149701d063e78802c8f33d585a69bb18c02,0.1314697265625,64,0.12625250501002003,Easy,34,34,0,5,29,0.14705882352941177,0.8529411764705882,null_as_not_success
django__django-12406,django/django,15 min - 1 hour,0c14152f7ac2ba5dc35c69013918f93d4c0941bee9547f5eaf4e55012f00e717,0.17974638938903809,191,0.3807615230460922,Medium,34,34,0,3,31,0.08823529411764706,0.9117647058823529,null_as_not_success
django__django-12419,django/django,<15 min fix,1f07796a60c95eb7974ea0084d52158fa47471e45dff3dde4ad328aeff3a17f6,0.0912112221121788,12,0.022044088176352707,Easy,34,34,0,34,0,1.0,0.0,null_as_not_success
django__django-12663,django/django,15 min - 1 hour,0453b1e19a5f5d3644f3d6ff1fbdbf9f02062b7d22ef9a99ec54c669d83e7797,0.2035948485136032,265,0.5290581162324649,Medium,34,34,0,24,10,0.7058823529411765,0.29411764705882354,null_as_not_success
django__django-12708,django/django,1-4 hours,773681998993eff75a3b69f04821e4e8683f89cfffdee38f19fe11cb3c7a98be,0.25337016582489014,401,0.8016032064128257,Hard,34,34,0,33,1,0.9705882352941176,0.029411764705882353,null_as_not_success
django__django-12713,django/django,15 min - 1 hour,daa45ff786da924bd2c4d52dd6d87b42fef8c43cac605a5b7853ac7dd298fe60,0.24435441195964813,375,0.749498997995992,Hard,34,34,0,33,1,0.9705882352941176,0.029411764705882353,null_as_not_success
django__django-12741,django/django,<15 min fix,06e228f603008bf1f807cfa5e10f0e54802d174667e2297d56503df2a19ac25d,0.22778819501399994,337,0.6733466933867736,Hard,34,34,0,34,0,1.0,0.0,null_as_not_success
django__django-12754,django/django,15 min - 1 hour,096b0804a84a35b844281a50c353c849cc0eba64d986c65a460f5bb04b84692e,0.2708697021007538,428,0.8557114228456913,Hard,34,34,0,29,5,0.8529411764705882,0.14705882352941177,null_as_not_success
django__django-12774,django/django,15 min - 1 hour,8c35fba9272466eec8851a624ea13c5c07eb184359c94dfb922efed85b0fc3b6,0.22953572869300842,343,0.685370741482966,Hard,34,34,0,30,4,0.8823529411764706,0.11764705882352941,null_as_not_success
django__django-12858,django/django,15 min - 1 hour,9f760a5124387f24e94d814b847aa7d039df33cb4cb376c2a61cd36815dd7310,0.22055773437023163,314,0.627254509018036,Medium,34,34,0,32,2,0.9411764705882353,0.058823529411764705,null_as_not_success
django__django-12965,django/django,15 min - 1 hour,254dbca011ff2803abe568573c62adfd5da9fe84910faf0ad79554fec9254d7b,0.15636980533599854,131,0.2605210420841683,Easy,34,34,0,32,2,0.9411764705882353,0.058823529411764705,null_as_not_success
django__django-13012,django/django,15 min - 1 hour,1b11bed9d411d9511fc71355d4a757a90b9abe722332f5c8a986a64f5a33ff59,0.30911120772361755,464,0.9278557114228457,Hard,34,34,0,32,2,0.9411764705882353,0.058823529411764705,null_as_not_success
django__django-13023,django/django,<15 min fix,c05085a58a67bb3f452db083e2f011b6b0a4706ec1f8ef24df17fc6e6756cb70,0.2466307431459427,384,0.7675350701402806,Hard,34,34,0,28,6,0.8235294117647058,0.17647058823529413,null_as_not_success
django__django-13028,django/django,15 min - 1 hour,595c86a498bfd25246b3b296e410f9a474774df3fb66b907d7c809f2fb920fce,0.11981765925884247,45,0.08817635270541083,Easy,34,34,0,33,1,0.9705882352941176,0.029411764705882353,null_as_not_success
django__django-13033,django/django,15 min - 1 hour,9da64b2f9c703ec1bd14a565ff384b69d1932e062d68e8e911a9e951f85f5a90,0.18111567199230194,196,0.3907815631262525,Medium,34,34,0,33,1,0.9705882352941176,0.029411764705882353,null_as_not_success
django__django-13089,django/django,<15 min fix,5825c5a4fb9c815c7ce346478818d9a0160ebaaa75534bf94f3992b25a3f6cc3,0.12794895470142365,58,0.11422845691382766,Easy,34,34,0,34,0,1.0,0.0,null_as_not_success
django__django-13109,django/django,<15 min fix,ae5dcc3d81e5961ced793da00ad311e186b174c968bb7c2cec7c8fae00577545,0.14497904479503632,104,0.20641282565130262,Easy,34,34,0,33,1,0.9705882352941176,0.029411764705882353,null_as_not_success
django__django-13112,django/django,<15 min fix,23bc7cc79708f1a1396e96c7f125e2b8db60c77298639a055c9ba2d50dec1afd,0.19927814602851868,256,0.5110220440881763,Medium,34,34,0,25,9,0.7352941176470589,0.2647058823529412,null_as_not_success
django__django-13121,django/django,15 min - 1 hour,37a34c2a2b342e01d020f528d940358d465faa6f1c427f0f2a855a1d7d768f45,0.33570632338523865,481,0.9619238476953907,Hard,34,34,0,30,4,0.8823529411764706,0.11764705882352941,null_as_not_success
django__django-13128,django/django,1-4 hours,d05584e584d668d3bc05dac8dc889140cbec5336c30912ddf99cb5fc0f8f9716,0.22325319051742554,322,0.6432865731462926,Medium,34,34,0,31,3,0.9117647058823529,0.08823529411764706,null_as_not_success
django__django-13158,django/django,15 min - 1 hour,7939c5ed353c7d0a907dbaa7389c478cb1d18d44096c3c84f3a07a827d36ce0c,0.2190236896276474,311,0.6212424849699398,Medium,34,34,0,33,1,0.9705882352941176,0.029411764705882353,null_as_not_success
django__django-13195,django/django,15 min - 1 hour,0e4d0ef4cd6f3ef28f227f6d3eb1c9db8a5249e7dbb5361922695786e5394fce,0.12451372295618057,51,0.10020040080160321,Easy,34,34,0,6,28,0.17647058823529413,0.8235294117647058,null_as_not_success
django__django-13212,django/django,1-4 hours,a79d287e01597f81eca52a95eafec22b22872f3dc0e06b8837a711242627b150,0.12796556949615479,59,0.11623246492985972,Easy,34,34,0,0,34,0.0,1.0,null_as_not_success
django__django-13279,django/django,15 min - 1 hour,1717b549ca903701f93bd54096281c7b223c471cb822f2e8703d60637a33eb91,0.29307273030281067,450,0.8997995991983968,Hard,34,34,0,34,0,1.0,0.0,null_as_not_success
django__django-13297,django/django,<15 min fix,e61d15a6ceed56f64d664100196a3313d242c09e49317661ec6aa85c8c980c36,0.16221719980239868,145,0.28857715430861725,Easy,34,34,0,29,5,0.8529411764705882,0.14705882352941177,null_as_not_success
django__django-13315,django/django,15 min - 1 hour,23acf4cc72106d313ec1c5743de12eed7749031842e215685a30db410495531f,0.19446109235286713,243,0.4849699398797595,Medium,34,34,0,31,3,0.9117647058823529,0.08823529411764706,null_as_not_success
django__django-13343,django/django,15 min - 1 hour,e105d6198bfcc19f652eb3f7d9a0fc8243ada3b8492de1688b31b3e4b43a1153,0.27820444107055664,436,0.8717434869739479,Hard,34,34,0,33,1,0.9705882352941176,0.029411764705882353,null_as_not_success
django__django-13344,django/django,1-4 hours,fa0d64caaae3c17b9e52c447593c2c8ac3354046b1df2ceb293645b293b06090,0.1294981837272644,61,0.12024048096192384,Easy,34,34,0,11,23,0.3235294117647059,0.6764705882352942,null_as_not_success
django__django-13346,django/django,15 min - 1 hour,3cb764082e21011777c787f5ecf6688762b6f899a8b1f4ef1fab404245dc227c,0.22142943739891052,318,0.6352705410821643,Medium,34,34,0,32,2,0.9411764705882353,0.058823529411764705,null_as_not_success
django__django-13363,django/django,<15 min fix,097d83cb362b6f57378d29dc14641c115abeeb3aabfa8bf57ed92f2da0b790ea,0.17169642448425293,166,0.3306613226452906,Easy,34,34,0,34,0,1.0,0.0,null_as_not_success
django__django-13401,django/django,15 min - 1 hour,07a5d3176edc3678b34a08f4f72789a0f7e0af6a29389b6109c5009e098762a3,0.18950240314006805,224,0.4468937875751503,Medium,34,34,0,26,8,0.7647058823529411,0.23529411764705882,null_as_not_success
django__django-13406,django/django,<15 min fix,ca2ece66b44ccf60d98ae4b1e6f5bdc9bcfefc640ea3b3bac0bfa7554a49fa2a,0.1477876901626587,113,0.22444889779559118,Easy,34,34,0,12,22,0.35294117647058826,0.6470588235294118,null_as_not_success
django__django-13410,django/django,<15 min fix,a0d73591704ec56dc81c6e7035614a8bd526166b9700b9f982c4c58c4b719676,0.16051875054836273,140,0.2785571142284569,Easy,34,34,0,34,0,1.0,0.0,null_as_not_success
django__django-13417,django/django,<15 min fix,7778fbb63ad2655872035b872bbaba9e904a8547fb6d3ef5fd8aa0e0997c054e,0.2605641484260559,417,0.8336673346693386,Hard,34,34,0,32,2,0.9411764705882353,0.058823529411764705,null_as_not_success
django__django-13449,django/django,1-4 hours,b082782316bb4c8f2899f9f31d81edd84d4ded60ed7627073f56014db30da0d9,0.2019936740398407,262,0.5230460921843687,Medium,34,34,0,33,1,0.9705882352941176,0.029411764705882353,null_as_not_success
django__django-13512,django/django,<15 min fix,77633ba2243ab634f8e720517e2dea5dee17f839be6ad5ae87c58b4bf021cbf6,0.26308736205101013,419,0.8376753507014028,Hard,34,34,0,15,19,0.4411764705882353,0.5588235294117647,null_as_not_success
django__django-13513,django/django,15 min - 1 hour,db52b2ac85d9ffdc2d35533770ede3c4c61472b7e111b351053abd0d678468d5,0.1777586042881012,184,0.3667334669338677,Medium,34,34,0,1,33,0.029411764705882353,0.9705882352941176,null_as_not_success
django__django-13516,django/django,15 min - 1 hour,b2aa69aba131cbff8cc00252876c7fce9fb8226461cdb25a902029535818a40d,0.1968255639076233,250,0.49899799599198397,Medium,34,34,0,32,2,0.9411764705882353,0.058823529411764705,null_as_not_success
django__django-13551,django/django,<15 min fix,e6346f8aa9161943a4e9cb982869c271a849cf3a8988e926d32bb177ee8f02e6,0.21688322722911835,303,0.6052104208416834,Medium,34,34,0,30,4,0.8823529411764706,0.11764705882352941,null_as_not_success
django__django-13568,django/django,15 min - 1 hour,919d7cd6597b70c38f5e1aaeb15f5433c5aa76d6df01dc6d5dad11b23f44b425,0.26438000798225403,421,0.8416833667334669,Hard,34,34,0,29,5,0.8529411764705882,0.14705882352941177,null_as_not_success
django__django-13569,django/django,15 min - 1 hour,224927604fb87c103765f979b79d32e837525161fc8192644f5932e4c797561d,0.24642671644687653,383,0.7655310621242485,Hard,34,34,0,33,1,0.9705882352941176,0.029411764705882353,null_as_not_success
django__django-13590,django/django,15 min - 1 hour,05b78c5617cc34ad2af8034fde1a60f353913bda2cecfe6c547ce5f80dfaafbf,0.19306699931621552,240,0.4789579158316633,Medium,34,34,0,29,5,0.8529411764705882,0.14705882352941177,null_as_not_success
django__django-13658,django/django,15 min - 1 hour,764f9340434a4ec85588c26979702eceac011b8e753ca0165b78bbdefae98bb5,0.23743344843387604,363,0.7254509018036072,Hard,34,34,0,34,0,1.0,0.0,null_as_not_success
django__django-13670,django/django,15 min - 1 hour,2b0864eb153038e5272adca0a3ce20666fb56b1c813c89aca8e4ea51842ab77a,0.313880056142807,468,0.935871743486974,Hard,34,34,0,34,0,1.0,0.0,null_as_not_success
django__django-13741,django/django,<15 min fix,649548e0c7ba74a107750c961644b757d2d8465b58073945fa9b92ff29705aba,0.1422463208436966,96,0.1903807615230461,Easy,34,34,0,34,0,1.0,0.0,null_as_not_success
django__django-13786,django/django,15 min - 1 hour,d45af58840168e1fc6be62f4cec2c28e8538aaf9db2dc1be29531dfe7f8ed648,0.22729673981666565,333,0.6653306613226453,Medium,34,34,0,34,0,1.0,0.0,null_as_not_success
django__django-13794,django/django,<15 min fix,8fec230311b96c7a82993e454ee4cb7288e74ba228b16cf24b991b4894bcffea,0.18867675960063934,220,0.43887775551102204,Medium,34,34,0,2,32,0.058823529411764705,0.9411764705882353,null_as_not_success
django__django-13807,django/django,<15 min fix,76117df0c07f45dd32c37f2b6b6c60218d89e2785ce40cca9378dd771f5d19e6,0.18974347412586212,228,0.45490981963927857,Medium,34,34,0,24,10,0.7058823529411765,0.29411764705882354,null_as_not_success
django__django-13809,django/django,15 min - 1 hour,7a85668efd30416150d8bb3013727c6ebf8d0013064afc93e5b96d2aabcf456c,0.08985694497823715,10,0.018036072144288578,Easy,34,34,0,31,3,0.9117647058823529,0.08823529411764706,null_as_not_success
django__django-13810,django/django,15 min - 1 hour,56e9927b1d405bb6be5bd7a327cea4ed7a83858f705590310391df2fd2066379,0.14784277975559235,114,0.22645290581162325,Easy,34,34,0,32,2,0.9411764705882353,0.058823529411764705,null_as_not_success
django__django-13820,django/django,15 min - 1 hour,8448b0b82597255474fabc23fafe8fb9aee04c6f7bbc5a59dbec7918a19063e4,0.11193672567605972,35,0.06813627254509018,Easy,34,34,0,34,0,1.0,0.0,null_as_not_success
django__django-13821,django/django,<15 min fix,265686648c416aaf4879d6757538e5d9ee13c00496288e6fbd5fbdb9901cf3ec,0.20290423929691315,263,0.5250501002004008,Medium,34,34,0,32,2,0.9411764705882353,0.058823529411764705,null_as_not_success
django__django-13837,django/django,1-4 hours,34e44d1cfd0354cf9ed68afafef69789c59418e2ea0620e23b6402522a2ae4ac,0.1269637942314148,53,0.10420841683366733,Easy,34,34,0,30,4,0.8823529411764706,0.11764705882352941,null_as_not_success
django__django-13925,django/django,15 min - 1 hour,53aa9d5d9f674abca126966c4a1292cebbfcdb29346652e41d2151dd88f09b69,0.13233618438243866,67,0.13226452905811623,Easy,34,34,0,25,9,0.7352941176470589,0.2647058823529412,null_as_not_success
django__django-13933,django/django,<15 min fix,401348caf9cb639acfea61bb1f3bbc93a59d3e8a025d2fb99dd17c4a512723dd,0.3352859318256378,480,0.9599198396793587,Hard,34,34,0,33,1,0.9705882352941176,0.029411764705882353,null_as_not_success
django__django-13964,django/django,15 min - 1 hour,d0a164326a7b3fd89b9236e331075a4b9dd8285ea90f5757ea056d87737020c3,0.1475893259048462,111,0.22044088176352705,Easy,34,34,0,29,5,0.8529411764705882,0.14705882352941177,null_as_not_success
django__django-14007,django/django,1-4 hours,61950a482ff12ae94f13cdf0032eeb04986240655411db0358161491ad853e0a,0.269486665725708,426,0.8517034068136272,Hard,34,34,0,32,2,0.9411764705882353,0.058823529411764705,null_as_not_success
django__django-14011,django/django,1-4 hours,be59236cc1523a08327292712cb4cb8f939a49866e7355254a3efa586ae4fdd2,0.12704280018806458,54,0.1062124248496994,Easy,34,34,0,4,30,0.11764705882352941,0.8823529411764706,null_as_not_success
django__django-14017,django/django,15 min - 1 hour,a9b1b917d84ea9f7230d9dd8a0e81fe9261b0a878979d52423fa24cbb574acba,0.14584574103355408,106,0.21042084168336672,Easy,34,34,0,32,2,0.9411764705882353,0.058823529411764705,null_as_not_success
django__django-14034,django/django,15 min - 1 hour,8c9d626d0cc8f675b7b679ccde8ee202319203f4a5c57f2faeb08bbbc7ad7fd9,0.4094904363155365,498,0.9959919839679359,Hard,34,34,0,1,33,0.029411764705882353,0.9705882352941176,null_as_not_success
django__django-14053,django/django,15 min - 1 hour,cca208480bfc81085f4ca0bf64ee24023dbc67f90016f0f45790b5b6170683b8,0.20058190822601318,258,0.5150300601202404,Medium,34,34,0,29,5,0.8529411764705882,0.14705882352941177,null_as_not_success
django__django-14089,django/django,<15 min fix,cbfb85cb9ea9b08049b15ffaff23b96640926088e725b8b70f7ef2a31b767118,0.19071386754512787,234,0.46693386773547096,Medium,34,34,0,34,0,1.0,0.0,null_as_not_success
django__django-14122,django/django,15 min - 1 hour,977d049025358afe0585a110b6fdcfe236b41139b69f5300d6b4aa5195523097,0.3862595856189728,495,0.9899799599198397,Hard,34,34,0,31,3,0.9117647058823529,0.08823529411764706,null_as_not_success
django__django-14140,django/django,15 min - 1 hour,a305c3e778a6834a2fac10b055678ce26e2ee1173e5c6c0b969a50a12a261b03,0.17475557327270508,173,0.34468937875751504,Medium,34,34,0,9,25,0.2647058823529412,0.7352941176470589,null_as_not_success
django__django-14155,django/django,15 min - 1 hour,99528d0959fec5b17e878bcf5770321d0bbcd6728de15155b2e4d5d4f019e1de,0.23688389360904694,361,0.7214428857715431,Hard,34,34,0,1,33,0.029411764705882353,0.9705882352941176,null_as_not_success
django__django-14170,django/django,15 min - 1 hour,8cf4ee1d30b4dea29472bf630efb43bae3dba0dcd4704599e04ab5fcf0789dc6,0.3006863594055176,456,0.9118236472945892,Hard,34,34,0,2,32,0.058823529411764705,0.9411764705882353,null_as_not_success
django__django-14238,django/django,15 min - 1 hour,ee71cd2bf018f9b6642fe511b99cd64cebaf60a85abc709d87d65ee2c97a2ffd,0.11958477646112442,43,0.0841683366733467,Easy,34,34,0,33,1,0.9705882352941176,0.029411764705882353,null_as_not_success
django__django-14311,django/django,15 min - 1 hour,461ce927881a7aee7d62b6cea89d7bc71d0f6ce70e107dbf073a0abe37394d4b,0.2069694995880127,274,0.5470941883767535,Medium,34,34,0,33,1,0.9705882352941176,0.029411764705882353,null_as_not_success
django__django-14315,django/django,<15 min fix,bef4cf98805c60cd26812114b20594a4cf19b71cbd87b68f2424e16bb288c768,0.2367067039012909,360,0.7194388777555111,Hard,34,34,0,4,30,0.11764705882352941,0.8823529411764706,null_as_not_success
django__django-14349,django/django,15 min - 1 hour,a68339a313302a5206f13b93193a304536f6bd11f99f1a0555a7077431b99152,0.18707530200481415,212,0.4228456913827655,Medium,34,34,0,34,0,1.0,0.0,null_as_not_success
django__django-14351,django/django,15 min - 1 hour,3634baa513384ea0fff395865c0be84f51bc20db766ab44634106e45cb39bae5,0.18972444534301758,227,0.4529058116232465,Medium,34,34,0,26,8,0.7647058823529411,0.23529411764705882,null_as_not_success
django__django-14373,django/django,<15 min fix,3a92f914a19e30131524e7b737d800631f22bc13950e775dd3a81e75e702b45c,0.37517282366752625,489,0.9779559118236473,Hard,34,34,0,34,0,1.0,0.0,null_as_not_success
django__django-14376,django/django,<15 min fix,5365417653d0973045c8b9dad432b1ea4300765b3114a94b249824beb70ec215,0.16627554595470428,152,0.3026052104208417,Easy,34,34,0,17,17,0.5,0.5,null_as_not_success
django__django-14404,django/django,<15 min fix,def9177a98fb70db5e820c239d7c624fe8e84ef5b3c0a48fdda3cbf03e2e004b,0.298991322517395,454,0.9078156312625251,Hard,34,34,0,18,16,0.5294117647058824,0.47058823529411764,null_as_not_success
django__django-14434,django/django,15 min - 1 hour,069b0d7ba8ebff2f277a626aec1231cfee3546478a755fd268df7ecf2e4ee766,0.21659968793392181,302,0.6032064128256514,Medium,34,34,0,33,1,0.9705882352941176,0.029411764705882353,null_as_not_success
django__django-14493,django/django,<15 min fix,cc9de371234c2f0d9b3de4138b2ce9166d023f8c0862aee47daabf371d863356,0.17534135282039642,175,0.3486973947895792,Medium,34,34,0,31,3,0.9117647058823529,0.08823529411764706,null_as_not_success
django__django-14500,django/django,15 min - 1 hour,b5100d0bf94598959c948adbc85bc8ee1dfe12dac61312ed2abdba68d8eab4fd,0.2704605162143707,427,0.8537074148296593,Hard,34,34,0,29,5,0.8529411764705882,0.14705882352941177,null_as_not_success
django__django-14534,django/django,<15 min fix,2dfdaf218918ae65f7a8279d0c7bb35685a56cfa459949bed8d8765ac33511f9,0.30440807342529297,462,0.9238476953907816,Hard,34,34,0,11,23,0.3235294117647059,0.6764705882352942,null_as_not_success
django__django-14539,django/django,<15 min fix,914210188a0f0d3164757e5694efc608a1a55b5bdd8710f9bb72926cd6e599bf,0.2602439522743225,416,0.8316633266533067,Hard,34,34,0,34,0,1.0,0.0,null_as_not_success
django__django-14559,django/django,15 min - 1 hour,6cc9af44c911bf02e1f72e4b16fbc31d33889d6468f7ef4ffde9ef408f92e90f,0.3158997893333435,469,0.9378757515030061,Hard,34,34,0,33,1,0.9705882352941176,0.029411764705882353,null_as_not_success
django__django-14580,django/django,<15 min fix,636298273b9a33484b44d2319b239719d8913afa944d0659f8af13415e8f2c7c,0.20156916975975037,261,0.5210420841683366,Medium,34,34,0,32,2,0.9411764705882353,0.058823529411764705,null_as_not_success
django__django-14608,django/django,<15 min fix,28120c6f6a8b2a68dc45ba85d6154eb892ad4040da4961ffc4d8d34a60fd992e,0.15498782694339752,126,0.250501002004008,Easy,34,34,0,34,0,1.0,0.0,null_as_not_success
django__django-14631,django/django,1-4 hours,1d3f964a6347e618040724052803c6e2011af7a3288f08293494b40da803118d,0.16128188371658325,142,0.28256513026052105,Easy,34,34,0,27,7,0.7941176470588235,0.20588235294117646,null_as_not_success
django__django-14672,django/django,15 min - 1 hour,ff82815c7599ddedc3670e83f2a86a3ddb817a5697c861baed4cd27146e51f62,0.11698909103870392,39,0.07615230460921844,Easy,34,34,0,34,0,1.0,0.0,null_as_not_success
django__django-14725,django/django,15 min - 1 hour,dce7d4945c7b8b97bb004da9edae37b3d03bf2d284a99c7901634f198a928494,0.08352773636579514,6,0.01002004008016032,Easy,34,34,0,13,21,0.38235294117647056,0.6176470588235294,null_as_not_success
django__django-14752,django/django,<15 min fix,1b904159e732bdd60114e919ef960bb89f645abf72dad8ca4ecb0897e11bea66,0.08409686386585236,7,0.012024048096192385,Easy,34,34,0,34,0,1.0,0.0,null_as_not_success
django__django-14765,django/django,<15 min fix,9fc69efed0cf0027e31a1ce26ac09b72d66e7d3e2125a055188e2ac870ff4d90,0.1496262401342392,116,0.23046092184368738,Easy,34,34,0,34,0,1.0,0.0,null_as_not_success
django__django-14771,django/django,15 min - 1 hour,c73f49f76429d7c1fd9ba1b867ed0bf555f7cbe2cef3891f312c4d856d42bd6f,0.10430868715047836,21,0.04008016032064128,Easy,34,34,0,26,8,0.7647058823529411,0.23529411764705882,null_as_not_success
django__django-14787,django/django,<15 min fix,b52409ced83e2b68e7961a34db6792ca6b89277456ea14c6c166c7f8c8e17c0d,0.3489138185977936,486,0.9719438877755511,Hard,34,34,0,33,1,0.9705882352941176,0.029411764705882353,null_as_not_success
django__django-14792,django/django,<15 min fix,b5f5a0d21a40deb0fea2a4a0dfa0b0c5f45c891648de9e0d622db437f3b84e3e,0.19587253034114838,247,0.49298597194388777,Medium,34,34,0,3,31,0.08823529411764706,0.9117647058823529,null_as_not_success
django__django-14855,django/django,<15 min fix,7c113fe11bfa67ad47de43ed350aab131ae71456dec54707251ac2e79d5de7b9,0.16505539417266846,151,0.30060120240480964,Easy,34,34,0,34,0,1.0,0.0,null_as_not_success
django__django-14915,django/django,<15 min fix,bf8158a727f6dc6c7342fadb1af16bfe69171e4a5a9e1db719367ce0dbacc849,0.23468592762947083,352,0.7034068136272545,Hard,34,34,0,34,0,1.0,0.0,null_as_not_success
django__django-14999,django/django,<15 min fix,5264ba42b6576487dbd71edab4f86f5c7e2642f728562861bea1a0fad04da819,0.30114561319351196,458,0.9158316633266533,Hard,34,34,0,31,3,0.9117647058823529,0.08823529411764706,null_as_not_success
django__django-15022,django/django,15 min - 1 hour,053d6cadf868999d5c91d65c608c767c064794a28f5a6ce572ddb790e1dcd63f,0.18357224762439728,204,0.40681362725450904,Medium,34,34,0,17,17,0.5,0.5,null_as_not_success
django__django-15037,django/django,15 min - 1 hour,0d8c12fc486d8e5e0c9c28316b6d7052f1630eecc58aa279c2bcfae3478f4f09,0.21513836085796356,297,0.593186372745491,Medium,34,34,0,28,6,0.8235294117647058,0.17647058823529413,null_as_not_success
django__django-15098,django/django,15 min - 1 hour,d851e9e482d434693a8ffd0b6f1452774897d663326ba7f51d28aa70893506b5,0.2544499933719635,405,0.8096192384769539,Hard,34,34,0,3,31,0.08823529411764706,0.9117647058823529,null_as_not_success
django__django-15103,django/django,15 min - 1 hour,34eeb1884ba091d5ef043989c3516cae61b057232f28bbf2d341c5cf670b2f84,0.19608895480632782,249,0.4969939879759519,Medium,34,34,0,33,1,0.9705882352941176,0.029411764705882353,null_as_not_success
django__django-15104,django/django,<15 min fix,28a48760ccbbb8e549a66edeae834de8a47f4a34d06ba80e4c929c6ea55626d2,0.21756848692893982,308,0.6152304609218436,Medium,34,34,0,34,0,1.0,0.0,null_as_not_success
django__django-15127,django/django,<15 min fix,c292bb768c1a7f54599f5232bf0ec130db16cae3504ab40183bf07f4ff3f3622,0.2390555590391159,365,0.7294589178356713,Hard,34,34,0,20,14,0.5882352941176471,0.4117647058823529,null_as_not_success
django__django-15128,django/django,1-4 hours,45a25eccc76c2a4696cf8ae4ddc4b1d8ccaf016a096c077f16d0db237f16a8f4,0.18939949572086334,223,0.44488977955911824,Medium,34,34,0,27,7,0.7941176470588235,0.20588235294117646,null_as_not_success
django__django-15161,django/django,15 min - 1 hour,57e447ac62225ffba5dba333898b1c0a4c43d39f66a983cb54b238f5350dd134,0.20597119629383087,272,0.5430861723446894,Medium,34,34,0,31,3,0.9117647058823529,0.08823529411764706,null_as_not_success
django__django-15252,django/django,15 min - 1 hour,ac94dfb5dfb9903b30502daafec445b4d52b5549b1ab13215baf510048fc3e7d,0.12749968469142914,56,0.11022044088176353,Easy,34,34,0,3,31,0.08823529411764706,0.9117647058823529,null_as_not_success
django__django-15268,django/django,1-4 hours,d924c4fce88325ef036717d83eec6886a45e706bcdb2990f20049ed3d6377f07,0.21640796959400177,301,0.6012024048096193,Medium,34,34,0,33,1,0.9705882352941176,0.029411764705882353,null_as_not_success
django__django-15277,django/django,<15 min fix,98525d608a2e031433d4b7356a5bfc0143c43f0e34ab84fd9f2a2d6e15f8359d,0.1921994835138321,236,0.4709418837675351,Medium,34,34,0,34,0,1.0,0.0,null_as_not_success
django__django-15278,django/django,15 min - 1 hour,1a089ebde40b260fa592330ff3bf56f5bfa3f06d96e50e5f17196fa2e6140d74,0.20796959102153778,278,0.5551102204408818,Medium,34,34,0,34,0,1.0,0.0,null_as_not_success
django__django-15280,django/django,15 min - 1 hour,064a07fb72e08e129f1fbe7f8d633a6b54b3e15107da3af57dc8ddc9b8da0ad8,0.15908358991146088,137,0.2725450901803607,Easy,34,34,0,18,16,0.5294117647058824,0.47058823529411764,null_as_not_success
django__django-15315,django/django,<15 min fix,a26b3534bece469f866614b19fadd37e13c9a06ce293bfe21e32313b9cfa90fd,0.19580845534801483,246,0.4909819639278557,Medium,34,34,0,34,0,1.0,0.0,null_as_not_success
django__django-15368,django/django,<15 min fix,1bced2e7a3d9d1a655c00e9057eca1f32180b3ef8cbdb43fa560b580531f07d0,0.21707895398139954,304,0.6072144288577155,Medium,34,34,0,34,0,1.0,0.0,null_as_not_success
django__django-15375,django/django,15 min - 1 hour,4616483f7cb30681f19b8196d8484bef3b60b87d89b3547c73c01b54b98a1ba8,0.21402262151241302,293,0.5851703406813628,Medium,34,34,0,32,2,0.9411764705882353,0.058823529411764705,null_as_not_success
django__django-15380,django/django,<15 min fix,53100fe4bc9f478124a2d09309952bdae262d1f27673d79613eaea157cf20191,0.2567410469055176,409,0.8176352705410822,Hard,34,34,0,33,1,0.9705882352941176,0.029411764705882353,null_as_not_success
django__django-15382,django/django,15 min - 1 hour,edcce7a405fe9cea7bd3d257a381b34a8247f33ad1ad1d95d6899109c98873da,0.2109503149986267,287,0.5731462925851704,Medium,34,34,0,33,1,0.9705882352941176,0.029411764705882353,null_as_not_success
django__django-15467,django/django,<15 min fix,fc7443424d0b936393fb4f7cf0d1c3045fbd138a736a563d555bbf5cafccd99b,0.13164210319519043,65,0.1282565130260521,Easy,34,34,0,34,0,1.0,0.0,null_as_not_success
django__django-15499,django/django,<15 min fix,5b157eb69d1b4d671f1f1751692541bfd58a51abda2269af5968a299640619ad,0.15486067533493042,125,0.24849699398797595,Easy,34,34,0,34,0,1.0,0.0,null_as_not_success
django__django-15503,django/django,1-4 hours,ae5996a2ff543fb4739d14e1d0080c854ac289205e0abe1d687645bc14af2123,0.34929904341697693,487,0.9739478957915831,Hard,34,34,0,16,18,0.47058823529411764,0.5294117647058824,null_as_not_success
django__django-15525,django/django,15 min - 1 hour,d08bb0e6192157df05eeac23a447e986930f16b9905c8071c73bc00007945357,0.1406814455986023,88,0.1743486973947896,Easy,34,34,0,29,5,0.8529411764705882,0.14705882352941177,null_as_not_success
django__django-15554,django/django,15 min - 1 hour,2d27a8c06b70734c54326cfad54dacbad5376e57a6a6ea68a4c33e91047624af,0.23472125828266144,353,0.7054108216432866,Hard,34,34,0,18,16,0.5294117647058824,0.47058823529411764,null_as_not_success
django__django-15561,django/django,15 min - 1 hour,faf31e89ae86084aeea09177048679096a74f81864023dda9cbe3a32e3db6e46,0.2618602514266968,418,0.8356713426853707,Hard,34,34,0,31,3,0.9117647058823529,0.08823529411764706,null_as_not_success
django__django-15563,django/django,15 min - 1 hour,46a090e69eecd18516e4819f11699ec9c5b3d2226db86a616217d9115cdfb5a7,0.19345329701900482,241,0.48096192384769537,Medium,34,34,0,12,22,0.35294117647058826,0.6470588235294118,null_as_not_success
django__django-15569,django/django,<15 min fix,107938cd24f7bef580939d1998ce566f02fe292c37bcd14013c5f28ec5fb4f51,0.21011820435523987,284,0.5671342685370742,Medium,34,34,0,34,0,1.0,0.0,null_as_not_success
django__django-15572,django/django,<15 min fix,f9d1889009c44a56a4487dbf777c536841b4b30a2472ee1d1e30b75007f12aa3,0.136281356215477,78,0.15430861723446893,Easy,34,34,0,30,4,0.8823529411764706,0.11764705882352941,null_as_not_success
django__django-15629,django/django,1-4 hours,f0d48bfd83441c3935b06e4a92bcdb578150b817ce17a73b3275233796473aa6,0.2081201672554016,279,0.5571142284569138,Medium,34,34,0,1,33,0.029411764705882353,0.9705882352941176,null_as_not_success
django__django-15695,django/django,15 min - 1 hour,613bfb30e51009598a05937b5149afbc0cf7b5eb59572cc4282e9154fd39da22,0.38501229882240295,494,0.9879759519038076,Hard,34,34,0,9,25,0.2647058823529412,0.7352941176470589,null_as_not_success
django__django-15731,django/django,15 min - 1 hour,b28cf585d0d568812aef7b882e47df7a542f7736ee900877c426c000a3ed953c,0.1851596236228943,206,0.41082164328657317,Medium,34,34,0,34,0,1.0,0.0,null_as_not_success
django__django-15732,django/django,15 min - 1 hour,9fec2159f491fae94855a4e7f43923ee35d5c1b124f9f26769a0e6015ff0f312,0.24708561599254608,387,0.7735470941883767,Hard,34,34,0,10,24,0.29411764705882354,0.7058823529411765,null_as_not_success
django__django-15741,django/django,<15 min fix,885e417777d572d47461e7ec0c9eb4ea29ec0e446a60f4515cbf32625a3a9cbf,0.23877407610416412,364,0.7274549098196392,Hard,34,34,0,34,0,1.0,0.0,null_as_not_success
django__django-15814,django/django,15 min - 1 hour,2ade174953b4185bc7ebb099982940b2b244588d523290a1f468b54fd5c87ea7,0.1365591585636139,79,0.156312625250501,Easy,34,34,0,33,1,0.9705882352941176,0.029411764705882353,null_as_not_success
django__django-15851,django/django,<15 min fix,f4d50fcd56c36967abc5518f3cf22d8f7cdec73d9ee380ead21efd6c4e434526,0.2044299840927124,269,0.5370741482965932,Medium,34,34,0,33,1,0.9705882352941176,0.029411764705882353,null_as_not_success
django__django-15863,django/django,<15 min fix,1ebdb648984e2cfa5ad5cfa36fddb9ee9dc83e08d602602194b729276ee6a3fc,0.2309991419315338,345,0.6893787575150301,Hard,34,34,0,33,1,0.9705882352941176,0.029411764705882353,null_as_not_success
django__django-15916,django/django,15 min - 1 hour,561a7dff2336249703a63a8fbfcf8e868324859d74b3da2ade1a4fee5ed23d61,0.25114870071411133,395,0.7895791583166333,Hard,34,34,0,14,20,0.4117647058823529,0.5882352941176471,null_as_not_success
django__django-15930,django/django,<15 min fix,e2c63560dec85eba8d54e55e16e39c352b0db782bc1b1f06aef31819757e9732,0.24558430910110474,381,0.7615230460921844,Hard,34,34,0,33,1,0.9705882352941176,0.029411764705882353,null_as_not_success
django__django-15957,django/django,1-4 hours,676a7fa58acee1293e62f431bfea0ddd001785e0efd2051bb50d7314027e9213,0.1104697734117508,33,0.06412825651302605,Easy,34,34,0,11,23,0.3235294117647059,0.6764705882352942,null_as_not_success
django__django-15973,django/django,15 min - 1 hour,8f96852cd0ac22cf509a263bbe10456db887c640e893fc4c49f453b45e1ed023,0.2012280821800232,259,0.5170340681362725,Medium,34,34,0,13,21,0.38235294117647056,0.6176470588235294,null_as_not_success
django__django-15987,django/django,<15 min fix,74fc422f95f0cc73e0782cafc65260bc6805ce03753bea993d58c0641edc8a5d,0.32917889952659607,478,0.9559118236472945,Hard,34,34,0,31,3,0.9117647058823529,0.08823529411764706,null_as_not_success
django__django-16032,django/django,15 min - 1 hour,a6962d82b41042e5d8c3ddd56535e25107582436685e7ab9efc78b0da6df86c1,0.4050168991088867,496,0.9919839679358717,Hard,34,34,0,31,3,0.9117647058823529,0.08823529411764706,null_as_not_success
django__django-16082,django/django,15 min - 1 hour,1d2c67bed1ede6923fe1102ec80424352c4ad9263a4049da7684b360d9aeef87,0.32355621457099915,476,0.9519038076152304,Hard,34,34,0,34,0,1.0,0.0,null_as_not_success
django__django-16100,django/django,<15 min fix,1348b1dd6ab1cb64b3178fe8cf3fa0b9998eaa9eb0a7c522fb5eed67f62254ba,0.14291949570178986,101,0.20040080160320642,Easy,34,34,0,27,7,0.7941176470588235,0.20588235294117646,null_as_not_success
django__django-16116,django/django,<15 min fix,2f9755e00c736ae0fd1d1b7f5361f1a3928b5efcbf3abc6736b8589c723fc6bf,0.13713191449642181,81,0.16032064128256512,Easy,34,34,0,33,1,0.9705882352941176,0.029411764705882353,null_as_not_success
django__django-16136,django/django,15 min - 1 hour,94dcebd6197a6b892e97650b984227b233cb75312d624d939ff1a2956850c3bc,0.10726470500230789,26,0.050100200400801605,Easy,34,34,0,32,2,0.9411764705882353,0.058823529411764705,null_as_not_success
django__django-16139,django/django,<15 min fix,b995147ec63f69ca6a39f0fdbf6e8d9f5647458bc7e76a693157834c38435ec2,0.22680097818374634,330,0.6593186372745491,Medium,34,34,0,34,0,1.0,0.0,null_as_not_success
django__django-16145,django/django,<15 min fix,04c20c6816a5e01d7261a30182d4c5718c4758e2b629fbba7e2778fdec4cb77f,0.1409352868795395,89,0.17635270541082165,Easy,34,34,0,33,1,0.9705882352941176,0.029411764705882353,null_as_not_success
django__django-16255,django/django,<15 min fix,2359a3443b4020179e535a3df289178a975a90472b1fb6c3c23adf85aee5c371,0.2444613128900528,376,0.751503006012024,Hard,34,34,0,34,0,1.0,0.0,null_as_not_success
django__django-16256,django/django,15 min - 1 hour,8573a7026e50e932c44f36aeeb9c57c6fd28231d65e43fb98b39afa563d4f01c,0.155618816614151,129,0.2565130260521042,Easy,34,34,0,6,28,0.17647058823529413,0.8235294117647058,null_as_not_success
django__django-16263,django/django,1-4 hours,ef08a5be58ef19907c5ccbc08283ca421442f12cf119e39a33cc4d0224911e56,0.24051842093467712,369,0.7374749498997996,Hard,34,34,0,2,32,0.058823529411764705,0.9411764705882353,null_as_not_success
django__django-16315,django/django,15 min - 1 hour,1e77d04330a04cec33e1085c3641b845bddc133ae3c5102cdd71b9fd61023fa9,0.20989248156547546,283,0.5651302605210421,Medium,34,34,0,32,2,0.9411764705882353,0.058823529411764705,null_as_not_success
django__django-16333,django/django,<15 min fix,603fcbce6271954ca24171d4ae19dcaba962abf158fc04f53d3fd18dbcd20cb3,0.1500544548034668,117,0.23246492985971945,Easy,34,34,0,33,1,0.9705882352941176,0.029411764705882353,null_as_not_success
django__django-16429,django/django,<15 min fix,b6ca3283813884840693619432ca2d9fe158676400cb3c3524f3b059d57b1200,0.17073240876197815,163,0.3246492985971944,Easy,34,34,0,32,2,0.9411764705882353,0.058823529411764705,null_as_not_success
django__django-16454,django/django,15 min - 1 hour,1b38e35ca2721cfc6bfdf1b9fdc133975c7e5c72b4ef5e91e132fd578e89d0e0,0.19266675412654877,238,0.4749498997995992,Medium,34,34,0,22,12,0.6470588235294118,0.35294117647058826,null_as_not_success
django__django-16485,django/django,15 min - 1 hour,b4fa6712d6e1d39bf9c121043248a2ba7faecb8c92f65be12459ab0f7d32b4e0,0.24948304891586304,391,0.781563126252505,Hard,34,34,0,34,0,1.0,0.0,null_as_not_success
django__django-16493,django/django,15 min - 1 hour,75075130dacc249477d2c94033054758246062c4b4570d8a8b5c6ac0a220ab79,0.26009267568588257,415,0.8296593186372746,Hard,34,34,0,34,0,1.0,0.0,null_as_not_success
django__django-16502,django/django,15 min - 1 hour,7efef7822c78cdf0e41a2bf058fd740eeb35cb07a471343a0bbc7128caf0305f,0.1554495245218277,128,0.2545090180360721,Easy,34,34,0,2,32,0.058823529411764705,0.9411764705882353,null_as_not_success
django__django-16527,django/django,15 min - 1 hour,d9bcb36c05a8542b01cc22ded3b6545b090ccac64f969ddee3981d62c6e74e10,0.1252250224351883,52,0.10220440881763528,Easy,34,34,0,34,0,1.0,0.0,null_as_not_success
django__django-16560,django/django,1-4 hours,55bdf0c9598df4bb15567401559ad47ae47a817a1a61031101d6d4105e3e2da3,0.09455464780330658,14,0.026052104208416832,Easy,34,34,0,24,10,0.7058823529411765,0.29411764705882354,null_as_not_success
django__django-16569,django/django,<15 min fix,06d476280f43c0739d98b1cc072683c8b766243ba66ee1ad7c4c86bc1c62cfcb,0.22730131447315216,335,0.6693386773547094,Hard,34,34,0,34,0,1.0,0.0,null_as_not_success
django__django-16595,django/django,<15 min fix,9634961aa789b58bc0e66fae12245de8b9f826e5f69b752226458f5888fe2116,0.21179965138435364,289,0.5771543086172345,Medium,34,34,0,34,0,1.0,0.0,null_as_not_success
django__django-16612,django/django,15 min - 1 hour,360343632af96cb566321012a292dbc7e00e3201c90017aa1d73e9f8f01979d9,0.2910338044166565,449,0.8977955911823647,Hard,34,34,0,33,1,0.9705882352941176,0.029411764705882353,null_as_not_success
django__django-16631,django/django,1-4 hours,32af93df5e62a2e558611028be5030691d5720d2a172c9a0e83213c68d779a8a,0.23048818111419678,344,0.687374749498998,Hard,34,34,0,4,30,0.11764705882352941,0.8823529411764706,null_as_not_success
django__django-16642,django/django,<15 min fix,8c925b62cf8a6164ad42e17af5c693af15ee49cf2295d42ed29c83ca9300895f,0.22750194370746613,336,0.6713426853707415,Hard,34,34,0,24,10,0.7058823529411765,0.29411764705882354,null_as_not_success
django__django-16661,django/django,15 min - 1 hour,8ae40c58d69fbb6c556a88fd5efa91256048a66c1a75b2b6047bedc907979619,0.16763228178024292,154,0.3066132264529058,Easy,34,34,0,30,4,0.8823529411764706,0.11764705882352941,null_as_not_success
django__django-16662,django/django,15 min - 1 hour,42e240ffdb04350697f828e621ac52538d02097c07e3bd29e2e48e7005968beb,0.25698450207710266,410,0.8196392785571143,Hard,34,34,0,34,0,1.0,0.0,null_as_not_success
django__django-16667,django/django,15 min - 1 hour,f5e8f8238e1858da54eeda18945034c35444d586b4fb303dab3b95f44a0f06f4,0.14260050654411316,99,0.1963927855711423,Easy,34,34,0,3,31,0.08823529411764706,0.9117647058823529,null_as_not_success
django__django-16801,django/django,<15 min fix,f7f76c637955914a37f86dce9b70030f0740b9013c976a1aa0240db988a4591a,0.11991987377405167,46,0.09018036072144289,Easy,34,34,0,34,0,1.0,0.0,null_as_not_success
django__django-16819,django/django,15 min - 1 hour,97b715a333546c080e735147ddaec689c9bac7e3c9f656b0225ba9b42a2cec70,0.1805681586265564,194,0.3867735470941884,Medium,34,34,0,32,2,0.9411764705882353,0.058823529411764705,null_as_not_success
django__django-16877,django/django,15 min - 1 hour,a27611c7e5e670510d13fa2a390101af04671478b7f29d91fc6833223a50236f,0.17300783097743988,169,0.3366733466933868,Medium,34,34,0,23,11,0.6764705882352942,0.3235294117647059,null_as_not_success
django__django-16899,django/django,<15 min fix,9c9351066a13a3059571433afaff2b7a9948b725fdf47c3c39f8f0b73fc1394f,0.2466820925474167,385,0.7695390781563126,Hard,34,34,0,33,1,0.9705882352941176,0.029411764705882353,null_as_not_success
django__django-16901,django/django,15 min - 1 hour,c8993e991640f6009471290abeba79fbb302f7b82c293f7e9340fe4e1220f532,0.2141152322292328,294,0.5871743486973948,Medium,34,34,0,33,1,0.9705882352941176,0.029411764705882353,null_as_not_success
django__django-16938,django/django,15 min - 1 hour,df77a03b1d4dc247eb9cb80cd7a2d98d9b6f63f3036e1a3d65431ff0edc39d39,0.1761721819639206,178,0.35470941883767537,Medium,34,34,0,20,14,0.5882352941176471,0.4117647058823529,null_as_not_success
django__django-16950,django/django,15 min - 1 hour,f269742c4cfd7938fbc0c71820914948ed127d5ce9750df52c33f7a340b91f34,0.17754018306732178,183,0.36472945891783565,Medium,34,34,0,9,25,0.2647058823529412,0.7352941176470589,null_as_not_success
django__django-17029,django/django,<15 min fix,4de1d6b3ae651b2f319eab80284de337f4a85e6bb7ea0b00ebbe2713b2ad5e38,0.1548483967781067,124,0.24649298597194388,Easy,34,34,0,34,0,1.0,0.0,null_as_not_success
django__django-17084,django/django,15 min - 1 hour,04cc3977bbc184d950a14a6b4e9caf06f854fa2575218694b65982247ca6388c,0.23525528609752655,357,0.7134268537074149,Hard,34,34,0,29,5,0.8529411764705882,0.14705882352941177,null_as_not_success
django__django-17087,django/django,<15 min fix,70cad331a2b095ca612c98e2d2d81a549fb32f91f6ac261196d30d4a77bdb2fb,0.21971960365772247,313,0.625250501002004,Medium,34,34,0,34,0,1.0,0.0,null_as_not_success
django__django-7530,django/django,15 min - 1 hour,660d95fad484d129e2943cf8276d081cfceb02bada155f6ddf2e5e1ce4af5d39,0.21283748745918274,290,0.5791583166332666,Medium,34,34,0,34,0,1.0,0.0,null_as_not_success
django__django-9296,django/django,<15 min fix,1dad6e4ae15cb47af74a688dc59b6a40fa55b6ec0086f587e16c784c78acfc23,0.2427489012479782,372,0.7434869739478958,Hard,34,34,0,34,0,1.0,0.0,null_as_not_success
matplotlib__matplotlib-13989,matplotlib/matplotlib,<15 min fix,13d52a70d283b3677d5258aadda203f99ac501d0073989215713092077f6e3ff,0.26382455229759216,420,0.8396793587174348,Hard,34,34,0,34,0,1.0,0.0,null_as_not_success
matplotlib__matplotlib-14623,matplotlib/matplotlib,15 min - 1 hour,464f0388f374a7b9d35c4376287b032364fc63e51dfb872fbd0806154dbbc152,0.18818002939224243,219,0.43687374749499,Medium,34,34,0,33,1,0.9705882352941176,0.029411764705882353,null_as_not_success
matplotlib__matplotlib-20488,matplotlib/matplotlib,15 min - 1 hour,12056807682e586594be117be56e64ed357f0907510f7d7fb645a4241e4fa165,0.13350053131580353,73,0.14428857715430862,Easy,34,34,0,32,2,0.9411764705882353,0.058823529411764705,null_as_not_success
matplotlib__matplotlib-20676,matplotlib/matplotlib,<15 min fix,c201ac5236b0a5eb57faa1768a12c67f0132074a5538d82feb717a62af9ad01d,0.16478084027767181,148,0.29458917835671344,Easy,34,34,0,5,29,0.14705882352941177,0.8529411764705882,null_as_not_success
matplotlib__matplotlib-20826,matplotlib/matplotlib,15 min - 1 hour,881edf60640e55712a3d98f4ab4da1ef4c7e1976c75cb152ed0507cc5522d216,0.1904936134815216,233,0.4649298597194389,Medium,34,34,0,20,14,0.5882352941176471,0.4117647058823529,null_as_not_success
matplotlib__matplotlib-20859,matplotlib/matplotlib,<15 min fix,e164457f11ff826d316c84285ade2b510a4b086fc263d1f948a16ceb84da4d34,0.17203663289546967,167,0.33266533066132264,Easy,34,34,0,32,2,0.9411764705882353,0.058823529411764705,null_as_not_success
matplotlib__matplotlib-21568,matplotlib/matplotlib,15 min - 1 hour,b8683c29c5989c50521624efa9b34be927922e08f51ff01a96dec8526e3eec91,0.21715115010738373,305,0.6092184368737475,Medium,34,34,0,5,29,0.14705882352941177,0.8529411764705882,null_as_not_success
matplotlib__matplotlib-22719,matplotlib/matplotlib,<15 min fix,2ffeda0f37f0b31f33acc4091c401b2ecdf32fe61756e07d1248ab2095cb77e0,0.08065009117126465,5,0.008016032064128256,Easy,34,34,0,34,0,1.0,0.0,null_as_not_success
matplotlib__matplotlib-22865,matplotlib/matplotlib,15 min - 1 hour,59bd59ccfcb72e1937305af38434e86d804f312430f62fe056769ed708670d49,0.16442455351352692,147,0.2925851703406814,Easy,34,34,0,28,6,0.8235294117647058,0.17647058823529413,null_as_not_success
matplotlib__matplotlib-22871,matplotlib/matplotlib,15 min - 1 hour,a32253ecd61549cba0b22de10788e2edc09166a2598bdc364eb9f6f993d3ac26,0.20409463346004486,267,0.533066132264529,Medium,34,34,0,25,9,0.7352941176470589,0.2647058823529412,null_as_not_success
matplotlib__matplotlib-23299,matplotlib/matplotlib,15 min - 1 hour,e09f2f06fba2878eb83a9b899e7f51c5053caf050a9e1ccaa56a015edf027cc6,0.17409014701843262,171,0.3406813627254509,Medium,34,34,0,2,32,0.058823529411764705,0.9411764705882353,null_as_not_success
matplotlib__matplotlib-23314,matplotlib/matplotlib,15 min - 1 hour,e724887a3c1acc1c91e3f2fefb8d9e30bafcf58b3d6d1696dc8f57e77fd90cba,0.1864994317293167,211,0.42084168336673344,Medium,34,34,0,33,1,0.9705882352941176,0.029411764705882353,null_as_not_success
matplotlib__matplotlib-23412,matplotlib/matplotlib,15 min - 1 hour,f6a488ca9ccd9717eed2b1b06381bfb2f0df1fcb770c10d2798a394581354770,0.18641771376132965,209,0.4168336673346693,Medium,34,34,0,34,0,1.0,0.0,null_as_not_success
matplotlib__matplotlib-23476,matplotlib/matplotlib,<15 min fix,09f6a686f1cdc38099eeaf53b4f8d5d7f5ccc2587d792da3f5f5ac0ee5e94eab,0.12732136249542236,55,0.10821643286573146,Easy,34,34,0,5,29,0.14705882352941177,0.8529411764705882,null_as_not_success
matplotlib__matplotlib-24026,matplotlib/matplotlib,15 min - 1 hour,4ee911f96026baf36281275f48621c1a645938de534397eb62e8411bfbd8a34d,0.13561709225177765,77,0.1523046092184369,Easy,34,34,0,34,0,1.0,0.0,null_as_not_success
matplotlib__matplotlib-24149,matplotlib/matplotlib,<15 min fix,e45198b3ac6b31622abb846680415a32e52d5ed8fc60c85953b9f0deb461b6af,0.20874881744384766,280,0.5591182364729459,Medium,34,34,0,34,0,1.0,0.0,null_as_not_success
matplotlib__matplotlib-24177,matplotlib/matplotlib,<15 min fix,1e6d6a06f568bc8745d92ec2649e97912a1fbacf7a85df9fa976435714b537d5,0.14662599563598633,108,0.21442885771543085,Easy,34,34,0,23,11,0.6764705882352942,0.3235294117647059,null_as_not_success
matplotlib__matplotlib-24570,matplotlib/matplotlib,<15 min fix,e92b7455ee344da93d431a6f48428a89f1ee055b46c062bc804d4456e74c15a5,0.2821055054664612,440,0.8797595190380761,Hard,34,34,0,29,5,0.8529411764705882,0.14705882352941177,null_as_not_success
matplotlib__matplotlib-24627,matplotlib/matplotlib,15 min - 1 hour,7d9e2b69794435ee2ed448b97c45250b028de009950f7b9982cc81114eb400fd,0.1705504059791565,162,0.3226452905811623,Easy,34,34,0,29,5,0.8529411764705882,0.14705882352941177,null_as_not_success
matplotlib__matplotlib-24637,matplotlib/matplotlib,15 min - 1 hour,229bc433cf176f1a8226326a9c48ed322d9b4452549f123ca6095121249d19c7,0.1682634949684143,156,0.3106212424849699,Easy,34,34,0,33,1,0.9705882352941176,0.029411764705882353,null_as_not_success
matplotlib__matplotlib-24870,matplotlib/matplotlib,15 min - 1 hour,9fdff9e3329f9ef19a9deb6f152b3a23c9c3e091258eb9deb5f740f036885f70,0.09713870286941528,19,0.036072144288577156,Easy,34,34,0,6,28,0.17647058823529413,0.8235294117647058,null_as_not_success
matplotlib__matplotlib-24970,matplotlib/matplotlib,15 min - 1 hour,5ae160cc5420b0587fc3a4d567fb1d76d86d4d20de526eaaaeb95759ea568dbf,0.1380969136953354,85,0.1683366733466934,Easy,34,34,0,32,2,0.9411764705882353,0.058823529411764705,null_as_not_success
matplotlib__matplotlib-25122,matplotlib/matplotlib,<15 min fix,30f322bb014d478fa18bfb886ae986dc6bf1dc3d16c4f0b10cda5f2560a3296b,0.18430310487747192,205,0.4088176352705411,Medium,34,34,0,34,0,1.0,0.0,null_as_not_success
matplotlib__matplotlib-25287,matplotlib/matplotlib,<15 min fix,f9bbb7794506f072129a5e7941e265280853fd873550828d7a66e91baa611c7e,0.2034517079591751,264,0.5270541082164328,Medium,34,34,0,34,0,1.0,0.0,null_as_not_success
matplotlib__matplotlib-25311,matplotlib/matplotlib,<15 min fix,a2583ca80e1609006e02901af35754c41bc9bb0c325da37d2f6fef434d7f2ff7,0.15205661952495575,119,0.23647294589178355,Easy,34,34,0,24,10,0.7058823529411765,0.29411764705882354,null_as_not_success
matplotlib__matplotlib-25332,matplotlib/matplotlib,<15 min fix,86c03c9b73bf970095097ed7e90516f96639aaf8b1a81a8ba3ddd8f620e0eee4,0.20156313478946686,260,0.5190380761523046,Medium,34,34,0,28,6,0.8235294117647058,0.17647058823529413,null_as_not_success
matplotlib__matplotlib-25479,matplotlib/matplotlib,<15 min fix,4581a22d3e68c0fdc0b045d3f6560197585f94d041d18c57a6ee1153a968b709,0.17689988017082214,181,0.36072144288577157,Medium,34,34,0,2,32,0.058823529411764705,0.9411764705882353,null_as_not_success
matplotlib__matplotlib-25775,matplotlib/matplotlib,15 min - 1 hour,a15b46987ceec554e057cf8fc62b015b435221182f76357b9d54ada6417c6401,0.10909915715456009,29,0.056112224448897796,Easy,34,34,0,23,11,0.6764705882352942,0.3235294117647059,null_as_not_success
matplotlib__matplotlib-25960,matplotlib/matplotlib,15 min - 1 hour,97c83d815bdd983310f81c7c5141e2ec1e2347a25140e90dab10dcb54f87e630,0.2523708939552307,400,0.7995991983967936,Hard,34,34,0,18,16,0.5294117647058824,0.47058823529411764,null_as_not_success
matplotlib__matplotlib-26113,matplotlib/matplotlib,<15 min fix,dd3266ec4a7c3e8cc3d0b7ccb0bd76d85b33814bedadceb4277d755db08479ca,0.1305963099002838,63,0.12424849699398798,Easy,34,34,0,34,0,1.0,0.0,null_as_not_success
matplotlib__matplotlib-26208,matplotlib/matplotlib,<15 min fix,6c2b512012bf5cab6147cc2fc8c0df54e71b53036615685d77ec186f511a5fdd,0.12124386429786682,47,0.09218436873747494,Easy,34,34,0,3,31,0.08823529411764706,0.9117647058823529,null_as_not_success
matplotlib__matplotlib-26291,matplotlib/matplotlib,15 min - 1 hour,135da5f1618662180c804de8c65d94b1230e40361752a81fe3e698e8696a6350,0.11707804352045059,40,0.0781563126252505,Easy,34,34,0,30,4,0.8823529411764706,0.11764705882352941,null_as_not_success
matplotlib__matplotlib-26342,matplotlib/matplotlib,15 min - 1 hour,321b76866bbc962e78d72c560f335d29c16a725b2ddb967b03dc638c9baa0037,0.11060845106840134,34,0.06613226452905811,Easy,34,34,0,33,1,0.9705882352941176,0.029411764705882353,null_as_not_success
matplotlib__matplotlib-26466,matplotlib/matplotlib,15 min - 1 hour,75451baef8d992a85b82c5b525b6563cd4ad037336bbac3f555901c7cbe163de,0.25337329506874084,402,0.8036072144288577,Hard,34,34,0,1,33,0.029411764705882353,0.9705882352941176,null_as_not_success
mwaskom__seaborn-3069,mwaskom/seaborn,15 min - 1 hour,739f9b2e6297497555d4d850e066137b282ad7c5bbcdee814e957ef0f81a9b1e,0.18718339502811432,214,0.42685370741482964,Medium,34,34,0,18,16,0.5294117647058824,0.47058823529411764,null_as_not_success
mwaskom__seaborn-3187,mwaskom/seaborn,15 min - 1 hour,72157e71b5c0ed5d58d66a7eeb30ed7b2fb237374183b9ebee200f5d58abd77b,0.23399347066879272,350,0.6993987975951904,Hard,34,34,0,13,21,0.38235294117647056,0.6176470588235294,null_as_not_success
pallets__flask-5014,pallets/flask,<15 min fix,f77d8eab7dd608172aa78b3b50dfa7e0e9b3a6a1c52d14a1cb02417eb5a0ab00,0.17441844940185547,172,0.342685370741483,Medium,34,34,0,34,0,1.0,0.0,null_as_not_success
psf__requests-1142,psf/requests,<15 min fix,0192533ff2ef0c53a600b3ef02cb9dc20bf0998d56eeaee80ca1a76c46758eec,0.1089409664273262,28,0.05410821643286573,Easy,34,33,1,28,6,0.8235294117647058,0.17647058823529413,null_as_not_success
psf__requests-1724,psf/requests,<15 min fix,eacde5d201658474274cce4558b5d2b8ae74d9fcc2ad6ddc76aaf003b2160b8a,0.14114053547382355,90,0.17835671342685372,Easy,34,33,1,11,23,0.3235294117647059,0.6764705882352942,null_as_not_success
psf__requests-1766,psf/requests,<15 min fix,90d541e87a05a5135b7ee242c82702e5cad1e2cae9e5571fcbc032d7d6d80682,0.30744990706443787,463,0.9258517034068137,Hard,34,32,2,5,29,0.14705882352941177,0.8529411764705882,null_as_not_success
psf__requests-1921,psf/requests,<15 min fix,3f7bdcd805645db3f6bbfa3476d3207f878afdfa4a91f8c8d56705d9aaf48e8d,0.1377340853214264,83,0.16432865731462926,Easy,34,34,0,5,29,0.14705882352941177,0.8529411764705882,null_as_not_success
psf__requests-2317,psf/requests,<15 min fix,9fdbda259c2e75551a5282e979edf4ca93ba378bee22df393fe02998991cfd1a,0.14166799187660217,93,0.1843687374749499,Easy,34,34,0,5,29,0.14705882352941177,0.8529411764705882,null_as_not_success
psf__requests-2931,psf/requests,15 min - 1 hour,c36c337f6c5d918e8d193684510213e2eaed8633e575b819757674cca0d980fd,0.275668203830719,434,0.8677354709418837,Hard,34,33,1,23,11,0.6764705882352942,0.3235294117647059,null_as_not_success
psf__requests-5414,psf/requests,<15 min fix,08faa0ea47836476b5f4b3709c06a00569996ccc654011299f9c8587cd7007ba,0.09575869143009186,16,0.03006012024048096,Easy,34,34,0,31,3,0.9117647058823529,0.08823529411764706,null_as_not_success
psf__requests-6028,psf/requests,15 min - 1 hour,1d82b6998adb429d6d13a59c0c321de5ea24889a19843d4de7ea4dff06739cc0,0.0947338342666626,15,0.028056112224448898,Easy,34,34,0,15,19,0.4411764705882353,0.5588235294117647,null_as_not_success
pydata__xarray-2905,pydata/xarray,15 min - 1 hour,0d3a9b692fc42e67214ed21e669b85cd5c6a222b3a4abc2055d93915876b6be8,0.18800318241119385,218,0.4348697394789579,Medium,34,34,0,28,6,0.8235294117647058,0.17647058823529413,null_as_not_success
pydata__xarray-3095,pydata/xarray,15 min - 1 hour,3d8f2d8422b56bd5980ec478be1413ef87805484446fc15dbd482342a59abb25,0.17218385636806488,168,0.3346693386773547,Medium,34,34,0,34,0,1.0,0.0,null_as_not_success
pydata__xarray-3151,pydata/xarray,15 min - 1 hour,abcd2e1b10d6d979b0510ec1a37372c9909c15bc786d4b7bb9027facb727d597,0.17816630005836487,186,0.37074148296593185,Medium,34,34,0,33,1,0.9705882352941176,0.029411764705882353,null_as_not_success
pydata__xarray-3305,pydata/xarray,15 min - 1 hour,21a3e64aad08beb73b01c601fffd82ad2f9086802463ce389ca5b50f7c271883,0.22722364962100983,332,0.6633266533066132,Medium,34,34,0,32,2,0.9411764705882353,0.058823529411764705,null_as_not_success
pydata__xarray-3677,pydata/xarray,15 min - 1 hour,4d1a08fa41ecef39ce23af292d1139cdc7d030bef74172654e29d4876338b716,0.18269766867160797,202,0.4028056112224449,Medium,34,34,0,33,1,0.9705882352941176,0.029411764705882353,null_as_not_success
pydata__xarray-3993,pydata/xarray,1-4 hours,3d888dbe00aca081458ceccefa5c7b6e323f5d30b3e5f165c668a7cd51260301,0.07988591492176056,4,0.006012024048096192,Easy,34,34,0,27,7,0.7941176470588235,0.20588235294117646,null_as_not_success
pydata__xarray-4075,pydata/xarray,<15 min fix,d1cc08eec285573fc56f2a58a623e0b7adf33e6f75fd16b4214dd1db4b3e46a6,0.1952192783355713,245,0.48897795591182364,Medium,34,34,0,34,0,1.0,0.0,null_as_not_success
pydata__xarray-4094,pydata/xarray,<15 min fix,4c60cee2e4247fd72e76052ae5938216ea38eca360d5b87d2a006d71bf4a91bc,0.19484400749206543,244,0.48697394789579157,Medium,34,34,0,32,2,0.9411764705882353,0.058823529411764705,null_as_not_success
pydata__xarray-4356,pydata/xarray,<15 min fix,45eae8de9d15e25d24a44a925c8abe59036ea87382e3c37e60e620e30b2ff0ff,0.14201165735721588,95,0.18837675350701402,Easy,34,34,0,34,0,1.0,0.0,null_as_not_success
pydata__xarray-4629,pydata/xarray,<15 min fix,f688557a88966226d7977917ae86e312dc52434d7ef61cd02b7d655d24d9f816,0.14441369473934174,103,0.20440881763527055,Easy,34,34,0,34,0,1.0,0.0,null_as_not_success
pydata__xarray-4687,pydata/xarray,15 min - 1 hour,c88bf8b1b5d25b8a288a2b44d5dfbdfb965ec927fa9658368ebeb65809441dbd,0.13360896706581116,74,0.1462925851703407,Easy,34,34,0,20,14,0.5882352941176471,0.4117647058823529,null_as_not_success
pydata__xarray-4695,pydata/xarray,15 min - 1 hour,acdf7cc514d6a56c02cf412e8f041cd8d2250ba1f9782e73d7dc5ee8dc06216d,0.08667033165693283,8,0.014028056112224449,Easy,34,34,0,32,2,0.9411764705882353,0.058823529411764705,null_as_not_success
pydata__xarray-4966,pydata/xarray,15 min - 1 hour,2ec61276a1a4afebd955dd7404328821ff6626c57ad13b69003d78eb3939e957,0.09089168906211853,11,0.02004008016032064,Easy,34,34,0,34,0,1.0,0.0,null_as_not_success
pydata__xarray-6461,pydata/xarray,<15 min fix,20d71a31e8ed14106420d0641e413897539ac72fd6b4b6ad62270f5ba780de6e,0.19594164192676544,248,0.49498997995991983,Medium,34,34,0,30,4,0.8823529411764706,0.11764705882352941,null_as_not_success
pydata__xarray-6599,pydata/xarray,15 min - 1 hour,96fa37e0c21ff705c55cdf125c413b37779b3ef6566658861e3d00d6cf2fa8c4,0.24515388906002045,379,0.7575150300601202,Hard,34,34,0,18,16,0.5294117647058824,0.47058823529411764,null_as_not_success
pydata__xarray-6721,pydata/xarray,15 min - 1 hour,8885a8e303e07d8e74f13a24134ecd7d051a2e2ded38ac313d6667e68b93a021,0.11030374467372894,31,0.06012024048096192,Easy,34,34,0,30,4,0.8823529411764706,0.11764705882352941,null_as_not_success
pydata__xarray-6744,pydata/xarray,15 min - 1 hour,8bdb6741fb6506b53a5a6bd32fb48ce9a45a92641394f0624c98635856bc4ed4,0.1371593326330185,82,0.1623246492985972,Easy,34,34,0,31,3,0.9117647058823529,0.08823529411764706,null_as_not_success
pydata__xarray-6938,pydata/xarray,15 min - 1 hour,80200279ed4af4b8b73e3d9bf2ec5a39dbded0c3e337b1b944253fd7b7b04248,0.1602741926908493,139,0.27655310621242485,Easy,34,34,0,8,26,0.23529411764705882,0.7647058823529411,null_as_not_success
pydata__xarray-6992,pydata/xarray,>4 hours,2fd625e5f58b6b7b7c292b9ba90307e8583cad9d4ddb395fe9805bb06c74208b,0.2685665190219879,424,0.8476953907815631,Hard,34,34,0,1,33,0.029411764705882353,0.9705882352941176,null_as_not_success
pydata__xarray-7229,pydata/xarray,15 min - 1 hour,1755ba7fe03d6f5917886ea3d5f0e5116a78593b08596ad9d394c5ccbb7f26aa,0.16479645669460297,149,0.2965931863727455,Easy,34,34,0,1,33,0.029411764705882353,0.9705882352941176,null_as_not_success
pydata__xarray-7233,pydata/xarray,15 min - 1 hour,ffb9cebf240efb2d4641ad1dc10e0e38951a8c5f8e9f6bb2a2de8e90acf95b07,0.14175336062908173,94,0.18637274549098196,Easy,34,34,0,32,2,0.9411764705882353,0.058823529411764705,null_as_not_success
pydata__xarray-7393,pydata/xarray,15 min - 1 hour,7a754d9fc6c6c54623c0bbff6a45db2b812026258275ff61e8fa85d1c4f81f40,0.23278798162937164,349,0.6973947895791583,Hard,34,34,0,31,3,0.9117647058823529,0.08823529411764706,null_as_not_success
pylint-dev__pylint-4551,pylint-dev/pylint,1-4 hours,28e19b9ac4f2a25215824cc162bb26d6ef73d661478746cd0cfc2e0432fadb18,0.23652283847332,359,0.717434869739479,Hard,34,34,0,1,33,0.029411764705882353,0.9705882352941176,null_as_not_success
pylint-dev__pylint-4604,pylint-dev/pylint,15 min - 1 hour,0072c898db86e2500d95b0b95f0929f23f8a733dc9b0eb4a0d170189049a8dbb,0.25168803334236145,399,0.7975951903807615,Hard,34,34,0,0,34,0.0,1.0,null_as_not_success
pylint-dev__pylint-4661,pylint-dev/pylint,15 min - 1 hour,9888ff5d07c438e865ef06f4e23337fdf555c438756ab3d74e75abea222cb932,0.05796011909842491,1,0.0,Easy,34,34,0,2,32,0.058823529411764705,0.9411764705882353,null_as_not_success
pylint-dev__pylint-4970,pylint-dev/pylint,<15 min fix,194295749557b085970e22cc0886d8d0d772e77521bf3b3af55f43f90a3d65ee,0.18568189442157745,207,0.41282565130260523,Medium,34,34,0,8,26,0.23529411764705882,0.7647058823529411,null_as_not_success
pylint-dev__pylint-6386,pylint-dev/pylint,15 min - 1 hour,5a767dafdd95cd6eef40ba263e539f02b0f86d745a804a7bc792d1a8c8b59a41,0.21378488838672638,292,0.5831663326653307,Medium,34,34,0,18,16,0.5294117647058824,0.47058823529411764,null_as_not_success
pylint-dev__pylint-6528,pylint-dev/pylint,15 min - 1 hour,b11d702c9bf142c2d05d59049258cd45746f2328b7598d6fd4acfa49530e8b39,0.2104063481092453,285,0.5691382765531062,Medium,34,34,0,26,8,0.7647058823529411,0.23529411764705882,null_as_not_success
pylint-dev__pylint-6903,pylint-dev/pylint,<15 min fix,5b236da9e3dbb09d3bf45598d1cc24596fa01daf96d7280482e081345f4ed50f,0.17960993945598602,190,0.3787575150300601,Medium,34,34,0,34,0,1.0,0.0,null_as_not_success
pylint-dev__pylint-7080,pylint-dev/pylint,15 min - 1 hour,82319497af035b3cdcd4ee71b5fccd578074989dfa157dc54ecc5bf8ea76ceab,0.14279884099960327,100,0.19839679358717435,Easy,34,34,0,8,26,0.23529411764705882,0.7647058823529411,null_as_not_success
pylint-dev__pylint-7277,pylint-dev/pylint,<15 min fix,dc1d852f34bf1341c1a0ba290aba65e3cd34b15cc2060f5c96e5eaa4fdf946d5,0.18722069263458252,215,0.4288577154308617,Medium,34,34,0,32,2,0.9411764705882353,0.058823529411764705,null_as_not_success
pylint-dev__pylint-8898,pylint-dev/pylint,1-4 hours,fe9420583d351e0e81a7cbc876fef18b386ba1d375bcfb031830f3885d4f4347,0.19433695077896118,242,0.48296593186372744,Medium,34,34,0,5,29,0.14705882352941177,0.8529411764705882,null_as_not_success
pytest-dev__pytest-10051,pytest-dev/pytest,15 min - 1 hour,c8f618a73662951809b75d56e2f6743203138a82223c2a963e6de26f2fa3199c,0.16675302386283875,153,0.3046092184368738,Easy,34,34,0,31,3,0.9117647058823529,0.08823529411764706,null_as_not_success
pytest-dev__pytest-10081,pytest-dev/pytest,<15 min fix,591d6bb69d71666bdd35a3144c95f3d689544055966393676fd23f260f707571,0.1975938379764557,251,0.501002004008016,Medium,34,34,0,33,1,0.9705882352941176,0.029411764705882353,null_as_not_success
pytest-dev__pytest-10356,pytest-dev/pytest,1-4 hours,04324b4ba13d4d4a7c28e790561dc0927851fc39eb3d245b2e688bb6a0de3174,0.11801061779260635,41,0.08016032064128256,Easy,34,34,0,2,32,0.058823529411764705,0.9411764705882353,null_as_not_success
pytest-dev__pytest-5262,pytest-dev/pytest,<15 min fix,d957354242a7a545699ec4d161c3e4c6ab6df9288000d6e46a051b8b7ff50301,0.17827366292476654,187,0.3727454909819639,Medium,34,34,0,33,1,0.9705882352941176,0.029411764705882353,null_as_not_success
pytest-dev__pytest-5631,pytest-dev/pytest,15 min - 1 hour,1e9120fbb21d881c388af3596eaa479bad2f604703eb79bd19898b5d7b18af03,0.1902380734682083,230,0.4589178356713427,Medium,34,34,0,32,2,0.9411764705882353,0.058823529411764705,null_as_not_success
pytest-dev__pytest-5787,pytest-dev/pytest,1-4 hours,3837cd101981ed22a8c48e65978c0784010ef055a815f30371345aa1220f520e,0.24225734174251556,371,0.7414829659318637,Hard,34,34,0,19,15,0.5588235294117647,0.4411764705882353,null_as_not_success
pytest-dev__pytest-5809,pytest-dev/pytest,<15 min fix,22a2be85d2560116244c4051221d1ab5109fa7476651aac4e4ee8e26e4b8e6f1,0.16902054846286774,158,0.31462925851703405,Easy,34,34,0,34,0,1.0,0.0,null_as_not_success
pytest-dev__pytest-5840,pytest-dev/pytest,15 min - 1 hour,20d9cc3dd4114c8bc9f5eb76bb16d3c50ff8826b8c106119be6c3cf4ed01f398,0.18049852550029755,193,0.3847695390781563,Medium,34,34,0,1,33,0.029411764705882353,0.9705882352941176,null_as_not_success
pytest-dev__pytest-6197,pytest-dev/pytest,1-4 hours,ca576fd3db872eac6366a70f11be67886795dbb95d5719f2f9e8ff617c698371,0.15881115198135376,136,0.27054108216432865,Easy,34,34,0,25,9,0.7352941176470589,0.2647058823529412,null_as_not_success
pytest-dev__pytest-6202,pytest-dev/pytest,<15 min fix,5a155e2295b1a561c0bb815941a93974af85fe064020a90a98d80a10930867bc,0.22619694471359253,327,0.6533066132264529,Medium,34,34,0,34,0,1.0,0.0,null_as_not_success
pytest-dev__pytest-7205,pytest-dev/pytest,<15 min fix,088371cacf194b0c57058002e7701c7ce885d7c4548fa25d6757305fc33d7ed1,0.14246512949466705,98,0.19438877755511022,Easy,34,34,0,14,20,0.4117647058823529,0.5882352941176471,null_as_not_success
pytest-dev__pytest-7236,pytest-dev/pytest,15 min - 1 hour,b97f13da12adf3cd4fbc5716c51b9b721331b69908c7d76241ad351fd9496845,0.20729240775108337,275,0.5490981963927856,Medium,34,34,0,32,2,0.9411764705882353,0.058823529411764705,null_as_not_success
pytest-dev__pytest-7324,pytest-dev/pytest,15 min - 1 hour,c86104555dc540eca4e1fc4625c95084e5ebe6bb5484acc6a9d4b2fca7378634,0.2174665629863739,307,0.6132264529058116,Medium,34,34,0,27,7,0.7941176470588235,0.20588235294117646,null_as_not_success
pytest-dev__pytest-7432,pytest-dev/pytest,<15 min fix,f8453cfb1e017be81d0fd5ac8fc5b6faeff6045f71763c81e7fd51537a81ef31,0.27200981974601746,429,0.8577154308617234,Hard,34,34,0,32,2,0.9411764705882353,0.058823529411764705,null_as_not_success
pytest-dev__pytest-7490,pytest-dev/pytest,15 min - 1 hour,9a5e8c33368dc3bbe9c5f03d3136a574cebede61fea6c575d39ddf108b92d947,0.09604846686124802,17,0.03206412825651302,Easy,34,34,0,31,3,0.9117647058823529,0.08823529411764706,null_as_not_success
pytest-dev__pytest-7521,pytest-dev/pytest,<15 min fix,39f1953e5d5a7481355aa6109b16ecaebbb037957e473cc71e9ab1402d3aa9b9,0.13975992798805237,87,0.17234468937875752,Easy,34,34,0,33,1,0.9705882352941176,0.029411764705882353,null_as_not_success
pytest-dev__pytest-7571,pytest-dev/pytest,15 min - 1 hour,cb0b950c7e8128160c75093a0472586c438834ff2737056acef74c376ddae034,0.3094293177127838,465,0.9298597194388778,Hard,34,34,0,33,1,0.9705882352941176,0.029411764705882353,null_as_not_success
pytest-dev__pytest-7982,pytest-dev/pytest,<15 min fix,90201d780cf37fdf665a7ea9c601714391d34ccc8bb513bf3e7d5f3e667e49da,0.2155357450246811,300,0.5991983967935872,Medium,34,34,0,34,0,1.0,0.0,null_as_not_success
pytest-dev__pytest-8399,pytest-dev/pytest,15 min - 1 hour,2471cd247002e8cb4c9cff40999a0841dbfea96004fb15d6df9c23528395c011,0.1989058256149292,255,0.5090180360721442,Medium,34,34,0,34,0,1.0,0.0,null_as_not_success
scikit-learn__scikit-learn-10297,scikit-learn/scikit-learn,15 min - 1 hour,80b289fedf3bc996489e3ce2ce6f575ea7c8153524ea8736ccd7e0dad0c29a41,0.1548250913619995,123,0.24448897795591182,Easy,34,34,0,34,0,1.0,0.0,null_as_not_success
scikit-learn__scikit-learn-10844,scikit-learn/scikit-learn,15 min - 1 hour,43c3e45ef59dc9057830a2c20fe3663e490c3a54df511936a4c7965337f4d1a0,0.13223162293434143,66,0.13026052104208416,Easy,34,34,0,34,0,1.0,0.0,null_as_not_success
scikit-learn__scikit-learn-10908,scikit-learn/scikit-learn,15 min - 1 hour,706f3719994e3076d30e5aeafcaa86f8ce95666d705c8eb5127779336e4d88ae,0.2515878975391388,398,0.7955911823647295,Hard,34,34,0,29,5,0.8529411764705882,0.14705882352941177,null_as_not_success
scikit-learn__scikit-learn-11310,scikit-learn/scikit-learn,<15 min fix,ec9f2ef832b10c04cff10b1f35daf40f7a85b1bd4d0c33083913f384c945dc8e,0.1046314388513565,22,0.04208416833667335,Easy,34,34,0,34,0,1.0,0.0,null_as_not_success
scikit-learn__scikit-learn-11578,scikit-learn/scikit-learn,15 min - 1 hour,e4945959c7c914eff336d7a28037c018533b3473ef69f46f3bcf8c51560a211a,0.12142418324947357,48,0.09418837675350701,Easy,34,34,0,34,0,1.0,0.0,null_as_not_success
scikit-learn__scikit-learn-12585,scikit-learn/scikit-learn,<15 min fix,0bd52ce53c9612da5326a0742940720ef9520cb2c0f8893e2e49f1513706b4a6,0.15174183249473572,118,0.23446893787575152,Easy,34,34,0,34,0,1.0,0.0,null_as_not_success
scikit-learn__scikit-learn-12682,scikit-learn/scikit-learn,15 min - 1 hour,4dcadd0e9335f9d8fdd65b5192353e4b58702fc3370a468414ad8e5de7d891b2,0.2286921888589859,341,0.6813627254509018,Hard,34,34,0,30,4,0.8823529411764706,0.11764705882352941,null_as_not_success
scikit-learn__scikit-learn-12973,scikit-learn/scikit-learn,15 min - 1 hour,9f4c3ac86062600df1bbf16897c088a862213cb9418d09da8d0d6e32163ba223,0.10520065575838089,24,0.04609218436873747,Easy,34,34,0,27,7,0.7941176470588235,0.20588235294117646,null_as_not_success
scikit-learn__scikit-learn-13124,scikit-learn/scikit-learn,15 min - 1 hour,e4b5e3d5f7d9caee0d460a28e1d4014ef402cbeb55ace8996a8f80511c98c3fe,0.19031795859336853,232,0.46292585170340683,Medium,34,34,0,25,9,0.7352941176470589,0.2647058823529412,null_as_not_success
scikit-learn__scikit-learn-13135,scikit-learn/scikit-learn,<15 min fix,582b6fe37fa8edbe272dd4ea41164cad281e24f1b7c1970a33a900e93b8180df,0.13289804756641388,70,0.13827655310621242,Easy,34,34,0,34,0,1.0,0.0,null_as_not_success
scikit-learn__scikit-learn-13142,scikit-learn/scikit-learn,<15 min fix,09d29f40006ebbae91aeab363c05beda6131a0d3ddee55d1d9581619e065d6d1,0.21523870527744293,299,0.5971943887775552,Medium,34,34,0,33,1,0.9705882352941176,0.029411764705882353,null_as_not_success
scikit-learn__scikit-learn-13328,scikit-learn/scikit-learn,<15 min fix,c9bb5529b14627fcae2c8af8e3a21bcb6aa2996a2fab228ef52f32bbed489194,0.15531589090824127,127,0.25250501002004005,Easy,34,34,0,33,1,0.9705882352941176,0.029411764705882353,null_as_not_success
scikit-learn__scikit-learn-13439,scikit-learn/scikit-learn,<15 min fix,bcdb7c064b7370929b2d8b37e9b35008d95bc4050e49372d9f13723e13f8baa4,0.23192447423934937,347,0.6933867735470942,Hard,34,34,0,34,0,1.0,0.0,null_as_not_success
scikit-learn__scikit-learn-13496,scikit-learn/scikit-learn,<15 min fix,c31f09492b24bb94b8cf334d1de9ab6984ec81b9020a18ea4a738a88012cbaa9,0.07807634770870209,3,0.004008016032064128,Easy,34,34,0,34,0,1.0,0.0,null_as_not_success
scikit-learn__scikit-learn-13779,scikit-learn/scikit-learn,<15 min fix,d32c6ecdfaf0eeb42a35e7cb05bd03fc034571aaef7c7743a452422c2bcdc6bc,0.25123363733291626,396,0.7915831663326653,Hard,34,34,0,33,1,0.9705882352941176,0.029411764705882353,null_as_not_success
scikit-learn__scikit-learn-14053,scikit-learn/scikit-learn,15 min - 1 hour,4bfeec31c05255ebf71795aa346b58c911563bf4a11dac38c2e20e73f2b2d267,0.18759633600711823,217,0.43286573146292584,Medium,34,34,0,34,0,1.0,0.0,null_as_not_success
scikit-learn__scikit-learn-14087,scikit-learn/scikit-learn,15 min - 1 hour,0d731842a870c18ba49de0ee6ce5c623522f0a0af328adc9415addcc07f5aae1,0.22670109570026398,329,0.657314629258517,Medium,34,34,0,30,4,0.8823529411764706,0.11764705882352941,null_as_not_success
scikit-learn__scikit-learn-14141,scikit-learn/scikit-learn,<15 min fix,d7ebed2ea76e894ada60802cd35b6b85be16898861489cad218a9c8c706a1d60,0.18184427917003632,199,0.3967935871743487,Medium,34,34,0,34,0,1.0,0.0,null_as_not_success
scikit-learn__scikit-learn-14496,scikit-learn/scikit-learn,<15 min fix,7860d59abe6e6a85ed92cbc43c7b632982164bc89105df4df399793154bb15df,0.11343466490507126,36,0.07014028056112225,Easy,34,34,0,34,0,1.0,0.0,null_as_not_success
scikit-learn__scikit-learn-14629,scikit-learn/scikit-learn,15 min - 1 hour,f86e27ce1f598af98703b4d161827503a9824a289e29450725ed2ee741798adb,0.1895233690738678,225,0.44889779559118237,Medium,34,34,0,16,18,0.47058823529411764,0.5294117647058824,null_as_not_success
scikit-learn__scikit-learn-14710,scikit-learn/scikit-learn,15 min - 1 hour,a2ab68a76bfcf2cb56a50c1e385a1b1bcbdc8ec024121323193d7034f2075d4f,0.17948602139949799,189,0.37675350701402804,Medium,34,34,0,33,1,0.9705882352941176,0.029411764705882353,null_as_not_success
scikit-learn__scikit-learn-14894,scikit-learn/scikit-learn,15 min - 1 hour,0cf2009aebab59ce0221a4ccda59465d8506a274a5d76a4f9e35338c5373ced5,0.225483238697052,325,0.6492985971943888,Medium,34,34,0,33,1,0.9705882352941176,0.029411764705882353,null_as_not_success
scikit-learn__scikit-learn-14983,scikit-learn/scikit-learn,<15 min fix,ca3d0c700c131e4b74bc7b9370f8e9c38093b25298dc682251e7c5185877f222,0.208856001496315,281,0.561122244488978,Medium,34,34,0,26,8,0.7647058823529411,0.23529411764705882,null_as_not_success
scikit-learn__scikit-learn-15100,scikit-learn/scikit-learn,15 min - 1 hour,b77ba0094810ffb21a5f1fe01b16786055bb1a4d20663b52f38cf52395c76f8d,0.22481532394886017,323,0.6452905811623246,Medium,34,34,0,33,1,0.9705882352941176,0.029411764705882353,null_as_not_success
scikit-learn__scikit-learn-25102,scikit-learn/scikit-learn,1-4 hours,1a82e3a4fcebb5f0fc0f744df67eb1972fa38f469885fe52a1db5e9ae2ed4884,0.10466348379850388,23,0.04408817635270541,Easy,34,34,0,20,14,0.5882352941176471,0.4117647058823529,null_as_not_success
scikit-learn__scikit-learn-25232,scikit-learn/scikit-learn,<15 min fix,e5c9f486382e80b0206deb50925b3428f89ae5b5ba499e3374eb34e2736bef74,0.11978991329669952,44,0.08617234468937876,Easy,34,34,0,34,0,1.0,0.0,null_as_not_success
scikit-learn__scikit-learn-25747,scikit-learn/scikit-learn,15 min - 1 hour,9737299393a037ff2845a2f62b558550b2900387a4de7ee94c19b48d397f1d33,0.1641981601715088,146,0.2905811623246493,Easy,34,34,0,1,33,0.029411764705882353,0.9705882352941176,null_as_not_success
scikit-learn__scikit-learn-25931,scikit-learn/scikit-learn,15 min - 1 hour,4412b74c4fee9ba3b565d1aafd5f3f2e77b29f2ac2146b59ea84e7fe15777c36,0.17621822655200958,179,0.35671342685370744,Medium,34,34,0,33,1,0.9705882352941176,0.029411764705882353,null_as_not_success
scikit-learn__scikit-learn-25973,scikit-learn/scikit-learn,<15 min fix,73a642843461ddaf31130dd05ca0f888b2e5ae074838ae77651be01c14a677b7,0.226959228515625,331,0.6613226452905812,Medium,34,34,0,30,4,0.8823529411764706,0.11764705882352941,null_as_not_success
scikit-learn__scikit-learn-26194,scikit-learn/scikit-learn,15 min - 1 hour,55520f2fb243de6275b76da65b6d282fcbfcbfdd7806865b90f6aa1885675038,0.19276472926139832,239,0.47695390781563124,Medium,34,34,0,7,27,0.20588235294117646,0.7941176470588235,null_as_not_success
scikit-learn__scikit-learn-26323,scikit-learn/scikit-learn,15 min - 1 hour,19e2010f847d286d34c737a7ff679d95087e38af917b4b0e43a595f9d64b0536,0.3193342983722687,472,0.9438877755511023,Hard,34,34,0,33,1,0.9705882352941176,0.029411764705882353,null_as_not_success
scikit-learn__scikit-learn-9288,scikit-learn/scikit-learn,15 min - 1 hour,4c6be4c6f8f699371300fb64162cb969da421307c54fc0743c0f78ae90c09b2b,0.19876205921173096,254,0.5070140280561122,Medium,34,34,0,33,1,0.9705882352941176,0.029411764705882353,null_as_not_success
sphinx-doc__sphinx-10323,sphinx-doc/sphinx,<15 min fix,789a19432537c3948b2c7389aa497711b6ec5a68c9f0d8c3ce2b73eb15f57753,0.1241493672132492,50,0.09819639278557114,Easy,34,34,0,32,2,0.9411764705882353,0.058823529411764705,null_as_not_success
sphinx-doc__sphinx-10435,sphinx-doc/sphinx,<15 min fix,a7667cf5cb9cc0846f633b6b55eb826a593b62faeefd644de9e2612875ccac12,0.18979066610336304,229,0.45691382765531063,Medium,34,34,0,16,18,0.47058823529411764,0.5294117647058824,null_as_not_success
sphinx-doc__sphinx-10449,sphinx-doc/sphinx,<15 min fix,0183a0fabfe0276a52a424fc3c303ad3d0b8b8f67c0ecdfaa6fdaed36028ae66,0.18958355486392975,226,0.45090180360721444,Medium,34,34,0,29,5,0.8529411764705882,0.14705882352941177,null_as_not_success
sphinx-doc__sphinx-10466,sphinx-doc/sphinx,15 min - 1 hour,78f4344e3d2bd2d617628d3b78ad561a400fc79d5c2c9f4269e3b32f907bd4cb,0.16153813898563385,144,0.2865731462925852,Easy,34,34,0,33,1,0.9705882352941176,0.029411764705882353,null_as_not_success
sphinx-doc__sphinx-10614,sphinx-doc/sphinx,15 min - 1 hour,59e104221b08590febe6ae868c6d35b4348e5c6fbf023b4806df6d313e88c730,0.148274227976799,115,0.22845691382765532,Easy,34,34,0,2,32,0.058823529411764705,0.9411764705882353,null_as_not_success
sphinx-doc__sphinx-10673,sphinx-doc/sphinx,15 min - 1 hour,f455450f1dbed1a4b75c2bcd97f9147d124b866223283f6287bd09ce6eab7d8e,0.14697305858135223,110,0.218436873747495,Easy,34,34,0,28,6,0.8235294117647058,0.17647058823529413,null_as_not_success
sphinx-doc__sphinx-11445,sphinx-doc/sphinx,15 min - 1 hour,08000b81dab279b65ecdf12560d94509e19e03f5f6d7151da5f6eefea9d5b31c,0.18066830933094025,195,0.38877755511022044,Medium,34,34,0,32,2,0.9411764705882353,0.058823529411764705,null_as_not_success
sphinx-doc__sphinx-11510,sphinx-doc/sphinx,1-4 hours,e7ae2e2a1619fdc7fa58451dae12c5dd8b268002fdb30b4b3f457a6a9ef26762,0.14683078229427338,109,0.21643286573146292,Easy,34,34,0,3,31,0.08823529411764706,0.9117647058823529,null_as_not_success
sphinx-doc__sphinx-7440,sphinx-doc/sphinx,<15 min fix,d9558af32ba6cbcd6cb5c430f514ed0eebb29d72289dc90fcee26062ca9ff073,0.2067493051290512,273,0.5450901803607214,Medium,34,34,0,33,1,0.9705882352941176,0.029411764705882353,null_as_not_success
sphinx-doc__sphinx-7454,sphinx-doc/sphinx,<15 min fix,a93b807ebfda03f2b54e0acea6736e85b625421a0f992d4330a5fa283e127438,0.25059834122657776,394,0.7875751503006012,Hard,34,34,0,29,5,0.8529411764705882,0.14705882352941177,null_as_not_success
sphinx-doc__sphinx-7462,sphinx-doc/sphinx,<15 min fix,8b7f970ed7e3c847eb7675a3564030771ff64e2f479027f3bb628d7d7c925acc,0.2212740182876587,316,0.6312625250501002,Medium,34,34,0,0,34,0.0,1.0,null_as_not_success
sphinx-doc__sphinx-7590,sphinx-doc/sphinx,>4 hours,23b9b88e30541f1109b04492ccf35a93a15fdeecb2b736bf22be5a2a6173f84e,0.17671307921409607,180,0.3587174348697395,Medium,34,34,0,2,32,0.058823529411764705,0.9411764705882353,null_as_not_success
sphinx-doc__sphinx-7748,sphinx-doc/sphinx,15 min - 1 hour,8d2fa20fad9e7875f1cfb475ed77cbdea0daee392ce09045da39a7468b6e1c99,0.17727769911289215,182,0.3627254509018036,Medium,34,34,0,0,34,0.0,1.0,null_as_not_success
sphinx-doc__sphinx-7757,sphinx-doc/sphinx,15 min - 1 hour,3f43b5effb6183c93b07ad0706394845cec8f7306b6fad5d9b60b531bad2328d,0.29308363795280457,451,0.9018036072144289,Hard,34,33,1,33,1,0.9705882352941176,0.029411764705882353,null_as_not_success
sphinx-doc__sphinx-7889,sphinx-doc/sphinx,<15 min fix,79c6d3aae9150c5f5b35229397fdc5a31cd577f78fa37ddb0638a24d7b30d2b2,0.17084120213985443,164,0.32665330661322645,Easy,34,34,0,31,3,0.9117647058823529,0.08823529411764706,null_as_not_success
sphinx-doc__sphinx-7910,sphinx-doc/sphinx,<15 min fix,c3d99aeda62cf24ce56a14f0f21c0dc80ac1a4afb3e43e50dbf7bf32a548aa5b,0.10734435170888901,27,0.052104208416833664,Easy,34,34,0,33,1,0.9705882352941176,0.029411764705882353,null_as_not_success
sphinx-doc__sphinx-7985,sphinx-doc/sphinx,15 min - 1 hour,388fe0c5ce4e1358bcc58e7e4314ba618c2bb432bc814c80f0855adcc3659ec4,0.08841866999864578,9,0.01603206412825651,Easy,34,33,1,6,28,0.17647058823529413,0.8235294117647058,null_as_not_success
sphinx-doc__sphinx-8035,sphinx-doc/sphinx,15 min - 1 hour,9960c2dd48b9675a179b60d4f9ad656c08cf4c9929417d8f245d58e5a3d43825,0.11597441881895065,38,0.07414829659318638,Easy,34,34,0,34,0,1.0,0.0,null_as_not_success
sphinx-doc__sphinx-8056,sphinx-doc/sphinx,15 min - 1 hour,4ad73beedadd0040b395a860a9ece993226dfb83750d36cef213cb166e04589b,0.1864868849515915,210,0.4188376753507014,Medium,34,34,0,13,21,0.38235294117647056,0.6176470588235294,null_as_not_success
sphinx-doc__sphinx-8120,sphinx-doc/sphinx,15 min - 1 hour,2260a8491280312f611378ddff0e08bb9f0961011d0a49b7a2be74a1844cb18b,0.2040223628282547,266,0.531062124248497,Medium,34,34,0,33,1,0.9705882352941176,0.029411764705882353,null_as_not_success
sphinx-doc__sphinx-8265,sphinx-doc/sphinx,15 min - 1 hour,12de68889c589ea2508d8777d1e79daf4a61a9df309d11d02e9dc7d09bef6178,0.14404743909835815,102,0.20240480961923848,Easy,34,34,0,22,12,0.6470588235294118,0.35294117647058826,null_as_not_success
sphinx-doc__sphinx-8269,sphinx-doc/sphinx,<15 min fix,f40b2a7070b7417ff6f4fabda0357b7559760868d01607bbdc94f81a459ee0ef,0.20763720571994781,277,0.5531062124248497,Medium,34,34,0,33,1,0.9705882352941176,0.029411764705882353,null_as_not_success
sphinx-doc__sphinx-8459,sphinx-doc/sphinx,<15 min fix,5a7af99001528e86ff4d88a9bf03e4b87b08c1c4907ef4230d6dfa05a3375018,0.22183986008167267,321,0.6412825651302605,Medium,34,34,0,32,2,0.9411764705882353,0.058823529411764705,null_as_not_success
sphinx-doc__sphinx-8475,sphinx-doc/sphinx,<15 min fix,eb853c25d5bef73ec730b1b49aeda892f80fa01bce481e71b1a35942d6c9ca0f,0.10710517317056656,25,0.04809619238476954,Easy,34,34,0,34,0,1.0,0.0,null_as_not_success
sphinx-doc__sphinx-8548,sphinx-doc/sphinx,1-4 hours,f0c8a912cffb03b9d6346146e11cf044329280bfe2a193fd9e46980b193cffb0,0.23593896627426147,358,0.7154308617234469,Hard,34,34,0,13,21,0.38235294117647056,0.6176470588235294,null_as_not_success
sphinx-doc__sphinx-8551,sphinx-doc/sphinx,15 min - 1 hour,59b1b15138bca3802f81a94c49ced00a098c6dc015474f0a7c06967bc623d7b6,0.251423180103302,397,0.7935871743486974,Hard,34,34,0,32,2,0.9411764705882353,0.058823529411764705,null_as_not_success
sphinx-doc__sphinx-8593,sphinx-doc/sphinx,15 min - 1 hour,d7a0b222ecda2268846b70d86cee54c8162748aacb047519b2e657c3c18dc962,0.2320745587348938,348,0.6953907815631263,Hard,34,34,0,30,4,0.8823529411764706,0.11764705882352941,null_as_not_success
sphinx-doc__sphinx-8595,sphinx-doc/sphinx,<15 min fix,f5549e64af66510e584758f04371935b8c6c3a5fec4fda812b8571a7bd733be4,0.2548410892486572,406,0.811623246492986,Hard,34,34,0,0,34,0.0,1.0,null_as_not_success
sphinx-doc__sphinx-8621,sphinx-doc/sphinx,<15 min fix,3e046e4b32763535effb1e5d144ce265b213b55f236d73a32390a316abc44a7a,0.19783708453178406,253,0.5050100200400801,Medium,34,34,0,25,9,0.7352941176470589,0.2647058823529412,null_as_not_success
sphinx-doc__sphinx-8638,sphinx-doc/sphinx,15 min - 1 hour,bcfbf8c2f2b843cf3892b3ec7af0762b44dbf3e9d2d0ed45b4024391108a3677,0.1462600827217102,107,0.2124248496993988,Easy,34,34,0,13,21,0.38235294117647056,0.6176470588235294,null_as_not_success
sphinx-doc__sphinx-8721,sphinx-doc/sphinx,<15 min fix,684041d7ab737dd04914a0017b92d238cd8dae72182457e3f3a21f494e7acb3e,0.17601855099201202,177,0.3527054108216433,Medium,34,34,0,34,0,1.0,0.0,null_as_not_success
sphinx-doc__sphinx-9229,sphinx-doc/sphinx,1-4 hours,b7113d548cb7ce3722699857d638d2acf607a5547ab13feaff1272d633d15e58,0.24286118149757385,374,0.7474949899799599,Hard,34,34,0,4,30,0.11764705882352941,0.8823529411764706,null_as_not_success
sphinx-doc__sphinx-9230,sphinx-doc/sphinx,<15 min fix,e814405fe0885a2284bec4dfdf1efa5bd0386117d02410e9ad0ec98c0e1712ab,0.17987661063671112,192,0.38276553106212424,Medium,34,34,0,27,7,0.7941176470588235,0.20588235294117646,null_as_not_success
sphinx-doc__sphinx-9258,sphinx-doc/sphinx,<15 min fix,4163acebdf504c769400387fdf4abdce2b57c5d5634a7845a8a347af1de7464f,0.1367737352848053,80,0.15831663326653306,Easy,34,34,0,25,9,0.7352941176470589,0.2647058823529412,null_as_not_success
sphinx-doc__sphinx-9281,sphinx-doc/sphinx,<15 min fix,696b5942cd9fe6b1dc6e2502106c1c07dcf1a2499d4cbba1315a66b6eb359c11,0.18933968245983124,222,0.44288577154308617,Medium,34,34,0,31,3,0.9117647058823529,0.08823529411764706,null_as_not_success
sphinx-doc__sphinx-9320,sphinx-doc/sphinx,<15 min fix,1e80458fcccbe9d7ea035db6f115cf94f82a81db1d68582850a9067f52818ca0,0.1702810823917389,160,0.3186372745490982,Easy,34,34,0,31,3,0.9117647058823529,0.08823529411764706,null_as_not_success
sphinx-doc__sphinx-9367,sphinx-doc/sphinx,<15 min fix,0194a1f3d78c24e2cd8d0647655aec554403841bf37f6a97294bdc909de61241,0.24051573872566223,368,0.7354709418837675,Hard,34,34,0,34,0,1.0,0.0,null_as_not_success
sphinx-doc__sphinx-9461,sphinx-doc/sphinx,1-4 hours,cc2eb5d4afca2da5e00ca423f2dce2bf467613a98b9686da7dc19a08e1f4de0f,0.10988837480545044,30,0.05811623246492986,Easy,34,34,0,5,29,0.14705882352941177,0.8529411764705882,null_as_not_success
sphinx-doc__sphinx-9591,sphinx-doc/sphinx,<15 min fix,0545e9ebe4d53e8e146f733e7ade35057a622d70fb80c97d6e5380c967e64e40,0.15577350556850433,130,0.25851703406813625,Easy,34,34,0,27,7,0.7941176470588235,0.20588235294117646,null_as_not_success
sphinx-doc__sphinx-9602,sphinx-doc/sphinx,15 min - 1 hour,dd03477a6034e20a46578ea1168ac36ca4bf5b3029673575f08af9083884dec2,0.16843168437480927,157,0.312625250501002,Easy,34,34,0,0,34,0.0,1.0,null_as_not_success
sphinx-doc__sphinx-9658,sphinx-doc/sphinx,15 min - 1 hour,fb174fdfb25bda6b0b338bd0dec7c6d01dc5e3eddde6cf5baf8b7f95c59400db,0.1521911919116974,120,0.23847695390781562,Easy,34,34,0,26,8,0.7647058823529411,0.23529411764705882,null_as_not_success
sphinx-doc__sphinx-9673,sphinx-doc/sphinx,15 min - 1 hour,7926d944c30024620395f3792e0585e9f9105999c2de9d57269a75f648dc5b2b,0.2470836639404297,386,0.7715430861723447,Hard,34,34,0,32,2,0.9411764705882353,0.058823529411764705,null_as_not_success
sphinx-doc__sphinx-9698,sphinx-doc/sphinx,<15 min fix,e2bd3a063a06ffaaccbff166bc0a3c4dc2e1b016c1917f0d21afc9675cb64c41,0.23958005011081696,366,0.7314629258517034,Hard,34,34,0,34,0,1.0,0.0,null_as_not_success
sphinx-doc__sphinx-9711,sphinx-doc/sphinx,<15 min fix,774dbded97246fc337cc3a9f01569a66641396f3952440385d51e6f7e095234a,0.16070488095283508,141,0.280561122244489,Easy,34,34,0,0,34,0.0,1.0,null_as_not_success
sympy__sympy-11618,sympy/sympy,15 min - 1 hour,7eec6e997311bf1014a07659710714c0a891fd0e5b9d58dadb31a83b23746330,0.28752657771110535,445,0.8897795591182365,Hard,34,34,0,34,0,1.0,0.0,null_as_not_success
sympy__sympy-12096,sympy/sympy,<15 min fix,a633664578299e2b65570564c49bb08d3e5bfb7fe7d230c64d1d7525d2fb9718,0.24184152483940125,370,0.7394789579158316,Hard,34,34,0,30,4,0.8823529411764706,0.11764705882352941,null_as_not_success
sympy__sympy-12419,sympy/sympy,15 min - 1 hour,48b311ac971aa2fe020b8dd89cd7d2aac3278d4b668921c6b07a29cb914ed4a5,0.381523460149765,493,0.9859719438877755,Hard,34,34,0,28,6,0.8235294117647058,0.17647058823529413,null_as_not_success
sympy__sympy-12481,sympy/sympy,<15 min fix,5be18855c5c93b9af1ad839da500cb74d1bb38ff8e1f93340baedcd8df0249cc,0.33658066391944885,482,0.9639278557114228,Hard,34,34,0,33,1,0.9705882352941176,0.029411764705882353,null_as_not_success
sympy__sympy-12489,sympy/sympy,1-4 hours,33f4a1134633597866883bbd4ac04b3642fda8ae680822b1c44d5a5e82b8ce28,0.1527719348669052,121,0.24048096192384769,Easy,34,34,0,23,11,0.6764705882352942,0.3235294117647059,null_as_not_success
sympy__sympy-13031,sympy/sympy,15 min - 1 hour,5d95a063a1ada8b9273255940d122605d87ea3ab2aa27f524725442be780b5c6,0.30113375186920166,457,0.9138276553106213,Hard,34,34,0,18,16,0.5294117647058824,0.47058823529411764,null_as_not_success
sympy__sympy-13091,sympy/sympy,15 min - 1 hour,56dd1975c2cdb9924609fb6ce9a46f4a1269dce8da33bf80032d1c9d8a73e7db,0.16153112053871155,143,0.2845691382765531,Easy,34,34,0,23,11,0.6764705882352942,0.3235294117647059,null_as_not_success
sympy__sympy-13372,sympy/sympy,<15 min fix,fea79ea0704f92ccaa0cf508934dd810021e6742c6176ab08533ba3941178b69,0.21965056657791138,312,0.6232464929859719,Medium,34,34,0,33,1,0.9705882352941176,0.029411764705882353,null_as_not_success
sympy__sympy-13480,sympy/sympy,<15 min fix,f08f8be58202a7048af4813f1d9533b70f45c070ab93f6399a5c1c89217507e6,0.25372323393821716,404,0.8076152304609219,Hard,34,34,0,34,0,1.0,0.0,null_as_not_success
sympy__sympy-13551,sympy/sympy,15 min - 1 hour,9ab38d31087d297db60978aeca658666788926a0235df297346836b93872311f,0.303537517786026,461,0.9218436873747495,Hard,34,34,0,32,2,0.9411764705882353,0.058823529411764705,null_as_not_success
sympy__sympy-13615,sympy/sympy,15 min - 1 hour,0104f2ab13e8c9bc42244c2d12fdc0850b05a7c0723f6303e75c9888ae27f5fb,0.40845274925231934,497,0.9939879759519038,Hard,34,34,0,27,7,0.7941176470588235,0.20588235294117646,null_as_not_success
sympy__sympy-13647,sympy/sympy,15 min - 1 hour,33fdeac33e13d08385f780f3d2aa6f907906d209c24070b75ce407a059c19411,0.24895250797271729,390,0.779559118236473,Hard,34,34,0,33,1,0.9705882352941176,0.029411764705882353,null_as_not_success
sympy__sympy-13757,sympy/sympy,15 min - 1 hour,63fe3a94f352bfa567c1934f7dacc6d0c86db8ed628f4595b73c1f3f0bf9a4c4,0.33780232071876526,483,0.9659318637274549,Hard,34,34,0,32,2,0.9411764705882353,0.058823529411764705,null_as_not_success
sympy__sympy-13798,sympy/sympy,15 min - 1 hour,aa83d8763f10cb6dcd1d8abdb848d6332241bf6710ce4e27aa7e49160fd529a6,0.13882189989089966,86,0.17034068136272545,Easy,34,34,0,5,29,0.14705882352941177,0.8529411764705882,null_as_not_success
sympy__sympy-13852,sympy/sympy,1-4 hours,51eca986eb401e0dc2856252c823632a51285a5a0d70bd046d46c39362d0df02,0.18142491579055786,198,0.39478957915831664,Medium,34,34,0,2,32,0.058823529411764705,0.9411764705882353,null_as_not_success
sympy__sympy-13877,sympy/sympy,15 min - 1 hour,e8eb7f7fe32ffe357b6a54186c56ae0f9326084bf90504838895599d08e0dbc8,0.23447951674461365,351,0.7014028056112225,Hard,34,34,0,21,13,0.6176470588235294,0.38235294117647056,null_as_not_success
sympy__sympy-13878,sympy/sympy,>4 hours,5ed83f5e24361e5ca95f9c3dfcff3ba9ce9775f1fd9a2a10ac3a4511370b6d75,0.133218452334404,71,0.1402805611222445,Easy,34,34,0,27,7,0.7941176470588235,0.20588235294117646,null_as_not_success
sympy__sympy-13974,sympy/sympy,15 min - 1 hour,26dc1cb7842ede97a6327729441278edd7c5fb6223d165e7589e37b441ab1c74,0.2645584046840668,422,0.843687374749499,Hard,34,34,0,7,27,0.20588235294117646,0.7941176470588235,null_as_not_success
sympy__sympy-14248,sympy/sympy,1-4 hours,056549bbb76a727325fc85b052ecb5d1c9ba9d70d702cf011b407e3877e5c383,0.29034700989723206,447,0.8937875751503006,Hard,34,34,0,11,23,0.3235294117647059,0.6764705882352942,null_as_not_success
sympy__sympy-14531,sympy/sympy,15 min - 1 hour,8cf843dcf782552dff92511ba20491f033530e49ebbf1594db04bef5a60ada92,0.22652606666088104,328,0.655310621242485,Medium,34,34,0,28,6,0.8235294117647058,0.17647058823529413,null_as_not_success
sympy__sympy-14711,sympy/sympy,<15 min fix,e4767d6b2a2a74a4b7ef986a9f1f89a8a65d7e7bf026dae881f92dbd7b3ad77c,0.21052175760269165,286,0.5711422845691383,Medium,34,34,0,33,1,0.9705882352941176,0.029411764705882353,null_as_not_success
sympy__sympy-14976,sympy/sympy,15 min - 1 hour,3c0d98bb2098e4b8be846f95279696c6ab55e3ab5f22f05c946c0af281f81bda,0.32955652475357056,479,0.9579158316633266,Hard,34,34,0,17,17,0.5,0.5,null_as_not_success
sympy__sympy-15017,sympy/sympy,<15 min fix,b106dd1aed96c16195e44e41b0d863086366cf9c597e31787a38816ae04efb2a,0.25863805413246155,413,0.8256513026052105,Hard,34,34,0,18,16,0.5294117647058824,0.47058823529411764,null_as_not_success
sympy__sympy-15345,sympy/sympy,<15 min fix,b4f90f0a60cc245efb58b06f492d4258e4294d809ef39cf896c3713d13ba2905,0.31354820728302,467,0.9338677354709419,Hard,34,34,0,33,1,0.9705882352941176,0.029411764705882353,null_as_not_success
sympy__sympy-15349,sympy/sympy,15 min - 1 hour,9e23e96a13f172fc27e87972f1f4f86c22ebb28407ed8dbdce0a665c3c04c412,0.26784998178482056,423,0.845691382765531,Hard,34,34,0,34,0,1.0,0.0,null_as_not_success
sympy__sympy-15599,sympy/sympy,15 min - 1 hour,cf4081c50e2bce78ef90503152dbf7f94f2f8cf0323ee9cd68cf0e3a60835d6e,0.31951308250427246,475,0.9498997995991983,Hard,34,34,0,27,7,0.7941176470588235,0.20588235294117646,null_as_not_success
sympy__sympy-15809,sympy/sympy,<15 min fix,4d0982bb7d0bc25fd0f0c24f136fddb1e2e9e1571502aadcae1c84644c40bd5a,0.24575039744377136,382,0.7635270541082164,Hard,34,34,0,31,3,0.9117647058823529,0.08823529411764706,null_as_not_success
sympy__sympy-15875,sympy/sympy,<15 min fix,66200c6c95ab27678328e3e9e41742399523e236227071c0751e274a8fd9f265,0.23703981935977936,362,0.7234468937875751,Hard,34,34,0,13,21,0.38235294117647056,0.6176470588235294,null_as_not_success
sympy__sympy-15976,sympy/sympy,15 min - 1 hour,2b1a85414c4df764477586489a407c5be000ef58e9ae013aef7711bb9c2f4f75,0.2318686544895172,346,0.6913827655310621,Hard,34,34,0,23,11,0.6764705882352942,0.3235294117647059,null_as_not_success
sympy__sympy-16450,sympy/sympy,<15 min fix,b52fc0b413e314219a9e63f3137553f66603fecadc83cc12f34a4136d03bcd60,0.157989040017128,134,0.2665330661322645,Easy,34,34,0,34,0,1.0,0.0,null_as_not_success
sympy__sympy-16597,sympy/sympy,1-4 hours,1b04ffa8e91360cc91e2397541d3f8c5f34ffc0cb5cd84b0015747240c26932c,0.2724950909614563,430,0.8597194388777555,Hard,34,34,0,2,32,0.058823529411764705,0.9411764705882353,null_as_not_success
sympy__sympy-16766,sympy/sympy,<15 min fix,c71bac3070c6e9ab8d889dd00a304ef866828dbf4c152138857e3be79b96f971,0.21768967807292938,309,0.6172344689378757,Medium,34,34,0,33,1,0.9705882352941176,0.029411764705882353,null_as_not_success
sympy__sympy-16792,sympy/sympy,15 min - 1 hour,48b3d6d8e3ddfc9a78b57d8f79cf5ca78ba55a990f1eba937b998fd9160a77a8,0.21442930400371552,295,0.5891783567134269,Medium,34,34,0,34,0,1.0,0.0,null_as_not_success
sympy__sympy-16886,sympy/sympy,<15 min fix,8bcff84556fbb7d34383e0f16d01027922121a39bb63b881fcd3d8f5e2e74f29,0.3193725645542145,474,0.9478957915831663,Hard,34,34,0,34,0,1.0,0.0,null_as_not_success
sympy__sympy-17139,sympy/sympy,<15 min fix,17e532f00dac2a0e2aae1ca47a21c4be3cc3d4686da16dfc58ed0d69f6c02334,0.18255583941936493,201,0.40080160320641284,Medium,34,34,0,32,2,0.9411764705882353,0.058823529411764705,null_as_not_success
sympy__sympy-17318,sympy/sympy,15 min - 1 hour,8a310f20c7a096a6254d15f08997beaed275576879e726690cc2a8de13e47e3c,0.2586086690425873,412,0.8236472945891784,Hard,34,34,0,11,23,0.3235294117647059,0.6764705882352942,null_as_not_success
sympy__sympy-17630,sympy/sympy,1-4 hours,1edfd6e1183bb765b9186e8d8fdfe541d80ef44766baf7b722b7626235719599,0.24816939234733582,389,0.7775551102204409,Hard,34,34,0,4,30,0.11764705882352941,0.8823529411764706,null_as_not_success
sympy__sympy-17655,sympy/sympy,<15 min fix,933042963b8cdfbe2ba70d5a221c3a40e00b60595f5b865417d4494c0b566af0,0.18723443150520325,216,0.4308617234468938,Medium,34,34,0,28,6,0.8235294117647058,0.17647058823529413,null_as_not_success
sympy__sympy-18189,sympy/sympy,<15 min fix,7c3dbee591c8248e8411469c75edcf733756664c61dac40611ba50a9dab45cae,0.32519295811653137,477,0.9539078156312625,Hard,34,34,0,33,1,0.9705882352941176,0.029411764705882353,null_as_not_success
sympy__sympy-18199,sympy/sympy,1-4 hours,fb429ef2a603c20980fa2ed7dc66d00cc148ca8103d92b69662bb6c687f2e162,0.37289702892303467,488,0.9759519038076152,Hard,34,34,0,0,34,0.0,1.0,null_as_not_success
sympy__sympy-18211,sympy/sympy,15 min - 1 hour,e2e6d8d8bb9ce663b29aaccb73683ba91e87ceb98a7d613750de91f2d4b245a5,0.2872817814350128,444,0.8877755511022044,Hard,34,34,0,25,9,0.7352941176470589,0.2647058823529412,null_as_not_success
sympy__sympy-18698,sympy/sympy,15 min - 1 hour,cd81e74232a1271cd69ffe8a0ed157acd609e130503b78ae962414616718a537,0.3380748927593231,484,0.9679358717434869,Hard,34,34,0,17,17,0.5,0.5,null_as_not_success
sympy__sympy-18763,sympy/sympy,<15 min fix,5c1164a6c4ec868668f2fdd4b75e440df221ae6f0f1716e1854884efb8aa3851,0.18289829790592194,203,0.40480961923847697,Medium,34,34,0,3,31,0.08823529411764706,0.9117647058823529,null_as_not_success
sympy__sympy-19040,sympy/sympy,15 min - 1 hour,42bb887eb79aa3dcd7183824fdce7ccc38d867dff8242d8edad92a705e0bbd58,0.23477540910243988,354,0.7074148296593187,Hard,34,34,0,26,8,0.7647058823529411,0.23529411764705882,null_as_not_success
sympy__sympy-19346,sympy/sympy,15 min - 1 hour,beaf218a0d5d4cb22acc35caa8e471d049542cd914604cced5485993327db334,0.21168334782123566,288,0.5751503006012024,Medium,34,34,0,33,1,0.9705882352941176,0.029411764705882353,null_as_not_success
sympy__sympy-19495,sympy/sympy,<15 min fix,a608f9c2e5cfc35840160135755897f7a04207162f2909999258e38ddc336973,0.2449193149805069,378,0.7555110220440882,Hard,34,34,0,22,12,0.6470588235294118,0.35294117647058826,null_as_not_success
sympy__sympy-19637,sympy/sympy,<15 min fix,684f607f31cc768c385029a235053287b43082a993b8c6f631e6e1859e49e12d,0.18223056197166443,200,0.39879759519038077,Medium,34,34,0,33,1,0.9705882352941176,0.029411764705882353,null_as_not_success
sympy__sympy-19783,sympy/sympy,15 min - 1 hour,6c701bb3840d26e89d9d3fef6d91d7d72ba7ed68cf6c2347f8d5c2eb275425c5,0.3125927746295929,466,0.9318637274549099,Hard,34,34,0,29,5,0.8529411764705882,0.14705882352941177,null_as_not_success
sympy__sympy-19954,sympy/sympy,<15 min fix,173f90e5d7bbeb35fddaaccfcd44c94f30a06f4c2a68f379aec6aba11f302cdd,0.2572188675403595,411,0.8216432865731463,Hard,34,34,0,33,1,0.9705882352941176,0.029411764705882353,null_as_not_success
sympy__sympy-20154,sympy/sympy,15 min - 1 hour,16cda9e1dbc96941a98fa2f54a1545709b1a3aefe133b20841f69d6391bef6dd,0.21737398207187653,306,0.6112224448897795,Medium,34,34,0,34,0,1.0,0.0,null_as_not_success
sympy__sympy-20428,sympy/sympy,15 min - 1 hour,3e20082eaadedd75f04a9afb22c1256f85d6e4768296ee14bdfbb5ba6a255fff,0.22131749987602234,317,0.6332665330661322,Medium,34,34,0,1,33,0.029411764705882353,0.9705882352941176,null_as_not_success
sympy__sympy-20438,sympy/sympy,15 min - 1 hour,ab48dc1dc9b89443d93044930f964e8d4dfe25706fceb03dddf2295c060d339a,0.256213903427124,407,0.8136272545090181,Hard,34,34,0,1,33,0.029411764705882353,0.9705882352941176,null_as_not_success
sympy__sympy-20590,sympy/sympy,15 min - 1 hour,e2f8e16a69eabf97334f7852f8675d8d470ef7a3e990ab484c6427bd7ad9ff52,0.18895506858825684,221,0.4408817635270541,Medium,34,34,0,33,1,0.9705882352941176,0.029411764705882353,null_as_not_success
sympy__sympy-20801,sympy/sympy,15 min - 1 hour,d97c4296d41c2a7cdf87b6e2de16dd10a5755318d9bde720c8677b8787c20ec3,0.17793279886245728,185,0.3687374749498998,Medium,34,34,0,33,1,0.9705882352941176,0.029411764705882353,null_as_not_success
sympy__sympy-20916,sympy/sympy,<15 min fix,728c710a38f30dcfc83a99f11302f2ff4f69c34b26b6d1daf40f27e289fe550c,0.27260762453079224,431,0.8617234468937875,Hard,34,34,0,6,28,0.17647058823529413,0.8235294117647058,null_as_not_success
sympy__sympy-21379,sympy/sympy,15 min - 1 hour,e199bb269f9d7eedd813b73859ebc266bbf9180ba44e93fee83257f13a7b3c38,0.1413128674030304,91,0.18036072144288579,Easy,34,34,0,24,10,0.7058823529411765,0.29411764705882354,null_as_not_success
sympy__sympy-21596,sympy/sympy,15 min - 1 hour,14ad62b22f2daefbb61e2837aaf1a92c5ac3fd3639733a6e8b2fb6831296edb5,0.19029538333415985,231,0.46092184368737477,Medium,34,34,0,1,33,0.029411764705882353,0.9705882352941176,null_as_not_success
sympy__sympy-21612,sympy/sympy,15 min - 1 hour,657b0dc782c25c6b54593dac7ccb7c4aaa95bd6da6e1a87b2e4b778f86d29b99,0.3193399906158447,473,0.9458917835671342,Hard,34,34,0,15,19,0.4411764705882353,0.5588235294117647,null_as_not_success
sympy__sympy-21847,sympy/sympy,<15 min fix,94d91698afcd1df16f19769e6eb73afc4229159f92d2f0fcaa6fa9cf41116fdd,0.2737569510936737,432,0.8637274549098196,Hard,34,34,0,33,1,0.9705882352941176,0.029411764705882353,null_as_not_success
sympy__sympy-21930,sympy/sympy,15 min - 1 hour,867fbad616cdb7324c99258b4bd7ad7f6b4a2fb66f7945b669f9ae279ad38535,0.18597544729709625,208,0.4148296593186373,Medium,34,34,0,1,33,0.029411764705882353,0.9705882352941176,null_as_not_success
sympy__sympy-22080,sympy/sympy,15 min - 1 hour,e4e025ba043919887cf1773f79e5bb6f7b7ad8eab54718e8ec0d0ff2f4c37b14,0.33834531903266907,485,0.969939879759519,Hard,34,34,0,6,28,0.17647058823529413,0.8235294117647058,null_as_not_success
sympy__sympy-22456,sympy/sympy,15 min - 1 hour,9311c594ded4da8a3e4ab2bbd4baf262680395c18327a5c827272551798f1eb4,0.17941002547740936,188,0.374749498997996,Medium,34,34,0,33,1,0.9705882352941176,0.029411764705882353,null_as_not_success
sympy__sympy-22714,sympy/sympy,<15 min fix,8f4d48e9d985d6bbdd7b61fbdf1342c381f26da9849ebd45c4b78252fdaf1f11,0.16814285516738892,155,0.30861723446893785,Easy,34,34,0,33,1,0.9705882352941176,0.029411764705882353,null_as_not_success
sympy__sympy-22914,sympy/sympy,15 min - 1 hour,6d0642aa48ec6648e34338c6c374b48eb3b7e27a65a15538a22954f66b47a4c0,0.22609394788742065,326,0.6513026052104208,Medium,34,34,0,34,0,1.0,0.0,null_as_not_success
sympy__sympy-23262,sympy/sympy,15 min - 1 hour,c0c0ac5aecba195d382f82e1b5d1519cc8053e29b967bdc2805137079c9fd3b7,0.17036719620227814,161,0.32064128256513025,Easy,34,34,0,33,1,0.9705882352941176,0.029411764705882353,null_as_not_success
sympy__sympy-23413,sympy/sympy,15 min - 1 hour,ab4fff5ca11234b934a212b8d896ccf0c1aaa53e998524f54bff44dc41daa64d,0.3167130947113037,470,0.9398797595190381,Hard,34,34,0,21,13,0.6176470588235294,0.38235294117647056,null_as_not_success
sympy__sympy-23534,sympy/sympy,<15 min fix,400b9d6f7a875ed1363ccec3bfcfcf08e88275d11ea57044355753de52aa4c25,0.24473915994167328,377,0.7535070140280561,Hard,34,34,0,33,1,0.9705882352941176,0.029411764705882353,null_as_not_success
sympy__sympy-23824,sympy/sympy,15 min - 1 hour,6e2c57adb3bb75a9841d6ebb74f72bd5f711a1a11df1ed32906681eb3613dabd,0.22173599898815155,320,0.6392785571142284,Medium,34,34,0,33,1,0.9705882352941176,0.029411764705882353,null_as_not_success
sympy__sympy-23950,sympy/sympy,15 min - 1 hour,b56221e6a6bb28b09a09c076fdba0cbf1cb9d256956c52345ec825ccd52f61db,0.24527864158153534,380,0.7595190380761523,Hard,34,34,0,18,16,0.5294117647058824,0.47058823529411764,null_as_not_success
sympy__sympy-24066,sympy/sympy,15 min - 1 hour,f96812d2e3e17bd07f17b6e553bc354c0bd522bf3dcf81aec841676c8a371b7b,0.3004855215549469,455,0.9098196392785571,Hard,34,34,0,34,0,1.0,0.0,null_as_not_success
sympy__sympy-24213,sympy/sympy,15 min - 1 hour,643ce391df54dc5676bb5ccb2bc1f1a1963be8b0f54cee9bc816a1fe1ca2310b,0.2797890305519104,437,0.87374749498998,Hard,34,34,0,34,0,1.0,0.0,null_as_not_success
sympy__sympy-24443,sympy/sympy,15 min - 1 hour,465efb86a6aacc25222e99cb78b1cdd86248af5a67b27ae1c4a043c1c126c0d4,0.30328094959259033,460,0.9198396793587175,Hard,34,34,0,33,1,0.9705882352941176,0.029411764705882353,null_as_not_success
sympy__sympy-24539,sympy/sympy,<15 min fix,c45c55bcffb2b526d21ed6b0c8d19976455280d6ce9343f7f2d62d96c3d3e037,0.25936755537986755,414,0.8276553106212425,Hard,34,34,0,34,0,1.0,0.0,null_as_not_success
sympy__sympy-24562,sympy/sympy,<15 min fix,b0d650e7d0c5a65c71332089cc3c86f85c07ab1175b3847c401d8e328c520f1c,0.2903822958469391,448,0.8957915831663327,Hard,34,34,0,31,3,0.9117647058823529,0.08823529411764706,null_as_not_success
sympy__sympy-24661,sympy/sympy,15 min - 1 hour,6d2fd3a85268058e45ba93bb541d2addc5f70c2995aacea9c9193cfffbb51d4f,0.376628041267395,491,0.9819639278557114,Hard,34,34,0,33,1,0.9705882352941176,0.029411764705882353,null_as_not_success
