instance_id,repo,problem_statement_hash,input_token_count,truncated,p2l_difficulty_primary,p2l_difficulty_neg_median,p2l_difficulty_neg_mean,p2l_beta_spread,beta_min,beta_p10,beta_median,beta_mean,beta_p90,beta_max,eta,p2l_rank,p2l_percentile,p2l_tertile,model_list_revision
astropy__astropy-12907,astropy/astropy,c01334ec1b21a089c650cf2e7b96ab974469076bf1260d23885799e1f0a7551f,386,False,0.13846153846153847,-0.6113889217376709,-0.5639073848724365,1.270950996875763,-1.194846749305725,-0.04904823303222655,0.6113889217376709,0.5639073848724365,1.2219027638435365,1.7116981744766235,-0.22961410880088806,20,0.03807615230460922,Easy,7a4e145dbbe841b986d570e5be36fd634f7451f9f0676599cf465cac32601e52
astropy__astropy-13033,astropy/astropy,a295c83e68ff62290947b0796b75659b94621b7f2340d6f0055512d04be3f1d1,852,False,0.18461538461538463,-0.5307067036628723,-0.49444708228111267,1.2711772441864013,-1.3204096555709839,-0.12557324171066284,0.5307067036628723,0.49444708228111267,1.1456040024757386,1.621903419494629,-0.4780902862548828,86,0.17034068136272545,Easy,7a4e145dbbe841b986d570e5be36fd634f7451f9f0676599cf465cac32601e52
astropy__astropy-13236,astropy/astropy,1f01b57c4e17057a2427b8ed897618f91782d22e98804b706826ba936a3d5ec4,557,False,0.26153846153846155,-0.33654823899269104,-0.280712366104126,1.2683198004961018,-1.382739543914795,-0.397353920340538,0.33654823899269104,0.280712366104126,0.8709658801555638,1.6359975337982178,-0.3737746775150299,185,0.3687374749498998,Medium,7a4e145dbbe841b986d570e5be36fd634f7451f9f0676599cf465cac32601e52
astropy__astropy-13398,astropy/astropy,c26c8dc258dc5cb9dd34f30bdbaaed3f19a8ada137e0f19d81d7f57dc5f11bba,1434,False,0.13076923076923078,-0.5775072574615479,-0.5408220291137695,1.241950723528862,-1.1920182704925537,-0.0552971929311752,0.5775072574615479,0.5408220291137695,1.1866535305976869,1.7268012762069702,-0.4765442907810211,11,0.02004008016032064,Easy,7a4e145dbbe841b986d570e5be36fd634f7451f9f0676599cf465cac32601e52
astropy__astropy-13453,astropy/astropy,be929904c3062b54da2fa3ad7de338bd7f1f41a5aa48e64bec41f244d6e17c5a,2712,False,0.2076923076923077,-0.4428360164165497,-0.36949974298477173,1.3885257840156555,-1.3988831043243408,-0.35906453132629396,0.4428360164165497,0.36949974298477173,1.0294612526893616,1.5987966060638428,0.00804722961038351,124,0.24649298597194388,Easy,7a4e145dbbe841b986d570e5be36fd634f7451f9f0676599cf465cac32601e52
astropy__astropy-13579,astropy/astropy,70a48b6e4c77b5abc12b1e750bbb70110b7215d19c9ea3550f2b7261be84021d,1762,False,0.16923076923076924,-0.5216414928436279,-0.492800772190094,1.311145675182343,-1.3001292943954468,-0.1439010977745056,0.5216414928436279,0.492800772190094,1.1672445774078373,1.7195918560028076,-0.17529229819774628,61,0.12024048096192384,Easy,7a4e145dbbe841b986d570e5be36fd634f7451f9f0676599cf465cac32601e52
astropy__astropy-13977,astropy/astropy,53b72f8a5aed23f5d11650d7d4ae0e36c820cfade3c8ebcc7b718055a80d1cb2,1019,False,0.2846153846153846,-0.3032040596008301,-0.23013149201869965,1.2871117293834686,-1.501840591430664,-0.4426056623458862,0.3032040596008301,0.23013149201869965,0.8445060670375825,1.5267326831817627,-0.2146439105272293,212,0.4228456913827655,Medium,7a4e145dbbe841b986d570e5be36fd634f7451f9f0676599cf465cac32601e52
astropy__astropy-14096,astropy/astropy,938971021e89cd882f6ea33d61202fe7aa0091d7be4748b100ddc7e164db90cd,294,False,0.3,-0.2658698558807373,-0.19382397830486298,1.2553155452013016,-1.4221858978271484,-0.455690798163414,0.2658698558807373,0.19382397830486298,0.7996247470378877,1.5724973678588867,-0.17204301059246063,237,0.4729458917835671,Medium,7a4e145dbbe841b986d570e5be36fd634f7451f9f0676599cf465cac32601e52
astropy__astropy-14182,astropy/astropy,2f743a72613ab0e8e063ff7b7f0a233015ad12ba14992625d9f84b315fa885fd,646,False,0.23846153846153847,-0.36417627334594727,-0.3099824786186218,1.2957897692918783,-1.368941307067871,-0.3680042654275894,0.36417627334594727,0.3099824786186218,0.9277855038642888,1.6630618572235107,-0.5995966196060181,159,0.3166332665330661,Easy,7a4e145dbbe841b986d570e5be36fd634f7451f9f0676599cf465cac32601e52
astropy__astropy-14309,astropy/astropy,27b74ed7081579a5f310188d6ed6ac4da1d785c492b00052d605b7ba04d036b9,1600,False,0.2076923076923077,-0.49682265520095825,-0.44429364800453186,1.3458327546715736,-1.3931044340133667,-0.23530501276254653,0.49682265520095825,0.44429364800453186,1.1105277419090271,1.7672666311264038,-0.1714717000722885,125,0.24849699398797595,Easy,7a4e145dbbe841b986d570e5be36fd634f7451f9f0676599cf465cac32601e52
astropy__astropy-14365,astropy/astropy,615252d5c44819451977588671ce903d3a21c41a8bf011738e2aee39218d56c6,537,False,0.35384615384615387,-0.2079867571592331,-0.17129956185817719,1.3149174988269805,-1.5178017616271973,-0.49699811935424804,0.2079867571592331,0.17129956185817719,0.8179193794727325,1.562270998954773,-0.18537364900112152,322,0.6432865731462926,Medium,7a4e145dbbe841b986d570e5be36fd634f7451f9f0676599cf465cac32601e52
astropy__astropy-14369,astropy/astropy,005d3d61c2ffbfa601f53125a9fb5271a1a87979977b857204d9f3cf5190fba9,887,False,0.23076923076923078,-0.3723266124725342,-0.3389836549758911,1.2496873259544379,-1.3889825344085693,-0.31702687740325924,0.3723266124725342,0.3389836549758911,0.9326604485511786,1.6998481750488281,-0.489170640707016,153,0.3046092184368738,Easy,7a4e145dbbe841b986d570e5be36fd634f7451f9f0676599cf465cac32601e52
astropy__astropy-14508,astropy/astropy,d08eb8c70acd4f003f7f477092385046092d36ff4e4155594b286795e7f9cd9f,989,False,0.36153846153846153,-0.20514564216136932,-0.12356425076723099,1.355535012483597,-1.5355815887451172,-0.6253593266010284,0.20514564216136932,0.12356425076723099,0.7301756858825685,1.532738447189331,-0.05698943883180618,336,0.6713426853707415,Hard,7a4e145dbbe841b986d570e5be36fd634f7451f9f0676599cf465cac32601e52
astropy__astropy-14539,astropy/astropy,deeb8ddb329b19eb6de7602db7ffbfb94a0887bedebd68ce49594609b6f4cf1a,529,False,0.34615384615384615,-0.24428388476371765,-0.17433446645736694,1.3547943651676178,-1.5274202823638916,-0.5384418487548828,0.24428388476371765,0.17433446645736694,0.816352516412735,1.4998289346694946,0.0015718815848231316,313,0.625250501002004,Medium,7a4e145dbbe841b986d570e5be36fd634f7451f9f0676599cf465cac32601e52
astropy__astropy-14598,astropy/astropy,5edf1315e9ce360f72c2d3b23f08cdb974a758b64b13a6724236ca5d54beb9a9,1002,False,0.2076923076923077,-0.3834149241447449,-0.35004502534866333,1.3034249991178513,-1.3813155889511108,-0.3010331243276596,0.3834149241447449,0.35004502534866333,1.0023918747901917,1.6622244119644165,-0.17954832315444946,126,0.250501002004008,Easy,7a4e145dbbe841b986d570e5be36fd634f7451f9f0676599cf465cac32601e52
astropy__astropy-14995,astropy/astropy,2eb1c507dd3ad67acc74872966e4bb5e14d571e20e67f246fc454ed9461f5745,878,False,0.26153846153846155,-0.32584238052368164,-0.2541307210922241,1.2218611270189286,-1.4342108964920044,-0.36517464816570283,0.32584238052368164,0.2541307210922241,0.8566864788532257,1.604803204536438,-0.014364786446094513,186,0.37074148296593185,Medium,7a4e145dbbe841b986d570e5be36fd634f7451f9f0676599cf465cac32601e52
astropy__astropy-7166,astropy/astropy,70c79d6da0284ce81f9e951dbab5c77d94bf8a27cd156f54169b424d75d11e43,45,False,0.2846153846153846,-0.34948861598968506,-0.28703853487968445,1.2136804193258286,-1.4258627891540527,-0.3024192899465561,0.34948861598968506,0.28703853487968445,0.9112611293792725,1.516562819480896,-0.19336406886577606,213,0.4248496993987976,Medium,7a4e145dbbe841b986d570e5be36fd634f7451f9f0676599cf465cac32601e52
astropy__astropy-7336,astropy/astropy,1c51cc8817f7b2f1feb043bdd2a54fcc4f89150dad82c60dbd43f68d1dcdf90d,466,False,0.2692307692307692,-0.34121173620224,-0.2684519290924072,1.2158655017614364,-1.4661483764648438,-0.3548168271780014,0.34121173620224,0.2684519290924072,0.861048674583435,1.5706170797348022,-0.3175080120563507,193,0.3847695390781563,Medium,7a4e145dbbe841b986d570e5be36fd634f7451f9f0676599cf465cac32601e52
astropy__astropy-7606,astropy/astropy,d61965d0866c6a856d68dc4229f873e783399415a60d2a906d7847b777623ddd,344,False,0.36153846153846153,-0.22813528776168823,-0.14990650117397308,1.1655172288417819,-1.4150851964950562,-0.45649766325950625,0.22813528776168823,0.14990650117397308,0.7090195655822755,1.57405424118042,-0.17601606249809265,337,0.6733466933867736,Hard,7a4e145dbbe841b986d570e5be36fd634f7451f9f0676599cf465cac32601e52
astropy__astropy-7671,astropy/astropy,90a901a7b3d510c5fe9317b76fc9f83e883b577de167936d9e76ccbd69677f70,650,False,0.36923076923076925,-0.10302391648292542,-0.05862367898225784,1.3084576070308684,-1.441613793373108,-0.6479296982288361,0.10302391648292542,0.05862367898225784,0.6605279088020325,1.6359021663665771,-0.1951785832643509,346,0.6913827655310621,Hard,7a4e145dbbe841b986d570e5be36fd634f7451f9f0676599cf465cac32601e52
astropy__astropy-8707,astropy/astropy,f7420a19ba5b0c807396a84da376d8303e69ff66d0216c332adf099da589a714,221,False,0.23846153846153847,-0.3831130862236023,-0.3323863446712494,1.2432796865701676,-1.2621783018112183,-0.30271675884723664,0.3831130862236023,0.3323863446712494,0.9405629277229309,1.6497172117233276,-0.07702168822288513,160,0.3186372745490982,Easy,7a4e145dbbe841b986d570e5be36fd634f7451f9f0676599cf465cac32601e52
astropy__astropy-8872,astropy/astropy,495ed57c2183a49ff489deab1cf1f0a4fafe7e6fad6d6af79a407426de354746,375,False,0.25384615384615383,-0.34117454290390015,-0.2892332673072815,1.1571152001619343,-1.278712272644043,-0.3199609249830246,0.34117454290390015,0.2892332673072815,0.8371542751789097,1.5779995918273926,-0.050519682466983795,173,0.34468937875751504,Medium,7a4e145dbbe841b986d570e5be36fd634f7451f9f0676599cf465cac32601e52
django__django-10097,django/django,2288319e7e72693551b8454b5c63f165f23dfb32bc6579ad03602d3cd311bdaa,642,False,0.5076923076923077,0.014419853687286377,0.06175297126173973,1.326388877630234,-1.5895106792449951,-0.7615057945251464,-0.014419853687286377,-0.06175297126173973,0.5648830831050876,1.3357969522476196,-0.16934123635292053,467,0.9338677354709419,Hard,7a4e145dbbe841b986d570e5be36fd634f7451f9f0676599cf465cac32601e52
django__django-10554,django/django,2f72fa6137f1d53983cff629a05e06c42a2ad477ea4557746c4688cbd6aeb724,1089,False,0.5230769230769231,0.0038863271474838257,0.12199950963258743,1.1648805201053627,-1.7553660869598389,-0.7881725251674652,-0.0038863271474838257,-0.12199950963258743,0.37670799493789753,1.4174147844314575,-0.06940220296382904,477,0.9539078156312625,Hard,7a4e145dbbe841b986d570e5be36fd634f7451f9f0676599cf465cac32601e52
django__django-10880,django/django,d554ba8ef84e2e4dc22c291d413e4cb58070d5d730dae3aca383a4cdb77c20b2,71,False,0.38461538461538464,-0.15798357129096985,-0.10880924016237259,1.233067619800568,-1.5232573747634888,-0.5350546479225159,0.15798357129096985,0.10880924016237259,0.698012971878052,1.5188145637512207,-0.22705572843551636,361,0.7214428857715431,Hard,7a4e145dbbe841b986d570e5be36fd634f7451f9f0676599cf465cac32601e52
django__django-10914,django/django,ba101c6d80094fe56bc64d74dcb7efe033a6e0d43dd77e8f00e65806fdbcdb8b,256,False,0.17692307692307693,-0.4990171790122986,-0.4440877437591553,1.3154695957899094,-1.1495444774627686,-0.19234460294246672,0.4990171790122986,0.4440877437591553,1.1231249928474427,1.637255072593689,-0.4377712309360504,75,0.14829659318637275,Easy,7a4e145dbbe841b986d570e5be36fd634f7451f9f0676599cf465cac32601e52
django__django-10973,django/django,bde1c4529fef5d030d1bd73a02e45bdbf9535a3c351aa9a43dba5c8249800271,94,False,0.2076923076923077,-0.46287256479263306,-0.3811914920806885,1.2824541181325912,-1.2202520370483398,-0.26185831725597375,0.46287256479263306,0.3811914920806885,1.0205958008766176,1.568345069885254,-0.3537972867488861,127,0.25250501002004005,Easy,7a4e145dbbe841b986d570e5be36fd634f7451f9f0676599cf465cac32601e52
django__django-10999,django/django,efbac10cda6c1ef780205a8d9fc176b5489d1da8f76d9cbd366ef303052fd8d3,272,False,0.5846153846153846,0.0829615443944931,0.16016322374343872,1.3311537802219398,-1.7139118909835815,-0.9022796809673309,-0.0829615443944931,-0.16016322374343872,0.4288740992546088,1.2997208833694458,-0.05420733243227005,498,0.9959919839679359,Hard,7a4e145dbbe841b986d570e5be36fd634f7451f9f0676599cf465cac32601e52
django__django-11066,django/django,2c4cbca71895396f6bac73ad9454105f56828f542278e2e927483f6cac599db8,497,False,0.38461538461538464,-0.19158881902694702,-0.12485426664352417,1.2375770688056948,-1.5877535343170166,-0.5183602809906006,0.19158881902694702,0.12485426664352417,0.7192167878150942,1.368500828742981,-0.07947483658790588,362,0.7234468937875751,Hard,7a4e145dbbe841b986d570e5be36fd634f7451f9f0676599cf465cac32601e52
django__django-11087,django/django,9bd93972a91db1ad0e44e65720dd0f36f000de6264e770ffdaaeb06996a338f3,3307,False,0.35384615384615387,-0.24126820266246796,-0.13626715540885925,1.3002097666263581,-1.4022493362426758,-0.5101602017879486,0.24126820266246796,0.13626715540885925,0.7900495648384096,1.3919702768325806,-0.33549177646636963,323,0.6452905811623246,Medium,7a4e145dbbe841b986d570e5be36fd634f7451f9f0676599cf465cac32601e52
django__django-11095,django/django,0564572e65282f6920d43eaaa77ae7b103eec95b435aa1ba183d7daa32b9e83d,105,False,0.3153846153846154,-0.29101306200027466,-0.19176949560642242,1.17378711104393,-1.475820541381836,-0.39876651167869565,0.29101306200027466,0.19176949560642242,0.7750205993652344,1.4431705474853516,-0.056211259216070175,256,0.5110220440881763,Medium,7a4e145dbbe841b986d570e5be36fd634f7451f9f0676599cf465cac32601e52
django__django-11099,django/django,b0526bc6d9268fe373bf624621c8d5f560fc6b0ffae7e64b460d84f6726f3ed5,202,False,0.4846153846153846,-0.017057493329048157,0.02167053334414959,1.2676022946834564,-1.5187711715698242,-0.7081651210784912,0.017057493329048157,-0.02167053334414959,0.5594371736049654,1.343583583831787,-0.04524087905883789,452,0.9038076152304609,Hard,7a4e145dbbe841b986d570e5be36fd634f7451f9f0676599cf465cac32601e52
django__django-11119,django/django,264fad964e8d5a49cd04509eb503175aed31535e29c9262cb9eee4b251192728,109,False,0.4,-0.1283857822418213,-0.09489312767982483,1.2669636189937594,-1.513779878616333,-0.5468403875827789,0.1283857822418213,0.09489312767982483,0.7201232314109804,1.6207634210586548,-0.25057920813560486,375,0.749498997995992,Hard,7a4e145dbbe841b986d570e5be36fd634f7451f9f0676599cf465cac32601e52
django__django-11133,django/django,a7f427b7eb3f746b6985030b467a99099e6e3453319297a41e35effa7c32b8ed,227,False,0.13846153846153847,-0.5537492632865906,-0.5081310272216797,1.1614865601062776,-1.1890524625778198,-0.09407196640968321,0.5537492632865906,0.5081310272216797,1.0674145936965944,1.6850987672805786,-0.12425029277801514,21,0.04008016032064128,Easy,7a4e145dbbe841b986d570e5be36fd634f7451f9f0676599cf465cac32601e52
django__django-11138,django/django,b33c129178156fdb6d35f4d406ac6090bc6fbb7b220893ec068c0d76d7bca1ea,1102,False,0.3,-0.2864496111869812,-0.2014787346124649,1.2069472819566727,-1.4487431049346924,-0.43587504923343656,0.2864496111869812,0.2014787346124649,0.7710722327232362,1.3464014530181885,-0.24093925952911377,238,0.4749498997995992,Medium,7a4e145dbbe841b986d570e5be36fd634f7451f9f0676599cf465cac32601e52
django__django-11141,django/django,f7a89b6c259b982bea8f5247ea54ad080dd4d3b5a7a559662b13928218ef6d94,203,False,0.34615384615384615,-0.20844726264476776,-0.16323815286159515,1.307565200328827,-1.4074132442474365,-0.5240832686424255,0.20844726264476776,0.16323815286159515,0.7834819316864015,1.5046577453613281,-0.2930424213409424,314,0.627254509018036,Medium,7a4e145dbbe841b986d570e5be36fd634f7451f9f0676599cf465cac32601e52
django__django-11149,django/django,06f935b0cc647735e6955439f0cdd900198152c69bf75dc8f9af4673d0bc3f2b,230,False,0.36923076923076925,-0.20651012659072876,-0.12450850754976273,1.2358699977397924,-1.418455719947815,-0.517055082321167,0.20651012659072876,0.12450850754976273,0.7188149154186254,1.4244791269302368,-0.008672503754496574,347,0.6933867735470942,Hard,7a4e145dbbe841b986d570e5be36fd634f7451f9f0676599cf465cac32601e52
django__django-11163,django/django,8dbd8cae38c3a82b681a79bdfe8ffaa78aa6f1fad9744a1ca197f90265e5c80b,119,False,0.4461538461538462,-0.06374628096818924,-0.00795937329530716,1.2036506295204163,-1.492896556854248,-0.6187742948532104,0.06374628096818924,0.00795937329530716,0.584876334667206,1.3165476322174072,0.15144285559654236,432,0.8637274549098196,Hard,7a4e145dbbe841b986d570e5be36fd634f7451f9f0676599cf465cac32601e52
django__django-11179,django/django,9f6cb755dfdc0db5536cba40dae20c41d4750fd6a87acc18677c929ca896d136,81,False,0.3076923076923077,-0.27678370475769043,-0.21557840704917908,1.195686560869217,-1.408199667930603,-0.41803352236747743,0.27678370475769043,0.21557840704917908,0.7776530385017397,1.539265751838684,-0.1298922598361969,247,0.49298597194388777,Medium,7a4e145dbbe841b986d570e5be36fd634f7451f9f0676599cf465cac32601e52
django__django-11206,django/django,ee97fdc81bae9d09d812606706e4594d671418a6b4ece0d0e649518e4b915e07,194,False,0.3384615384615385,-0.2239753007888794,-0.1620735228061676,1.2812561839818954,-1.530684232711792,-0.5000874191522598,0.2239753007888794,0.1620735228061676,0.7811687648296357,1.396895408630371,-0.1680489182472229,288,0.5751503006012024,Medium,7a4e145dbbe841b986d570e5be36fd634f7451f9f0676599cf465cac32601e52
django__django-11211,django/django,658b186e181f63e4cf92e146a414b8f30b0fc898e5bb698a7a45bcd900fce010,287,False,0.2846153846153846,-0.3364613354206085,-0.24679791927337646,1.1737686425447464,-1.2228647470474243,-0.3578071266412735,0.3364613354206085,0.24679791927337646,0.8159615159034729,1.369523286819458,-0.13098594546318054,214,0.42685370741482964,Medium,7a4e145dbbe841b986d570e5be36fd634f7451f9f0676599cf465cac32601e52
django__django-11239,django/django,4f06ccec412dfd622e67248f35d24c93d00bfb755849a39f958b4e806969b86f,348,False,0.36153846153846153,-0.1653853952884674,-0.10410848259925842,1.1916809678077702,-1.626052975654602,-0.5386879980564118,0.1653853952884674,0.10410848259925842,0.6529929697513585,1.535470724105835,-0.20555326342582703,338,0.6753507014028056,Hard,7a4e145dbbe841b986d570e5be36fd634f7451f9f0676599cf465cac32601e52
django__django-11265,django/django,6186de491ef0cfc65eab80595ae1e2d5e8746e2b5751fc5e39bc75b293bbaa3c,1429,False,0.49230769230769234,-0.014406472444534302,0.07815051823854446,1.1331295639276506,-1.63369619846344,-0.666776704788208,0.014406472444534302,-0.07815051823854446,0.46635285913944247,1.2608468532562256,-0.10449899733066559,455,0.9098196392785571,Hard,7a4e145dbbe841b986d570e5be36fd634f7451f9f0676599cf465cac32601e52
django__django-11276,django/django,eb475bff9bea96bffba03eee2d2d0b4e1b494afe04343176f8200a97e32077c8,308,False,0.4461538461538462,-0.05221160501241684,-0.006281636189669371,1.2954716920852665,-1.566361904144287,-0.6488906383514405,0.05221160501241684,0.006281636189669371,0.6465810537338259,1.360813856124878,-0.27588093280792236,433,0.8657314629258517,Hard,7a4e145dbbe841b986d570e5be36fd634f7451f9f0676599cf465cac32601e52
django__django-11292,django/django,6fdf22f6653877da6f205b4a51557ccc30e14866d85c33a67657a29deb7194b1,84,False,0.19230769230769232,-0.5060508251190186,-0.4381678104400635,1.2054769501090052,-1.1072314977645874,-0.1557461008429527,0.5060508251190186,0.4381678104400635,1.0497308492660526,1.6744780540466309,-0.43698564171791077,101,0.20040080160320642,Easy,7a4e145dbbe841b986d570e5be36fd634f7451f9f0676599cf465cac32601e52
django__django-11299,django/django,97b5f134c36100595809297bfa1c1ce5948944ca8c384e47b2b9df33fb94089c,906,False,0.45384615384615384,-0.05029720067977905,-0.004656241275370121,1.1226500153541572,-1.6847057342529297,-0.5857800483703614,0.05029720067977905,0.004656241275370121,0.5368699669837957,1.439993143081665,-0.1372351199388504,436,0.8717434869739479,Hard,7a4e145dbbe841b986d570e5be36fd634f7451f9f0676599cf465cac32601e52
django__django-11333,django/django,46c75805409021e7df849f3ee81081ba222cd9ceac4020e5a956be44df192d5d,388,False,0.36153846153846153,-0.15031646192073822,-0.11019778996706009,1.327287805080414,-1.5773160457611084,-0.6348213195800781,0.15031646192073822,0.11019778996706009,0.6924664855003358,1.4702781438827515,-0.40671953558921814,339,0.6773547094188377,Hard,7a4e145dbbe841b986d570e5be36fd634f7451f9f0676599cf465cac32601e52
django__django-11400,django/django,3add264d5b3fc0e287b7bfe3c5b1179263d4a811de6caeb2a739b918bb049a21,217,False,0.45384615384615384,-0.09759092330932617,-0.010958543047308922,1.2663325846195221,-1.5958166122436523,-0.6669817924499511,0.09759092330932617,0.010958543047308922,0.599350792169571,1.4002690315246582,-0.13757549226284027,437,0.87374749498998,Hard,7a4e145dbbe841b986d570e5be36fd634f7451f9f0676599cf465cac32601e52
django__django-11433,django/django,65f0d2e3b24ac4220baeebaf2adbdb8124d975a8ea8397a95a0054bae9b585b7,162,False,0.2923076923076923,-0.33555492758750916,-0.26089391112327576,1.2064790040254596,-1.3943482637405396,-0.3364555865526199,0.33555492758750916,0.26089391112327576,0.8700234174728397,1.560551404953003,-0.3340204358100891,224,0.4468937875751503,Medium,7a4e145dbbe841b986d570e5be36fd634f7451f9f0676599cf465cac32601e52
django__django-11451,django/django,3b394ef33a4c2eb7541dfa1eb6dd8672bd86a4de24b7c674cccf909c32b1f346,534,False,0.35384615384615387,-0.18766248226165771,-0.1401619017124176,1.1530534029006962,-1.43100905418396,-0.4545184075832367,0.18766248226165771,0.1401619017124176,0.6985349953174596,1.2672688961029053,0.06238090619444847,324,0.6472945891783567,Medium,7a4e145dbbe841b986d570e5be36fd634f7451f9f0676599cf465cac32601e52
django__django-11477,django/django,e6f1734b2127e19740523521d8c2a947f81cb3b7f7bbe51fd8550374fd580d9b,54,False,0.25384615384615383,-0.3580330014228821,-0.27831313014030457,1.1178197205066684,-1.289017677307129,-0.295856899023056,0.3580330014228821,0.27831313014030457,0.8219628214836125,1.5217704772949219,-0.24156294763088226,174,0.3466933867735471,Medium,7a4e145dbbe841b986d570e5be36fd634f7451f9f0676599cf465cac32601e52
django__django-11490,django/django,3e617e299646332b07e60d86867a3c5246fd7fd6cf0263a94ae5585f0fd30d00,160,False,0.4153846153846154,-0.10769405961036682,-0.09656328707933426,1.1591776371002198,-1.5692760944366455,-0.5225613474845886,0.10769405961036682,0.09656328707933426,0.6366162896156312,1.4224079847335815,0.07246746122837067,396,0.7915831663326653,Hard,7a4e145dbbe841b986d570e5be36fd634f7451f9f0676599cf465cac32601e52
django__django-11532,django/django,55f341608fd38b10a968d018743892b2ae8828db032984dc7c105f6679eb65c7,898,False,0.5153846153846153,0.04451890289783478,0.10299160331487656,1.234023249149323,-1.776070237159729,-0.7504807472229004,-0.04451890289783478,-0.10299160331487656,0.4835425019264226,1.3636822700500488,-0.06301586329936981,473,0.9458917835671342,Hard,7a4e145dbbe841b986d570e5be36fd634f7451f9f0676599cf465cac32601e52
django__django-11551,django/django,cd027addb8154f7cfea79bc2b15dede0f5147436aee168f548dcbbe233ccdecb,1501,False,0.4230769230769231,-0.07899889349937439,-0.021992051973938942,1.2581238925457003,-1.499760627746582,-0.6579385101795197,0.07899889349937439,0.021992051973938942,0.6001853823661807,1.4182991981506348,-0.1454898715019226,406,0.811623246492986,Hard,7a4e145dbbe841b986d570e5be36fd634f7451f9f0676599cf465cac32601e52
django__django-11555,django/django,7ee01f2d7d71129328901b610c75e815c7dfb7ddd1ca605d87d8d02ba6851d1c,180,False,0.1076923076923077,-0.5219250321388245,-0.5534214973449707,1.2221036076545717,-1.0094588994979858,-0.012591898441314673,0.5219250321388245,0.5534214973449707,1.209511709213257,1.7325106859207153,-0.5111002922058105,4,0.006012024048096192,Easy,7a4e145dbbe841b986d570e5be36fd634f7451f9f0676599cf465cac32601e52
django__django-11603,django/django,cc6c06c69faae4c8e525b22f032272081f2dbc5d7d732f3589ca3f5723a0215b,99,False,0.25384615384615383,-0.3282352685928345,-0.2803998589515686,1.268579062819481,-1.2879939079284668,-0.3636104553937912,0.3282352685928345,0.2803998589515686,0.90496860742569,1.6107985973358154,-0.39952778816223145,175,0.3486973947895792,Medium,7a4e145dbbe841b986d570e5be36fd634f7451f9f0676599cf465cac32601e52
django__django-11728,django/django,92e9410d9f1fe201c108b695ddfe9c121a14eff902d41f154f2982ad5ce6d6c7,139,False,0.4,-0.10271081328392029,-0.06374765932559967,1.2113352358341225,-1.4196534156799316,-0.5768197119235993,0.10271081328392029,0.06374765932559967,0.6345155239105231,1.3431166410446167,-0.09468867629766464,376,0.751503006012024,Hard,7a4e145dbbe841b986d570e5be36fd634f7451f9f0676599cf465cac32601e52
django__django-11734,django/django,b51d07c9174dd7bef00b07bb42a728e48a83131a9a9b752fa99f6eb5ef0c76cc,286,False,0.4153846153846154,-0.12674133479595184,-0.052925970405340195,1.1501415848731995,-1.6218204498291016,-0.5578425109386445,0.12674133479595184,0.052925970405340195,0.592299073934555,1.372344970703125,-0.08976276963949203,397,0.7935871743486974,Hard,7a4e145dbbe841b986d570e5be36fd634f7451f9f0676599cf465cac32601e52
django__django-11740,django/django,e957578643e3473772f3962d3350cf65879725d62c071efa6b97fc4fda1f7d27,613,False,0.3384615384615385,-0.23497211933135986,-0.18406014144420624,1.359370428323746,-1.4364718198776245,-0.5023862659931183,0.23497211933135986,0.18406014144420624,0.8569841623306276,1.3719515800476074,-0.1192173957824707,289,0.5771543086172345,Medium,7a4e145dbbe841b986d570e5be36fd634f7451f9f0676599cf465cac32601e52
django__django-11749,django/django,43e20ff7e1fecc7bc072098091cafb2d1c078428917e0a43b182ef78cecccecb,342,False,0.43846153846153846,-0.10000717639923096,-0.02227565459907055,1.1947525560855867,-1.6003613471984863,-0.6222373247146606,0.10000717639923096,0.02227565459907055,0.572515231370926,1.2492949962615967,0.024177884683012962,423,0.845691382765531,Hard,7a4e145dbbe841b986d570e5be36fd634f7451f9f0676599cf465cac32601e52
django__django-11790,django/django,4482bb11e178b43b0d8d59d373ea8ed2631996c27f7ec51d89d65dad47ab37cb,171,False,0.4153846153846154,-0.10422383248806,-0.058748550713062286,1.3199301600456241,-1.5420141220092773,-0.6585430264472961,0.10422383248806,0.058748550713062286,0.661387133598328,1.4061087369918823,-0.04582228511571884,398,0.7955911823647295,Hard,7a4e145dbbe841b986d570e5be36fd634f7451f9f0676599cf465cac32601e52
django__django-11815,django/django,e022afa957e8b3db88243013133760019ad87c3d207851d0da7af9fdd8483efd,413,False,0.46153846153846156,-0.06259249895811081,-0.0014372458681464195,1.2345528423786165,-1.6308083534240723,-0.6576315402984619,0.06259249895811081,0.0014372458681464195,0.5769213020801546,1.3677759170532227,0.05504291504621506,441,0.8817635270541082,Hard,7a4e145dbbe841b986d570e5be36fd634f7451f9f0676599cf465cac32601e52
django__django-11820,django/django,8037de3210e730f87afe64ed1280846ba8d4d7e23c7720cba65ebe389ce36a7e,130,False,0.4153846153846154,-0.1027187705039978,-0.05610004439949989,1.2375214338302611,-1.5881316661834717,-0.5901969850063324,0.1027187705039978,0.05610004439949989,0.6473244488239288,1.4529261589050293,-0.1554490327835083,399,0.7975951903807615,Hard,7a4e145dbbe841b986d570e5be36fd634f7451f9f0676599cf465cac32601e52
django__django-11848,django/django,cce2d9dc991da88832938161e2da1d3b1b829f72c5e178ed15a7d9ae8435db74,199,False,0.3,-0.27500706911087036,-0.23738743364810944,1.1984184563159945,-1.3388352394104004,-0.35476033091545106,0.27500706911087036,0.23738743364810944,0.8436581254005434,1.5527138710021973,-0.42023491859436035,239,0.47695390781563124,Medium,7a4e145dbbe841b986d570e5be36fd634f7451f9f0676599cf465cac32601e52
django__django-11880,django/django,e602e90dd73a70f9faf006238dfda2347f4aa08bb29365ae2611b3ea92f3eff4,319,False,0.3384615384615385,-0.19011826813220978,-0.15471000969409943,1.2723247826099398,-1.4943104982376099,-0.5089265167713165,0.19011826813220978,0.15471000969409943,0.7633982658386231,1.5661537647247314,-0.3797326683998108,290,0.5791583166332666,Medium,7a4e145dbbe841b986d570e5be36fd634f7451f9f0676599cf465cac32601e52
django__django-11885,django/django,bd6ce8dcb4e3ccf23898a9f244352cc8d464c3f6e5fff1f656d5a30446a6ea10,341,False,0.3769230769230769,-0.16815876960754395,-0.11173609644174576,1.1879122555255897,-1.575854778289795,-0.5101188838481903,0.16815876960754395,0.11173609644174576,0.6777933716773994,1.517932653427124,-0.14089271426200867,352,0.7034068136272545,Hard,7a4e145dbbe841b986d570e5be36fd634f7451f9f0676599cf465cac32601e52
django__django-11951,django/django,7c7ff1d81171a59af83ad9d0934053aa7c4e9bf6698ae2b3acde3e4d6353c169,199,False,0.35384615384615387,-0.21124780178070068,-0.13476887345314026,1.266818791627884,-1.3970725536346436,-0.528953593969345,0.21124780178070068,0.13476887345314026,0.7378651976585389,1.414249062538147,-0.13911721110343933,325,0.6492985971943888,Medium,7a4e145dbbe841b986d570e5be36fd634f7451f9f0676599cf465cac32601e52
django__django-11964,django/django,9f510b2ad7d3833f07816f18dfa6dbb8dacf72061c288cfe399418bfe4da25ab,666,False,0.3384615384615385,-0.21827660501003265,-0.15098333358764648,1.1717308461666107,-1.409265398979187,-0.4719508945941925,0.21827660501003265,0.15098333358764648,0.6997799515724182,1.2517213821411133,-0.17702579498291016,291,0.5811623246492986,Medium,7a4e145dbbe841b986d570e5be36fd634f7451f9f0676599cf465cac32601e52
django__django-11999,django/django,5c317d46980d58d2ca75a9fb2c1af025e27357abd4dcd5ea37d4b2dcd8bcd63c,177,False,0.3153846153846154,-0.1962544173002243,-0.17612503468990326,1.1870059251785279,-1.438588261604309,-0.4513681054115295,0.1962544173002243,0.17612503468990326,0.7356378197669984,1.5336871147155762,-0.052131883800029755,257,0.5130260521042084,Medium,7a4e145dbbe841b986d570e5be36fd634f7451f9f0676599cf465cac32601e52
django__django-12039,django/django,2d2bf1ab2eecd3ede142cda952d8b44ef51fab8febe416c2a85636fd4e13ea3d,375,False,0.36153846153846153,-0.18509194254875183,-0.11749238520860672,1.2562426447868351,-1.541403889656067,-0.5555762529373168,0.18509194254875183,0.11749238520860672,0.7006663918495183,1.376764178276062,-0.2360605001449585,340,0.6793587174348698,Hard,7a4e145dbbe841b986d570e5be36fd634f7451f9f0676599cf465cac32601e52
django__django-12050,django/django,161289bab4cda50aeb7a81ed68bb3a025e2a99db08588000a2f91ee206fbaa19,84,False,0.2923076923076923,-0.32541102170944214,-0.24689257144927979,1.1924359202384953,-1.3728023767471313,-0.3963202595710754,0.32541102170944214,0.24689257144927979,0.7961156606674198,1.45148503780365,-0.272539883852005,225,0.44889779559118237,Medium,7a4e145dbbe841b986d570e5be36fd634f7451f9f0676599cf465cac32601e52
django__django-12125,django/django,d466ceb9860bfb421821c9bab47b1fa2c11295523365b174ea0b2a5a3b125a65,471,False,0.35384615384615387,-0.17726947367191315,-0.12057138979434967,1.2182647585868835,-1.5734992027282715,-0.5214262664318084,0.17726947367191315,0.12057138979434967,0.6968384921550751,1.404981255531311,-0.12090812623500824,326,0.6513026052104208,Medium,7a4e145dbbe841b986d570e5be36fd634f7451f9f0676599cf465cac32601e52
django__django-12143,django/django,ea44d6cab1951bed46e10efdbfdb78f383cedc26f1d76a88cc7075ab774c2d87,441,False,0.3153846153846154,-0.26059818267822266,-0.1982850879430771,1.302178001403809,-1.4564464092254639,-0.5006421327590942,0.26059818267822266,0.1982850879430771,0.8015358686447147,1.3911110162734985,-0.33245351910591125,258,0.5150300601202404,Medium,7a4e145dbbe841b986d570e5be36fd634f7451f9f0676599cf465cac32601e52
django__django-12155,django/django,9f32a4a285f49a0f7005c54b76bcfa9d413dcf203ccc4e6f03bdb5bd89f537a4,214,False,0.35384615384615387,-0.16466207802295685,-0.12358075380325317,1.213887369632721,-1.4094083309173584,-0.5117526710033417,0.16466207802295685,0.12358075380325317,0.7021346986293794,1.4222936630249023,0.06599725782871246,327,0.6533066132264529,Medium,7a4e145dbbe841b986d570e5be36fd634f7451f9f0676599cf465cac32601e52
django__django-12193,django/django,6bd02eebf7c0609141d1497e235bcffa2070916542617dcee089b19d8d844eeb,179,False,0.5,0.0019459724426269531,0.07715686410665512,1.2333157539367683,-1.6723179817199707,-0.7163541078567505,-0.0019459724426269531,-0.07715686410665512,0.5169616460800178,1.3300819396972656,-0.1342833936214447,460,0.9198396793587175,Hard,7a4e145dbbe841b986d570e5be36fd634f7451f9f0676599cf465cac32601e52
django__django-12209,django/django,5e48c4a578224647481334cf10311fff1141a4897260744d719b8af678daf53c,322,False,0.27692307692307694,-0.3232172727584839,-0.28788989782333374,1.248718023300171,-1.3050808906555176,-0.3399267792701721,0.3232172727584839,0.28788989782333374,0.9087912440299989,1.5071403980255127,-0.23311308026313782,207,0.41282565130260523,Medium,7a4e145dbbe841b986d570e5be36fd634f7451f9f0676599cf465cac32601e52
django__django-12262,django/django,eb0c9b99667bc7666a6ff518747eaa71c6d392f727583d3f90cabe5cf4afe994,271,False,0.36153846153846153,-0.14075317978858948,-0.10866368561983109,1.2490717768669128,-1.468177080154419,-0.542020058631897,0.14075317978858948,0.10866368561983109,0.707051718235016,1.478020191192627,-0.09357941895723343,341,0.6813627254509018,Hard,7a4e145dbbe841b986d570e5be36fd634f7451f9f0676599cf465cac32601e52
django__django-12273,django/django,0ddf00d3800106f5e154fc638ba1e50b97e2fbebc27ab4639e16040bcf2685ca,295,False,0.3384615384615385,-0.18330161273479462,-0.12123951315879822,1.1136345058679582,-1.4122933149337769,-0.4349611788988113,0.18330161273479462,0.12123951315879822,0.6786733269691468,1.3869309425354004,0.03353254869580269,292,0.5831663326653307,Medium,7a4e145dbbe841b986d570e5be36fd634f7451f9f0676599cf465cac32601e52
django__django-12276,django/django,e8baf7faea7833b073ddc3bc0336ed0bbc8dae41004fbaf398cb6b8c8f667a8b,189,False,0.2923076923076923,-0.2872491776943207,-0.25168371200561523,1.2137133419513706,-1.298590898513794,-0.36432251930236814,0.2872491776943207,0.25168371200561523,0.8493908226490023,1.5621984004974365,-0.10742785036563873,226,0.45090180360721444,Medium,7a4e145dbbe841b986d570e5be36fd634f7451f9f0676599cf465cac32601e52
django__django-12304,django/django,99dceeb9e23295f6b10e7778f737b9bfb3cf49f99eca1cfae9b10505324c3901,151,False,0.3,-0.2931560277938843,-0.2232925295829773,1.3048032343387603,-1.428022861480713,-0.4486116051673889,0.2931560277938843,0.2232925295829773,0.8561916291713715,1.4436167478561401,-0.2200106978416443,240,0.4789579158316633,Medium,7a4e145dbbe841b986d570e5be36fd634f7451f9f0676599cf465cac32601e52
django__django-12308,django/django,3a5c42ef1352e5d34855a9b6efc54b08f2e6122a861306f8f47e323775851784,118,False,0.3230769230769231,-0.26645854115486145,-0.21462249755859375,1.2335880994796755,-1.4548965692520142,-0.39906784892082214,0.26645854115486145,0.21462249755859375,0.8345202505588534,1.55600905418396,-0.17687858641147614,275,0.5490981963927856,Medium,7a4e145dbbe841b986d570e5be36fd634f7451f9f0676599cf465cac32601e52
django__django-12325,django/django,8f920ccb5f6169fecd052cc74e6c0149701d063e78802c8f33d585a69bb18c02,263,False,0.2230769230769231,-0.43859195709228516,-0.4014251232147217,1.127674435079098,-1.0891066789627075,-0.12312421649694442,0.43859195709228516,0.4014251232147217,1.0045502185821535,1.437742829322815,-0.07252780348062515,147,0.2925851703406814,Easy,7a4e145dbbe841b986d570e5be36fd634f7451f9f0676599cf465cac32601e52
django__django-12406,django/django,0c14152f7ac2ba5dc35c69013918f93d4c0941bee9547f5eaf4e55012f00e717,323,False,0.5,0.0003020875155925751,0.0790705680847168,1.1743042945861828,-1.7513686418533325,-0.7355004429817199,-0.0003020875155925751,-0.0790705680847168,0.4388038516044628,1.3999989032745361,-0.09848441183567047,461,0.9218436873747495,Hard,7a4e145dbbe841b986d570e5be36fd634f7451f9f0676599cf465cac32601e52
django__django-12419,django/django,1f07796a60c95eb7974ea0084d52158fa47471e45dff3dde4ad328aeff3a17f6,194,False,0.2846153846153846,-0.3024228811264038,-0.23938366770744324,1.499786961078644,-1.4436075687408447,-0.573027491569519,0.3024228811264038,0.23938366770744324,0.9267594695091251,1.4867554903030396,-0.41040337085723877,215,0.4288577154308617,Medium,7a4e145dbbe841b986d570e5be36fd634f7451f9f0676599cf465cac32601e52
django__django-12663,django/django,0453b1e19a5f5d3644f3d6ff1fbdbf9f02062b7d22ef9a99ec54c669d83e7797,998,False,0.4076923076923077,-0.0852448046207428,-0.03294387459754944,1.1644640862941744,-1.5326614379882812,-0.5719086408615113,0.0852448046207428,0.03294387459754944,0.5925554454326631,1.3364627361297607,-0.023322010412812233,382,0.7635270541082164,Hard,7a4e145dbbe841b986d570e5be36fd634f7451f9f0676599cf465cac32601e52
django__django-12708,django/django,773681998993eff75a3b69f04821e4e8683f89cfffdee38f19fe11cb3c7a98be,258,False,0.2923076923076923,-0.23907005786895752,-0.20924891531467438,1.296163845062256,-1.3394708633422852,-0.4385043501853943,0.23907005786895752,0.20924891531467438,0.8576594948768617,1.41156005859375,-0.17097651958465576,227,0.4529058116232465,Medium,7a4e145dbbe841b986d570e5be36fd634f7451f9f0676599cf465cac32601e52
django__django-12713,django/django,daa45ff786da924bd2c4d52dd6d87b42fef8c43cac605a5b7853ac7dd298fe60,77,False,0.4076923076923077,-0.09223397076129913,-0.038267407566308975,1.243956017494202,-1.4999206066131592,-0.6468873023986816,0.09223397076129913,0.038267407566308975,0.5970687150955202,1.4843618869781494,-0.02912679873406887,383,0.7655310621242485,Hard,7a4e145dbbe841b986d570e5be36fd634f7451f9f0676599cf465cac32601e52
django__django-12741,django/django,06e228f603008bf1f807cfa5e10f0e54802d174667e2297d56503df2a19ac25d,112,False,0.4076923076923077,-0.1310506910085678,-0.07543591409921646,1.1801238298416141,-1.5516022443771362,-0.5189061641693115,0.1310506910085678,0.07543591409921646,0.6612176656723026,1.4412248134613037,-0.02892160601913929,384,0.7675350701402806,Hard,7a4e145dbbe841b986d570e5be36fd634f7451f9f0676599cf465cac32601e52
django__django-12754,django/django,096b0804a84a35b844281a50c353c849cc0eba64d986c65a460f5bb04b84692e,231,False,0.4461538461538462,-0.08024311065673828,-0.002969395136460662,1.2081645846366884,-1.5139789581298828,-0.665396636724472,0.08024311065673828,0.002969395136460662,0.5427679479122164,1.413393259048462,-0.12712986767292023,434,0.8677354709418837,Hard,7a4e145dbbe841b986d570e5be36fd634f7451f9f0676599cf465cac32601e52
django__django-12774,django/django,8c35fba9272466eec8851a624ea13c5c07eb184359c94dfb922efed85b0fc3b6,370,False,0.3923076923076923,-0.11934380978345871,-0.058620572090148926,1.1482057273387911,-1.5200748443603516,-0.5346205294132232,0.11934380978345871,0.058620572090148926,0.6135851979255679,1.4087541103363037,-0.007207093294709921,364,0.7274549098196392,Hard,7a4e145dbbe841b986d570e5be36fd634f7451f9f0676599cf465cac32601e52
django__django-12858,django/django,9f760a5124387f24e94d814b847aa7d039df33cb4cb376c2a61cd36815dd7310,273,False,0.43846153846153846,-0.10736517608165741,-0.01625295914709568,1.253738570213318,-1.715958833694458,-0.6194824576377869,0.10736517608165741,0.01625295914709568,0.634256112575531,1.2827835083007812,0.03899107128381729,424,0.8476953907815631,Hard,7a4e145dbbe841b986d570e5be36fd634f7451f9f0676599cf465cac32601e52
django__django-12965,django/django,254dbca011ff2803abe568573c62adfd5da9fe84910faf0ad79554fec9254d7b,838,False,0.5384615384615384,0.04005280137062073,0.11092378199100494,1.257297170162201,-1.6666288375854492,-0.8144326269626617,-0.04005280137062073,-0.11092378199100494,0.4428645431995395,1.283974289894104,-0.21419848501682281,483,0.9659318637274549,Hard,7a4e145dbbe841b986d570e5be36fd634f7451f9f0676599cf465cac32601e52
django__django-13012,django/django,1b11bed9d411d9511fc71355d4a757a90b9abe722332f5c8a986a64f5a33ff59,397,False,0.5,0.006775259971618652,0.07441961020231247,1.1941589444875722,-1.7417736053466797,-0.7307626187801362,-0.006775259971618652,-0.07441961020231247,0.46339632570743605,1.4100958108901978,-0.11636979877948761,462,0.9238476953907816,Hard,7a4e145dbbe841b986d570e5be36fd634f7451f9f0676599cf465cac32601e52
django__django-13023,django/django,c05085a58a67bb3f452db083e2f011b6b0a4706ec1f8ef24df17fc6e6756cb70,132,False,0.4153846153846154,-0.09643629193305969,-0.037390921264886856,1.2567581653594975,-1.550033688545227,-0.6278164565563202,0.09643629193305969,0.037390921264886856,0.6289417088031772,1.3860591650009155,-0.20732511579990387,400,0.7995991983967936,Hard,7a4e145dbbe841b986d570e5be36fd634f7451f9f0676599cf465cac32601e52
django__django-13028,django/django,595c86a498bfd25246b3b296e410f9a474774df3fb66b907d7c809f2fb920fce,932,False,0.4076923076923077,-0.1026109978556633,-0.04778466746211052,1.2020908594131474,-1.464551329612732,-0.5660503149032593,0.1026109978556633,0.04778466746211052,0.636040544509888,1.3248987197875977,-0.09117893129587173,385,0.7695390781563126,Hard,7a4e145dbbe841b986d570e5be36fd634f7451f9f0676599cf465cac32601e52
django__django-13033,django/django,9da64b2f9c703ec1bd14a565ff384b69d1932e062d68e8e911a9e951f85f5a90,1269,False,0.2153846153846154,-0.3670407831668854,-0.3078707754611969,1.1770849734544755,-1.2092567682266235,-0.28629771173000335,0.3670407831668854,0.3078707754611969,0.8907872617244722,1.4556512832641602,-0.06774960458278656,138,0.2745490981963928,Easy,7a4e145dbbe841b986d570e5be36fd634f7451f9f0676599cf465cac32601e52
django__django-13089,django/django,5825c5a4fb9c815c7ce346478818d9a0160ebaaa75534bf94f3992b25a3f6cc3,543,False,0.3153846153846154,-0.2777827978134155,-0.209211066365242,1.15663215816021,-1.4399495124816895,-0.3874389976263046,0.2777827978134155,0.209211066365242,0.7691931605339054,1.3498339653015137,-0.21300403773784637,259,0.5170340681362725,Medium,7a4e145dbbe841b986d570e5be36fd634f7451f9f0676599cf465cac32601e52
django__django-13109,django/django,ae5dcc3d81e5961ced793da00ad311e186b174c968bb7c2cec7c8fae00577545,512,False,0.3769230769230769,-0.1262654960155487,-0.09894555807113647,1.1935258865356446,-1.5599634647369385,-0.5419557750225067,0.1262654960155487,0.09894555807113647,0.6515701115131379,1.3784384727478027,-0.24942803382873535,353,0.7054108216432866,Hard,7a4e145dbbe841b986d570e5be36fd634f7451f9f0676599cf465cac32601e52
django__django-13112,django/django,23bc7cc79708f1a1396e96c7f125e2b8db60c77298639a055c9ba2d50dec1afd,650,False,0.23076923076923078,-0.35830992460250854,-0.3024345636367798,1.3234692484140398,-1.3961595296859741,-0.42033455073833464,0.35830992460250854,0.3024345636367798,0.9031346976757052,1.47803795337677,-0.09049417078495026,154,0.3066132264529058,Easy,7a4e145dbbe841b986d570e5be36fd634f7451f9f0676599cf465cac32601e52
django__django-13121,django/django,37a34c2a2b342e01d020f528d940358d465faa6f1c427f0f2a855a1d7d768f45,410,False,0.25384615384615383,-0.31151673197746277,-0.2886897623538971,1.1880456686019898,-1.3770296573638916,-0.2974969565868378,0.31151673197746277,0.2886897623538971,0.890548712015152,1.5637977123260498,-0.01842915639281273,176,0.35070140280561124,Medium,7a4e145dbbe841b986d570e5be36fd634f7451f9f0676599cf465cac32601e52
django__django-13128,django/django,d05584e584d668d3bc05dac8dc889140cbec5336c30912ddf99cb5fc0f8f9716,111,False,0.2923076923076923,-0.3228675425052643,-0.23772525787353516,1.1517786562442778,-1.2286841869354248,-0.35656983256340025,0.3228675425052643,0.23772525787353516,0.7952088236808776,1.402214527130127,-0.07585087418556213,228,0.45490981963927857,Medium,7a4e145dbbe841b986d570e5be36fd634f7451f9f0676599cf465cac32601e52
django__django-13158,django/django,7939c5ed353c7d0a907dbaa7389c478cb1d18d44096c3c84f3a07a827d36ce0c,323,False,0.2846153846153846,-0.28919488191604614,-0.22817277908325195,1.2314557462930682,-1.3531804084777832,-0.41635858714580537,0.28919488191604614,0.22817277908325195,0.8150971591472628,1.421051263809204,0.030889321118593216,216,0.4308617234468938,Medium,7a4e145dbbe841b986d570e5be36fd634f7451f9f0676599cf465cac32601e52
django__django-13195,django/django,0e4d0ef4cd6f3ef28f227f6d3eb1c9db8a5249e7dbb5361922695786e5394fce,672,False,0.2923076923076923,-0.2785624861717224,-0.20787198841571808,1.165004053711891,-1.4000356197357178,-0.4114525645971298,0.2785624861717224,0.20787198841571808,0.7535514891147613,1.4996070861816406,-0.15663662552833557,229,0.45691382765531063,Medium,7a4e145dbbe841b986d570e5be36fd634f7451f9f0676599cf465cac32601e52
django__django-13212,django/django,a79d287e01597f81eca52a95eafec22b22872f3dc0e06b8837a711242627b150,119,False,0.3769230769230769,-0.16800175607204437,-0.12888844311237335,1.2825645923614506,-1.4817298650741577,-0.5345431506633759,0.16800175607204437,0.12888844311237335,0.7480214416980747,1.416005253791809,-0.21022532880306244,354,0.7074148296593187,Hard,7a4e145dbbe841b986d570e5be36fd634f7451f9f0676599cf465cac32601e52
django__django-13279,django/django,1717b549ca903701f93bd54096281c7b223c471cb822f2e8703d60637a33eb91,153,False,0.33076923076923076,-0.20581606030464172,-0.14288820326328278,1.2241919189691548,-1.5034173727035522,-0.46468832790851594,0.20581606030464172,0.14288820326328278,0.7595035910606389,1.4855154752731323,-0.3047768175601959,282,0.56312625250501,Medium,7a4e145dbbe841b986d570e5be36fd634f7451f9f0676599cf465cac32601e52
django__django-13297,django/django,e61d15a6ceed56f64d664100196a3313d242c09e49317661ec6aa85c8c980c36,450,False,0.33076923076923076,-0.23890303075313568,-0.17072904109954834,1.2042501151561738,-1.4251534938812256,-0.44983188509941097,0.23890303075313568,0.17072904109954834,0.7544182300567628,1.4572738409042358,-0.09703796356916428,283,0.5651302605210421,Medium,7a4e145dbbe841b986d570e5be36fd634f7451f9f0676599cf465cac32601e52
django__django-13315,django/django,23acf4cc72106d313ec1c5743de12eed7749031842e215685a30db410495531f,73,False,0.34615384615384615,-0.1907111406326294,-0.14181439578533173,1.2731140434741974,-1.4026532173156738,-0.5345367729663849,0.1907111406326294,0.14181439578533173,0.7385772705078125,1.4714696407318115,-0.27708423137664795,315,0.6292585170340681,Medium,7a4e145dbbe841b986d570e5be36fd634f7451f9f0676599cf465cac32601e52
django__django-13343,django/django,e105d6198bfcc19f652eb3f7d9a0fc8243ada3b8492de1688b31b3e4b43a1153,277,False,0.49230769230769234,-0.0009352043271064758,0.05464745685458183,1.2879819095134737,-1.6319074630737305,-0.7469894230365753,0.0009352043271064758,-0.05464745685458183,0.5409924864768983,1.4446325302124023,-0.27856603264808655,456,0.9118236472945892,Hard,7a4e145dbbe841b986d570e5be36fd634f7451f9f0676599cf465cac32601e52
django__django-13344,django/django,fa0d64caaae3c17b9e52c447593c2c8ac3354046b1df2ceb293645b293b06090,370,False,0.2692307692307692,-0.32196593284606934,-0.2672191858291626,1.3276358753442765,-1.4247742891311646,-0.4480865687131882,0.32196593284606934,0.2672191858291626,0.8795493066310883,1.4702662229537964,-0.11082016676664352,194,0.3867735470941884,Medium,7a4e145dbbe841b986d570e5be36fd634f7451f9f0676599cf465cac32601e52
django__django-13346,django/django,3cb764082e21011777c787f5ecf6688762b6f899a8b1f4ef1fab404245dc227c,182,False,0.16153846153846155,-0.47580140829086304,-0.4331991970539093,1.1529051095247274,-1.2078142166137695,-0.1578529268503189,0.47580140829086304,0.4331991970539093,0.9950521826744084,1.48368501663208,-0.0661468356847763,49,0.09619238476953908,Easy,7a4e145dbbe841b986d570e5be36fd634f7451f9f0676599cf465cac32601e52
django__django-13363,django/django,097d83cb362b6f57378d29dc14641c115abeeb3aabfa8bf57ed92f2da0b790ea,462,False,0.4076923076923077,-0.11302126944065094,-0.05589834600687027,1.186539787054062,-1.5290520191192627,-0.5745719909667969,0.11302126944065094,0.05589834600687027,0.611967796087265,1.4042177200317383,-0.3128417134284973,386,0.7715430861723447,Hard,7a4e145dbbe841b986d570e5be36fd634f7451f9f0676599cf465cac32601e52
django__django-13401,django/django,07a5d3176edc3678b34a08f4f72789a0f7e0af6a29389b6109c5009e098762a3,323,False,0.3153846153846154,-0.2168450653553009,-0.18041396141052246,1.1824007451534273,-1.3983559608459473,-0.436092472076416,0.2168450653553009,0.18041396141052246,0.7463082730770114,1.5482678413391113,-0.3209959864616394,260,0.5190380761523046,Medium,7a4e145dbbe841b986d570e5be36fd634f7451f9f0676599cf465cac32601e52
django__django-13406,django/django,ca2ece66b44ccf60d98ae4b1e6f5bdc9bcfefc640ea3b3bac0bfa7554a49fa2a,1000,False,0.4230769230769231,-0.08522361516952515,-0.029787903651595116,1.1485363364219667,-1.6138298511505127,-0.5456650793552399,0.08522361516952515,0.029787903651595116,0.6028712570667268,1.3912303447723389,-0.20388248562812805,407,0.8136272545090181,Hard,7a4e145dbbe841b986d570e5be36fd634f7451f9f0676599cf465cac32601e52
django__django-13410,django/django,a0d73591704ec56dc81c6e7035614a8bd526166b9700b9f982c4c58c4b719676,448,False,0.5692307692307692,0.10952967405319214,0.16105228662490845,1.221559345722199,-1.757319450378418,-0.8611270487308502,-0.10952967405319214,-0.16105228662490845,0.36043229699134877,1.322798252105713,-0.027103066444396973,492,0.9839679358717435,Hard,7a4e145dbbe841b986d570e5be36fd634f7451f9f0676599cf465cac32601e52
django__django-13417,django/django,7778fbb63ad2655872035b872bbaba9e904a8547fb6d3ef5fd8aa0e0997c054e,301,False,0.3153846153846154,-0.2937625050544739,-0.2078898400068283,1.1891027420759201,-1.5008267164230347,-0.3765442818403244,0.2937625050544739,0.2078898400068283,0.8125584602355957,1.5224275588989258,-0.12373259663581848,261,0.5210420841683366,Medium,7a4e145dbbe841b986d570e5be36fd634f7451f9f0676599cf465cac32601e52
django__django-13449,django/django,b082782316bb4c8f2899f9f31d81edd84d4ded60ed7627073f56014db30da0d9,2225,False,0.5,-0.002783961594104767,0.07255777716636658,1.189209052920342,-1.77809476852417,-0.7156908214092255,0.002783961594104767,-0.07255777716636658,0.47351823151111655,1.324169397354126,0.0683952048420906,463,0.9258517034068137,Hard,7a4e145dbbe841b986d570e5be36fd634f7451f9f0676599cf465cac32601e52
django__django-13512,django/django,77633ba2243ab634f8e720517e2dea5dee17f839be6ad5ae87c58b4bf021cbf6,140,False,0.4230769230769231,-0.12053046375513077,-0.008221970871090889,1.3367485105991368,-1.705672264099121,-0.6876917958259582,0.12053046375513077,0.008221970871090889,0.6490567147731786,1.269141435623169,-0.14668233692646027,408,0.8156312625250501,Hard,7a4e145dbbe841b986d570e5be36fd634f7451f9f0676599cf465cac32601e52
django__django-13513,django/django,db52b2ac85d9ffdc2d35533770ede3c4c61472b7e111b351053abd0d678468d5,371,False,0.3923076923076923,-0.1187206283211708,-0.07850877195596695,1.218898594379425,-1.593538761138916,-0.5377960801124573,0.1187206283211708,0.07850877195596695,0.6811025142669679,1.542242407798767,-0.2554236650466919,365,0.7294589178356713,Hard,7a4e145dbbe841b986d570e5be36fd634f7451f9f0676599cf465cac32601e52
django__django-13516,django/django,b2aa69aba131cbff8cc00252876c7fce9fb8226461cdb25a902029535818a40d,177,False,0.36153846153846153,-0.19570468366146088,-0.14049510657787323,1.166288655996323,-1.5733740329742432,-0.44075884222984313,0.19570468366146088,0.14049510657787323,0.7255298137664798,1.485111951828003,-0.13398246467113495,342,0.6833667334669339,Hard,7a4e145dbbe841b986d570e5be36fd634f7451f9f0676599cf465cac32601e52
django__django-13551,django/django,e6346f8aa9161943a4e9cb982869c271a849cf3a8988e926d32bb177ee8f02e6,144,False,0.3230769230769231,-0.2372584491968155,-0.17612339556217194,1.2769813597202302,-1.3355753421783447,-0.4894536256790161,0.2372584491968155,0.17612339556217194,0.7875277340412141,1.492646336555481,-0.20767085254192352,276,0.5511022044088176,Medium,7a4e145dbbe841b986d570e5be36fd634f7451f9f0676599cf465cac32601e52
django__django-13568,django/django,919d7cd6597b70c38f5e1aaeb15f5433c5aa76d6df01dc6d5dad11b23f44b425,220,False,0.3384615384615385,-0.19645363092422485,-0.16013413667678833,1.2384360074996952,-1.4057992696762085,-0.46459558606147766,0.19645363092422485,0.16013413667678833,0.7738404214382174,1.433929443359375,-0.17692559957504272,293,0.5851703406813628,Medium,7a4e145dbbe841b986d570e5be36fd634f7451f9f0676599cf465cac32601e52
django__django-13569,django/django,224927604fb87c103765f979b79d32e837525161fc8192644f5932e4c797561d,625,False,0.3076923076923077,-0.2310468852519989,-0.18058429658412933,1.1767772853374483,-1.4182708263397217,-0.4151686906814575,0.2310468852519989,0.18058429658412933,0.7616085946559908,1.3792628049850464,-0.16027279198169708,248,0.49498997995991983,Medium,7a4e145dbbe841b986d570e5be36fd634f7451f9f0676599cf465cac32601e52
django__django-13590,django/django,05b78c5617cc34ad2af8034fde1a60f353913bda2cecfe6c547ce5f80dfaafbf,215,False,0.3153846153846154,-0.2334287166595459,-0.19515515863895416,1.223545065522194,-1.447157859802246,-0.43973586857318875,0.2334287166595459,0.19515515863895416,0.7838091969490053,1.4967780113220215,-0.17278149724006653,262,0.5230460921843687,Medium,7a4e145dbbe841b986d570e5be36fd634f7451f9f0676599cf465cac32601e52
django__django-13658,django/django,764f9340434a4ec85588c26979702eceac011b8e753ca0165b78bbdefae98bb5,368,False,0.26153846153846155,-0.33097612857818604,-0.30522841215133667,1.3309688121080403,-1.2597689628601074,-0.3660763770341873,0.33097612857818604,0.30522841215133667,0.964892435073853,1.436024785041809,0.141169935464859,187,0.3727454909819639,Medium,7a4e145dbbe841b986d570e5be36fd634f7451f9f0676599cf465cac32601e52
django__django-13670,django/django,2b0864eb153038e5272adca0a3ce20666fb56b1c813c89aca8e4ea51842ab77a,275,False,0.5615384615384615,0.060513317584991455,0.09486325830221176,1.1877592325210573,-1.5506038665771484,-0.7382694959640503,-0.060513317584991455,-0.09486325830221176,0.449489736557007,1.2129793167114258,0.09101364016532898,489,0.9779559118236473,Hard,7a4e145dbbe841b986d570e5be36fd634f7451f9f0676599cf465cac32601e52
django__django-13741,django/django,649548e0c7ba74a107750c961644b757d2d8465b58073945fa9b92ff29705aba,242,False,0.3,-0.3181542158126831,-0.23888711631298065,1.2704391539096833,-1.3606126308441162,-0.4090274095535278,0.3181542158126831,0.23888711631298065,0.8614117443561555,1.5161494016647339,-0.4593326449394226,241,0.48096192384769537,Medium,7a4e145dbbe841b986d570e5be36fd634f7451f9f0676599cf465cac32601e52
django__django-13786,django/django,d45af58840168e1fc6be62f4cec2c28e8538aaf9db2dc1be29531dfe7f8ed648,177,False,0.3384615384615385,-0.14849922060966492,-0.11233808100223541,1.3050111770629884,-1.5587526559829712,-0.5501813173294068,0.14849922060966492,0.11233808100223541,0.7548298597335816,1.4944896697998047,-0.33845728635787964,294,0.5871743486973948,Medium,7a4e145dbbe841b986d570e5be36fd634f7451f9f0676599cf465cac32601e52
django__django-13794,django/django,8fec230311b96c7a82993e454ee4cb7288e74ba228b16cf24b991b4894bcffea,71,False,0.2692307692307692,-0.30365264415740967,-0.24298803508281708,1.2195301920175554,-1.3434784412384033,-0.37604232132434845,0.30365264415740967,0.24298803508281708,0.8434878706932071,1.5184025764465332,-0.31898728013038635,195,0.38877755511022044,Medium,7a4e145dbbe841b986d570e5be36fd634f7451f9f0676599cf465cac32601e52
django__django-13807,django/django,76117df0c07f45dd32c37f2b6b6c60218d89e2785ce40cca9378dd771f5d19e6,461,False,0.3384615384615385,-0.2469393014907837,-0.1817634254693985,1.2163458704948429,-1.449751377105713,-0.4688233554363251,0.2469393014907837,0.1817634254693985,0.7475225150585177,1.5045533180236816,-0.3594640791416168,295,0.5891783567134269,Medium,7a4e145dbbe841b986d570e5be36fd634f7451f9f0676599cf465cac32601e52
django__django-13809,django/django,7a85668efd30416150d8bb3013727c6ebf8d0013064afc93e5b96d2aabcf456c,131,False,0.25384615384615383,-0.3631379008293152,-0.3221896290779114,1.2898941159248354,-1.2137279510498047,-0.31956442594528195,0.3631379008293152,0.3221896290779114,0.9703296899795535,1.46551513671875,-0.17159488797187805,177,0.3527054108216433,Medium,7a4e145dbbe841b986d570e5be36fd634f7451f9f0676599cf465cac32601e52
django__django-13810,django/django,56e9927b1d405bb6be5bd7a327cea4ed7a83858f705590310391df2fd2066379,536,False,0.16153846153846155,-0.601096510887146,-0.5493190884590149,1.545456935465336,-1.0156595706939697,-0.2406830921769142,0.601096510887146,0.5493190884590149,1.304773843288422,1.7020559310913086,-0.5289567708969116,50,0.09819639278557114,Easy,7a4e145dbbe841b986d570e5be36fd634f7451f9f0676599cf465cac32601e52
django__django-13820,django/django,8448b0b82597255474fabc23fafe8fb9aee04c6f7bbc5a59dbec7918a19063e4,484,False,0.2230769230769231,-0.4272231459617615,-0.3810613453388214,1.2915823101997377,-1.2948875427246094,-0.284371268749237,0.4272231459617615,0.3810613453388214,1.0072110414505007,1.6179354190826416,-0.4788196384906769,148,0.29458917835671344,Easy,7a4e145dbbe841b986d570e5be36fd634f7451f9f0676599cf465cac32601e52
django__django-13821,django/django,265686648c416aaf4879d6757538e5d9ee13c00496288e6fbd5fbdb9901cf3ec,184,False,0.23076923076923078,-0.37169113755226135,-0.3452015817165375,1.3585813581943513,-1.2531334161758423,-0.3940421998500824,0.37169113755226135,0.3452015817165375,0.964539158344269,1.6191705465316772,-0.48117363452911377,155,0.30861723446893785,Easy,7a4e145dbbe841b986d570e5be36fd634f7451f9f0676599cf465cac32601e52
django__django-13837,django/django,34e44d1cfd0354cf9ed68afafef69789c59418e2ea0620e23b6402522a2ae4ac,413,False,0.46923076923076923,-0.04846765100955963,0.024207500740885735,1.3350254535675048,-1.6059379577636719,-0.7617639839649201,0.04846765100955963,-0.024207500740885735,0.5732614696025848,1.4497342109680176,-0.22237664461135864,446,0.8917835671342685,Hard,7a4e145dbbe841b986d570e5be36fd634f7451f9f0676599cf465cac32601e52
django__django-13925,django/django,53aa9d5d9f674abca126966c4a1292cebbfcdb29346652e41d2151dd88f09b69,1155,False,0.35384615384615387,-0.25398167967796326,-0.15934787690639496,1.2880195498466493,-1.44136643409729,-0.5403107047080993,0.25398167967796326,0.15934787690639496,0.7477088451385502,1.4193475246429443,-0.4038354456424713,328,0.655310621242485,Medium,7a4e145dbbe841b986d570e5be36fd634f7451f9f0676599cf465cac32601e52
django__django-13933,django/django,401348caf9cb639acfea61bb1f3bbc93a59d3e8a025d2fb99dd17c4a512723dd,312,False,0.25384615384615383,-0.3097219169139862,-0.25858867168426514,1.2031522125005722,-1.4940029382705688,-0.374295637011528,0.3097219169139862,0.25858867168426514,0.8288565754890442,1.5527125597000122,-0.3221181035041809,178,0.35470941883767537,Medium,7a4e145dbbe841b986d570e5be36fd634f7451f9f0676599cf465cac32601e52
django__django-13964,django/django,d0a164326a7b3fd89b9236e331075a4b9dd8285ea90f5757ea056d87737020c3,469,False,0.3153846153846154,-0.20617292821407318,-0.1776425689458847,1.1880564391613007,-1.3644760847091675,-0.4199574887752533,0.20617292821407318,0.1776425689458847,0.7680989503860474,1.367746114730835,-0.19358132779598236,263,0.5250501002004008,Medium,7a4e145dbbe841b986d570e5be36fd634f7451f9f0676599cf465cac32601e52
django__django-14007,django/django,61950a482ff12ae94f13cdf0032eeb04986240655411db0358161491ad853e0a,344,False,0.2692307692307692,-0.3334242105484009,-0.2603759169578552,1.1969434261322023,-1.247786283493042,-0.3526695013046265,0.3334242105484009,0.2603759169578552,0.8442739248275758,1.4476598501205444,-0.15399663150310516,196,0.3907815631262525,Medium,7a4e145dbbe841b986d570e5be36fd634f7451f9f0676599cf465cac32601e52
django__django-14011,django/django,be59236cc1523a08327292712cb4cb8f939a49866e7355254a3efa586ae4fdd2,473,False,0.2692307692307692,-0.35739970207214355,-0.2859054207801819,1.3493020534515383,-1.2097327709197998,-0.4010663151741028,0.35739970207214355,0.2859054207801819,0.9482357382774355,1.5725123882293701,-0.38729792833328247,197,0.3927855711422846,Medium,7a4e145dbbe841b986d570e5be36fd634f7451f9f0676599cf465cac32601e52
django__django-14017,django/django,a9b1b917d84ea9f7230d9dd8a0e81fe9261b0a878979d52423fa24cbb574acba,459,False,0.3384615384615385,-0.17954353988170624,-0.1261732429265976,1.1691854059696198,-1.4681814908981323,-0.5082528948783874,0.17954353988170624,0.1261732429265976,0.6609325110912325,1.4576218128204346,0.07406382262706757,296,0.591182364729459,Medium,7a4e145dbbe841b986d570e5be36fd634f7451f9f0676599cf465cac32601e52
django__django-14034,django/django,8c9d626d0cc8f675b7b679ccde8ee202319203f4a5c57f2faeb08bbbc7ad7fd9,374,False,0.43846153846153846,-0.07464435696601868,0.003929717931896448,1.178411453962326,-1.5631210803985596,-0.6302332818508148,0.07464435696601868,-0.003929717931896448,0.5481781721115113,1.379284381866455,0.0018435446545481682,425,0.8496993987975952,Hard,7a4e145dbbe841b986d570e5be36fd634f7451f9f0676599cf465cac32601e52
django__django-14053,django/django,cca208480bfc81085f4ca0bf64ee24023dbc67f90016f0f45790b5b6170683b8,909,False,0.36153846153846153,-0.16726566851139069,-0.11789991706609726,1.2600061118602757,-1.5193544626235962,-0.550085037946701,0.16726566851139069,0.11789991706609726,0.7099210739135746,1.5122919082641602,-0.3009418249130249,343,0.685370741482966,Hard,7a4e145dbbe841b986d570e5be36fd634f7451f9f0676599cf465cac32601e52
django__django-14089,django/django,cbfb85cb9ea9b08049b15ffaff23b96640926088e725b8b70f7ef2a31b767118,83,False,0.3769230769230769,-0.18104663491249084,-0.1362588256597519,1.2037598848342896,-1.358760118484497,-0.5300206542015076,0.18104663491249084,0.1362588256597519,0.6737392306327822,1.4615209102630615,-0.12285792082548141,355,0.7094188376753507,Hard,7a4e145dbbe841b986d570e5be36fd634f7451f9f0676599cf465cac32601e52
django__django-14122,django/django,977d049025358afe0585a110b6fdcfe236b41139b69f5300d6b4aa5195523097,153,False,0.3384615384615385,-0.21687017381191254,-0.15562431514263153,1.2656448870897294,-1.502221941947937,-0.4760576575994491,0.21687017381191254,0.15562431514263153,0.7895872294902804,1.4362738132476807,-0.17665360867977142,297,0.593186372745491,Medium,7a4e145dbbe841b986d570e5be36fd634f7451f9f0676599cf465cac32601e52
django__django-14140,django/django,a305c3e778a6834a2fac10b055678ce26e2ee1173e5c6c0b969a50a12a261b03,336,False,0.5769230769230769,0.06867250055074692,0.12955719232559204,1.3035055309534074,-1.6094756126403809,-0.8354645013809204,-0.06867250055074692,-0.12955719232559204,0.468041029572487,1.2920128107070923,0.020200170576572418,494,0.9879759519038076,Hard,7a4e145dbbe841b986d570e5be36fd634f7451f9f0676599cf465cac32601e52
django__django-14155,django/django,99528d0959fec5b17e878bcf5770321d0bbcd6728de15155b2e4d5d4f019e1de,127,False,0.2,-0.44800373911857605,-0.38035887479782104,1.3086564242839813,-1.2678974866867065,-0.2818810999393463,0.44800373911857605,0.38035887479782104,1.0267753243446351,1.5778728723526,-0.24667637050151825,114,0.22645290581162325,Easy,7a4e145dbbe841b986d570e5be36fd634f7451f9f0676599cf465cac32601e52
django__django-14170,django/django,8cf4ee1d30b4dea29472bf630efb43bae3dba0dcd4704599e04ab5fcf0789dc6,546,False,0.46153846153846156,-0.042932070791721344,0.0157614853233099,1.2782990872859958,-1.6897919178009033,-0.6948935389518738,0.042932070791721344,-0.0157614853233099,0.5834055483341221,1.342726469039917,-0.2448505014181137,442,0.8837675350701403,Hard,7a4e145dbbe841b986d570e5be36fd634f7451f9f0676599cf465cac32601e52
django__django-14238,django/django,ee71cd2bf018f9b6642fe511b99cd64cebaf60a85abc709d87d65ee2c97a2ffd,898,False,0.5076923076923077,0.0018986240029335022,0.06563179939985275,1.1334050148725512,-1.6660306453704834,-0.6738491654396057,-0.0018986240029335022,-0.06563179939985275,0.4595558494329454,1.3405741453170776,0.07844769209623337,468,0.935871743486974,Hard,7a4e145dbbe841b986d570e5be36fd634f7451f9f0676599cf465cac32601e52
django__django-14311,django/django,461ce927881a7aee7d62b6cea89d7bc71d0f6ce70e107dbf073a0abe37394d4b,207,False,0.4307692307692308,-0.05823156237602234,-0.013355533592402935,1.353247040510178,-1.4821237325668335,-0.7260571718215942,0.05823156237602234,0.013355533592402935,0.6271898686885836,1.3768411874771118,-0.2432904690504074,417,0.8336673346693386,Hard,7a4e145dbbe841b986d570e5be36fd634f7451f9f0676599cf465cac32601e52
django__django-14315,django/django,bef4cf98805c60cd26812114b20594a4cf19b71cbd87b68f2424e16bb288c768,209,False,0.43846153846153846,-0.08904912322759628,-0.030377406626939774,1.204313999414444,-1.498329758644104,-0.6144561648368835,0.08904912322759628,0.030377406626939774,0.5898578345775605,1.4619288444519043,-0.05515251308679581,426,0.8517034068136272,Hard,7a4e145dbbe841b986d570e5be36fd634f7451f9f0676599cf465cac32601e52
django__django-14349,django/django,a68339a313302a5206f13b93193a304536f6bd11f99f1a0555a7077431b99152,707,False,0.46923076923076923,-0.03488670289516449,0.06019889563322067,1.2644899964332583,-1.604759931564331,-0.7126561880111695,0.03488670289516449,-0.06019889563322067,0.5518338084220887,1.2668356895446777,-0.2707202732563019,447,0.8937875751503006,Hard,7a4e145dbbe841b986d570e5be36fd634f7451f9f0676599cf465cac32601e52
django__django-14351,django/django,3634baa513384ea0fff395865c0be84f51bc20db766ab44634106e45cb39bae5,2898,False,0.43846153846153846,-0.07761391997337341,-0.011011384427547455,1.2002876579761512,-1.7687914371490479,-0.576892864704132,0.07761391997337341,0.011011384427547455,0.6233947932720191,1.403308629989624,-0.034489355981349945,427,0.8537074148296593,Hard,7a4e145dbbe841b986d570e5be36fd634f7451f9f0676599cf465cac32601e52
django__django-14373,django/django,3a92f914a19e30131524e7b737d800631f22bc13950e775dd3a81e75e702b45c,68,False,0.5692307692307692,0.06778698414564133,0.11042612791061401,1.2602345228195193,-1.7835497856140137,-0.8135795652866363,-0.06778698414564133,-0.11042612791061401,0.44665495753288287,1.3401679992675781,-0.13237524032592773,493,0.9859719438877755,Hard,7a4e145dbbe841b986d570e5be36fd634f7451f9f0676599cf465cac32601e52
django__django-14376,django/django,5365417653d0973045c8b9dad432b1ea4300765b3114a94b249824beb70ec215,322,False,0.35384615384615387,-0.18089734017848969,-0.14996337890625,1.2714980363845825,-1.4640309810638428,-0.5284972369670867,0.18089734017848969,0.14996337890625,0.7430007994174957,1.4637105464935303,-0.24347540736198425,329,0.657314629258517,Medium,7a4e145dbbe841b986d570e5be36fd634f7451f9f0676599cf465cac32601e52
django__django-14404,django/django,def9177a98fb70db5e820c239d7c624fe8e84ef5b3c0a48fdda3cbf03e2e004b,107,False,0.3384615384615385,-0.2609272599220276,-0.14758682250976562,1.2435335278511048,-1.4887642860412598,-0.5281367719173431,0.2609272599220276,0.14758682250976562,0.7153967559337616,1.6109223365783691,-0.2310505211353302,298,0.5951903807615231,Medium,7a4e145dbbe841b986d570e5be36fd634f7451f9f0676599cf465cac32601e52
django__django-14434,django/django,069b0d7ba8ebff2f277a626aec1231cfee3546478a755fd268df7ecf2e4ee766,48,False,0.2153846153846154,-0.3921799659729004,-0.3321321904659271,1.2405248761177063,-1.2645714282989502,-0.31353697180747986,0.3921799659729004,0.3321321904659271,0.9269879043102265,1.572073221206665,-0.20165812969207764,139,0.27655310621242485,Easy,7a4e145dbbe841b986d570e5be36fd634f7451f9f0676599cf465cac32601e52
django__django-14493,django/django,cc9de371234c2f0d9b3de4138b2ce9166d023f8c0862aee47daabf371d863356,473,False,0.4076923076923077,-0.13639786839485168,-0.053062357008457184,1.2950014948844912,-1.5659382343292236,-0.61865993142128,0.13639786839485168,0.053062357008457184,0.6763415634632114,1.383131742477417,-0.15876859426498413,387,0.7735470941883767,Hard,7a4e145dbbe841b986d570e5be36fd634f7451f9f0676599cf465cac32601e52
django__django-14500,django/django,b5100d0bf94598959c948adbc85bc8ee1dfe12dac61312ed2abdba68d8eab4fd,72,False,0.5230769230769231,0.04427732527256012,0.11558210849761963,1.2904617309570319,-1.6869746446609497,-0.8460603296756745,-0.04427732527256012,-0.11558210849761963,0.4444014012813573,1.5803422927856445,-0.3069674074649811,478,0.9559118236472945,Hard,7a4e145dbbe841b986d570e5be36fd634f7451f9f0676599cf465cac32601e52
django__django-14534,django/django,2dfdaf218918ae65f7a8279d0c7bb35685a56cfa459949bed8d8765ac33511f9,459,False,0.4230769230769231,-0.08495304733514786,-0.017882218584418297,1.2237161099910736,-1.5221285820007324,-0.6389086067676544,0.08495304733514786,0.017882218584418297,0.5848075032234193,1.3551311492919922,-0.01227533258497715,409,0.8176352705410822,Hard,7a4e145dbbe841b986d570e5be36fd634f7451f9f0676599cf465cac32601e52
django__django-14539,django/django,914210188a0f0d3164757e5694efc608a1a55b5bdd8710f9bb72926cd6e599bf,128,False,0.2846153846153846,-0.3273979127407074,-0.28519654273986816,1.1560797423124316,-1.29546320438385,-0.27880931198596953,0.3273979127407074,0.28519654273986816,0.8772704303264621,1.5892143249511719,-0.037030696868896484,217,0.43286573146292584,Medium,7a4e145dbbe841b986d570e5be36fd634f7451f9f0676599cf465cac32601e52
django__django-14559,django/django,6cc9af44c911bf02e1f72e4b16fbc31d33889d6468f7ef4ffde9ef408f92e90f,153,False,0.33076923076923076,-0.2218005359172821,-0.18198028206825256,1.227742245793343,-1.4142978191375732,-0.4382918685674667,0.2218005359172821,0.18198028206825256,0.7894503772258762,1.447238564491272,-0.1133091151714325,284,0.5671342685370742,Medium,7a4e145dbbe841b986d570e5be36fd634f7451f9f0676599cf465cac32601e52
django__django-14580,django/django,636298273b9a33484b44d2319b239719d8913afa944d0659f8af13415e8f2c7c,470,False,0.34615384615384615,-0.2200605571269989,-0.14458692073822021,1.2182924419641497,-1.2680379152297974,-0.5021134346723557,0.2200605571269989,0.14458692073822021,0.716179007291794,1.4424855709075928,-0.20878219604492188,316,0.6312625250501002,Medium,7a4e145dbbe841b986d570e5be36fd634f7451f9f0676599cf465cac32601e52
django__django-14608,django/django,28120c6f6a8b2a68dc45ba85d6154eb892ad4040da4961ffc4d8d34a60fd992e,148,False,0.3384615384615385,-0.23058104515075684,-0.18832962214946747,1.2586191654205323,-1.405463695526123,-0.4956662118434906,0.23058104515075684,0.18832962214946747,0.7629529535770418,1.657627820968628,-0.5819628834724426,299,0.5971943887775552,Medium,7a4e145dbbe841b986d570e5be36fd634f7451f9f0676599cf465cac32601e52
django__django-14631,django/django,1d3f964a6347e618040724052803c6e2011af7a3288f08293494b40da803118d,348,False,0.45384615384615384,-0.07001015543937683,0.028051448985934258,1.2206067144870758,-1.5276055335998535,-0.7102410912513732,0.07001015543937683,-0.028051448985934258,0.5103656232357026,1.465023159980774,-0.08575762063264847,438,0.875751503006012,Hard,7a4e145dbbe841b986d570e5be36fd634f7451f9f0676599cf465cac32601e52
django__django-14672,django/django,ff82815c7599ddedc3670e83f2a86a3ddb817a5697c861baed4cd27146e51f62,2314,False,0.5076923076923077,0.008173927664756775,0.07294732332229614,1.0973891943693161,-1.7015202045440674,-0.6887334227561951,-0.008173927664756775,-0.07294732332229614,0.4086557716131211,1.3105661869049072,0.02217937260866165,469,0.9378757515030061,Hard,7a4e145dbbe841b986d570e5be36fd634f7451f9f0676599cf465cac32601e52
django__django-14725,django/django,dce7d4945c7b8b97bb004da9edae37b3d03bf2d284a99c7901634f198a928494,93,False,0.19230769230769232,-0.4115164577960968,-0.39693334698677063,1.1368617892265322,-1.1443241834640503,-0.141965639591217,0.4115164577960968,0.39693334698677063,0.9948961496353151,1.7032485008239746,-0.47402361035346985,102,0.20240480961923848,Easy,7a4e145dbbe841b986d570e5be36fd634f7451f9f0676599cf465cac32601e52
django__django-14752,django/django,1b904159e732bdd60114e919ef960bb89f645abf72dad8ca4ecb0897e11bea66,796,False,0.27692307692307694,-0.32121601700782776,-0.28375089168548584,1.2143271207809447,-1.1740736961364746,-0.3200946450233459,0.32121601700782776,0.28375089168548584,0.8942324757575989,1.538090467453003,-0.2707563638687134,208,0.4148296593186373,Medium,7a4e145dbbe841b986d570e5be36fd634f7451f9f0676599cf465cac32601e52
django__django-14765,django/django,9fc69efed0cf0027e31a1ce26ac09b72d66e7d3e2125a055188e2ac870ff4d90,145,False,0.3153846153846154,-0.22229894995689392,-0.20116189122200012,1.332447808980942,-1.370086669921875,-0.5223226726055145,0.22229894995689392,0.20116189122200012,0.8101251363754276,1.5122530460357666,-0.18953101336956024,264,0.5270541082164328,Medium,7a4e145dbbe841b986d570e5be36fd634f7451f9f0676599cf465cac32601e52
django__django-14771,django/django,c73f49f76429d7c1fd9ba1b867ed0bf555f7cbe2cef3891f312c4d856d42bd6f,365,False,0.35384615384615387,-0.18158811330795288,-0.12391769886016846,1.2420830130577087,-1.500556468963623,-0.5501305818557739,0.18158811330795288,0.12391769886016846,0.6919524312019348,1.4053077697753906,-0.19645608961582184,330,0.6593186372745491,Medium,7a4e145dbbe841b986d570e5be36fd634f7451f9f0676599cf465cac32601e52
django__django-14787,django/django,b52409ced83e2b68e7961a34db6792ca6b89277456ea14c6c166c7f8c8e17c0d,216,False,0.3153846153846154,-0.23075395822525024,-0.17306186258792877,1.1739380627870561,-1.4803035259246826,-0.4608006924390793,0.23075395822525024,0.17306186258792877,0.7131373703479768,1.4702585935592651,-0.059478022158145905,265,0.5290581162324649,Medium,7a4e145dbbe841b986d570e5be36fd634f7451f9f0676599cf465cac32601e52
django__django-14792,django/django,b5f5a0d21a40deb0fea2a4a0dfa0b0c5f45c891648de9e0d622db437f3b84e3e,501,False,0.4307692307692308,-0.04180598258972168,-0.017455704510211945,1.2661736845970155,-1.6438562870025635,-0.6563555836677551,0.04180598258972168,0.017455704510211945,0.6098181009292604,1.4465793371200562,-0.2687610387802124,418,0.8356713426853707,Hard,7a4e145dbbe841b986d570e5be36fd634f7451f9f0676599cf465cac32601e52
django__django-14855,django/django,7c113fe11bfa67ad47de43ed350aab131ae71456dec54707251ac2e79d5de7b9,266,False,0.2923076923076923,-0.3037530779838562,-0.25713950395584106,1.1889577686786652,-1.2524824142456055,-0.3319330394268036,0.3037530779838562,0.25713950395584106,0.8570247292518616,1.5159759521484375,-0.3377545177936554,230,0.4589178356713427,Medium,7a4e145dbbe841b986d570e5be36fd634f7451f9f0676599cf465cac32601e52
django__django-14915,django/django,bf8158a727f6dc6c7342fadb1af16bfe69171e4a5a9e1db719367ce0dbacc849,299,False,0.24615384615384617,-0.3059670329093933,-0.26965004205703735,1.2109735488891604,-1.4021048545837402,-0.3210672855377197,0.3059670329093933,0.26965004205703735,0.8899062633514406,1.4503788948059082,-0.11435958743095398,163,0.3246492985971944,Easy,7a4e145dbbe841b986d570e5be36fd634f7451f9f0676599cf465cac32601e52
django__django-14999,django/django,5264ba42b6576487dbd71edab4f86f5c7e2642f728562861bea1a0fad04da819,75,False,0.24615384615384617,-0.3076045513153076,-0.2867223918437958,1.1362470328807832,-1.2723400592803955,-0.28101232647895813,0.3076045513153076,0.2867223918437958,0.8552347064018251,1.6286094188690186,-0.11343621462583542,164,0.32665330661322645,Easy,7a4e145dbbe841b986d570e5be36fd634f7451f9f0676599cf465cac32601e52
django__django-15022,django/django,053d6cadf868999d5c91d65c608c767c064794a28f5a6ce572ddb790e1dcd63f,379,False,0.46153846153846156,-0.051751792430877686,0.042449500411748886,1.1928251624107364,-1.5543088912963867,-0.6758274912834168,0.051751792430877686,-0.042449500411748886,0.5169976711273196,1.4374477863311768,-0.19290757179260254,443,0.8857715430861723,Hard,7a4e145dbbe841b986d570e5be36fd634f7451f9f0676599cf465cac32601e52
django__django-15037,django/django,0d8c12fc486d8e5e0c9c28316b6d7052f1630eecc58aa279c2bcfae3478f4f09,151,False,0.17692307692307693,-0.4395641088485718,-0.4013274610042572,1.1694822162389755,-1.1321409940719604,-0.19137203991413115,0.4395641088485718,0.4013274610042572,0.9781101763248444,1.6176326274871826,-0.1965857446193695,76,0.15030060120240482,Easy,7a4e145dbbe841b986d570e5be36fd634f7451f9f0676599cf465cac32601e52
django__django-15098,django/django,d851e9e482d434693a8ffd0b6f1452774897d663326ba7f51d28aa70893506b5,922,False,0.43846153846153846,-0.069157674908638,0.00638969149440527,1.2490078687667847,-1.6290311813354492,-0.6750373721122742,0.069157674908638,-0.00638969149440527,0.5739704966545105,1.3678354024887085,-0.01636667177081108,428,0.8557114228456913,Hard,7a4e145dbbe841b986d570e5be36fd634f7451f9f0676599cf465cac32601e52
django__django-15103,django/django,34eeb1884ba091d5ef043989c3516cae61b057232f28bbf2d341c5cf670b2f84,101,False,0.26153846153846155,-0.2866857051849365,-0.2754855453968048,1.259709632396698,-1.264280080795288,-0.35098403692245483,0.2866857051849365,0.2754855453968048,0.9087255954742434,1.5903955698013306,-0.10535107553005219,188,0.374749498997996,Medium,7a4e145dbbe841b986d570e5be36fd634f7451f9f0676599cf465cac32601e52
django__django-15104,django/django,28a48760ccbbb8e549a66edeae834de8a47f4a34d06ba80e4c929c6ea55626d2,1387,False,0.3076923076923077,-0.29895344376564026,-0.22769883275032043,1.2222210884094244,-1.2106558084487915,-0.38767530322074883,0.29895344376564026,0.22769883275032043,0.8345457851886757,1.3947932720184326,-0.20427946746349335,249,0.4969939879759519,Medium,7a4e145dbbe841b986d570e5be36fd634f7451f9f0676599cf465cac32601e52
django__django-15127,django/django,c292bb768c1a7f54599f5232bf0ec130db16cae3504ab40183bf07f4ff3f3622,75,False,0.4230769230769231,-0.02889246493577957,0.006922758650034666,1.2577131748199464,-1.5923898220062256,-0.7006170392036438,0.02889246493577957,-0.006922758650034666,0.5570961356163026,1.5745986700057983,-0.21028035879135132,410,0.8196392785571143,Hard,7a4e145dbbe841b986d570e5be36fd634f7451f9f0676599cf465cac32601e52
django__django-15128,django/django,45a25eccc76c2a4696cf8ae4ddc4b1d8ccaf016a096c077f16d0db237f16a8f4,799,False,0.3769230769230769,-0.12461822479963303,-0.06809338927268982,1.22152179479599,-1.4899799823760986,-0.5801273167133331,0.12461822479963303,0.06809338927268982,0.6413944780826569,1.3815321922302246,-0.1482323557138443,356,0.7114228456913828,Hard,7a4e145dbbe841b986d570e5be36fd634f7451f9f0676599cf465cac32601e52
django__django-15161,django/django,57e447ac62225ffba5dba333898b1c0a4c43d39f66a983cb54b238f5350dd134,121,False,0.3153846153846154,-0.2637769281864166,-0.2020851969718933,1.2141546010971074,-1.3086626529693604,-0.44300739765167235,0.2637769281864166,0.2020851969718933,0.771147203445435,1.534529209136963,-0.4342728555202484,266,0.531062124248497,Medium,7a4e145dbbe841b986d570e5be36fd634f7451f9f0676599cf465cac32601e52
django__django-15252,django/django,ac94dfb5dfb9903b30502daafec445b4d52b5549b1ab13215baf510048fc3e7d,414,False,0.2,-0.362088680267334,-0.3611953854560852,1.2901000171899797,-1.303629994392395,-0.2847646027803421,0.362088680267334,0.3611953854560852,1.0053354144096376,1.5028281211853027,-0.2527976632118225,115,0.22845691382765532,Easy,7a4e145dbbe841b986d570e5be36fd634f7451f9f0676599cf465cac32601e52
django__django-15268,django/django,d924c4fce88325ef036717d83eec6886a45e706bcdb2990f20049ed3d6377f07,390,False,0.45384615384615384,-0.05748976767063141,0.00915281381458044,1.290796583890915,-1.812245488166809,-0.6797993302345275,0.05748976767063141,-0.00915281381458044,0.6109972536563875,1.4808039665222168,-0.31745490431785583,439,0.8777555110220441,Hard,7a4e145dbbe841b986d570e5be36fd634f7451f9f0676599cf465cac32601e52
django__django-15277,django/django,98525d608a2e031433d4b7356a5bfc0143c43f0e34ab84fd9f2a2d6e15f8359d,815,False,0.3923076923076923,-0.13912609219551086,-0.07269805669784546,1.2259142100811005,-1.3951599597930908,-0.5520967483520508,0.13912609219551086,0.07269805669784546,0.6738174617290498,1.385267734527588,-0.24400795996189117,366,0.7314629258517034,Hard,7a4e145dbbe841b986d570e5be36fd634f7451f9f0676599cf465cac32601e52
django__django-15278,django/django,1a089ebde40b260fa592330ff3bf56f5bfa3f06d96e50e5f17196fa2e6140d74,398,False,0.36923076923076925,-0.17288202047348022,-0.09812556207180023,1.2402028620243075,-1.471379280090332,-0.5360237181186676,0.17288202047348022,0.09812556207180023,0.7041791439056398,1.4080036878585815,-0.13507959246635437,348,0.6953907815631263,Hard,7a4e145dbbe841b986d570e5be36fd634f7451f9f0676599cf465cac32601e52
django__django-15280,django/django,064a07fb72e08e129f1fbe7f8d633a6b54b3e15107da3af57dc8ddc9b8da0ad8,750,False,0.3384615384615385,-0.2159293293952942,-0.16271691024303436,1.1635218292474752,-1.2873070240020752,-0.4523556500673294,0.2159293293952942,0.16271691024303436,0.7111661791801457,1.3312621116638184,-0.020189842209219933,300,0.5991983967935872,Medium,7a4e145dbbe841b986d570e5be36fd634f7451f9f0676599cf465cac32601e52
django__django-15315,django/django,a26b3534bece469f866614b19fadd37e13c9a06ce293bfe21e32313b9cfa90fd,223,False,0.43846153846153846,-0.05464848875999451,0.004221292678266764,1.188664066791535,-1.500378131866455,-0.6482663750648499,0.05464848875999451,-0.004221292678266764,0.5403976917266851,1.2914354801177979,-0.046772606670856476,429,0.8577154308617234,Hard,7a4e145dbbe841b986d570e5be36fd634f7451f9f0676599cf465cac32601e52
django__django-15368,django/django,1bced2e7a3d9d1a655c00e9057eca1f32180b3ef8cbdb43fa560b580531f07d0,406,False,0.3384615384615385,-0.25057297945022583,-0.18673110008239746,1.0921106815338133,-1.532120704650879,-0.3531304359436035,0.25057297945022583,0.18673110008239746,0.7389802455902099,1.4327417612075806,-0.11801426112651825,301,0.6012024048096193,Medium,7a4e145dbbe841b986d570e5be36fd634f7451f9f0676599cf465cac32601e52
django__django-15375,django/django,4616483f7cb30681f19b8196d8484bef3b60b87d89b3547c73c01b54b98a1ba8,589,False,0.49230769230769234,-0.02122437208890915,0.030937599018216133,1.2089089870452885,-1.6129164695739746,-0.6704590082168579,0.02122437208890915,-0.030937599018216133,0.5384499788284306,1.368024468421936,0.0901557207107544,457,0.9138276553106213,Hard,7a4e145dbbe841b986d570e5be36fd634f7451f9f0676599cf465cac32601e52
django__django-15380,django/django,53100fe4bc9f478124a2d09309952bdae262d1f27673d79613eaea157cf20191,567,False,0.5923076923076923,0.10038569569587708,0.1756083220243454,1.2621787667274478,-1.7619693279266357,-0.8956273198127747,-0.10038569569587708,-0.1756083220243454,0.3665514469146732,1.4628249406814575,-0.0010366449132561684,499,0.9979959919839679,Hard,7a4e145dbbe841b986d570e5be36fd634f7451f9f0676599cf465cac32601e52
django__django-15382,django/django,edcce7a405fe9cea7bd3d257a381b34a8247f33ad1ad1d95d6899109c98873da,126,False,0.36923076923076925,-0.1547037810087204,-0.08172033727169037,1.1943352758884431,-1.4826619625091553,-0.530756264925003,0.1547037810087204,0.08172033727169037,0.6635790109634401,1.3298259973526,-0.060902126133441925,349,0.6973947895791583,Hard,7a4e145dbbe841b986d570e5be36fd634f7451f9f0676599cf465cac32601e52
django__django-15467,django/django,fc7443424d0b936393fb4f7cf0d1c3045fbd138a736a563d555bbf5cafccd99b,245,False,0.4,-0.14720389246940613,-0.07692538946866989,1.1724502265453338,-1.503980040550232,-0.5264478504657745,0.14720389246940613,0.07692538946866989,0.6460023760795593,1.334804654121399,0.09677121043205261,377,0.7535070140280561,Hard,7a4e145dbbe841b986d570e5be36fd634f7451f9f0676599cf465cac32601e52
django__django-15499,django/django,5b157eb69d1b4d671f1f1751692541bfd58a51abda2269af5968a299640619ad,60,False,0.17692307692307693,-0.5021756887435913,-0.42379751801490784,1.1823784768581391,-1.211684226989746,-0.1549169838428497,0.5021756887435913,0.42379751801490784,1.0274614930152894,1.5449148416519165,-0.4157918095588684,77,0.1523046092184369,Easy,7a4e145dbbe841b986d570e5be36fd634f7451f9f0676599cf465cac32601e52
django__django-15503,django/django,ae5996a2ff543fb4739d14e1d0080c854ac289205e0abe1d687645bc14af2123,646,False,0.3923076923076923,-0.15285691618919373,-0.0877760648727417,1.2145701706409457,-1.5023972988128662,-0.5743093252182007,0.15285691618919373,0.0877760648727417,0.6402608454227451,1.403691291809082,0.007333613000810146,367,0.7334669338677354,Hard,7a4e145dbbe841b986d570e5be36fd634f7451f9f0676599cf465cac32601e52
django__django-15525,django/django,d08bb0e6192157df05eeac23a447e986930f16b9905c8071c73bc00007945357,1491,False,0.33076923076923076,-0.18719187378883362,-0.16296759247779846,1.1785315990448,-1.3475501537322998,-0.4474297225475311,0.18719187378883362,0.16296759247779846,0.7311018764972688,1.5170069932937622,0.04607025533914566,285,0.5691382765531062,Medium,7a4e145dbbe841b986d570e5be36fd634f7451f9f0676599cf465cac32601e52
django__django-15554,django/django,2d27a8c06b70734c54326cfad54dacbad5376e57a6a6ea68a4c33e91047624af,383,False,0.2076923076923077,-0.4052613377571106,-0.3622968792915344,1.185577204823494,-1.2927899360656738,-0.21771709620952606,0.4052613377571106,0.3622968792915344,0.967860108613968,1.519809365272522,-0.08820214867591858,128,0.2545090180360721,Easy,7a4e145dbbe841b986d570e5be36fd634f7451f9f0676599cf465cac32601e52
django__django-15561,django/django,faf31e89ae86084aeea09177048679096a74f81864023dda9cbe3a32e3db6e46,89,False,0.2076923076923077,-0.3995552062988281,-0.34599921107292175,1.2211308866739274,-1.267115831375122,-0.24482995569705962,0.3995552062988281,0.34599921107292175,0.9763009309768678,1.5181734561920166,-0.39477840065956116,129,0.2565130260521042,Easy,7a4e145dbbe841b986d570e5be36fd634f7451f9f0676599cf465cac32601e52
django__django-15563,django/django,46a090e69eecd18516e4819f11699ec9c5b3d2226db86a616217d9115cdfb5a7,578,False,0.5230769230769231,0.042351920157670975,0.0996781662106514,1.2587489366531377,-1.7476110458374023,-0.7714304745197296,-0.042351920157670975,-0.0996781662106514,0.48731846213340807,1.3465412855148315,-0.11261725425720215,479,0.9579158316633266,Hard,7a4e145dbbe841b986d570e5be36fd634f7451f9f0676599cf465cac32601e52
django__django-15569,django/django,107938cd24f7bef580939d1998ce566f02fe292c37bcd14013c5f28ec5fb4f51,203,False,0.46923076923076923,-0.0264301560819149,0.0826411321759224,1.3316373527050023,-1.7870196104049683,-0.8152709066867828,0.0264301560819149,-0.0826411321759224,0.5163664460182193,1.364717960357666,-0.15159359574317932,448,0.8957915831663327,Hard,7a4e145dbbe841b986d570e5be36fd634f7451f9f0676599cf465cac32601e52
django__django-15572,django/django,f9d1889009c44a56a4487dbf777c536841b4b30a2472ee1d1e30b75007f12aa3,468,False,0.4153846153846154,-0.0977948009967804,-0.019244303926825523,1.3172015845775604,-1.5403571128845215,-0.672037935256958,0.0977948009967804,0.019244303926825523,0.6451636493206024,1.4560546875,-0.24625040590763092,401,0.8016032064128257,Hard,7a4e145dbbe841b986d570e5be36fd634f7451f9f0676599cf465cac32601e52
django__django-15629,django/django,f0d48bfd83441c3935b06e4a92bcdb578150b817ce17a73b3275233796473aa6,833,False,0.36153846153846153,-0.15640488266944885,-0.09624902904033661,1.2805440545082094,-1.563765287399292,-0.5654725551605224,0.15640488266944885,0.09624902904033661,0.7150714993476869,1.3775923252105713,-0.3563527464866638,344,0.687374749498998,Hard,7a4e145dbbe841b986d570e5be36fd634f7451f9f0676599cf465cac32601e52
django__django-15695,django/django,613bfb30e51009598a05937b5149afbc0cf7b5eb59572cc4282e9154fd39da22,481,False,0.5615384615384615,0.03732180595397949,0.13248644769191742,1.1904621303081513,-1.7857065200805664,-0.7909269869327545,-0.03732180595397949,-0.13248644769191742,0.3995351433753968,1.270892858505249,-0.042036138474941254,490,0.9799599198396793,Hard,7a4e145dbbe841b986d570e5be36fd634f7451f9f0676599cf465cac32601e52
django__django-15731,django/django,b28cf585d0d568812aef7b882e47df7a542f7736ee900877c426c000a3ed953c,329,False,0.4076923076923077,-0.08616937696933746,-0.020533323287963867,1.2385700523853302,-1.5570710897445679,-0.6325938463211059,0.08616937696933746,0.020533323287963867,0.6059762060642243,1.4092577695846558,-0.17310908436775208,388,0.7755511022044088,Hard,7a4e145dbbe841b986d570e5be36fd634f7451f9f0676599cf465cac32601e52
django__django-15732,django/django,9fec2159f491fae94855a4e7f43923ee35d5c1b124f9f26769a0e6015ff0f312,175,False,0.25384615384615383,-0.33054041862487793,-0.289617657661438,1.2147524535655978,-1.3142563104629517,-0.34335340261459346,0.33054041862487793,0.289617657661438,0.8713990509510045,1.5967788696289062,-0.14971975982189178,179,0.35671342685370744,Medium,7a4e145dbbe841b986d570e5be36fd634f7451f9f0676599cf465cac32601e52
django__django-15741,django/django,885e417777d572d47461e7ec0c9eb4ea29ec0e446a60f4515cbf32625a3a9cbf,110,False,0.3153846153846154,-0.28942182660102844,-0.2080717831850052,1.253563565015793,-1.5237761735916138,-0.44892808198928835,0.28942182660102844,0.2080717831850052,0.8046354830265047,1.495976448059082,-0.2577284574508667,267,0.533066132264529,Medium,7a4e145dbbe841b986d570e5be36fd634f7451f9f0676599cf465cac32601e52
django__django-15814,django/django,2ade174953b4185bc7ebb099982940b2b244588d523290a1f468b54fd5c87ea7,943,False,0.3076923076923077,-0.2863861918449402,-0.2269287407398224,1.2055054306983948,-1.416635513305664,-0.3890937328338623,0.2863861918449402,0.2269287407398224,0.8164116978645326,1.4142136573791504,0.022930029779672623,250,0.49899799599198397,Medium,7a4e145dbbe841b986d570e5be36fd634f7451f9f0676599cf465cac32601e52
django__django-15851,django/django,f4d50fcd56c36967abc5518f3cf22d8f7cdec73d9ee380ead21efd6c4e434526,179,False,0.4153846153846154,-0.108127161860466,-0.05180000513792038,1.250409096479416,-1.5785267353057861,-0.6273691415786743,0.108127161860466,0.05180000513792038,0.6230399549007417,1.4604449272155762,-0.014564703218638897,402,0.8036072144288577,Hard,7a4e145dbbe841b986d570e5be36fd634f7451f9f0676599cf465cac32601e52
django__django-15863,django/django,1ebdb648984e2cfa5ad5cfa36fddb9ee9dc83e08d602602194b729276ee6a3fc,254,False,0.5615384615384615,0.08095356076955795,0.15599723160266876,1.3095866441726685,-1.8078196048736572,-0.8932263791561127,-0.08095356076955795,-0.15599723160266876,0.4163602650165558,1.3123972415924072,-0.06987450271844864,491,0.9819639278557114,Hard,7a4e145dbbe841b986d570e5be36fd634f7451f9f0676599cf465cac32601e52
django__django-15916,django/django,561a7dff2336249703a63a8fbfcf8e868324859d74b3da2ade1a4fee5ed23d61,438,False,0.4307692307692308,-0.09512144327163696,-0.028187517076730728,1.2206362426280977,-1.5224716663360596,-0.616627299785614,0.09512144327163696,0.028187517076730728,0.6040089428424836,1.3916020393371582,-0.12981769442558289,419,0.8376753507014028,Hard,7a4e145dbbe841b986d570e5be36fd634f7451f9f0676599cf465cac32601e52
django__django-15930,django/django,e2c63560dec85eba8d54e55e16e39c352b0db782bc1b1f06aef31819757e9732,224,False,0.3230769230769231,-0.21747444570064545,-0.1820492446422577,1.1958864867687231,-1.532097339630127,-0.4287069499492645,0.21747444570064545,0.1820492446422577,0.7671795368194586,1.3999378681182861,-0.10283848643302917,277,0.5531062124248497,Medium,7a4e145dbbe841b986d570e5be36fd634f7451f9f0676599cf465cac32601e52
django__django-15957,django/django,676a7fa58acee1293e62f431bfea0ddd001785e0efd2051bb50d7314027e9213,215,False,0.2923076923076923,-0.29237043857574463,-0.2611607313156128,1.2132482379674911,-1.2085577249526978,-0.31529686152935027,0.29237043857574463,0.2611607313156128,0.8979513764381409,1.4862816333770752,-0.14802783727645874,231,0.46092184368737477,Medium,7a4e145dbbe841b986d570e5be36fd634f7451f9f0676599cf465cac32601e52
django__django-15973,django/django,8f96852cd0ac22cf509a263bbe10456db887c640e893fc4c49f453b45e1ed023,1930,False,0.4,-0.14891208708286285,-0.050966519862413406,1.2335455238819124,-1.6063294410705566,-0.5954604983329773,0.14891208708286285,0.050966519862413406,0.6380850255489351,1.4603767395019531,-0.12570983171463013,378,0.7555110220440882,Hard,7a4e145dbbe841b986d570e5be36fd634f7451f9f0676599cf465cac32601e52
django__django-15987,django/django,74fc422f95f0cc73e0782cafc65260bc6805ce03753bea993d58c0641edc8a5d,45,False,0.23076923076923078,-0.3661317825317383,-0.3427846431732178,1.1997264131903649,-1.3851830959320068,-0.2512388452887535,0.3661317825317383,0.3427846431732178,0.9484875679016114,1.5598448514938354,-0.29539111256599426,156,0.3106212424849699,Easy,7a4e145dbbe841b986d570e5be36fd634f7451f9f0676599cf465cac32601e52
django__django-16032,django/django,a6962d82b41042e5d8c3ddd56535e25107582436685e7ab9efc78b0da6df86c1,274,False,0.4076923076923077,-0.12838247418403625,-0.05368349701166153,1.2347318589687348,-1.6627897024154663,-0.6087834894657135,0.12838247418403625,0.05368349701166153,0.6259483695030214,1.3094940185546875,-0.04449297487735748,389,0.7775551102204409,Hard,7a4e145dbbe841b986d570e5be36fd634f7451f9f0676599cf465cac32601e52
django__django-16082,django/django,1d2c67bed1ede6923fe1102ec80424352c4ad9263a4049da7684b360d9aeef87,68,False,0.46153846153846156,-0.026574354618787766,0.023743074387311935,1.2396187007427215,-1.6355681419372559,-0.6640871882438659,0.026574354618787766,-0.023743074387311935,0.5755315124988556,1.4093270301818848,-0.26771676540374756,444,0.8877755511022044,Hard,7a4e145dbbe841b986d570e5be36fd634f7451f9f0676599cf465cac32601e52
django__django-16100,django/django,1348b1dd6ab1cb64b3178fe8cf3fa0b9998eaa9eb0a7c522fb5eed67f62254ba,64,False,0.3384615384615385,-0.2686777114868164,-0.19556544721126556,1.230339246988297,-1.474590539932251,-0.4523081660270691,0.2686777114868164,0.19556544721126556,0.778031080961228,1.5191994905471802,-0.3280508518218994,302,0.6032064128256514,Medium,7a4e145dbbe841b986d570e5be36fd634f7451f9f0676599cf465cac32601e52
django__django-16116,django/django,2f9755e00c736ae0fd1d1b7f5361f1a3928b5efcbf3abc6736b8589c723fc6bf,194,False,0.3384615384615385,-0.21711695194244385,-0.16697798669338226,1.3649283647537231,-1.455841302871704,-0.5506138324737548,0.21711695194244385,0.16697798669338226,0.8143145322799683,1.495479702949524,-0.14648208022117615,303,0.6052104208416834,Medium,7a4e145dbbe841b986d570e5be36fd634f7451f9f0676599cf465cac32601e52
django__django-16136,django/django,94dcebd6197a6b892e97650b984227b233cb75312d624d939ff1a2956850c3bc,728,False,0.5307692307692308,0.014631763100624084,0.10164497047662735,1.229507598280907,-1.6498587131500244,-0.7737446546554565,-0.014631763100624084,-0.10164497047662735,0.45576294362545033,1.3638873100280762,-0.13571405410766602,482,0.9639278557114228,Hard,7a4e145dbbe841b986d570e5be36fd634f7451f9f0676599cf465cac32601e52
django__django-16139,django/django,b995147ec63f69ca6a39f0fdbf6e8d9f5647458bc7e76a693157834c38435ec2,444,False,0.36153846153846153,-0.18136733770370483,-0.11079143732786179,1.2588559567928317,-1.477934718132019,-0.577104640007019,0.18136733770370483,0.11079143732786179,0.6817513167858126,1.4462182521820068,-0.37526899576187134,345,0.6893787575150301,Hard,7a4e145dbbe841b986d570e5be36fd634f7451f9f0676599cf465cac32601e52
django__django-16145,django/django,04c20c6816a5e01d7261a30182d4c5718c4758e2b629fbba7e2778fdec4cb77f,201,False,0.4,-0.09737623482942581,-0.06036495417356491,1.2880724728107453,-1.389984369277954,-0.5994299709796905,0.09737623482942581,0.06036495417356491,0.6886425018310547,1.3694398403167725,-0.0392359122633934,379,0.7575150300601202,Hard,7a4e145dbbe841b986d570e5be36fd634f7451f9f0676599cf465cac32601e52
django__django-16255,django/django,2359a3443b4020179e535a3df289178a975a90472b1fb6c3c23adf85aee5c371,502,False,0.5,0.0008486062288284302,0.07909439504146576,1.15971109867096,-1.6646182537078857,-0.7211345553398132,-0.0008486062288284302,-0.07909439504146576,0.4385765433311468,1.3146227598190308,0.12320668250322342,464,0.9278557114228457,Hard,7a4e145dbbe841b986d570e5be36fd634f7451f9f0676599cf465cac32601e52
django__django-16256,django/django,8573a7026e50e932c44f36aeeb9c57c6fd28231d65e43fb98b39afa563d4f01c,883,False,0.5,0.0018414035439491272,0.05566390976309776,1.18038330078125,-1.6715333461761475,-0.6968536972999573,-0.0018414035439491272,-0.05566390976309776,0.4835296034812928,1.3338987827301025,-0.1010894626379013,465,0.9298597194388778,Hard,7a4e145dbbe841b986d570e5be36fd634f7451f9f0676599cf465cac32601e52
django__django-16263,django/django,ef08a5be58ef19907c5ccbc08283ca421442f12cf119e39a33cc4d0224911e56,143,False,0.3384615384615385,-0.22287224233150482,-0.17146769165992737,1.215002089738846,-1.4890482425689697,-0.441322922706604,0.22287224233150482,0.17146769165992737,0.773679167032242,1.4327677488327026,-0.2978802025318146,304,0.6072144288577155,Medium,7a4e145dbbe841b986d570e5be36fd634f7451f9f0676599cf465cac32601e52
django__django-16315,django/django,1e77d04330a04cec33e1085c3641b845bddc133ae3c5102cdd71b9fd61023fa9,391,False,0.3,-0.2801555097103119,-0.2164379060268402,1.2510090440511705,-1.5466266870498657,-0.4321423560380936,0.2801555097103119,0.2164379060268402,0.8188666880130769,1.4500856399536133,0.056242939084768295,242,0.48296593186372744,Medium,7a4e145dbbe841b986d570e5be36fd634f7451f9f0676599cf465cac32601e52
django__django-16333,django/django,603fcbce6271954ca24171d4ae19dcaba962abf158fc04f53d3fd18dbcd20cb3,165,False,0.2076923076923077,-0.4209567904472351,-0.3748733699321747,1.2302286267280582,-1.1890678405761719,-0.2752476096153259,0.4209567904472351,0.3748733699321747,0.9549810171127323,1.624752163887024,-0.3317604660987854,130,0.25851703406813625,Easy,7a4e145dbbe841b986d570e5be36fd634f7451f9f0676599cf465cac32601e52
django__django-16429,django/django,b6ca3283813884840693619432ca2d9fe158676400cb3c3524f3b059d57b1200,351,False,0.4846153846153846,-0.00907021015882492,0.04090719297528267,1.1963514506816864,-1.5707552433013916,-0.6767063856124877,0.00907021015882492,-0.04090719297528267,0.5196450650691986,1.247074007987976,-0.07319443672895432,453,0.905811623246493,Hard,7a4e145dbbe841b986d570e5be36fd634f7451f9f0676599cf465cac32601e52
django__django-16454,django/django,1b38e35ca2721cfc6bfdf1b9fdc133975c7e5c72b4ef5e91e132fd578e89d0e0,595,False,0.43846153846153846,-0.08370131999254227,-0.03271440416574478,1.34358726143837,-1.6037653684616089,-0.6846120715141296,0.08370131999254227,0.03271440416574478,0.6589751899242404,1.4052270650863647,-0.06704837083816528,430,0.8597194388777555,Hard,7a4e145dbbe841b986d570e5be36fd634f7451f9f0676599cf465cac32601e52
django__django-16485,django/django,b4fa6712d6e1d39bf9c121043248a2ba7faecb8c92f65be12459ab0f7d32b4e0,81,False,0.4230769230769231,-0.06742137670516968,-0.05465654283761978,1.1390712082386016,-1.5350620746612549,-0.5137872159481048,0.06742137670516968,0.05465654283761978,0.6252839922904968,1.329326868057251,0.17981179058551788,411,0.8216432865731463,Hard,7a4e145dbbe841b986d570e5be36fd634f7451f9f0676599cf465cac32601e52
django__django-16493,django/django,75075130dacc249477d2c94033054758246062c4b4570d8a8b5c6ac0a220ab79,270,False,0.46923076923076923,-0.04400046169757843,0.02954660914838314,1.292610812187195,-1.6155250072479248,-0.7065552473068237,0.04400046169757843,-0.02954660914838314,0.5860555648803715,1.4260989427566528,-0.21237827837467194,449,0.8977955911823647,Hard,7a4e145dbbe841b986d570e5be36fd634f7451f9f0676599cf465cac32601e52
django__django-16502,django/django,7efef7822c78cdf0e41a2bf058fd740eeb35cb07a471343a0bbc7128caf0305f,597,False,0.4230769230769231,-0.10016556829214096,-0.021837884560227394,1.2963204205036165,-1.5372204780578613,-0.6292159020900726,0.10016556829214096,0.021837884560227394,0.6671045184135438,1.3498296737670898,-0.1915391981601715,412,0.8236472945891784,Hard,7a4e145dbbe841b986d570e5be36fd634f7451f9f0676599cf465cac32601e52
django__django-16527,django/django,d9bcb36c05a8542b01cc22ded3b6545b090ccac64f969ddee3981d62c6e74e10,162,False,0.3076923076923077,-0.2974177598953247,-0.21785765886306763,1.2742486953735352,-1.3613712787628174,-0.46834661960601803,0.2974177598953247,0.21785765886306763,0.8059020757675172,1.4675177335739136,-0.18235701322555542,251,0.501002004008016,Medium,7a4e145dbbe841b986d570e5be36fd634f7451f9f0676599cf465cac32601e52
django__django-16560,django/django,55bdf0c9598df4bb15567401559ad47ae47a817a1a61031101d6d4105e3e2da3,191,False,0.2923076923076923,-0.25619572401046753,-0.21466460824012756,1.1917027741670612,-1.4157938957214355,-0.3741486996412277,0.25619572401046753,0.21466460824012756,0.8175540745258335,1.6068899631500244,-0.2594311535358429,232,0.46292585170340683,Medium,7a4e145dbbe841b986d570e5be36fd634f7451f9f0676599cf465cac32601e52
django__django-16569,django/django,06d476280f43c0739d98b1cc072683c8b766243ba66ee1ad7c4c86bc1c62cfcb,543,False,0.4,-0.08103067427873611,-0.04964616894721985,1.15382262468338,-1.5981512069702148,-0.54550222158432,0.08103067427873611,0.04964616894721985,0.6083204030990601,1.3996509313583374,0.02701832726597786,380,0.7595190380761523,Hard,7a4e145dbbe841b986d570e5be36fd634f7451f9f0676599cf465cac32601e52
django__django-16595,django/django,9634961aa789b58bc0e66fae12245de8b9f826e5f69b752226458f5888fe2116,462,False,0.1,-0.6801042556762695,-0.6466197371482849,1.2212755620479585,-1.084665298461914,0.026389914751052873,0.6801042556762695,0.6466197371482849,1.2476654767990114,1.8146631717681885,-0.24600011110305786,2,0.002004008016032064,Easy,7a4e145dbbe841b986d570e5be36fd634f7451f9f0676599cf465cac32601e52
django__django-16612,django/django,360343632af96cb566321012a292dbc7e00e3201c90017aa1d73e9f8f01979d9,281,False,0.3076923076923077,-0.29583442211151123,-0.24281886219978333,1.3604472786188126,-1.4493985176086426,-0.4410015970468521,0.29583442211151123,0.24281886219978333,0.9194456815719605,1.531027913093567,-0.22263438999652863,252,0.503006012024048,Medium,7a4e145dbbe841b986d570e5be36fd634f7451f9f0676599cf465cac32601e52
django__django-16631,django/django,32af93df5e62a2e558611028be5030691d5720d2a172c9a0e83213c68d779a8a,223,False,0.2153846153846154,-0.41679930686950684,-0.3783144950866699,1.2810623139142991,-1.2759699821472168,-0.24612437188625333,0.41679930686950684,0.3783144950866699,1.0349379420280458,1.641711950302124,-0.4514043629169464,140,0.2785571142284569,Easy,7a4e145dbbe841b986d570e5be36fd634f7451f9f0676599cf465cac32601e52
django__django-16642,django/django,8c925b62cf8a6164ad42e17af5c693af15ee49cf2295d42ed29c83ca9300895f,85,False,0.2692307692307692,-0.34235501289367676,-0.26800766587257385,1.1855843365192413,-1.4257750511169434,-0.3358940541744232,0.34235501289367676,0.26800766587257385,0.8496902823448181,1.5999970436096191,-0.17217783629894257,198,0.39478957915831664,Medium,7a4e145dbbe841b986d570e5be36fd634f7451f9f0676599cf465cac32601e52
django__django-16661,django/django,8ae40c58d69fbb6c556a88fd5efa91256048a66c1a75b2b6047bedc907979619,370,False,0.35384615384615387,-0.1315818727016449,-0.11836181581020355,1.2415246367454529,-1.4726345539093018,-0.509502750635147,0.1315818727016449,0.11836181581020355,0.7320218861103058,1.4310730695724487,-0.18533584475517273,331,0.6613226452905812,Medium,7a4e145dbbe841b986d570e5be36fd634f7451f9f0676599cf465cac32601e52
django__django-16662,django/django,42e240ffdb04350697f828e621ac52538d02097c07e3bd29e2e48e7005968beb,166,False,0.4846153846153846,-0.02568044513463974,0.04310433194041252,1.3084529995918281,-1.594212532043457,-0.7635105550289154,0.02568044513463974,-0.04310433194041252,0.5449424445629127,1.3488950729370117,-0.1585959792137146,454,0.9078156312625251,Hard,7a4e145dbbe841b986d570e5be36fd634f7451f9f0676599cf465cac32601e52
django__django-16667,django/django,f5e8f8238e1858da54eeda18945034c35444d586b4fb303dab3b95f44a0f06f4,523,False,0.4230769230769231,-0.09777024388313293,-0.039601363241672516,1.155383938550949,-1.5086003541946411,-0.5615314066410064,0.09777024388313293,0.039601363241672516,0.5938525319099427,1.2941014766693115,0.12199915200471878,413,0.8256513026052105,Hard,7a4e145dbbe841b986d570e5be36fd634f7451f9f0676599cf465cac32601e52
django__django-16801,django/django,f7f76c637955914a37f86dce9b70030f0740b9013c976a1aa0240db988a4591a,171,False,0.46153846153846156,-0.05909707397222519,-0.009507362730801105,1.3201432764530185,-1.648838758468628,-0.6814320266246796,0.05909707397222519,0.009507362730801105,0.6387112498283388,1.4777997732162476,-0.34231358766555786,445,0.8897795591182365,Hard,7a4e145dbbe841b986d570e5be36fd634f7451f9f0676599cf465cac32601e52
django__django-16819,django/django,97b715a333546c080e735147ddaec689c9bac7e3c9f656b0225ba9b42a2cec70,33,False,0.18461538461538463,-0.427776038646698,-0.3901844918727875,1.0969150155782705,-1.2030768394470215,-0.16303710043430325,0.427776038646698,0.3901844918727875,0.9338779151439672,1.524674654006958,-0.1834734082221985,87,0.17234468937875752,Easy,7a4e145dbbe841b986d570e5be36fd634f7451f9f0676599cf465cac32601e52
django__django-16877,django/django,a27611c7e5e670510d13fa2a390101af04671478b7f29d91fc6833223a50236f,115,False,0.23076923076923078,-0.38669082522392273,-0.3191591203212738,1.192967689037323,-1.2735580205917358,-0.3052527904510498,0.38669082522392273,0.3191591203212738,0.8877148985862733,1.6258039474487305,-0.45631977915763855,157,0.312625250501002,Easy,7a4e145dbbe841b986d570e5be36fd634f7451f9f0676599cf465cac32601e52
django__django-16899,django/django,9c9351066a13a3059571433afaff2b7a9948b725fdf47c3c39f8f0b73fc1394f,202,False,0.2,-0.41499829292297363,-0.39635545015335083,1.190339243412018,-1.2398810386657715,-0.18831383585929864,0.41499829292297363,0.39635545015335083,1.0020254075527193,1.5618597269058228,-0.45940691232681274,116,0.23046092184368738,Easy,7a4e145dbbe841b986d570e5be36fd634f7451f9f0676599cf465cac32601e52
django__django-16901,django/django,c8993e991640f6009471290abeba79fbb302f7b82c293f7e9340fe4e1220f532,374,False,0.5461538461538461,0.07850787043571472,0.11214832961559296,1.2341020017862323,-1.6053197383880615,-0.8033062100410462,-0.07850787043571472,-0.11214832961559296,0.4307957917451861,1.3243582248687744,-0.05068599432706833,484,0.9679358717434869,Hard,7a4e145dbbe841b986d570e5be36fd634f7451f9f0676599cf465cac32601e52
django__django-16938,django/django,df77a03b1d4dc247eb9cb80cd7a2d98d9b6f63f3036e1a3d65431ff0edc39d39,1310,False,0.5230769230769231,0.029505550861358643,0.08756737411022186,1.1798371344804768,-1.7003642320632935,-0.7460462987422943,-0.029505550861358643,-0.08756737411022186,0.43379083573818245,1.3703430891036987,-0.030537493526935577,480,0.9599198396793587,Hard,7a4e145dbbe841b986d570e5be36fd634f7451f9f0676599cf465cac32601e52
django__django-16950,django/django,f269742c4cfd7938fbc0c71820914948ed127d5ce9750df52c33f7a340b91f34,457,False,0.3076923076923077,-0.25996044278144836,-0.21211104094982147,1.1939831227064135,-1.3307998180389404,-0.40215314328670504,0.25996044278144836,0.21211104094982147,0.7918299794197085,1.4874684810638428,-0.10065139830112457,253,0.5050100200400801,Medium,7a4e145dbbe841b986d570e5be36fd634f7451f9f0676599cf465cac32601e52
django__django-17029,django/django,4de1d6b3ae651b2f319eab80284de337f4a85e6bb7ea0b00ebbe2713b2ad5e38,319,False,0.5076923076923077,0.006340503692626953,0.08878874778747559,1.3142780870199204,-1.6742579936981201,-0.8242265164852143,-0.006340503692626953,-0.08878874778747559,0.4900515705347062,1.2589061260223389,0.03873806446790695,470,0.9398797595190381,Hard,7a4e145dbbe841b986d570e5be36fd634f7451f9f0676599cf465cac32601e52
django__django-17084,django/django,04cc3977bbc184d950a14a6b4e9caf06f854fa2575218694b65982247ca6388c,221,False,0.23846153846153847,-0.35375380516052246,-0.29688429832458496,1.2489073872566225,-1.3510029315948486,-0.38121601939201355,0.35375380516052246,0.29688429832458496,0.867691367864609,1.50631582736969,-0.10178136080503464,161,0.32064128256513025,Easy,7a4e145dbbe841b986d570e5be36fd634f7451f9f0676599cf465cac32601e52
django__django-17087,django/django,70cad331a2b095ca612c98e2d2d81a549fb32f91f6ac261196d30d4a77bdb2fb,333,False,0.27692307692307694,-0.27761778235435486,-0.21833622455596924,1.317126750946045,-1.4929594993591309,-0.4813608050346374,0.27761778235435486,0.21833622455596924,0.8357659459114076,1.4530937671661377,-0.2588269114494324,209,0.4168336673346693,Medium,7a4e145dbbe841b986d570e5be36fd634f7451f9f0676599cf465cac32601e52
django__django-7530,django/django,660d95fad484d129e2943cf8276d081cfceb02bada155f6ddf2e5e1ce4af5d39,136,False,0.3923076923076923,-0.1351395845413208,-0.07920651137828827,1.360355979204178,-1.552361249923706,-0.6396697223186493,0.1351395845413208,0.07920651137828827,0.7206862568855286,1.5189173221588135,-0.33611443638801575,368,0.7354709418837675,Hard,7a4e145dbbe841b986d570e5be36fd634f7451f9f0676599cf465cac32601e52
django__django-9296,django/django,1dad6e4ae15cb47af74a688dc59b6a40fa55b6ec0086f587e16c784c78acfc23,115,False,0.3,-0.297588050365448,-0.22358277440071106,1.254982298612595,-1.32502019405365,-0.4185282588005066,0.297588050365448,0.22358277440071106,0.8364540398120883,1.3508678674697876,-0.10808303207159042,243,0.4849699398797595,Medium,7a4e145dbbe841b986d570e5be36fd634f7451f9f0676599cf465cac32601e52
matplotlib__matplotlib-13989,matplotlib/matplotlib,13d52a70d283b3677d5258aadda203f99ac501d0073989215713092077f6e3ff,561,False,0.13846153846153847,-0.5246137380599976,-0.49083879590034485,1.3229845643043519,-1.3013525009155273,-0.19537467956542967,0.5246137380599976,0.49083879590034485,1.1276098847389222,1.754835844039917,-0.12688660621643066,22,0.04208416833667335,Easy,7a4e145dbbe841b986d570e5be36fd634f7451f9f0676599cf465cac32601e52
matplotlib__matplotlib-14623,matplotlib/matplotlib,464f0388f374a7b9d35c4376287b032364fc63e51dfb872fbd0806154dbbc152,434,False,0.2230769230769231,-0.3853987157344818,-0.3392356336116791,1.2435368925333024,-1.3826830387115479,-0.28229086101055145,0.3853987157344818,0.3392356336116791,0.9612460315227509,1.5518786907196045,-0.09985895454883575,149,0.2965931863727455,Easy,7a4e145dbbe841b986d570e5be36fd634f7451f9f0676599cf465cac32601e52
matplotlib__matplotlib-20488,matplotlib/matplotlib,12056807682e586594be117be56e64ed357f0907510f7d7fb645a4241e4fa165,646,False,0.2153846153846154,-0.4272981882095337,-0.3540959656238556,1.230117601156235,-1.3996973037719727,-0.2798675000667572,0.4272981882095337,0.3540959656238556,0.9502501010894776,1.6087075471878052,-0.12562549114227295,141,0.280561122244489,Easy,7a4e145dbbe841b986d570e5be36fd634f7451f9f0676599cf465cac32601e52
matplotlib__matplotlib-20676,matplotlib/matplotlib,c201ac5236b0a5eb57faa1768a12c67f0132074a5538d82feb717a62af9ad01d,474,False,0.2692307692307692,-0.28425365686416626,-0.24472780525684357,1.3407103568315506,-1.4763257503509521,-0.47320297062397,0.28425365686416626,0.24472780525684357,0.8675073862075806,1.6283923387527466,0.043483659625053406,199,0.3967935871743487,Medium,7a4e145dbbe841b986d570e5be36fd634f7451f9f0676599cf465cac32601e52
matplotlib__matplotlib-20826,matplotlib/matplotlib,881edf60640e55712a3d98f4ab4da1ef4c7e1976c75cb152ed0507cc5522d216,816,False,0.34615384615384615,-0.2212468683719635,-0.15137813985347748,1.2701362073421478,-1.5019322633743286,-0.5255659461021424,0.2212468683719635,0.15137813985347748,0.7445702612400056,1.4584155082702637,-0.12307489663362503,317,0.6332665330661322,Medium,7a4e145dbbe841b986d570e5be36fd634f7451f9f0676599cf465cac32601e52
matplotlib__matplotlib-20859,matplotlib/matplotlib,e164457f11ff826d316c84285ade2b510a4b086fc263d1f948a16ceb84da4d34,773,False,0.2076923076923077,-0.46248364448547363,-0.40604034066200256,1.239430871605873,-1.3688881397247314,-0.2507221430540085,0.46248364448547363,0.40604034066200256,0.9887087285518646,1.7375335693359375,-0.06390424072742462,131,0.2605210420841683,Easy,7a4e145dbbe841b986d570e5be36fd634f7451f9f0676599cf465cac32601e52
matplotlib__matplotlib-21568,matplotlib/matplotlib,b8683c29c5989c50521624efa9b34be927922e08f51ff01a96dec8526e3eec91,536,False,0.11538461538461539,-0.7098312377929688,-0.6854318380355835,1.4815013974905016,-1.1816260814666748,-0.09762360751628874,0.7098312377929688,0.6854318380355835,1.3838777899742127,1.9306634664535522,-0.28223875164985657,7,0.012024048096192385,Easy,7a4e145dbbe841b986d570e5be36fd634f7451f9f0676599cf465cac32601e52
matplotlib__matplotlib-22719,matplotlib/matplotlib,2ffeda0f37f0b31f33acc4091c401b2ecdf32fe61756e07d1248ab2095cb77e0,3229,False,0.24615384615384617,-0.3335530757904053,-0.2914852201938629,1.3535437464714053,-1.420148491859436,-0.38343536853790283,0.3335530757904053,0.2914852201938629,0.9701083779335025,1.6973308324813843,-0.21976247429847717,165,0.3286573146292585,Easy,7a4e145dbbe841b986d570e5be36fd634f7451f9f0676599cf465cac32601e52
matplotlib__matplotlib-22865,matplotlib/matplotlib,59bd59ccfcb72e1937305af38434e86d804f312430f62fe056769ed708670d49,571,False,0.16923076923076924,-0.5376531481742859,-0.48971304297447205,1.4176065117120744,-1.3790974617004395,-0.28698906004428865,0.5376531481742859,0.48971304297447205,1.1306174516677858,1.7410614490509033,-0.15365169942378998,62,0.12224448897795591,Easy,7a4e145dbbe841b986d570e5be36fd634f7451f9f0676599cf465cac32601e52
matplotlib__matplotlib-22871,matplotlib/matplotlib,a32253ecd61549cba0b22de10788e2edc09166a2598bdc364eb9f6f993d3ac26,531,False,0.14615384615384616,-0.6419466733932495,-0.6229908466339111,1.3251963853836062,-1.1366887092590332,-0.06259092092514036,0.6419466733932495,0.6229908466339111,1.2626054644584659,1.7955706119537354,-0.19903376698493958,28,0.05410821643286573,Easy,7a4e145dbbe841b986d570e5be36fd634f7451f9f0676599cf465cac32601e52
matplotlib__matplotlib-23299,matplotlib/matplotlib,e09f2f06fba2878eb83a9b899e7f51c5053caf050a9e1ccaa56a015edf027cc6,600,False,0.14615384615384616,-0.5942881107330322,-0.5724661946296692,1.4900639921426775,-1.1587951183319092,-0.2064049631357193,0.5942881107330322,0.5724661946296692,1.2836590290069583,1.692082166671753,-0.19079311192035675,29,0.056112224448897796,Easy,7a4e145dbbe841b986d570e5be36fd634f7451f9f0676599cf465cac32601e52
matplotlib__matplotlib-23314,matplotlib/matplotlib,e724887a3c1acc1c91e3f2fefb8d9e30bafcf58b3d6d1696dc8f57e77fd90cba,296,False,0.15384615384615385,-0.5947685241699219,-0.575299084186554,1.412654197216034,-1.222705602645874,-0.17895561456680298,0.5947685241699219,0.575299084186554,1.233698582649231,1.700150728225708,0.08868152648210526,39,0.07615230460921844,Easy,7a4e145dbbe841b986d570e5be36fd634f7451f9f0676599cf465cac32601e52
matplotlib__matplotlib-23412,matplotlib/matplotlib,f6a488ca9ccd9717eed2b1b06381bfb2f0df1fcb770c10d2798a394581354770,772,False,0.15384615384615385,-0.6594469547271729,-0.6360365748405457,1.352880196273327,-1.1666676998138428,-0.060722844302654254,0.6594469547271729,0.6360365748405457,1.2921573519706728,1.838472843170166,-0.17101626098155975,40,0.0781563126252505,Easy,7a4e145dbbe841b986d570e5be36fd634f7451f9f0676599cf465cac32601e52
matplotlib__matplotlib-23476,matplotlib/matplotlib,09f6a686f1cdc38099eeaf53b4f8d5d7f5ccc2587d792da3f5f5ac0ee5e94eab,1421,False,0.17692307692307693,-0.49867668747901917,-0.48399555683135986,1.3656304717063905,-1.2344298362731934,-0.2156984210014343,0.49867668747901917,0.48399555683135986,1.1499320507049562,1.674697756767273,-0.1755012571811676,78,0.15430861723446893,Easy,7a4e145dbbe841b986d570e5be36fd634f7451f9f0676599cf465cac32601e52
matplotlib__matplotlib-24026,matplotlib/matplotlib,4ee911f96026baf36281275f48621c1a645938de534397eb62e8411bfbd8a34d,740,False,0.36923076923076925,-0.18938088417053223,-0.10532030463218689,1.2263341963291174,-1.54555344581604,-0.5537375688552857,0.18938088417053223,0.10532030463218689,0.6725966274738316,1.6779104471206665,-0.2424302101135254,350,0.6993987975951904,Hard,7a4e145dbbe841b986d570e5be36fd634f7451f9f0676599cf465cac32601e52
matplotlib__matplotlib-24149,matplotlib/matplotlib,e45198b3ac6b31622abb846680415a32e52d5ed8fc60c85953b9f0deb461b6af,1108,False,0.19230769230769232,-0.4574296474456787,-0.4116860032081604,1.335850313305855,-1.2959356307983398,-0.27364117205142974,0.4574296474456787,0.4116860032081604,1.0622091412544252,1.695351481437683,-0.3598768413066864,103,0.20440881763527055,Easy,7a4e145dbbe841b986d570e5be36fd634f7451f9f0676599cf465cac32601e52
matplotlib__matplotlib-24177,matplotlib/matplotlib,1e6d6a06f568bc8745d92ec2649e97912a1fbacf7a85df9fa976435714b537d5,662,False,0.16153846153846155,-0.5807276964187622,-0.5566455721855164,1.3992747634649276,-1.2118117809295654,-0.17381596267223356,0.5807276964187622,0.5566455721855164,1.225458800792694,1.7880572080612183,-0.25379323959350586,51,0.10020040080160321,Easy,7a4e145dbbe841b986d570e5be36fd634f7451f9f0676599cf465cac32601e52
matplotlib__matplotlib-24570,matplotlib/matplotlib,e92b7455ee344da93d431a6f48428a89f1ee055b46c062bc804d4456e74c15a5,551,False,0.14615384615384616,-0.5506201982498169,-0.518729567527771,1.43657133281231,-1.360748291015625,-0.29398795068264005,0.5506201982498169,0.518729567527771,1.1425833821296698,1.7545194625854492,-0.09844525903463364,30,0.05811623246492986,Easy,7a4e145dbbe841b986d570e5be36fd634f7451f9f0676599cf465cac32601e52
matplotlib__matplotlib-24627,matplotlib/matplotlib,7d9e2b69794435ee2ed448b97c45250b028de009950f7b9982cc81114eb400fd,173,False,0.27692307692307694,-0.32069283723831177,-0.2944452166557312,1.1872190892696384,-1.3650751113891602,-0.2875867009162903,0.32069283723831177,0.2944452166557312,0.899632388353348,1.5271430015563965,-0.13795366883277893,210,0.4188376753507014,Medium,7a4e145dbbe841b986d570e5be36fd634f7451f9f0676599cf465cac32601e52
matplotlib__matplotlib-24637,matplotlib/matplotlib,229bc433cf176f1a8226326a9c48ed322d9b4452549f123ca6095121249d19c7,704,False,0.2,-0.4519212245941162,-0.4068047106266022,1.2487429916858674,-1.3406720161437988,-0.2431521475315094,0.4519212245941162,0.4068047106266022,1.005590844154358,1.6082459688186646,-0.15867114067077637,117,0.23246492985971945,Easy,7a4e145dbbe841b986d570e5be36fd634f7451f9f0676599cf465cac32601e52
matplotlib__matplotlib-24870,matplotlib/matplotlib,9fdff9e3329f9ef19a9deb6f152b3a23c9c3e091258eb9deb5f740f036885f70,433,False,0.15384615384615385,-0.532884955406189,-0.47838711738586426,1.2151114225387574,-1.298858642578125,-0.1470806837081909,0.532884955406189,0.47838711738586426,1.0680307388305665,1.6710426807403564,-0.1714986264705658,41,0.08016032064128256,Easy,7a4e145dbbe841b986d570e5be36fd634f7451f9f0676599cf465cac32601e52
matplotlib__matplotlib-24970,matplotlib/matplotlib,5ae160cc5420b0587fc3a4d567fb1d76d86d4d20de526eaaaeb95759ea568dbf,540,False,0.13076923076923078,-0.669884204864502,-0.6290684342384338,1.4412777975201607,-1.1147855520248413,-0.11311323195695877,0.669884204864502,0.6290684342384338,1.328164565563202,1.670664668083191,-0.19481845200061798,12,0.022044088176352707,Easy,7a4e145dbbe841b986d570e5be36fd634f7451f9f0676599cf465cac32601e52
matplotlib__matplotlib-25122,matplotlib/matplotlib,30f322bb014d478fa18bfb886ae986dc6bf1dc3d16c4f0b10cda5f2560a3296b,399,False,0.14615384615384616,-0.5919923782348633,-0.5645049810409546,1.3744642764329913,-1.3056747913360596,-0.17156478464603425,0.5919923782348633,0.5645049810409546,1.202899491786957,1.7301055192947388,-0.12797224521636963,31,0.06012024048096192,Easy,7a4e145dbbe841b986d570e5be36fd634f7451f9f0676599cf465cac32601e52
matplotlib__matplotlib-25287,matplotlib/matplotlib,f9bbb7794506f072129a5e7941e265280853fd873550828d7a66e91baa611c7e,765,False,0.18461538461538463,-0.5072599649429321,-0.448978990316391,1.428706941008568,-1.312504529953003,-0.3230385035276413,0.5072599649429321,0.448978990316391,1.1056684374809267,1.6371800899505615,-0.07441850006580353,88,0.1743486973947896,Easy,7a4e145dbbe841b986d570e5be36fd634f7451f9f0676599cf465cac32601e52
matplotlib__matplotlib-25311,matplotlib/matplotlib,a2583ca80e1609006e02901af35754c41bc9bb0c325da37d2f6fef434d7f2ff7,295,False,0.13846153846153847,-0.6543494462966919,-0.6286692023277283,1.3790783792734147,-1.1386675834655762,-0.11535948812961577,0.6543494462966919,0.6286692023277283,1.2637188911437989,1.665239930152893,-0.12190692871809006,23,0.04408817635270541,Easy,7a4e145dbbe841b986d570e5be36fd634f7451f9f0676599cf465cac32601e52
matplotlib__matplotlib-25332,matplotlib/matplotlib,86c03c9b73bf970095097ed7e90516f96639aaf8b1a81a8ba3ddd8f620e0eee4,364,False,0.13076923076923078,-0.6450009346008301,-0.6344104409217834,1.4365100950002672,-1.2525439262390137,-0.13897262513637543,0.6450009346008301,0.6344104409217834,1.2975374698638917,1.8003053665161133,0.06118190288543701,13,0.02404809619238477,Easy,7a4e145dbbe841b986d570e5be36fd634f7451f9f0676599cf465cac32601e52
matplotlib__matplotlib-25479,matplotlib/matplotlib,4581a22d3e68c0fdc0b045d3f6560197585f94d041d18c57a6ee1153a968b709,2089,False,0.35384615384615387,-0.23144087195396423,-0.1407824158668518,1.266669547557831,-1.5158545970916748,-0.530928510427475,0.23144087195396423,0.1407824158668518,0.735741037130356,1.436436653137207,-0.09609615802764893,332,0.6633266533066132,Medium,7a4e145dbbe841b986d570e5be36fd634f7451f9f0676599cf465cac32601e52
matplotlib__matplotlib-25775,matplotlib/matplotlib,a15b46987ceec554e057cf8fc62b015b435221182f76357b9d54ada6417c6401,176,False,0.2846153846153846,-0.30004364252090454,-0.2708132863044739,1.273537302017212,-1.418434977531433,-0.37346901893615725,0.30004364252090454,0.2708132863044739,0.9000682830810548,1.6935505867004395,-0.5222175717353821,218,0.4348697394789579,Medium,7a4e145dbbe841b986d570e5be36fd634f7451f9f0676599cf465cac32601e52
matplotlib__matplotlib-25960,matplotlib/matplotlib,97c83d815bdd983310f81c7c5141e2ec1e2347a25140e90dab10dcb54f87e630,295,False,0.16153846153846155,-0.5522469878196716,-0.5243303179740906,1.3636371850967408,-1.2141315937042236,-0.1875298500061035,0.5522469878196716,0.5243303179740906,1.1761073350906373,1.6928569078445435,-0.260198175907135,52,0.10220440881763528,Easy,7a4e145dbbe841b986d570e5be36fd634f7451f9f0676599cf465cac32601e52
matplotlib__matplotlib-26113,matplotlib/matplotlib,dd3266ec4a7c3e8cc3d0b7ccb0bd76d85b33814bedadceb4277d755db08479ca,3172,False,0.3153846153846154,-0.2425592690706253,-0.17540937662124634,1.31990424990654,-1.5612101554870605,-0.5006615340709686,0.2425592690706253,0.17540937662124634,0.8192427158355714,1.6479072570800781,0.02796614170074463,268,0.5350701402805611,Medium,7a4e145dbbe841b986d570e5be36fd634f7451f9f0676599cf465cac32601e52
matplotlib__matplotlib-26208,matplotlib/matplotlib,6c2b512012bf5cab6147cc2fc8c0df54e71b53036615685d77ec186f511a5fdd,808,False,0.2,-0.47871866822242737,-0.4466919004917145,1.331891000270844,-1.2530020475387573,-0.23744826316833492,0.47871866822242737,0.4466919004917145,1.094442737102509,1.6852359771728516,-0.22539851069450378,118,0.23446893787575152,Easy,7a4e145dbbe841b986d570e5be36fd634f7451f9f0676599cf465cac32601e52
matplotlib__matplotlib-26291,matplotlib/matplotlib,135da5f1618662180c804de8c65d94b1230e40361752a81fe3e698e8696a6350,1314,False,0.15384615384615385,-0.5633382797241211,-0.555103063583374,1.5218373447656632,-1.1381784677505493,-0.2674061685800552,0.5633382797241211,0.555103063583374,1.254431176185608,1.7112998962402344,-0.37863317131996155,42,0.08216432865731463,Easy,7a4e145dbbe841b986d570e5be36fd634f7451f9f0676599cf465cac32601e52
matplotlib__matplotlib-26342,matplotlib/matplotlib,321b76866bbc962e78d72c560f335d29c16a725b2ddb967b03dc638c9baa0037,206,False,0.19230769230769232,-0.4089456796646118,-0.3827141523361206,1.23472056388855,-1.5138392448425293,-0.25685539841651917,0.4089456796646118,0.3827141523361206,0.9778651654720306,1.6075893640518188,-0.3742002546787262,104,0.20641282565130262,Easy,7a4e145dbbe841b986d570e5be36fd634f7451f9f0676599cf465cac32601e52
matplotlib__matplotlib-26466,matplotlib/matplotlib,75451baef8d992a85b82c5b525b6563cd4ad037336bbac3f555901c7cbe163de,522,False,0.18461538461538463,-0.4918600618839264,-0.4521857500076294,1.363022691011429,-1.3314247131347656,-0.24366667866706848,0.4918600618839264,0.4521857500076294,1.1193560123443604,1.5206754207611084,-0.2524997591972351,89,0.17635270541082165,Easy,7a4e145dbbe841b986d570e5be36fd634f7451f9f0676599cf465cac32601e52
mwaskom__seaborn-3069,mwaskom/seaborn,739f9b2e6297497555d4d850e066137b282ad7c5bbcdee814e957ef0f81a9b1e,277,False,0.16153846153846155,-0.44117093086242676,-0.4148728549480438,1.3588111728429793,-1.143078327178955,-0.26860531270503996,0.44117093086242676,0.4148728549480438,1.0902058601379394,1.6555372476577759,-0.3421749174594879,53,0.10420841683366733,Easy,7a4e145dbbe841b986d570e5be36fd634f7451f9f0676599cf465cac32601e52
mwaskom__seaborn-3187,mwaskom/seaborn,72157e71b5c0ed5d58d66a7eeb30ed7b2fb237374183b9ebee200f5d58abd77b,499,False,0.5076923076923077,0.005883127450942993,0.08715563267469406,1.2816107630729676,-1.7822871208190918,-0.7720886290073394,-0.005883127450942993,-0.08715563267469406,0.5095221340656283,1.4526360034942627,-0.1781955063343048,471,0.9418837675350702,Hard,7a4e145dbbe841b986d570e5be36fd634f7451f9f0676599cf465cac32601e52
pallets__flask-5014,pallets/flask,f77d8eab7dd608172aa78b3b50dfa7e0e9b3a6a1c52d14a1cb02417eb5a0ab00,61,False,0.3076923076923077,-0.29388993978500366,-0.234646275639534,1.2116885900497438,-1.3150155544281006,-0.3980099320411682,0.29388993978500366,0.234646275639534,0.8136786580085755,1.5971307754516602,0.040258318185806274,254,0.5070140280561122,Medium,7a4e145dbbe841b986d570e5be36fd634f7451f9f0676599cf465cac32601e52
psf__requests-1142,psf/requests,0192533ff2ef0c53a600b3ef02cb9dc20bf0998d56eeaee80ca1a76c46758eec,102,False,0.13846153846153847,-0.5721604824066162,-0.5423060655593872,1.2901285350322726,-1.1567964553833008,-0.09092860817909239,0.5721604824066162,0.5423060655593872,1.1991999268531803,1.5417897701263428,-0.23273365199565887,24,0.04609218436873747,Easy,7a4e145dbbe841b986d570e5be36fd634f7451f9f0676599cf465cac32601e52
psf__requests-1724,psf/requests,eacde5d201658474274cce4558b5d2b8ae74d9fcc2ad6ddc76aaf003b2160b8a,2561,False,0.4,-0.10765736550092697,-0.04244452714920044,1.2121139228343965,-1.5412956476211548,-0.6038364410400391,0.10765736550092697,0.04244452714920044,0.6082774817943574,1.4466911554336548,0.10431558638811111,381,0.7615230460921844,Hard,7a4e145dbbe841b986d570e5be36fd634f7451f9f0676599cf465cac32601e52
psf__requests-1766,psf/requests,90d541e87a05a5135b7ee242c82702e5cad1e2cae9e5571fcbc032d7d6d80682,232,False,0.33076923076923076,-0.23832088708877563,-0.16930603981018066,1.3592647671699525,-1.4038808345794678,-0.5789734482765198,0.23832088708877563,0.16930603981018066,0.7802913188934327,1.5592782497406006,-0.39028656482696533,286,0.5711422845691383,Medium,7a4e145dbbe841b986d570e5be36fd634f7451f9f0676599cf465cac32601e52
psf__requests-1921,psf/requests,3f7bdcd805645db3f6bbfa3476d3207f878afdfa4a91f8c8d56705d9aaf48e8d,209,False,0.17692307692307693,-0.4879741668701172,-0.4350423812866211,1.3133831322193146,-1.1943992376327515,-0.22554650902748105,0.4879741668701172,0.4350423812866211,1.0878366231918335,1.581804871559143,-0.23320116102695465,79,0.156312625250501,Easy,7a4e145dbbe841b986d570e5be36fd634f7451f9f0676599cf465cac32601e52
psf__requests-2317,psf/requests,9fdbda259c2e75551a5282e979edf4ca93ba378bee22df393fe02998991cfd1a,247,False,0.3230769230769231,-0.20578382909297943,-0.17271921038627625,1.1488771200180055,-1.436453104019165,-0.4224320471286774,0.20578382909297943,0.17271921038627625,0.7264450728893281,1.4956698417663574,-0.06945652514696121,278,0.5551102204408818,Medium,7a4e145dbbe841b986d570e5be36fd634f7451f9f0676599cf465cac32601e52
psf__requests-2931,psf/requests,c36c337f6c5d918e8d193684510213e2eaed8633e575b819757674cca0d980fd,100,False,0.3,-0.33006834983825684,-0.25276944041252136,1.1874221324920655,-1.3631629943847656,-0.34437186717987056,0.33006834983825684,0.25276944041252136,0.8430502653121948,1.5361636877059937,-0.2650151550769806,244,0.48697394789579157,Medium,7a4e145dbbe841b986d570e5be36fd634f7451f9f0676599cf465cac32601e52
psf__requests-5414,psf/requests,08faa0ea47836476b5f4b3709c06a00569996ccc654011299f9c8587cd7007ba,507,False,0.18461538461538463,-0.5334262251853943,-0.45469930768013,1.368025526404381,-1.2489231824874878,-0.2671224921941757,0.5334262251853943,0.45469930768013,1.1009030342102053,1.7350983619689941,-0.4001442492008209,90,0.17835671342685372,Easy,7a4e145dbbe841b986d570e5be36fd634f7451f9f0676599cf465cac32601e52
psf__requests-6028,psf/requests,1d82b6998adb429d6d13a59c0c321de5ea24889a19843d4de7ea4dff06739cc0,450,False,0.13846153846153847,-0.6652454137802124,-0.6188755035400391,1.3326733291149142,-0.963974118232727,-0.03787868618965149,0.6652454137802124,0.6188755035400391,1.2947946429252628,1.791330337524414,-0.3871813416481018,25,0.04809619238476954,Easy,7a4e145dbbe841b986d570e5be36fd634f7451f9f0676599cf465cac32601e52
pydata__xarray-2905,pydata/xarray,0d3a9b692fc42e67214ed21e669b85cd5c6a222b3a4abc2055d93915876b6be8,810,False,0.1076923076923077,-0.6455197334289551,-0.5910769701004028,1.3071739986538893,-1.1520917415618896,-0.0624840810894966,0.6455197334289551,0.5910769701004028,1.2446899175643926,1.6798015832901,-0.3589438796043396,5,0.008016032064128256,Easy,7a4e145dbbe841b986d570e5be36fd634f7451f9f0676599cf465cac32601e52
pydata__xarray-3095,pydata/xarray,3d8f2d8422b56bd5980ec478be1413ef87805484446fc15dbd482342a59abb25,662,False,0.2692307692307692,-0.30643022060394287,-0.22529272735118866,1.2148785948753358,-1.4902546405792236,-0.4033610999584198,0.30643022060394287,0.22529272735118866,0.811517494916916,1.6616859436035156,-0.19597376883029938,200,0.39879759519038077,Medium,7a4e145dbbe841b986d570e5be36fd634f7451f9f0676599cf465cac32601e52
pydata__xarray-3151,pydata/xarray,abcd2e1b10d6d979b0510ec1a37372c9909c15bc786d4b7bb9027facb727d597,886,False,0.18461538461538463,-0.4506341814994812,-0.4068647027015686,1.2916466772556308,-1.4039337635040283,-0.267180997133255,0.4506341814994812,0.4068647027015686,1.0244656801223757,1.6125805377960205,-0.13619990646839142,91,0.18036072144288579,Easy,7a4e145dbbe841b986d570e5be36fd634f7451f9f0676599cf465cac32601e52
pydata__xarray-3305,pydata/xarray,21a3e64aad08beb73b01c601fffd82ad2f9086802463ce389ca5b50f7c271883,770,False,0.14615384615384616,-0.5620746612548828,-0.5380102396011353,1.390074411034584,-1.2931749820709229,-0.18257438242435453,0.5620746612548828,0.5380102396011353,1.2075000286102295,1.6518664360046387,-0.029156453907489777,32,0.06212424849699399,Easy,7a4e145dbbe841b986d570e5be36fd634f7451f9f0676599cf465cac32601e52
pydata__xarray-3677,pydata/xarray,4d1a08fa41ecef39ce23af292d1139cdc7d030bef74172654e29d4876338b716,513,False,0.2076923076923077,-0.3965974450111389,-0.34273937344551086,1.1908459573984151,-1.3168156147003174,-0.231946662068367,0.3965974450111389,0.34273937344551086,0.958899295330048,1.6028550863265991,-0.21766093373298645,132,0.2625250501002004,Easy,7a4e145dbbe841b986d570e5be36fd634f7451f9f0676599cf465cac32601e52
pydata__xarray-3993,pydata/xarray,3d888dbe00aca081458ceccefa5c7b6e323f5d30b3e5f165c668a7cd51260301,261,False,0.18461538461538463,-0.5052151679992676,-0.4516197741031647,1.3003176331520079,-1.2725062370300293,-0.17069432735443113,0.5052151679992676,0.4516197741031647,1.1296233057975769,1.7500340938568115,-0.24836976826190948,92,0.18236472945891782,Easy,7a4e145dbbe841b986d570e5be36fd634f7451f9f0676599cf465cac32601e52
pydata__xarray-4075,pydata/xarray,d1cc08eec285573fc56f2a58a623e0b7adf33e6f75fd16b4214dd1db4b3e46a6,922,False,0.15384615384615385,-0.5493006706237793,-0.5450255870819092,1.4057396903634072,-1.2681828737258911,-0.15303329378366468,0.5493006706237793,0.5450255870819092,1.2527063965797425,1.737764596939087,0.016990166157484055,43,0.0841683366733467,Easy,7a4e145dbbe841b986d570e5be36fd634f7451f9f0676599cf465cac32601e52
pydata__xarray-4094,pydata/xarray,4c60cee2e4247fd72e76052ae5938216ea38eca360d5b87d2a006d71bf4a91bc,706,False,0.11538461538461539,-0.640914797782898,-0.6222331523895264,1.3992140471935275,-1.2666423320770264,-0.11231293082237241,0.640914797782898,0.6222331523895264,1.286901116371155,1.7830252647399902,-0.030337246134877205,8,0.014028056112224449,Easy,7a4e145dbbe841b986d570e5be36fd634f7451f9f0676599cf465cac32601e52
pydata__xarray-4356,pydata/xarray,45eae8de9d15e25d24a44a925c8abe59036ea87382e3c37e60e620e30b2ff0ff,260,False,0.16923076923076924,-0.471940815448761,-0.4575493037700653,1.2903708636760716,-1.2672358751296997,-0.1931367576122284,0.471940815448761,0.4575493037700653,1.097234106063843,1.648603916168213,-0.16642457246780396,63,0.12424849699398798,Easy,7a4e145dbbe841b986d570e5be36fd634f7451f9f0676599cf465cac32601e52
pydata__xarray-4629,pydata/xarray,f688557a88966226d7977917ae86e312dc52434d7ef61cd02b7d655d24d9f816,1076,False,0.18461538461538463,-0.4461956024169922,-0.4166203737258911,1.296580877900124,-1.4269013404846191,-0.2461818605661392,0.4461956024169922,0.4166203737258911,1.0503990173339848,1.658590316772461,0.0029918933287262917,93,0.1843687374749499,Easy,7a4e145dbbe841b986d570e5be36fd634f7451f9f0676599cf465cac32601e52
pydata__xarray-4687,pydata/xarray,c88bf8b1b5d25b8a288a2b44d5dfbdfb965ec927fa9658368ebeb65809441dbd,1625,False,0.15384615384615385,-0.516139030456543,-0.5254852771759033,1.3620991200208665,-1.2424482107162476,-0.1628870218992233,0.516139030456543,0.5254852771759033,1.1992120981216432,1.6451849937438965,-0.0016451114788651466,44,0.08617234468937876,Easy,7a4e145dbbe841b986d570e5be36fd634f7451f9f0676599cf465cac32601e52
pydata__xarray-4695,pydata/xarray,acdf7cc514d6a56c02cf412e8f041cd8d2250ba1f9782e73d7dc5ee8dc06216d,1536,False,0.2076923076923077,-0.4061257541179657,-0.3683825731277466,1.2957926064729692,-1.3745253086090088,-0.28252159655094145,0.4061257541179657,0.3683825731277466,1.0132710099220277,1.6219403743743896,0.06336241960525513,133,0.26452905811623245,Easy,7a4e145dbbe841b986d570e5be36fd634f7451f9f0676599cf465cac32601e52
pydata__xarray-4966,pydata/xarray,2ec61276a1a4afebd955dd7404328821ff6626c57ad13b69003d78eb3939e957,1584,False,0.3923076923076923,-0.15544213354587555,-0.08536422252655029,1.248424166440964,-1.4185528755187988,-0.5957627058029175,0.15544213354587555,0.08536422252655029,0.6526614606380465,1.556898832321167,-0.27426964044570923,369,0.7374749498997996,Hard,7a4e145dbbe841b986d570e5be36fd634f7451f9f0676599cf465cac32601e52
pydata__xarray-6461,pydata/xarray,20d71a31e8ed14106420d0641e413897539ac72fd6b4b6ad62270f5ba780de6e,336,False,0.19230769230769232,-0.4222704768180847,-0.3757052421569824,1.2154867827892304,-1.149957299232483,-0.24996718168258666,0.4222704768180847,0.3757052421569824,0.9655196011066437,1.4863076210021973,-0.12216140329837799,105,0.20841683366733466,Easy,7a4e145dbbe841b986d570e5be36fd634f7451f9f0676599cf465cac32601e52
pydata__xarray-6599,pydata/xarray,96fa37e0c21ff705c55cdf125c413b37779b3ef6566658861e3d00d6cf2fa8c4,2280,False,0.14615384615384616,-0.5033547878265381,-0.5328931212425232,1.3999150544404984,-1.2709698677062988,-0.16108390390872954,0.5033547878265381,0.5328931212425232,1.2388311505317688,1.7704694271087646,0.08232086896896362,33,0.06412825651302605,Easy,7a4e145dbbe841b986d570e5be36fd634f7451f9f0676599cf465cac32601e52
pydata__xarray-6721,pydata/xarray,8885a8e303e07d8e74f13a24134ecd7d051a2e2ded38ac313d6667e68b93a021,3490,False,0.2153846153846154,-0.3544274568557739,-0.3415736258029938,1.3119833201169968,-1.434518814086914,-0.30292126834392546,0.3544274568557739,0.3415736258029938,1.0090620517730713,1.6902258396148682,-0.041307512670755386,142,0.28256513026052105,Easy,7a4e145dbbe841b986d570e5be36fd634f7451f9f0676599cf465cac32601e52
pydata__xarray-6744,pydata/xarray,8bdb6741fb6506b53a5a6bd32fb48ce9a45a92641394f0624c98635856bc4ed4,519,False,0.14615384615384616,-0.4476330578327179,-0.4614112973213196,1.3746632725000387,-1.4208102226257324,-0.2888382226228714,0.4476330578327179,0.4614112973213196,1.0858250498771673,1.65776789188385,0.0286854337900877,34,0.06613226452905811,Easy,7a4e145dbbe841b986d570e5be36fd634f7451f9f0676599cf465cac32601e52
pydata__xarray-6938,pydata/xarray,80200279ed4af4b8b73e3d9bf2ec5a39dbded0c3e337b1b944253fd7b7b04248,1156,False,0.19230769230769232,-0.5250316858291626,-0.4553772509098053,1.4236745446920394,-1.3182964324951172,-0.29386354386806485,0.5250316858291626,0.4553772509098053,1.1298110008239746,1.7094043493270874,-0.3660239279270172,106,0.21042084168336672,Easy,7a4e145dbbe841b986d570e5be36fd634f7451f9f0676599cf465cac32601e52
pydata__xarray-6992,pydata/xarray,2fd625e5f58b6b7b7c292b9ba90307e8583cad9d4ddb395fe9805bb06c74208b,494,False,0.18461538461538463,-0.5662926435470581,-0.4976966381072998,1.4057997703552247,-1.2473137378692627,-0.24309349060058594,0.5662926435470581,0.4976966381072998,1.1627062797546388,1.7779028415679932,-0.3492352366447449,94,0.18637274549098196,Easy,7a4e145dbbe841b986d570e5be36fd634f7451f9f0676599cf465cac32601e52
pydata__xarray-7229,pydata/xarray,1755ba7fe03d6f5917886ea3d5f0e5116a78593b08596ad9d394c5ccbb7f26aa,1142,False,0.19230769230769232,-0.45590925216674805,-0.39640530943870544,1.3587857812643052,-1.3818237781524658,-0.30967741906642915,0.45590925216674805,0.39640530943870544,1.049108362197876,1.7079559564590454,-0.42194610834121704,107,0.2124248496993988,Easy,7a4e145dbbe841b986d570e5be36fd634f7451f9f0676599cf465cac32601e52
pydata__xarray-7233,pydata/xarray,ffb9cebf240efb2d4641ad1dc10e0e38951a8c5f8e9f6bb2a2de8e90acf95b07,693,False,0.23076923076923078,-0.3814719617366791,-0.3561323285102844,1.3751457154750826,-1.344724178314209,-0.3705742061138153,0.3814719617366791,0.3561323285102844,1.0045715093612673,1.6805534362792969,-0.453681617975235,158,0.31462925851703405,Easy,7a4e145dbbe841b986d570e5be36fd634f7451f9f0676599cf465cac32601e52
pydata__xarray-7393,pydata/xarray,7a754d9fc6c6c54623c0bbff6a45db2b812026258275ff61e8fa85d1c4f81f40,942,False,0.16153846153846155,-0.5578809380531311,-0.5258054733276367,1.414547500014305,-1.311248779296875,-0.20552771985530852,0.5578809380531311,0.5258054733276367,1.2090197801589966,1.6688554286956787,-0.14926259219646454,54,0.1062124248496994,Easy,7a4e145dbbe841b986d570e5be36fd634f7451f9f0676599cf465cac32601e52
pylint-dev__pylint-4551,pylint-dev/pylint,28e19b9ac4f2a25215824cc162bb26d6ef73d661478746cd0cfc2e0432fadb18,321,False,0.3153846153846154,-0.250321626663208,-0.20571738481521606,1.2487097620964052,-1.5105599164962769,-0.4200713992118835,0.250321626663208,0.20571738481521606,0.8286383628845216,1.5762444734573364,-0.1255768984556198,269,0.5370741482965932,Medium,7a4e145dbbe841b986d570e5be36fd634f7451f9f0676599cf465cac32601e52
pylint-dev__pylint-4604,pylint-dev/pylint,0072c898db86e2500d95b0b95f0929f23f8a733dc9b0eb4a0d170189049a8dbb,271,False,0.2230769230769231,-0.4698564112186432,-0.40575680136680603,1.3418820083141327,-1.2294620275497437,-0.2972559154033661,0.4698564112186432,0.40575680136680603,1.0446260929107667,1.6724258661270142,-0.3518475294113159,150,0.2985971943887776,Easy,7a4e145dbbe841b986d570e5be36fd634f7451f9f0676599cf465cac32601e52
pylint-dev__pylint-4661,pylint-dev/pylint,9888ff5d07c438e865ef06f4e23337fdf555c438756ab3d74e75abea222cb932,257,False,0.15384615384615385,-0.5011789202690125,-0.4600370526313782,1.1779090121388436,-1.125520944595337,-0.08893285542726516,0.5011789202690125,0.4600370526313782,1.0889761567115783,1.6714720726013184,-0.441044420003891,45,0.08817635270541083,Easy,7a4e145dbbe841b986d570e5be36fd634f7451f9f0676599cf465cac32601e52
pylint-dev__pylint-4970,pylint-dev/pylint,194295749557b085970e22cc0886d8d0d772e77521bf3b3af55f43f90a3d65ee,174,False,0.34615384615384615,-0.1944219470024109,-0.14382609724998474,1.2599162042140963,-1.4794708490371704,-0.5250992119312287,0.1944219470024109,0.14382609724998474,0.7348169922828676,1.6193976402282715,-0.395673930644989,318,0.6352705410821643,Medium,7a4e145dbbe841b986d570e5be36fd634f7451f9f0676599cf465cac32601e52
pylint-dev__pylint-6386,pylint-dev/pylint,5a767dafdd95cd6eef40ba263e539f02b0f86d745a804a7bc792d1a8c8b59a41,282,False,0.13076923076923078,-0.6895743608474731,-0.6434884667396545,1.4823668628931048,-1.2235007286071777,-0.10430808365345,0.6895743608474731,0.6434884667396545,1.3780587792396548,1.815850853919983,-0.40596550703048706,14,0.026052104208416832,Easy,7a4e145dbbe841b986d570e5be36fd634f7451f9f0676599cf465cac32601e52
pylint-dev__pylint-6528,pylint-dev/pylint,b11d702c9bf142c2d05d59049258cd45746f2328b7598d6fd4acfa49530e8b39,682,False,0.23846153846153847,-0.42548465728759766,-0.36125338077545166,1.3530306577682496,-1.3919649124145508,-0.3704785346984863,0.42548465728759766,0.36125338077545166,0.9825521230697634,1.723650574684143,-0.39323553442955017,162,0.3226452905811623,Easy,7a4e145dbbe841b986d570e5be36fd634f7451f9f0676599cf465cac32601e52
pylint-dev__pylint-6903,pylint-dev/pylint,5b236da9e3dbb09d3bf45598d1cc24596fa01daf96d7280482e081345f4ed50f,1103,False,0.2923076923076923,-0.30188554525375366,-0.23700857162475586,1.2807408779859546,-1.4135819673538208,-0.45667517483234404,0.30188554525375366,0.23700857162475586,0.8240657031536105,1.6411936283111572,-0.2596457004547119,233,0.4649298597194389,Medium,7a4e145dbbe841b986d570e5be36fd634f7451f9f0676599cf465cac32601e52
pylint-dev__pylint-7080,pylint-dev/pylint,82319497af035b3cdcd4ee71b5fccd578074989dfa157dc54ecc5bf8ea76ceab,9212,True,0.19230769230769232,-0.5137094259262085,-0.487749308347702,1.4509680807590484,-1.1986896991729736,-0.30523459315299983,0.5137094259262085,0.487749308347702,1.1457334876060485,1.7200520038604736,-0.23999279737472534,108,0.21442885771543085,Easy,7a4e145dbbe841b986d570e5be36fd634f7451f9f0676599cf465cac32601e52
pylint-dev__pylint-7277,pylint-dev/pylint,dc1d852f34bf1341c1a0ba290aba65e3cd34b15cc2060f5c96e5eaa4fdf946d5,363,False,0.16923076923076924,-0.5463735461235046,-0.48414114117622375,1.3193270206451415,-1.275583028793335,-0.2025933504104614,0.5463735461235046,0.48414114117622375,1.1167336702346802,1.7181291580200195,-0.3201811909675598,64,0.12625250501002003,Easy,7a4e145dbbe841b986d570e5be36fd634f7451f9f0676599cf465cac32601e52
pylint-dev__pylint-8898,pylint-dev/pylint,fe9420583d351e0e81a7cbc876fef18b386ba1d375bcfb031830f3885d4f4347,1213,False,0.25384615384615383,-0.36600515246391296,-0.2892502546310425,1.25706881582737,-1.384932279586792,-0.3617756575345993,0.36600515246391296,0.2892502546310425,0.8952931582927707,1.6640878915786743,-0.14053067564964294,180,0.3587174348697395,Medium,7a4e145dbbe841b986d570e5be36fd634f7451f9f0676599cf465cac32601e52
pytest-dev__pytest-10051,pytest-dev/pytest,c8f618a73662951809b75d56e2f6743203138a82223c2a963e6de26f2fa3199c,523,False,0.18461538461538463,-0.47581547498703003,-0.43905109167099,1.3452052235603333,-1.2198283672332764,-0.20809127092361446,0.47581547498703003,0.43905109167099,1.1371139526367189,1.6839745044708252,-0.5561898350715637,95,0.18837675350701402,Easy,7a4e145dbbe841b986d570e5be36fd634f7451f9f0676599cf465cac32601e52
pytest-dev__pytest-10081,pytest-dev/pytest,591d6bb69d71666bdd35a3144c95f3d689544055966393676fd23f260f707571,963,False,0.16923076923076924,-0.5589280128479004,-0.48161762952804565,1.3365984946489335,-1.1906579732894897,-0.20718945562839508,0.5589280128479004,0.48161762952804565,1.1294090390205385,1.6385314464569092,-0.23773108422756195,65,0.1282565130260521,Easy,7a4e145dbbe841b986d570e5be36fd634f7451f9f0676599cf465cac32601e52
pytest-dev__pytest-10356,pytest-dev/pytest,04324b4ba13d4d4a7c28e790561dc0927851fc39eb3d245b2e688bb6a0de3174,1353,False,0.2230769230769231,-0.3954131603240967,-0.3450884222984314,1.2634610503911972,-1.364042043685913,-0.2807942003011703,0.3954131603240967,0.3450884222984314,0.9826668500900269,1.7761318683624268,-0.2778288424015045,151,0.30060120240480964,Easy,7a4e145dbbe841b986d570e5be36fd634f7451f9f0676599cf465cac32601e52
pytest-dev__pytest-5262,pytest-dev/pytest,d957354242a7a545699ec4d161c3e4c6ab6df9288000d6e46a051b8b7ff50301,1474,False,0.18461538461538463,-0.536028265953064,-0.4650821387767792,1.3389738291501998,-1.2359330654144287,-0.24531354606151579,0.536028265953064,0.4650821387767792,1.0936602830886841,1.727450966835022,-0.25932440161705017,96,0.1903807615230461,Easy,7a4e145dbbe841b986d570e5be36fd634f7451f9f0676599cf465cac32601e52
pytest-dev__pytest-5631,pytest-dev/pytest,1e9120fbb21d881c388af3596eaa479bad2f604703eb79bd19898b5d7b18af03,810,False,0.3384615384615385,-0.23579521477222443,-0.14528971910476685,1.1644581794738775,-1.5362555980682373,-0.44898493885993956,0.23579521477222443,0.14528971910476685,0.7154732406139379,1.5383366346359253,-0.012018859386444092,305,0.6092184368737475,Medium,7a4e145dbbe841b986d570e5be36fd634f7451f9f0676599cf465cac32601e52
pytest-dev__pytest-5787,pytest-dev/pytest,3837cd101981ed22a8c48e65978c0784010ef055a815f30371345aa1220f520e,1006,False,0.26153846153846155,-0.32909253239631653,-0.2630394697189331,1.2557930111885072,-1.3612672090530396,-0.3933656334877014,0.32909253239631653,0.2630394697189331,0.8624273777008058,1.6034278869628906,-0.16351424157619476,189,0.37675350701402804,Medium,7a4e145dbbe841b986d570e5be36fd634f7451f9f0676599cf465cac32601e52
pytest-dev__pytest-5809,pytest-dev/pytest,22a2be85d2560116244c4051221d1ab5109fa7476651aac4e4ee8e26e4b8e6f1,346,False,0.3384615384615385,-0.21149344742298126,-0.17471349239349365,1.3247104406356813,-1.5109267234802246,-0.529314661026001,0.21149344742298126,0.17471349239349365,0.7953957796096803,1.6170850992202759,-0.34170499444007874,306,0.6112224448897795,Medium,7a4e145dbbe841b986d570e5be36fd634f7451f9f0676599cf465cac32601e52
pytest-dev__pytest-5840,pytest-dev/pytest,20d9cc3dd4114c8bc9f5eb76bb16d3c50ff8826b8c106119be6c3cf4ed01f398,202,False,0.16153846153846155,-0.52668696641922,-0.5150904059410095,1.4420536786317826,-1.2363665103912354,-0.24245039522647854,0.52668696641922,0.5150904059410095,1.199603283405304,1.6159718036651611,-0.33907702565193176,55,0.10821643286573146,Easy,7a4e145dbbe841b986d570e5be36fd634f7451f9f0676599cf465cac32601e52
pytest-dev__pytest-6197,pytest-dev/pytest,ca576fd3db872eac6366a70f11be67886795dbb95d5719f2f9e8ff617c698371,1066,False,0.33076923076923076,-0.2231450378894806,-0.1646130234003067,1.2871454477310182,-1.4007618427276611,-0.5176562190055847,0.2231450378894806,0.1646130234003067,0.7694892287254336,1.5552551746368408,-0.19561359286308289,287,0.5731462925851704,Medium,7a4e145dbbe841b986d570e5be36fd634f7451f9f0676599cf465cac32601e52
pytest-dev__pytest-6202,pytest-dev/pytest,5a155e2295b1a561c0bb815941a93974af85fe064020a90a98d80a10930867bc,885,False,0.36923076923076925,-0.17722642421722412,-0.10765358805656433,1.2153768062591555,-1.5535404682159424,-0.5253556072711945,0.17722642421722412,0.10765358805656433,0.6900211989879609,1.4788007736206055,-0.2759972810745239,351,0.7014028056112225,Hard,7a4e145dbbe841b986d570e5be36fd634f7451f9f0676599cf465cac32601e52
pytest-dev__pytest-7205,pytest-dev/pytest,088371cacf194b0c57058002e7701c7ce885d7c4548fa25d6757305fc33d7ed1,1463,False,0.24615384615384617,-0.39267152547836304,-0.3191698491573334,1.2040347814559937,-1.4359612464904785,-0.302327823638916,0.39267152547836304,0.3191698491573334,0.9017069578170778,1.6195144653320312,-0.005318135023117065,166,0.3306613226452906,Easy,7a4e145dbbe841b986d570e5be36fd634f7451f9f0676599cf465cac32601e52
pytest-dev__pytest-7236,pytest-dev/pytest,b97f13da12adf3cd4fbc5716c51b9b721331b69908c7d76241ad351fd9496845,929,False,0.2846153846153846,-0.274566113948822,-0.19327348470687866,1.237947830557823,-1.513963222503662,-0.44613222181797024,0.274566113948822,0.19327348470687866,0.7918156087398529,1.5247973203659058,-0.21241876482963562,219,0.43687374749499,Medium,7a4e145dbbe841b986d570e5be36fd634f7451f9f0676599cf465cac32601e52
pytest-dev__pytest-7324,pytest-dev/pytest,c86104555dc540eca4e1fc4625c95084e5ebe6bb5484acc6a9d4b2fca7378634,175,False,0.27692307692307694,-0.32233598828315735,-0.2677607536315918,1.253222543001175,-1.2621216773986816,-0.3826749503612518,0.32233598828315735,0.2677607536315918,0.8705475926399231,1.6051886081695557,-0.5446078181266785,211,0.42084168336673344,Medium,7a4e145dbbe841b986d570e5be36fd634f7451f9f0676599cf465cac32601e52
pytest-dev__pytest-7432,pytest-dev/pytest,f8453cfb1e017be81d0fd5ac8fc5b6faeff6045f71763c81e7fd51537a81ef31,254,False,0.2692307692307692,-0.32833486795425415,-0.23868781328201294,1.295201551914215,-1.369938611984253,-0.410452926158905,0.32833486795425415,0.23868781328201294,0.8847486257553101,1.5781856775283813,-0.38973739743232727,201,0.40080160320641284,Medium,7a4e145dbbe841b986d570e5be36fd634f7451f9f0676599cf465cac32601e52
pytest-dev__pytest-7490,pytest-dev/pytest,9a5e8c33368dc3bbe9c5f03d3136a574cebede61fea6c575d39ddf108b92d947,4994,False,0.19230769230769232,-0.4830670952796936,-0.44087979197502136,1.3952923238277435,-1.2641597986221313,-0.26001598238945006,0.4830670952796936,0.44087979197502136,1.1352763414382934,1.7274293899536133,-0.19580726325511932,109,0.21643286573146292,Easy,7a4e145dbbe841b986d570e5be36fd634f7451f9f0676599cf465cac32601e52
pytest-dev__pytest-7521,pytest-dev/pytest,39f1953e5d5a7481355aa6109b16ecaebbb037957e473cc71e9ab1402d3aa9b9,1327,False,0.3,-0.27385130524635315,-0.19440552592277527,1.2909265637397767,-1.3523552417755127,-0.49600427746772763,0.27385130524635315,0.19440552592277527,0.794922286272049,1.4774155616760254,-0.24440477788448334,245,0.48897795591182364,Medium,7a4e145dbbe841b986d570e5be36fd634f7451f9f0676599cf465cac32601e52
pytest-dev__pytest-7571,pytest-dev/pytest,cb0b950c7e8128160c75093a0472586c438834ff2737056acef74c376ddae034,150,False,0.3923076923076923,-0.11904542148113251,-0.06504308432340622,1.2439999580383303,-1.5407967567443848,-0.6069949567317963,0.11904542148113251,0.06504308432340622,0.637005001306534,1.4247426986694336,-0.03919723629951477,370,0.7394789579158316,Hard,7a4e145dbbe841b986d570e5be36fd634f7451f9f0676599cf465cac32601e52
pytest-dev__pytest-7982,pytest-dev/pytest,90201d780cf37fdf665a7ea9c601714391d34ccc8bb513bf3e7d5f3e667e49da,151,False,0.38461538461538464,-0.09514599293470383,-0.06263473629951477,1.2831190466880797,-1.4489595890045166,-0.6467931509017945,0.09514599293470383,0.06263473629951477,0.6363258957862854,1.572472095489502,-0.26180580258369446,363,0.7254509018036072,Hard,7a4e145dbbe841b986d570e5be36fd634f7451f9f0676599cf465cac32601e52
pytest-dev__pytest-8399,pytest-dev/pytest,2471cd247002e8cb4c9cff40999a0841dbfea96004fb15d6df9c23528395c011,306,False,0.19230769230769232,-0.45021936297416687,-0.40874287486076355,1.2598580956459045,-1.2513563632965088,-0.22956649065017698,0.45021936297416687,0.40874287486076355,1.0302916049957276,1.6451647281646729,-0.2592654228210449,110,0.218436873747495,Easy,7a4e145dbbe841b986d570e5be36fd634f7451f9f0676599cf465cac32601e52
scikit-learn__scikit-learn-10297,scikit-learn/scikit-learn,80b289fedf3bc996489e3ce2ce6f575ea7c8153524ea8736ccd7e0dad0c29a41,498,False,0.2230769230769231,-0.3624587059020996,-0.3099094033241272,1.181385624408722,-1.4392693042755127,-0.28464534878730774,0.3624587059020996,0.3099094033241272,0.8967402756214142,1.4845829010009766,-0.12687450647354126,152,0.3026052104208417,Easy,7a4e145dbbe841b986d570e5be36fd634f7451f9f0676599cf465cac32601e52
scikit-learn__scikit-learn-10844,scikit-learn/scikit-learn,43c3e45ef59dc9057830a2c20fe3663e490c3a54df511936a4c7965337f4d1a0,745,False,0.2,-0.4408610463142395,-0.3927158713340759,1.3272773534059525,-1.3936784267425537,-0.33200059831142426,0.4408610463142395,0.3927158713340759,0.9952767550945283,1.7237892150878906,0.059409480541944504,119,0.23647294589178355,Easy,7a4e145dbbe841b986d570e5be36fd634f7451f9f0676599cf465cac32601e52
scikit-learn__scikit-learn-10908,scikit-learn/scikit-learn,706f3719994e3076d30e5aeafcaa86f8ce95666d705c8eb5127779336e4d88ae,574,False,0.16923076923076924,-0.5208507776260376,-0.48111143708229065,1.178306971490383,-1.3277440071105957,-0.09910507053136824,0.5208507776260376,0.48111143708229065,1.0792019009590148,1.6384586095809937,-0.14213770627975464,66,0.13026052104208416,Easy,7a4e145dbbe841b986d570e5be36fd634f7451f9f0676599cf465cac32601e52
scikit-learn__scikit-learn-11310,scikit-learn/scikit-learn,ec9f2ef832b10c04cff10b1f35daf40f7a85b1bd4d0c33083913f384c945dc8e,347,False,0.11538461538461539,-0.5642369985580444,-0.537243664264679,1.178204265236855,-1.226355791091919,-0.0561059147119522,0.5642369985580444,0.537243664264679,1.1220983505249027,1.6420230865478516,-0.5026910901069641,9,0.01603206412825651,Easy,7a4e145dbbe841b986d570e5be36fd634f7451f9f0676599cf465cac32601e52
scikit-learn__scikit-learn-11578,scikit-learn/scikit-learn,e4945959c7c914eff336d7a28037c018533b3473ef69f46f3bcf8c51560a211a,2343,False,0.15384615384615385,-0.5410679578781128,-0.5249339938163757,1.5041150182485579,-1.2650047540664673,-0.2908113807439804,0.5410679578781128,0.5249339938163757,1.2133036375045776,1.7543905973434448,0.14969025552272797,46,0.09018036072144289,Easy,7a4e145dbbe841b986d570e5be36fd634f7451f9f0676599cf465cac32601e52
scikit-learn__scikit-learn-12585,scikit-learn/scikit-learn,0bd52ce53c9612da5326a0742940720ef9520cb2c0f8893e2e49f1513706b4a6,389,False,0.2,-0.46489882469177246,-0.4225633442401886,1.2527341216802599,-1.31376314163208,-0.20719018876552578,0.46489882469177246,0.4225633442401886,1.045543932914734,1.6151766777038574,-0.2020859569311142,120,0.23847695390781562,Easy,7a4e145dbbe841b986d570e5be36fd634f7451f9f0676599cf465cac32601e52
scikit-learn__scikit-learn-12682,scikit-learn/scikit-learn,4dcadd0e9335f9d8fdd65b5192353e4b58702fc3370a468414ad8e5de7d891b2,158,False,0.3230769230769231,-0.27662956714630127,-0.22212345898151398,1.165555721521378,-1.3954517841339111,-0.39384518265724183,0.27662956714630127,0.22212345898151398,0.7717105388641362,1.5679751634597778,-0.3315499722957611,279,0.5571142284569138,Medium,7a4e145dbbe841b986d570e5be36fd634f7451f9f0676599cf465cac32601e52
scikit-learn__scikit-learn-12973,scikit-learn/scikit-learn,9f4c3ac86062600df1bbf16897c088a862213cb9418d09da8d0d6e32163ba223,453,False,0.4230769230769231,-0.08093468844890594,-0.010267936624586582,1.2497610390186311,-1.5250799655914307,-0.6465701103210449,0.08093468844890594,0.010267936624586582,0.6031909286975862,1.3957128524780273,-0.2315872311592102,414,0.8276553106212425,Hard,7a4e145dbbe841b986d570e5be36fd634f7451f9f0676599cf465cac32601e52
scikit-learn__scikit-learn-13124,scikit-learn/scikit-learn,e4b5e3d5f7d9caee0d460a28e1d4014ef402cbeb55ace8996a8f80511c98c3fe,3013,False,0.2923076923076923,-0.278334379196167,-0.2248835414648056,1.2009219825267792,-1.4082298278808594,-0.4122574687004089,0.278334379196167,0.2248835414648056,0.7886645138263703,1.5503748655319214,0.10828395932912827,234,0.46693386773547096,Medium,7a4e145dbbe841b986d570e5be36fd634f7451f9f0676599cf465cac32601e52
scikit-learn__scikit-learn-13135,scikit-learn/scikit-learn,582b6fe37fa8edbe272dd4ea41164cad281e24f1b7c1970a33a900e93b8180df,1896,False,0.25384615384615383,-0.3460307717323303,-0.2757894992828369,1.3167179763317112,-1.3544912338256836,-0.4669686794281006,0.3460307717323303,0.2757894992828369,0.8497492969036107,1.7074835300445557,-0.03479500114917755,181,0.36072144288577157,Medium,7a4e145dbbe841b986d570e5be36fd634f7451f9f0676599cf465cac32601e52
scikit-learn__scikit-learn-13142,scikit-learn/scikit-learn,09d29f40006ebbae91aeab363c05beda6131a0d3ddee55d1d9581619e065d6d1,1166,False,0.2,-0.44623422622680664,-0.39245834946632385,1.1931688919663432,-1.1770105361938477,-0.19441030174493787,0.44623422622680664,0.39245834946632385,0.9987585902214053,1.6182550191879272,-0.40450918674468994,121,0.24048096192384769,Easy,7a4e145dbbe841b986d570e5be36fd634f7451f9f0676599cf465cac32601e52
scikit-learn__scikit-learn-13328,scikit-learn/scikit-learn,c9bb5529b14627fcae2c8af8e3a21bcb6aa2996a2fab228ef52f32bbed489194,1692,False,0.26153846153846155,-0.34981274604797363,-0.2823528051376343,1.287625926733017,-1.578537106513977,-0.4362307548522949,0.34981274604797363,0.2823528051376343,0.8513951718807221,1.7594022750854492,-0.05218656361103058,190,0.3787575150300601,Medium,7a4e145dbbe841b986d570e5be36fd634f7451f9f0676599cf465cac32601e52
scikit-learn__scikit-learn-13439,scikit-learn/scikit-learn,bcdb7c064b7370929b2d8b37e9b35008d95bc4050e49372d9f13723e13f8baa4,484,False,0.18461538461538463,-0.4812253713607788,-0.45363301038742065,1.2447758048772812,-1.2168397903442383,-0.1458889216184616,0.4812253713607788,0.45363301038742065,1.0988868832588197,1.6043767929077148,-0.5082460045814514,97,0.19238476953907815,Easy,7a4e145dbbe841b986d570e5be36fd634f7451f9f0676599cf465cac32601e52
scikit-learn__scikit-learn-13496,scikit-learn/scikit-learn,c31f09492b24bb94b8cf334d1de9ab6984ec81b9020a18ea4a738a88012cbaa9,362,False,0.17692307692307693,-0.5101532936096191,-0.45067617297172546,1.2487551778554922,-1.2081278562545776,-0.18742528855800628,0.5101532936096191,0.45067617297172546,1.0613298892974858,1.6821733713150024,-0.48817065358161926,80,0.15831663326653306,Easy,7a4e145dbbe841b986d570e5be36fd634f7451f9f0676599cf465cac32601e52
scikit-learn__scikit-learn-13779,scikit-learn/scikit-learn,d32c6ecdfaf0eeb42a35e7cb05bd03fc034571aaef7c7743a452422c2bcdc6bc,181,False,0.25384615384615383,-0.35333454608917236,-0.29869309067726135,1.1620569795370104,-1.27910578250885,-0.2769526034593582,0.35333454608917236,0.29869309067726135,0.8851043760776521,1.57381010055542,-0.1950892210006714,182,0.3627254509018036,Medium,7a4e145dbbe841b986d570e5be36fd634f7451f9f0676599cf465cac32601e52
scikit-learn__scikit-learn-14053,scikit-learn/scikit-learn,4bfeec31c05255ebf71795aa346b58c911563bf4a11dac38c2e20e73f2b2d267,1018,False,0.24615384615384617,-0.34489792585372925,-0.27793827652931213,1.2592142581939698,-1.4690090417861938,-0.4076317191123962,0.34489792585372925,0.27793827652931213,0.8515825390815737,1.714932918548584,-0.022590816020965576,167,0.33266533066132264,Easy,7a4e145dbbe841b986d570e5be36fd634f7451f9f0676599cf465cac32601e52
scikit-learn__scikit-learn-14087,scikit-learn/scikit-learn,0d731842a870c18ba49de0ee6ce5c623522f0a0af328adc9415addcc07f5aae1,867,False,0.16923076923076924,-0.510577917098999,-0.4757981598377228,1.251445174217224,-1.1141750812530518,-0.11359373331069941,0.510577917098999,0.4757981598377228,1.1378514409065246,1.6843743324279785,-0.36617913842201233,67,0.13226452905811623,Easy,7a4e145dbbe841b986d570e5be36fd634f7451f9f0676599cf465cac32601e52
scikit-learn__scikit-learn-14141,scikit-learn/scikit-learn,d7ebed2ea76e894ada60802cd35b6b85be16898861489cad218a9c8c706a1d60,45,False,0.3153846153846154,-0.2505449056625366,-0.22067122161388397,1.177948108315468,-1.3804947137832642,-0.3824965089559555,0.2505449056625366,0.22067122161388397,0.7954515993595125,1.4716410636901855,-0.24949127435684204,270,0.5390781563126252,Medium,7a4e145dbbe841b986d570e5be36fd634f7451f9f0676599cf465cac32601e52
scikit-learn__scikit-learn-14496,scikit-learn/scikit-learn,7860d59abe6e6a85ed92cbc43c7b632982164bc89105df4df399793154bb15df,737,False,0.13076923076923078,-0.611572265625,-0.5903220772743225,1.4200104087591172,-1.198731780052185,-0.18867696225643157,0.611572265625,0.5903220772743225,1.2313334465026857,1.6718536615371704,0.1540914624929428,15,0.028056112224448898,Easy,7a4e145dbbe841b986d570e5be36fd634f7451f9f0676599cf465cac32601e52
scikit-learn__scikit-learn-14629,scikit-learn/scikit-learn,f86e27ce1f598af98703b4d161827503a9824a289e29450725ed2ee741798adb,651,False,0.2153846153846154,-0.31838810443878174,-0.3016640543937683,1.2570406049489975,-1.3726252317428589,-0.34243436753749845,0.31838810443878174,0.3016640543937683,0.9146062374114992,1.5035271644592285,-0.05113440006971359,143,0.2845691382765531,Easy,7a4e145dbbe841b986d570e5be36fd634f7451f9f0676599cf465cac32601e52
scikit-learn__scikit-learn-14710,scikit-learn/scikit-learn,a2ab68a76bfcf2cb56a50c1e385a1b1bcbdc8ec024121323193d7034f2075d4f,2197,False,0.14615384615384616,-0.5222985744476318,-0.5200518369674683,1.3059544578194622,-1.1197898387908936,-0.11804561764001845,0.5222985744476318,0.5200518369674683,1.1879088401794438,1.5694074630737305,-0.08143427968025208,35,0.06813627254509018,Easy,7a4e145dbbe841b986d570e5be36fd634f7451f9f0676599cf465cac32601e52
scikit-learn__scikit-learn-14894,scikit-learn/scikit-learn,0cf2009aebab59ce0221a4ccda59465d8506a274a5d76a4f9e35338c5373ced5,739,False,0.2076923076923077,-0.4514161944389343,-0.39292341470718384,1.2269882261753087,-1.2815649509429932,-0.20434505343437193,0.4514161944389343,0.39292341470718384,1.0226431727409366,1.5587189197540283,-0.3838663101196289,134,0.2665330661322645,Easy,7a4e145dbbe841b986d570e5be36fd634f7451f9f0676599cf465cac32601e52
scikit-learn__scikit-learn-14983,scikit-learn/scikit-learn,ca3d0c700c131e4b74bc7b9370f8e9c38093b25298dc682251e7c5185877f222,534,False,0.24615384615384617,-0.3714585304260254,-0.3296329081058502,1.3026872277259829,-1.3383278846740723,-0.3237653851509094,0.3714585304260254,0.3296329081058502,0.9789218425750734,1.6240239143371582,-0.5338611006736755,168,0.3346693386773547,Medium,7a4e145dbbe841b986d570e5be36fd634f7451f9f0676599cf465cac32601e52
scikit-learn__scikit-learn-15100,scikit-learn/scikit-learn,b77ba0094810ffb21a5f1fe01b16786055bb1a4d20663b52f38cf52395c76f8d,756,False,0.16923076923076924,-0.53880774974823,-0.5149544477462769,1.3715139091014863,-1.302842140197754,-0.2214322030544281,0.53880774974823,0.5149544477462769,1.1500817060470583,1.693543791770935,-0.347377747297287,68,0.1342685370741483,Easy,7a4e145dbbe841b986d570e5be36fd634f7451f9f0676599cf465cac32601e52
scikit-learn__scikit-learn-25102,scikit-learn/scikit-learn,1a82e3a4fcebb5f0fc0f744df67eb1972fa38f469885fe52a1db5e9ae2ed4884,671,False,0.12307692307692308,-0.5678977966308594,-0.5719416737556458,1.3017479032278063,-1.095736026763916,-0.07509497106075287,0.5678977966308594,0.5719416737556458,1.2266529321670534,1.789045810699463,-0.6726019382476807,10,0.018036072144288578,Easy,7a4e145dbbe841b986d570e5be36fd634f7451f9f0676599cf465cac32601e52
scikit-learn__scikit-learn-25232,scikit-learn/scikit-learn,e5c9f486382e80b0206deb50925b3428f89ae5b5ba499e3374eb34e2736bef74,380,False,0.13076923076923078,-0.6696315407752991,-0.64354008436203,1.3969477936625485,-1.0733094215393066,-0.10657110661268233,0.6696315407752991,0.64354008436203,1.290376687049866,1.7907540798187256,0.10141077637672424,16,0.03006012024048096,Easy,7a4e145dbbe841b986d570e5be36fd634f7451f9f0676599cf465cac32601e52
scikit-learn__scikit-learn-25747,scikit-learn/scikit-learn,9737299393a037ff2845a2f62b558550b2900387a4de7ee94c19b48d397f1d33,2145,False,0.16153846153846155,-0.5188376307487488,-0.4855354428291321,1.4541846334934239,-1.1452817916870117,-0.29756398797035216,0.5188376307487488,0.4855354428291321,1.1566206455230716,1.6859285831451416,-0.38927826285362244,56,0.11022044088176353,Easy,7a4e145dbbe841b986d570e5be36fd634f7451f9f0676599cf465cac32601e52
scikit-learn__scikit-learn-25931,scikit-learn/scikit-learn,4412b74c4fee9ba3b565d1aafd5f3f2e77b29f2ac2146b59ea84e7fe15777c36,996,False,0.13076923076923078,-0.7180353403091431,-0.6768398284912109,1.396438579261303,-1.1291632652282715,-0.045355074107646935,0.7180353403091431,0.6768398284912109,1.351083505153656,1.8123815059661865,-0.31197136640548706,17,0.03206412825651302,Easy,7a4e145dbbe841b986d570e5be36fd634f7451f9f0676599cf465cac32601e52
scikit-learn__scikit-learn-25973,scikit-learn/scikit-learn,73a642843461ddaf31130dd05ca0f888b2e5ae074838ae77651be01c14a677b7,591,False,0.2,-0.4169881343841553,-0.38665086030960083,1.375541904568672,-1.3387019634246826,-0.3178305655717849,0.4169881343841553,0.38665086030960083,1.0577113389968873,1.621370792388916,-0.32530760765075684,122,0.24248496993987975,Easy,7a4e145dbbe841b986d570e5be36fd634f7451f9f0676599cf465cac32601e52
scikit-learn__scikit-learn-26194,scikit-learn/scikit-learn,55520f2fb243de6275b76da65b6d282fcbfcbfdd7806865b90f6aa1885675038,395,False,0.3384615384615385,-0.20915552973747253,-0.13507194817066193,1.210467368364334,-1.5619258880615234,-0.509183269739151,0.20915552973747253,0.13507194817066193,0.7012840986251833,1.417220115661621,-0.17685653269290924,307,0.6132264529058116,Medium,7a4e145dbbe841b986d570e5be36fd634f7451f9f0676599cf465cac32601e52
scikit-learn__scikit-learn-26323,scikit-learn/scikit-learn,19e2010f847d286d34c737a7ff679d95087e38af917b4b0e43a595f9d64b0536,1048,False,0.17692307692307693,-0.5804705619812012,-0.5154982209205627,1.3184752985835082,-1.2514879703521729,-0.16304854601621627,0.5804705619812012,0.5154982209205627,1.1554267525672919,1.6752774715423584,-0.37470728158950806,81,0.16032064128256512,Easy,7a4e145dbbe841b986d570e5be36fd634f7451f9f0676599cf465cac32601e52
scikit-learn__scikit-learn-9288,scikit-learn/scikit-learn,4c6be4c6f8f699371300fb64162cb969da421307c54fc0743c0f78ae90c09b2b,1290,False,0.15384615384615385,-0.5074593424797058,-0.4913994371891022,1.2996332824230195,-1.219785451889038,-0.2241086184978485,0.5074593424797058,0.4913994371891022,1.075524663925171,1.6544175148010254,0.25543826818466187,47,0.09218436873747494,Easy,7a4e145dbbe841b986d570e5be36fd634f7451f9f0676599cf465cac32601e52
sphinx-doc__sphinx-10323,sphinx-doc/sphinx,789a19432537c3948b2c7389aa497711b6ec5a68c9f0d8c3ce2b73eb15f57753,959,False,0.25384615384615383,-0.3874973654747009,-0.3183104693889618,1.2832396268844604,-1.358036756515503,-0.32945287227630615,0.3874973654747009,0.3183104693889618,0.9537867546081543,1.6482000350952148,-0.46542245149612427,183,0.36472945891783565,Medium,7a4e145dbbe841b986d570e5be36fd634f7451f9f0676599cf465cac32601e52
sphinx-doc__sphinx-10435,sphinx-doc/sphinx,a7667cf5cb9cc0846f633b6b55eb826a593b62faeefd644de9e2612875ccac12,1011,False,0.16923076923076924,-0.5507455468177795,-0.5097355842590332,1.3744708687067033,-1.1345394849777222,-0.19230275452136988,0.5507455468177795,0.5097355842590332,1.1821681141853335,1.7687894105911255,-0.540195107460022,69,0.13627254509018036,Easy,7a4e145dbbe841b986d570e5be36fd634f7451f9f0676599cf465cac32601e52
sphinx-doc__sphinx-10449,sphinx-doc/sphinx,0183a0fabfe0276a52a424fc3c303ad3d0b8b8f67c0ecdfaa6fdaed36028ae66,1305,False,0.13846153846153847,-0.6452159285545349,-0.6130195260047913,1.4955967992544177,-1.1714473962783813,-0.2220800369977951,0.6452159285545349,0.6130195260047913,1.2735167622566226,1.8705958127975464,-0.29098817706108093,26,0.050100200400801605,Easy,7a4e145dbbe841b986d570e5be36fd634f7451f9f0676599cf465cac32601e52
sphinx-doc__sphinx-10466,sphinx-doc/sphinx,78f4344e3d2bd2d617628d3b78ad561a400fc79d5c2c9f4269e3b32f907bd4cb,1103,False,0.16153846153846155,-0.5877575278282166,-0.5817839503288269,1.5014257743954662,-1.1619315147399902,-0.231713230907917,0.5877575278282166,0.5817839503288269,1.2697125434875491,1.9795105457305908,-0.2843270003795624,57,0.11222444889779559,Easy,7a4e145dbbe841b986d570e5be36fd634f7451f9f0676599cf465cac32601e52
sphinx-doc__sphinx-10614,sphinx-doc/sphinx,59e104221b08590febe6ae868c6d35b4348e5c6fbf023b4806df6d313e88c730,1076,False,0.19230769230769232,-0.5102056264877319,-0.4702722728252411,1.4657433301210403,-1.3120406866073608,-0.34594383537769313,0.5102056264877319,0.4702722728252411,1.1197994947433472,1.8461722135543823,-0.42636263370513916,111,0.22044088176352705,Easy,7a4e145dbbe841b986d570e5be36fd634f7451f9f0676599cf465cac32601e52
sphinx-doc__sphinx-10673,sphinx-doc/sphinx,f455450f1dbed1a4b75c2bcd97f9147d124b866223283f6287bd09ce6eab7d8e,460,False,0.19230769230769232,-0.46349573135375977,-0.42202579975128174,1.129174964129925,-1.3117769956588745,-0.14860959500074386,0.46349573135375977,0.42202579975128174,0.9805653691291811,1.7574186325073242,-0.28110963106155396,112,0.22244488977955912,Easy,7a4e145dbbe841b986d570e5be36fd634f7451f9f0676599cf465cac32601e52
sphinx-doc__sphinx-11445,sphinx-doc/sphinx,08000b81dab279b65ecdf12560d94509e19e03f5f6d7151da5f6eefea9d5b31c,635,False,0.25384615384615383,-0.3463737964630127,-0.29940104484558105,1.2858058333396922,-1.3864760398864746,-0.39804271459579466,0.3463737964630127,0.29940104484558105,0.8877631187438975,1.7369338274002075,-0.37859976291656494,184,0.3667334669338677,Medium,7a4e145dbbe841b986d570e5be36fd634f7451f9f0676599cf465cac32601e52
sphinx-doc__sphinx-11510,sphinx-doc/sphinx,e7ae2e2a1619fdc7fa58451dae12c5dd8b268002fdb30b4b3f457a6a9ef26762,1954,False,0.17692307692307693,-0.4940548539161682,-0.4360365569591522,1.4617863237857822,-1.3034287691116333,-0.37363792061805723,0.4940548539161682,0.4360365569591522,1.088148403167725,1.8418620824813843,-0.3671126961708069,82,0.1623246492985972,Easy,7a4e145dbbe841b986d570e5be36fd634f7451f9f0676599cf465cac32601e52
sphinx-doc__sphinx-7440,sphinx-doc/sphinx,d9558af32ba6cbcd6cb5c430f514ed0eebb29d72289dc90fcee26062ca9ff073,355,False,0.14615384615384616,-0.6462687253952026,-0.5959104895591736,1.5186271086335186,-1.083951711654663,-0.2233054533600807,0.6462687253952026,0.5959104895591736,1.295321655273438,1.812760353088379,-0.34295666217803955,36,0.07014028056112225,Easy,7a4e145dbbe841b986d570e5be36fd634f7451f9f0676599cf465cac32601e52
sphinx-doc__sphinx-7454,sphinx-doc/sphinx,a93b807ebfda03f2b54e0acea6736e85b625421a0f992d4330a5fa283e127438,946,False,0.16153846153846155,-0.6052607297897339,-0.5330879092216492,1.3180110052227976,-1.1635668277740479,-0.12861018925905227,0.6052607297897339,0.5330879092216492,1.1894008159637453,1.728393316268921,-0.7357396483421326,58,0.11422845691382766,Easy,7a4e145dbbe841b986d570e5be36fd634f7451f9f0676599cf465cac32601e52
sphinx-doc__sphinx-7462,sphinx-doc/sphinx,8b7f970ed7e3c847eb7675a3564030771ff64e2f479027f3bb628d7d7c925acc,431,False,0.17692307692307693,-0.5040561556816101,-0.45164400339126587,1.3562464475631715,-1.2297890186309814,-0.25955156087875364,0.5040561556816101,0.45164400339126587,1.0966948866844177,1.6305818557739258,-0.32878032326698303,83,0.16432865731462926,Easy,7a4e145dbbe841b986d570e5be36fd634f7451f9f0676599cf465cac32601e52
sphinx-doc__sphinx-7590,sphinx-doc/sphinx,23b9b88e30541f1109b04492ccf35a93a15fdeecb2b736bf22be5a2a6173f84e,218,False,0.18461538461538463,-0.4670914113521576,-0.4071933329105377,1.1793262451887132,-1.2943463325500488,-0.1681371659040451,0.4670914113521576,0.4071933329105377,1.011189079284668,1.6131161451339722,-0.2736256718635559,98,0.19438877755511022,Easy,7a4e145dbbe841b986d570e5be36fd634f7451f9f0676599cf465cac32601e52
sphinx-doc__sphinx-7748,sphinx-doc/sphinx,8d2fa20fad9e7875f1cfb475ed77cbdea0daee392ce09045da39a7468b6e1c99,99,False,0.1076923076923077,-0.6224637627601624,-0.6001604199409485,1.2863358065485957,-1.0314066410064697,-0.011562590301036823,0.6224637627601624,0.6001604199409485,1.274773216247559,1.6995842456817627,-0.32895538210868835,6,0.01002004008016032,Easy,7a4e145dbbe841b986d570e5be36fd634f7451f9f0676599cf465cac32601e52
sphinx-doc__sphinx-7757,sphinx-doc/sphinx,3f43b5effb6183c93b07ad0706394845cec8f7306b6fad5d9b60b531bad2328d,275,False,0.16153846153846155,-0.5398569107055664,-0.4812050759792328,1.320408481359482,-1.2195311784744263,-0.20430566668510436,0.5398569107055664,0.4812050759792328,1.1161028146743777,1.571317195892334,-0.1225188598036766,59,0.11623246492985972,Easy,7a4e145dbbe841b986d570e5be36fd634f7451f9f0676599cf465cac32601e52
sphinx-doc__sphinx-7889,sphinx-doc/sphinx,79c6d3aae9150c5f5b35229397fdc5a31cd577f78fa37ddb0638a24d7b30d2b2,398,False,0.2846153846153846,-0.3543131947517395,-0.26361438632011414,1.3137548089027404,-1.3326218128204346,-0.4394000172615051,0.3543131947517395,0.26361438632011414,0.8743547916412353,1.6427478790283203,-0.47269678115844727,220,0.43887775551102204,Medium,7a4e145dbbe841b986d570e5be36fd634f7451f9f0676599cf465cac32601e52
sphinx-doc__sphinx-7910,sphinx-doc/sphinx,c3d99aeda62cf24ce56a14f0f21c0dc80ac1a4afb3e43e50dbf7bf32a548aa5b,389,False,0.2692307692307692,-0.33822399377822876,-0.28138479590415955,1.3006544440984733,-1.415212869644165,-0.38582070767879484,0.33822399377822876,0.28138479590415955,0.9148337364196785,1.5488613843917847,-0.24390996992588043,202,0.4028056112224449,Medium,7a4e145dbbe841b986d570e5be36fd634f7451f9f0676599cf465cac32601e52
sphinx-doc__sphinx-7985,sphinx-doc/sphinx,388fe0c5ce4e1358bcc58e7e4314ba618c2bb432bc814c80f0855adcc3659ec4,537,False,0.16923076923076924,-0.5675356388092041,-0.5107902884483337,1.3283279925584794,-1.282814860343933,-0.16758560240268708,0.5675356388092041,0.5107902884483337,1.1607423901557923,1.7560960054397583,-0.3768840730190277,70,0.13827655310621242,Easy,7a4e145dbbe841b986d570e5be36fd634f7451f9f0676599cf465cac32601e52
sphinx-doc__sphinx-8035,sphinx-doc/sphinx,9960c2dd48b9675a179b60d4f9ad656c08cf4c9929417d8f245d58e5a3d43825,184,False,0.1,-0.7392158508300781,-0.7314484119415283,1.3856238424777987,-0.977405309677124,0.0014209926128387505,0.7392158508300781,0.7314484119415283,1.3870448350906375,1.8504676818847656,-0.336941123008728,3,0.004008016032064128,Easy,7a4e145dbbe841b986d570e5be36fd634f7451f9f0676599cf465cac32601e52
sphinx-doc__sphinx-8056,sphinx-doc/sphinx,4ad73beedadd0040b395a860a9ece993226dfb83750d36cef213cb166e04589b,565,False,0.13076923076923078,-0.6095275282859802,-0.5968794226646423,1.3399290189146997,-1.2204763889312744,-0.07827694267034528,0.6095275282859802,0.5968794226646423,1.2616520762443544,1.7415008544921875,-0.4122544527053833,18,0.03406813627254509,Easy,7a4e145dbbe841b986d570e5be36fd634f7451f9f0676599cf465cac32601e52
sphinx-doc__sphinx-8120,sphinx-doc/sphinx,2260a8491280312f611378ddff0e08bb9f0961011d0a49b7a2be74a1844cb18b,612,False,0.3769230769230769,-0.19633856415748596,-0.11619968712329865,1.3259865820407875,-1.5838602781295776,-0.6343872547149658,0.19633856415748596,0.11619968712329865,0.6915993273258215,1.657503366470337,-0.3029032349586487,357,0.7134268537074149,Hard,7a4e145dbbe841b986d570e5be36fd634f7451f9f0676599cf465cac32601e52
sphinx-doc__sphinx-8265,sphinx-doc/sphinx,12de68889c589ea2508d8777d1e79daf4a61a9df309d11d02e9dc7d09bef6178,648,False,0.2076923076923077,-0.4298713505268097,-0.38468825817108154,1.3401152104139333,-1.230407476425171,-0.3353055328130722,0.4298713505268097,0.38468825817108154,1.0048096776008613,1.6644344329833984,-0.2695234715938568,135,0.2685370741482966,Easy,7a4e145dbbe841b986d570e5be36fd634f7451f9f0676599cf465cac32601e52
sphinx-doc__sphinx-8269,sphinx-doc/sphinx,f40b2a7070b7417ff6f4fabda0357b7559760868d01607bbdc94f81a459ee0ef,402,False,0.3384615384615385,-0.22330495715141296,-0.1727980375289917,1.210386484861374,-1.4818153381347656,-0.4565168619155884,0.22330495715141296,0.1727980375289917,0.7538696229457856,1.5502564907073975,-0.22291696071624756,308,0.6152304609218436,Medium,7a4e145dbbe841b986d570e5be36fd634f7451f9f0676599cf465cac32601e52
sphinx-doc__sphinx-8459,sphinx-doc/sphinx,5a7af99001528e86ff4d88a9bf03e4b87b08c1c4907ef4230d6dfa05a3375018,464,False,0.2076923076923077,-0.4429667890071869,-0.3823765218257904,1.2760275661945344,-1.2912064790725708,-0.272087687253952,0.4429667890071869,0.3823765218257904,1.0039398789405825,1.6114752292633057,-0.0977097898721695,136,0.27054108216432865,Easy,7a4e145dbbe841b986d570e5be36fd634f7451f9f0676599cf465cac32601e52
sphinx-doc__sphinx-8475,sphinx-doc/sphinx,eb853c25d5bef73ec730b1b49aeda892f80fa01bce481e71b1a35942d6c9ca0f,215,False,0.2153846153846154,-0.5113996267318726,-0.4431801438331604,1.5276766121387486,-1.1963417530059814,-0.36474052071571345,0.5113996267318726,0.4431801438331604,1.1629360914230351,1.7240763902664185,-0.6682436466217041,144,0.2865731462925852,Easy,7a4e145dbbe841b986d570e5be36fd634f7451f9f0676599cf465cac32601e52
sphinx-doc__sphinx-8548,sphinx-doc/sphinx,f0c8a912cffb03b9d6346146e11cf044329280bfe2a193fd9e46980b193cffb0,120,False,0.35384615384615387,-0.21579591929912567,-0.15827476978302002,1.2536513030529024,-1.299147129058838,-0.5216667711734772,0.21579591929912567,0.15827476978302002,0.7319845318794252,1.569777250289917,-0.09419320523738861,333,0.6653306613226453,Medium,7a4e145dbbe841b986d570e5be36fd634f7451f9f0676599cf465cac32601e52
sphinx-doc__sphinx-8551,sphinx-doc/sphinx,59b1b15138bca3802f81a94c49ced00a098c6dc015474f0a7c06967bc623d7b6,677,False,0.3153846153846154,-0.2878696322441101,-0.2316695600748062,1.3303568840026856,-1.2778663635253906,-0.49100600481033324,0.2878696322441101,0.2316695600748062,0.8393508791923523,1.5345665216445923,-0.3429487347602844,271,0.5410821643286573,Medium,7a4e145dbbe841b986d570e5be36fd634f7451f9f0676599cf465cac32601e52
sphinx-doc__sphinx-8593,sphinx-doc/sphinx,d7a0b222ecda2268846b70d86cee54c8162748aacb047519b2e657c3c18dc962,225,False,0.16923076923076924,-0.5249265432357788,-0.46200379729270935,1.3980649799108507,-1.2377510070800781,-0.27680438458919526,0.5249265432357788,0.46200379729270935,1.1212605953216555,1.7505555152893066,-0.2166375368833542,71,0.1402805611222445,Easy,7a4e145dbbe841b986d570e5be36fd634f7451f9f0676599cf465cac32601e52
sphinx-doc__sphinx-8595,sphinx-doc/sphinx,f5549e64af66510e584758f04371935b8c6c3a5fec4fda812b8571a7bd733be4,242,False,0.17692307692307693,-0.4735857844352722,-0.4091370403766632,1.3152853935956954,-1.238730788230896,-0.29497861564159394,0.4735857844352722,0.4091370403766632,1.0203067779541015,1.6833174228668213,-0.2122277170419693,84,0.16633266533066132,Easy,7a4e145dbbe841b986d570e5be36fd634f7451f9f0676599cf465cac32601e52
sphinx-doc__sphinx-8621,sphinx-doc/sphinx,3e046e4b32763535effb1e5d144ce265b213b55f236d73a32390a316abc44a7a,677,False,0.3,-0.3080718219280243,-0.22279596328735352,1.2872203052043916,-1.5394165515899658,-0.43538649082183833,0.3080718219280243,0.22279596328735352,0.8518338143825531,1.63955819606781,-0.21858875453472137,246,0.4909819639278557,Medium,7a4e145dbbe841b986d570e5be36fd634f7451f9f0676599cf465cac32601e52
sphinx-doc__sphinx-8638,sphinx-doc/sphinx,bcfbf8c2f2b843cf3892b3ec7af0762b44dbf3e9d2d0ed45b4024391108a3677,809,False,0.19230769230769232,-0.4912336468696594,-0.4488253891468048,1.3544753551483155,-1.1450881958007812,-0.2653829574584961,0.4912336468696594,0.4488253891468048,1.0890923976898195,1.675368070602417,-0.393323689699173,113,0.22444889779559118,Easy,7a4e145dbbe841b986d570e5be36fd634f7451f9f0676599cf465cac32601e52
sphinx-doc__sphinx-8721,sphinx-doc/sphinx,684041d7ab737dd04914a0017b92d238cd8dae72182457e3f3a21f494e7acb3e,196,False,0.2153846153846154,-0.46409493684768677,-0.38226741552352905,1.4234879493713384,-1.3335704803466797,-0.388725221157074,0.46409493684768677,0.38226741552352905,1.0347627282142644,1.8203701972961426,-0.4695362448692322,145,0.28857715430861725,Easy,7a4e145dbbe841b986d570e5be36fd634f7451f9f0676599cf465cac32601e52
sphinx-doc__sphinx-9229,sphinx-doc/sphinx,b7113d548cb7ce3722699857d638d2acf607a5547ab13feaff1272d633d15e58,1199,False,0.24615384615384617,-0.3865777850151062,-0.3349486291408539,1.3633764475584038,-1.405177116394043,-0.38479386270046234,0.3865777850151062,0.3349486291408539,0.9785825848579415,1.7463462352752686,-0.44148391485214233,169,0.3366733466933868,Medium,7a4e145dbbe841b986d570e5be36fd634f7451f9f0676599cf465cac32601e52
sphinx-doc__sphinx-9230,sphinx-doc/sphinx,e814405fe0885a2284bec4dfdf1efa5bd0386117d02410e9ad0ec98c0e1712ab,515,False,0.16153846153846155,-0.5857248306274414,-0.5029729008674622,1.3268655538558962,-1.2498128414154053,-0.16623378992080687,0.5857248306274414,0.5029729008674622,1.1606317639350894,1.6930437088012695,-0.11977638304233551,60,0.11823647294589178,Easy,7a4e145dbbe841b986d570e5be36fd634f7451f9f0676599cf465cac32601e52
sphinx-doc__sphinx-9258,sphinx-doc/sphinx,4163acebdf504c769400387fdf4abdce2b57c5d5634a7845a8a347af1de7464f,150,False,0.16923076923076924,-0.5388705730438232,-0.467998206615448,1.2422880783677102,-1.1798126697540283,-0.16341147571802137,0.5388705730438232,0.467998206615448,1.0788766026496888,1.625537395477295,-0.3946395516395569,72,0.14228456913827656,Easy,7a4e145dbbe841b986d570e5be36fd634f7451f9f0676599cf465cac32601e52
sphinx-doc__sphinx-9281,sphinx-doc/sphinx,696b5942cd9fe6b1dc6e2502106c1c07dcf1a2499d4cbba1315a66b6eb359c11,264,False,0.14615384615384616,-0.611102819442749,-0.5613750219345093,1.4217644467949868,-1.1689225435256958,-0.16542630344629286,0.611102819442749,0.5613750219345093,1.256338143348694,1.614722490310669,-0.3581981956958771,37,0.07214428857715431,Easy,7a4e145dbbe841b986d570e5be36fd634f7451f9f0676599cf465cac32601e52
sphinx-doc__sphinx-9320,sphinx-doc/sphinx,1e80458fcccbe9d7ea035db6f115cf94f82a81db1d68582850a9067f52818ca0,376,False,0.17692307692307693,-0.5206283330917358,-0.4640423655509949,1.2886611089110378,-1.1763148307800293,-0.1938814029097557,0.5206283330917358,0.4640423655509949,1.094779706001282,1.703458309173584,-0.1315826177597046,85,0.1683366733466934,Easy,7a4e145dbbe841b986d570e5be36fd634f7451f9f0676599cf465cac32601e52
sphinx-doc__sphinx-9367,sphinx-doc/sphinx,0194a1f3d78c24e2cd8d0647655aec554403841bf37f6a97294bdc909de61241,192,False,0.3923076923076923,-0.15401554107666016,-0.09776244312524796,1.2373069703578952,-1.5539512634277344,-0.5524644076824188,0.15401554107666016,0.09776244312524796,0.6848425626754763,1.5762548446655273,-0.17621248960494995,371,0.7414829659318637,Hard,7a4e145dbbe841b986d570e5be36fd634f7451f9f0676599cf465cac32601e52
sphinx-doc__sphinx-9461,sphinx-doc/sphinx,cc2eb5d4afca2da5e00ca423f2dce2bf467613a98b9686da7dc19a08e1f4de0f,656,False,0.16923076923076924,-0.6147604584693909,-0.573040783405304,1.4827970638871193,-1.129995584487915,-0.23621848970651624,0.6147604584693909,0.573040783405304,1.246578574180603,1.734084129333496,-0.24203510582447052,73,0.14428857715430862,Easy,7a4e145dbbe841b986d570e5be36fd634f7451f9f0676599cf465cac32601e52
sphinx-doc__sphinx-9591,sphinx-doc/sphinx,0545e9ebe4d53e8e146f733e7ade35057a622d70fb80c97d6e5380c967e64e40,569,False,0.14615384615384616,-0.6153820753097534,-0.5897092819213867,1.468305067718029,-1.2109646797180176,-0.22937139719724653,0.6153820753097534,0.5897092819213867,1.2389336705207825,1.8085498809814453,-0.23261632025241852,38,0.07414829659318638,Easy,7a4e145dbbe841b986d570e5be36fd634f7451f9f0676599cf465cac32601e52
sphinx-doc__sphinx-9602,sphinx-doc/sphinx,dd03477a6034e20a46578ea1168ac36ca4bf5b3029673575f08af9083884dec2,446,False,0.18461538461538463,-0.5339566469192505,-0.4593872129917145,1.451882886886597,-1.2808383703231812,-0.33800004720687865,0.5339566469192505,0.4593872129917145,1.1138828396797182,1.7402143478393555,-0.26105836033821106,99,0.1963927855711423,Easy,7a4e145dbbe841b986d570e5be36fd634f7451f9f0676599cf465cac32601e52
sphinx-doc__sphinx-9658,sphinx-doc/sphinx,fb174fdfb25bda6b0b338bd0dec7c6d01dc5e3eddde6cf5baf8b7f95c59400db,1018,False,0.24615384615384617,-0.40401166677474976,-0.334917277097702,1.517889729142189,-1.3723464012145996,-0.4633152276277542,0.40401166677474976,0.334917277097702,1.0545745015144348,1.744304895401001,-0.37649327516555786,170,0.33867735470941884,Medium,7a4e145dbbe841b986d570e5be36fd634f7451f9f0676599cf465cac32601e52
sphinx-doc__sphinx-9673,sphinx-doc/sphinx,7926d944c30024620395f3792e0585e9f9105999c2de9d57269a75f648dc5b2b,449,False,0.2076923076923077,-0.4346417188644409,-0.39565733075141907,1.4554072290658957,-1.3096420764923096,-0.4050976425409317,0.4346417188644409,0.39565733075141907,1.0503095865249639,1.7175102233886719,-0.33254870772361755,137,0.2725450901803607,Easy,7a4e145dbbe841b986d570e5be36fd634f7451f9f0676599cf465cac32601e52
sphinx-doc__sphinx-9698,sphinx-doc/sphinx,e2bd3a063a06ffaaccbff166bc0a3c4dc2e1b016c1917f0d21afc9675cb64c41,331,False,0.16923076923076924,-0.544532835483551,-0.49314212799072266,1.5242755115032198,-1.3213601112365723,-0.3709962546825409,0.544532835483551,0.49314212799072266,1.1532792568206789,1.7935047149658203,-0.34495213627815247,74,0.1462925851703407,Easy,7a4e145dbbe841b986d570e5be36fd634f7451f9f0676599cf465cac32601e52
sphinx-doc__sphinx-9711,sphinx-doc/sphinx,774dbded97246fc337cc3a9f01569a66641396f3952440385d51e6f7e095234a,480,False,0.13846153846153847,-0.7379099130630493,-0.6950037479400635,1.538597497344017,-1.138397455215454,-0.12987655103206633,0.7379099130630493,0.6950037479400635,1.4087209463119508,2.0383148193359375,-0.2564662992954254,27,0.052104208416833664,Easy,7a4e145dbbe841b986d570e5be36fd634f7451f9f0676599cf465cac32601e52
sympy__sympy-11618,sympy/sympy,7eec6e997311bf1014a07659710714c0a891fd0e5b9d58dadb31a83b23746330,84,False,0.3769230769230769,-0.1520923674106598,-0.09545785188674927,1.151506906747818,-1.488999843597412,-0.4966531455516815,0.1520923674106598,0.09545785188674927,0.6548537611961365,1.3317970037460327,0.16859640181064606,358,0.7154308617234469,Hard,7a4e145dbbe841b986d570e5be36fd634f7451f9f0676599cf465cac32601e52
sympy__sympy-12096,sympy/sympy,a633664578299e2b65570564c49bb08d3e5bfb7fe7d230c64d1d7525d2fb9718,246,False,0.2692307692307692,-0.2865268588066101,-0.21934494376182556,1.2271546304225922,-1.4312676191329956,-0.426789391040802,0.2865268588066101,0.21934494376182556,0.8003652393817902,1.61710786819458,-0.1319214403629303,203,0.40480961923847697,Medium,7a4e145dbbe841b986d570e5be36fd634f7451f9f0676599cf465cac32601e52
sympy__sympy-12419,sympy/sympy,48b311ac971aa2fe020b8dd89cd7d2aac3278d4b668921c6b07a29cb914ed4a5,393,False,0.4076923076923077,-0.13180634379386902,-0.048525284975767136,1.222147572040558,-1.586334228515625,-0.6031271278858185,0.13180634379386902,0.048525284975767136,0.6190204441547394,1.4822908639907837,0.08171612024307251,390,0.779559118236473,Hard,7a4e145dbbe841b986d570e5be36fd634f7451f9f0676599cf465cac32601e52
sympy__sympy-12481,sympy/sympy,5be18855c5c93b9af1ad839da500cb74d1bb38ff8e1f93340baedcd8df0249cc,106,False,0.5153846153846153,0.027061879634857178,0.07709895819425583,1.225968110561371,-1.7112046480178833,-0.709902024269104,-0.027061879634857178,-0.07709895819425583,0.5160660862922669,1.423152208328247,0.09004151076078415,474,0.9478957915831663,Hard,7a4e145dbbe841b986d570e5be36fd634f7451f9f0676599cf465cac32601e52
sympy__sympy-12489,sympy/sympy,33f4a1134633597866883bbd4ac04b3642fda8ae680822b1c44d5a5e82b8ce28,283,False,0.13076923076923078,-0.5148292779922485,-0.5040625333786011,1.1877121657133103,-1.1302144527435303,-0.10051529109477997,0.5148292779922485,0.5040625333786011,1.0871968746185303,1.6689608097076416,-0.19038045406341553,19,0.036072144288577156,Easy,7a4e145dbbe841b986d570e5be36fd634f7451f9f0676599cf465cac32601e52
sympy__sympy-13031,sympy/sympy,5d95a063a1ada8b9273255940d122605d87ea3ab2aa27f524725442be780b5c6,389,False,0.3769230769230769,-0.17792949080467224,-0.11189576983451843,1.167589318752289,-1.4256072044372559,-0.5008244812488556,0.17792949080467224,0.11189576983451843,0.6667648375034333,1.458863377571106,0.2794977128505707,359,0.717434869739479,Hard,7a4e145dbbe841b986d570e5be36fd634f7451f9f0676599cf465cac32601e52
sympy__sympy-13091,sympy/sympy,56dd1975c2cdb9924609fb6ce9a46f4a1269dce8da33bf80032d1c9d8a73e7db,469,False,0.3923076923076923,-0.1319681704044342,-0.05458227917551994,1.1646975338459016,-1.4344470500946045,-0.5531667590141296,0.1319681704044342,0.05458227917551994,0.611530774831772,1.4504802227020264,-0.22367534041404724,372,0.7434869739478958,Hard,7a4e145dbbe841b986d570e5be36fd634f7451f9f0676599cf465cac32601e52
sympy__sympy-13372,sympy/sympy,fea79ea0704f92ccaa0cf508934dd810021e6742c6176ab08533ba3941178b69,408,False,0.46923076923076923,-0.06962444633245468,0.03760085627436638,1.183561900258065,-1.6337363719940186,-0.6960456430912018,0.06962444633245468,-0.03760085627436638,0.4875162571668633,1.428648591041565,-0.05908399447798729,450,0.8997995991983968,Hard,7a4e145dbbe841b986d570e5be36fd634f7451f9f0676599cf465cac32601e52
sympy__sympy-13480,sympy/sympy,f08f8be58202a7048af4813f1d9533b70f45c070ab93f6399a5c1c89217507e6,174,False,0.49230769230769234,-0.012971486896276474,0.05845743417739868,1.1389999717473986,-1.6534826755523682,-0.6971172749996185,0.012971486896276474,-0.05845743417739868,0.44188269674778025,1.409050464630127,0.06788437068462372,458,0.9158316633266533,Hard,7a4e145dbbe841b986d570e5be36fd634f7451f9f0676599cf465cac32601e52
sympy__sympy-13551,sympy/sympy,9ab38d31087d297db60978aeca658666788926a0235df297346836b93872311f,227,False,0.5461538461538461,0.05873730778694153,0.10599385201931,1.2116698145866394,-1.63895845413208,-0.7982841849327087,-0.05873730778694153,-0.10599385201931,0.4133856296539307,1.3768399953842163,0.08748803287744522,485,0.969939879759519,Hard,7a4e145dbbe841b986d570e5be36fd634f7451f9f0676599cf465cac32601e52
sympy__sympy-13615,sympy/sympy,0104f2ab13e8c9bc42244c2d12fdc0850b05a7c0723f6303e75c9888ae27f5fb,93,False,0.4076923076923077,-0.0887562558054924,-0.06130843982100487,1.2433951795101166,-1.479728102684021,-0.601998507976532,0.0887562558054924,0.06130843982100487,0.6413966715335846,1.45636785030365,0.2279871702194214,391,0.781563126252505,Hard,7a4e145dbbe841b986d570e5be36fd634f7451f9f0676599cf465cac32601e52
sympy__sympy-13647,sympy/sympy,33fdeac33e13d08385f780f3d2aa6f907906d209c24070b75ce407a059c19411,666,False,0.4307692307692308,-0.05938686430454254,-0.010807042941451073,1.2445148825645447,-1.6184391975402832,-0.7076767206192016,0.05938686430454254,0.010807042941451073,0.5368381619453431,1.373868465423584,0.18969309329986572,420,0.8396793587174348,Hard,7a4e145dbbe841b986d570e5be36fd634f7451f9f0676599cf465cac32601e52
sympy__sympy-13757,sympy/sympy,63fe3a94f352bfa567c1934f7dacc6d0c86db8ed628f4595b73c1f3f0bf9a4c4,192,False,0.4076923076923077,-0.11207722127437592,-0.054694585502147675,1.240451765060425,-1.400686502456665,-0.6510541796684265,0.11207722127437592,0.054694585502147675,0.5893975853919985,1.639236330986023,0.020992696285247803,392,0.7835671342685371,Hard,7a4e145dbbe841b986d570e5be36fd634f7451f9f0676599cf465cac32601e52
sympy__sympy-13798,sympy/sympy,aa83d8763f10cb6dcd1d8abdb848d6332241bf6710ce4e27aa7e49160fd529a6,264,False,0.2846153846153846,-0.26354414224624634,-0.24185341596603394,1.2119745135307312,-1.2619132995605469,-0.40902563929557795,0.26354414224624634,0.24185341596603394,0.8029488742351533,1.6364459991455078,-0.13329492509365082,221,0.4408817635270541,Medium,7a4e145dbbe841b986d570e5be36fd634f7451f9f0676599cf465cac32601e52
sympy__sympy-13852,sympy/sympy,51eca986eb401e0dc2856252c823632a51285a5a0d70bd046d46c39362d0df02,675,False,0.5461538461538461,0.05093422532081604,0.120206817984581,1.1492505908012394,-1.6694762706756592,-0.7737224459648132,-0.05093422532081604,-0.120206817984581,0.3755281448364262,1.335331678390503,0.0701664462685585,486,0.9719438877755511,Hard,7a4e145dbbe841b986d570e5be36fd634f7451f9f0676599cf465cac32601e52
sympy__sympy-13877,sympy/sympy,e8eb7f7fe32ffe357b6a54186c56ae0f9326084bf90504838895599d08e0dbc8,1514,False,0.2692307692307692,-0.3927628993988037,-0.3278277516365051,1.1417600482702255,-1.2927286624908447,-0.20116094648838043,0.3927628993988037,0.3278277516365051,0.9405991017818451,1.6035010814666748,-0.010637554340064526,204,0.40681362725450904,Medium,7a4e145dbbe841b986d570e5be36fd634f7451f9f0676599cf465cac32601e52
sympy__sympy-13878,sympy/sympy,5ed83f5e24361e5ca95f9c3dfcff3ba9ce9775f1fd9a2a10ac3a4511370b6d75,1043,False,0.3076923076923077,-0.27126094698905945,-0.22707030177116394,1.2173687219619755,-1.3904402256011963,-0.38290031552314757,0.27126094698905945,0.22707030177116394,0.8344684064388279,1.5777114629745483,-0.32696330547332764,255,0.5090180360721442,Medium,7a4e145dbbe841b986d570e5be36fd634f7451f9f0676599cf465cac32601e52
sympy__sympy-13974,sympy/sympy,26dc1cb7842ede97a6327729441278edd7c5fb6223d165e7589e37b441ab1c74,437,False,0.3769230769230769,-0.22223488986492157,-0.12833233177661896,1.1415939003229143,-1.5100579261779785,-0.46594456732273104,0.22223488986492157,0.12833233177661896,0.6756493330001831,1.5969111919403076,-0.27138376235961914,360,0.7194388777555111,Hard,7a4e145dbbe841b986d570e5be36fd634f7451f9f0676599cf465cac32601e52
sympy__sympy-14248,sympy/sympy,056549bbb76a727325fc85b052ecb5d1c9ba9d70d702cf011b407e3877e5c383,237,False,0.5538461538461539,0.06742312014102936,0.13044124841690063,1.1966880708932877,-1.5965666770935059,-0.8025942265987396,-0.06742312014102936,-0.13044124841690063,0.3940938442945481,1.442018747329712,0.12770146131515503,488,0.9759519038076152,Hard,7a4e145dbbe841b986d570e5be36fd634f7451f9f0676599cf465cac32601e52
sympy__sympy-14531,sympy/sympy,8cf843dcf782552dff92511ba20491f033530e49ebbf1594db04bef5a60ada92,277,False,0.26153846153846155,-0.2968948483467102,-0.26976922154426575,1.244938987493515,-1.4084384441375732,-0.3943662166595459,0.2968948483467102,0.26976922154426575,0.8505727708339692,1.5853873491287231,-0.16133934259414673,191,0.3807615230460922,Medium,7a4e145dbbe841b986d570e5be36fd634f7451f9f0676599cf465cac32601e52
sympy__sympy-14711,sympy/sympy,e4767d6b2a2a74a4b7ef986a9f1f89a8a65d7e7bf026dae881f92dbd7b3ad77c,335,False,0.4153846153846154,-0.10954244434833527,-0.048770736902952194,1.155032616853714,-1.4537222385406494,-0.5449656665325164,0.10954244434833527,0.048770736902952194,0.6100669503211975,1.4886183738708496,0.14103268086910248,403,0.8056112224448898,Hard,7a4e145dbbe841b986d570e5be36fd634f7451f9f0676599cf465cac32601e52
sympy__sympy-14976,sympy/sympy,3c0d98bb2098e4b8be846f95279696c6ab55e3ab5f22f05c946c0af281f81bda,336,False,0.5769230769230769,0.07602992653846741,0.12940655648708344,1.1741421073675158,-1.6276884078979492,-0.7673327088356018,-0.07602992653846741,-0.12940655648708344,0.40680939853191406,1.4252476692199707,-0.06333939731121063,495,0.9899799599198397,Hard,7a4e145dbbe841b986d570e5be36fd634f7451f9f0676599cf465cac32601e52
sympy__sympy-15017,sympy/sympy,b106dd1aed96c16195e44e41b0d863086366cf9c597e31787a38816ae04efb2a,342,False,0.3230769230769231,-0.207342267036438,-0.1737794429063797,1.1302085220813753,-1.327268362045288,-0.38829916119575497,0.207342267036438,0.1737794429063797,0.7419093608856203,1.545027256011963,0.12173934280872345,280,0.5591182364729459,Medium,7a4e145dbbe841b986d570e5be36fd634f7451f9f0676599cf465cac32601e52
sympy__sympy-15345,sympy/sympy,b4f90f0a60cc245efb58b06f492d4258e4294d809ef39cf896c3713d13ba2905,96,False,0.4153846153846154,-0.09212440997362137,-0.030961554497480392,1.1395362794399264,-1.513078212738037,-0.558335030078888,0.09212440997362137,0.030961554497480392,0.5812012493610383,1.4372795820236206,0.1984066665172577,404,0.8076152304609219,Hard,7a4e145dbbe841b986d570e5be36fd634f7451f9f0676599cf465cac32601e52
sympy__sympy-15349,sympy/sympy,9e23e96a13f172fc27e87972f1f4f86c22ebb28407ed8dbdce0a665c3c04c412,287,False,0.34615384615384615,-0.17710654437541962,-0.1296367049217224,1.1123254299163818,-1.5862927436828613,-0.43911238908767697,0.17710654437541962,0.1296367049217224,0.6732130408287049,1.4528422355651855,0.009095014072954655,319,0.6372745490981964,Medium,7a4e145dbbe841b986d570e5be36fd634f7451f9f0676599cf465cac32601e52
sympy__sympy-15599,sympy/sympy,cf4081c50e2bce78ef90503152dbf7f94f2f8cf0323ee9cd68cf0e3a60835d6e,769,False,0.3923076923076923,-0.17253372073173523,-0.09216208755970001,1.20397846698761,-1.48116934299469,-0.5520264327526092,0.17253372073173523,0.09216208755970001,0.6519520342350007,1.5209550857543945,-0.07863938808441162,373,0.7454909819639278,Hard,7a4e145dbbe841b986d570e5be36fd634f7451f9f0676599cf465cac32601e52
sympy__sympy-15809,sympy/sympy,4d0982bb7d0bc25fd0f0c24f136fddb1e2e9e1571502aadcae1c84644c40bd5a,91,False,0.5,-0.009194239974021912,0.033845607191324234,1.1845305144786837,-1.5329792499542236,-0.6465132474899292,0.009194239974021912,-0.033845607191324234,0.5380172669887545,1.4486358165740967,0.05043819174170494,466,0.9318637274549099,Hard,7a4e145dbbe841b986d570e5be36fd634f7451f9f0676599cf465cac32601e52
sympy__sympy-15875,sympy/sympy,66200c6c95ab27678328e3e9e41742399523e236227071c0751e274a8fd9f265,194,False,0.24615384615384617,-0.39679232239723206,-0.3479827344417572,1.2236396312713627,-1.3373847007751465,-0.279143077135086,0.39679232239723206,0.3479827344417572,0.9444965541362766,1.688582420349121,-0.11565789580345154,171,0.3406813627254509,Medium,7a4e145dbbe841b986d570e5be36fd634f7451f9f0676599cf465cac32601e52
sympy__sympy-15976,sympy/sympy,2b1a85414c4df764477586489a407c5be000ef58e9ae013aef7711bb9c2f4f75,517,False,0.3230769230769231,-0.22869683802127838,-0.1717991977930069,1.205366337299347,-1.4799206256866455,-0.4613645851612091,0.22869683802127838,0.1717991977930069,0.744001752138138,1.514155387878418,0.10528358072042465,281,0.561122244488978,Medium,7a4e145dbbe841b986d570e5be36fd634f7451f9f0676599cf465cac32601e52
sympy__sympy-16450,sympy/sympy,b52fc0b413e314219a9e63f3137553f66603fecadc83cc12f34a4136d03bcd60,308,False,0.34615384615384615,-0.19491297006607056,-0.12093513458967209,1.1531739115715027,-1.5883464813232422,-0.5132286489009857,0.19491297006607056,0.12093513458967209,0.639945262670517,1.524339199066162,0.02726142480969429,320,0.6392785571142284,Medium,7a4e145dbbe841b986d570e5be36fd634f7451f9f0676599cf465cac32601e52
sympy__sympy-16597,sympy/sympy,1b04ffa8e91360cc91e2397541d3f8c5f34ffc0cb5cd84b0015747240c26932c,116,False,0.3384615384615385,-0.1704024225473404,-0.10681427270174026,1.1794790923595428,-1.467233657836914,-0.5010951578617096,0.1704024225473404,0.10681427270174026,0.6783839344978334,1.473003625869751,0.21869495511054993,309,0.6172344689378757,Medium,7a4e145dbbe841b986d570e5be36fd634f7451f9f0676599cf465cac32601e52
sympy__sympy-16766,sympy/sympy,c71bac3070c6e9ab8d889dd00a304ef866828dbf4c152138857e3be79b96f971,190,False,0.4230769230769231,-0.0998012125492096,-0.03993506729602814,1.2386056303977966,-1.5079681873321533,-0.5927558064460754,0.0998012125492096,0.03993506729602814,0.6458498239517212,1.5675358772277832,-0.08653894811868668,415,0.8296593186372746,Hard,7a4e145dbbe841b986d570e5be36fd634f7451f9f0676599cf465cac32601e52
sympy__sympy-16792,sympy/sympy,48b3d6d8e3ddfc9a78b57d8f79cf5ca78ba55a990f1eba937b998fd9160a77a8,557,False,0.35384615384615387,-0.14392346143722534,-0.09365008026361465,1.2316993296146395,-1.4081296920776367,-0.566936069726944,0.14392346143722534,0.09365008026361465,0.6647632598876955,1.5503000020980835,-0.11816716194152832,334,0.6673346693386774,Hard,7a4e145dbbe841b986d570e5be36fd634f7451f9f0676599cf465cac32601e52
sympy__sympy-16886,sympy/sympy,8bcff84556fbb7d34383e0f16d01027922121a39bb63b881fcd3d8f5e2e74f29,62,False,0.5230769230769231,0.011445075273513794,0.07872100174427032,1.224997001886368,-1.7229230403900146,-0.7467620193958282,-0.011445075273513794,-0.07872100174427032,0.47823498249053975,1.5176808834075928,0.08319386094808578,481,0.9619238476953907,Hard,7a4e145dbbe841b986d570e5be36fd634f7451f9f0676599cf465cac32601e52
sympy__sympy-17139,sympy/sympy,17e532f00dac2a0e2aae1ca47a21c4be3cc3d4686da16dfc58ed0d69f6c02334,755,False,0.4230769230769231,-0.079700767993927,-0.02395465224981308,1.2021513044834138,-1.4944477081298828,-0.6214978992938995,0.079700767993927,0.02395465224981308,0.5806534051895142,1.5602681636810303,-0.23549480736255646,416,0.8316633266533067,Hard,7a4e145dbbe841b986d570e5be36fd634f7451f9f0676599cf465cac32601e52
sympy__sympy-17318,sympy/sympy,8a310f20c7a096a6254d15f08997beaed275576879e726690cc2a8de13e47e3c,933,False,0.5461538461538461,0.06454496085643768,0.11353748291730881,1.2233748257160189,-1.6470863819122314,-0.7974636614322662,-0.06454496085643768,-0.11353748291730881,0.42591116428375275,1.5004830360412598,0.0708160251379013,487,0.9739478957915831,Hard,7a4e145dbbe841b986d570e5be36fd634f7451f9f0676599cf465cac32601e52
sympy__sympy-17630,sympy/sympy,1edfd6e1183bb765b9186e8d8fdfe541d80ef44766baf7b722b7626235719599,1259,False,0.3384615384615385,-0.19298937916755676,-0.12099788337945938,1.1648124545812608,-1.4175760746002197,-0.4998966485261917,0.19298937916755676,0.12099788337945938,0.6649158060550692,1.4770721197128296,-0.0997237116098404,310,0.6192384769539078,Medium,7a4e145dbbe841b986d570e5be36fd634f7451f9f0676599cf465cac32601e52
sympy__sympy-17655,sympy/sympy,933042963b8cdfbe2ba70d5a221c3a40e00b60595f5b865417d4494c0b566af0,593,False,0.4307692307692308,-0.13394242525100708,-0.027142975479364395,1.1901918172836305,-1.6630315780639648,-0.6170789480209351,0.13394242525100708,0.027142975479364395,0.5731128692626956,1.4563803672790527,0.1328614354133606,421,0.8416833667334669,Hard,7a4e145dbbe841b986d570e5be36fd634f7451f9f0676599cf465cac32601e52
sympy__sympy-18189,sympy/sympy,7c3dbee591c8248e8411469c75edcf733756664c61dac40611ba50a9dab45cae,356,False,0.2846153846153846,-0.26025131344795227,-0.24707037210464478,1.154652500152588,-1.3735523223876953,-0.2873248875141144,0.26025131344795227,0.24707037210464478,0.8673276126384737,1.713972806930542,0.0793568417429924,222,0.44288577154308617,Medium,7a4e145dbbe841b986d570e5be36fd634f7451f9f0676599cf465cac32601e52
sympy__sympy-18199,sympy/sympy,fb429ef2a603c20980fa2ed7dc66d00cc148ca8103d92b69662bb6c687f2e162,114,False,0.7076923076923077,0.2579651176929474,0.2853970527648926,1.3131563365459444,-1.9148523807525635,-1.014537012577057,-0.2579651176929474,-0.2853970527648926,0.2986193239688874,1.4454412460327148,0.12485578656196594,500,1.0,Hard,7a4e145dbbe841b986d570e5be36fd634f7451f9f0676599cf465cac32601e52
sympy__sympy-18211,sympy/sympy,e2e6d8d8bb9ce663b29aaccb73683ba91e87ceb98a7d613750de91f2d4b245a5,241,False,0.5153846153846153,0.048069339245557785,0.0931997075676918,1.2193116068840029,-1.635061502456665,-0.7606293439865113,-0.048069339245557785,-0.0931997075676918,0.4586822628974917,1.3827016353607178,-0.0327756293118,475,0.9498997995991983,Hard,7a4e145dbbe841b986d570e5be36fd634f7451f9f0676599cf465cac32601e52
sympy__sympy-18698,sympy/sympy,cd81e74232a1271cd69ffe8a0ed157acd609e130503b78ae962414616718a537,237,False,0.3923076923076923,-0.11558037996292114,-0.042455174028873444,1.1584138095378875,-1.6226812601089478,-0.5799021184444427,0.11558037996292114,0.042455174028873444,0.5785116910934448,1.511338710784912,0.09914852678775787,374,0.7474949899799599,Hard,7a4e145dbbe841b986d570e5be36fd634f7451f9f0676599cf465cac32601e52
sympy__sympy-18763,sympy/sympy,5c1164a6c4ec868668f2fdd4b75e440df221ae6f0f1716e1854884efb8aa3851,270,False,0.2923076923076923,-0.23846957087516785,-0.20282430946826935,1.192949140071869,-1.434237003326416,-0.4028823494911194,0.23846957087516785,0.20282430946826935,0.7900667905807496,1.6056749820709229,0.1924840807914734,235,0.46893787575150303,Medium,7a4e145dbbe841b986d570e5be36fd634f7451f9f0676599cf465cac32601e52
sympy__sympy-19040,sympy/sympy,42bb887eb79aa3dcd7183824fdce7ccc38d867dff8242d8edad92a705e0bbd58,491,False,0.24615384615384617,-0.3561567962169647,-0.28691431879997253,1.157127317786217,-1.4571799039840698,-0.33039764463901516,0.3561567962169647,0.28691431879997253,0.8267296731472017,1.6526105403900146,0.03514009341597557,172,0.342685370741483,Medium,7a4e145dbbe841b986d570e5be36fd634f7451f9f0676599cf465cac32601e52
sympy__sympy-19346,sympy/sympy,beaf218a0d5d4cb22acc35caa8e471d049542cd914604cced5485993327db334,185,False,0.18461538461538463,-0.4706881642341614,-0.4379080832004547,1.234959678351879,-1.1867246627807617,-0.16417345255613325,0.4706881642341614,0.4379080832004547,1.070786225795746,1.7775499820709229,0.08690639585256577,100,0.19839679358717435,Easy,7a4e145dbbe841b986d570e5be36fd634f7451f9f0676599cf465cac32601e52
sympy__sympy-19495,sympy/sympy,a608f9c2e5cfc35840160135755897f7a04207162f2909999258e38ddc336973,757,False,0.2153846153846154,-0.439952552318573,-0.39834627509117126,1.2056399196386338,-1.3443955183029175,-0.20810963809490204,0.439952552318573,0.39834627509117126,0.9975302815437317,1.7392306327819824,-0.02219551056623459,146,0.2905811623246493,Easy,7a4e145dbbe841b986d570e5be36fd634f7451f9f0676599cf465cac32601e52
sympy__sympy-19637,sympy/sympy,684f607f31cc768c385029a235053287b43082a993b8c6f631e6e1859e49e12d,83,False,0.4076923076923077,-0.07374221086502075,-0.024238821119070053,1.1563305199146274,-1.5561158657073975,-0.5965398132801055,0.07374221086502075,0.024238821119070053,0.5597907066345219,1.3712563514709473,0.34895002841949463,393,0.7855711422845691,Hard,7a4e145dbbe841b986d570e5be36fd634f7451f9f0676599cf465cac32601e52
sympy__sympy-19783,sympy/sympy,6c701bb3840d26e89d9d3fef6d91d7d72ba7ed68cf6c2347f8d5c2eb275425c5,130,False,0.2923076923076923,-0.2932083010673523,-0.2354135662317276,1.1797289669513704,-1.393522024154663,-0.36631181836128235,0.2932083010673523,0.2354135662317276,0.813417148590088,1.617266058921814,-0.028055356815457344,236,0.4709418837675351,Medium,7a4e145dbbe841b986d570e5be36fd634f7451f9f0676599cf465cac32601e52
sympy__sympy-19954,sympy/sympy,173f90e5d7bbeb35fddaaccfcd44c94f30a06f4c2a68f379aec6aba11f302cdd,361,False,0.43846153846153846,-0.04352354258298874,-0.005876797717064619,1.1930892586708068,-1.7235404253005981,-0.6216561317443847,0.04352354258298874,0.005876797717064619,0.5714331269264221,1.5125603675842285,0.2118663638830185,431,0.8617234468937875,Hard,7a4e145dbbe841b986d570e5be36fd634f7451f9f0676599cf465cac32601e52
sympy__sympy-20154,sympy/sympy,16cda9e1dbc96941a98fa2f54a1545709b1a3aefe133b20841f69d6391bef6dd,128,False,0.09230769230769231,-0.6515188217163086,-0.6672934889793396,1.289999344944954,-0.9222772717475891,0.052027842402458196,0.6515188217163086,0.6672934889793396,1.3420271873474123,1.739292860031128,-0.45928382873535156,1,0.0,Easy,7a4e145dbbe841b986d570e5be36fd634f7451f9f0676599cf465cac32601e52
sympy__sympy-20428,sympy/sympy,3e20082eaadedd75f04a9afb22c1256f85d6e4768296ee14bdfbb5ba6a255fff,1698,False,0.5769230769230769,0.06357437372207642,0.11888846009969711,1.2494563907384872,-1.5503902435302734,-0.7831289589405059,-0.06357437372207642,-0.11888846009969711,0.4663274317979813,1.6129865646362305,0.04739964008331299,496,0.9919839679358717,Hard,7a4e145dbbe841b986d570e5be36fd634f7451f9f0676599cf465cac32601e52
sympy__sympy-20438,sympy/sympy,ab48dc1dc9b89443d93044930f964e8d4dfe25706fceb03dddf2295c060d339a,523,False,0.5076923076923077,0.018228696659207344,0.04595072939991951,1.2395973801612854,-1.6999001502990723,-0.7128888309001923,-0.018228696659207344,-0.04595072939991951,0.5267085492610931,1.4823453426361084,-0.14973850548267365,472,0.9438877755511023,Hard,7a4e145dbbe841b986d570e5be36fd634f7451f9f0676599cf465cac32601e52
sympy__sympy-20590,sympy/sympy,e2f8e16a69eabf97334f7852f8675d8d470ef7a3e990ab484c6427bd7ad9ff52,222,False,0.2,-0.41458621621131897,-0.3741908371448517,1.2220424562692647,-1.1919796466827393,-0.26959073841571807,0.41458621621131897,0.3741908371448517,0.9524517178535465,1.5318412780761719,0.08151458203792572,123,0.24448897795591182,Easy,7a4e145dbbe841b986d570e5be36fd634f7451f9f0676599cf465cac32601e52
sympy__sympy-20801,sympy/sympy,d97c4296d41c2a7cdf87b6e2de16dd10a5755318d9bde720c8677b8787c20ec3,201,False,0.2692307692307692,-0.30188775062561035,-0.250989705324173,1.243146061897278,-1.4926661252975464,-0.42980669140815736,0.30188775062561035,0.250989705324173,0.8133393704891207,1.5423047542572021,0.09221666306257248,205,0.4088176352705411,Medium,7a4e145dbbe841b986d570e5be36fd634f7451f9f0676599cf465cac32601e52
sympy__sympy-20916,sympy/sympy,728c710a38f30dcfc83a99f11302f2ff4f69c34b26b6d1daf40f27e289fe550c,94,False,0.4153846153846154,-0.12447032332420349,-0.0683564692735672,1.3149576544761659,-1.6099226474761963,-0.6522744596004486,0.12447032332420349,0.0683564692735672,0.6626831948757174,1.561213493347168,0.28548574447631836,405,0.8096192384769539,Hard,7a4e145dbbe841b986d570e5be36fd634f7451f9f0676599cf465cac32601e52
sympy__sympy-21379,sympy/sympy,e199bb269f9d7eedd813b73859ebc266bbf9180ba44e93fee83257f13a7b3c38,528,False,0.2692307692307692,-0.28971177339553833,-0.2290017008781433,1.2650122195482254,-1.4582972526550293,-0.43662822544574736,0.28971177339553833,0.2290017008781433,0.8283839941024781,1.6666982173919678,-0.19578874111175537,206,0.41082164328657317,Medium,7a4e145dbbe841b986d570e5be36fd634f7451f9f0676599cf465cac32601e52
sympy__sympy-21596,sympy/sympy,14ad62b22f2daefbb61e2837aaf1a92c5ac3fd3639733a6e8b2fb6831296edb5,319,False,0.5153846153846153,0.014426544308662415,0.11093996465206146,1.275094696879387,-1.6985995769500732,-0.8637935996055603,-0.014426544308662415,-0.11093996465206146,0.4113010972738267,1.5816428661346436,0.1411975622177124,476,0.9519038076152304,Hard,7a4e145dbbe841b986d570e5be36fd634f7451f9f0676599cf465cac32601e52
sympy__sympy-21612,sympy/sympy,657b0dc782c25c6b54593dac7ccb7c4aaa95bd6da6e1a87b2e4b778f86d29b99,299,False,0.4076923076923077,-0.15604127943515778,-0.11347980797290802,1.3034465253353122,-1.4688173532485962,-0.5965164542198181,0.15604127943515778,0.11347980797290802,0.7069300711154942,1.5717748403549194,-0.1049005389213562,394,0.7875751503006012,Hard,7a4e145dbbe841b986d570e5be36fd634f7451f9f0676599cf465cac32601e52
sympy__sympy-21847,sympy/sympy,94d91698afcd1df16f19769e6eb73afc4229159f92d2f0fcaa6fa9cf41116fdd,331,False,0.49230769230769234,-0.00864417850971222,0.06711001694202423,1.1977786570787432,-1.6640353202819824,-0.7236955225467682,0.00864417850971222,-0.06711001694202423,0.474083134531975,1.3574047088623047,-0.05598778277635574,459,0.9178356713426854,Hard,7a4e145dbbe841b986d570e5be36fd634f7451f9f0676599cf465cac32601e52
sympy__sympy-21930,sympy/sympy,867fbad616cdb7324c99258b4bd7ad7f6b4a2fb66f7945b669f9ae279ad38535,222,False,0.4307692307692308,-0.06070864200592041,-0.007606154307723045,1.2012089788913727,-1.7054250240325928,-0.6299853682518005,0.06070864200592041,0.007606154307723045,0.5712236106395722,1.5033289194107056,-0.26800599694252014,422,0.843687374749499,Hard,7a4e145dbbe841b986d570e5be36fd634f7451f9f0676599cf465cac32601e52
sympy__sympy-22080,sympy/sympy,e4e025ba043919887cf1773f79e5bb6f7b7ad8eab54718e8ec0d0ff2f4c37b14,245,False,0.3384615384615385,-0.1532037854194641,-0.11878417432308197,1.2538038790225983,-1.5074886083602905,-0.5106519401073456,0.1532037854194641,0.11878417432308197,0.7431519389152527,1.6147843599319458,-0.35687583684921265,311,0.6212424849699398,Medium,7a4e145dbbe841b986d570e5be36fd634f7451f9f0676599cf465cac32601e52
sympy__sympy-22456,sympy/sympy,9311c594ded4da8a3e4ab2bbd4baf262680395c18327a5c827272551798f1eb4,91,False,0.3153846153846154,-0.3027399182319641,-0.2344866544008255,1.1881580561399463,-1.4393284320831299,-0.36661508977413176,0.3027399182319641,0.2344866544008255,0.8215429663658145,1.6605937480926514,-0.21899937093257904,272,0.5430861723446894,Medium,7a4e145dbbe841b986d570e5be36fd634f7451f9f0676599cf465cac32601e52
sympy__sympy-22714,sympy/sympy,8f4d48e9d985d6bbdd7b61fbdf1342c381f26da9849ebd45c4b78252fdaf1f11,569,False,0.3153846153846154,-0.23678138852119446,-0.19091960787773132,1.1303878784179688,-1.477055549621582,-0.35165128111839294,0.23678138852119446,0.19091960787773132,0.778736597299576,1.5560473203659058,-0.16390538215637207,273,0.5450901803607214,Medium,7a4e145dbbe841b986d570e5be36fd634f7451f9f0676599cf465cac32601e52
sympy__sympy-22914,sympy/sympy,6d0642aa48ec6648e34338c6c374b48eb3b7e27a65a15538a22954f66b47a4c0,217,False,0.4076923076923077,-0.09042246639728546,-0.04578615352511406,1.1924899756908416,-1.493784785270691,-0.5854408621788025,0.09042246639728546,0.04578615352511406,0.6070491135120392,1.6144784688949585,-0.04374265298247337,395,0.7895791583166333,Hard,7a4e145dbbe841b986d570e5be36fd634f7451f9f0676599cf465cac32601e52
sympy__sympy-23262,sympy/sympy,c0c0ac5aecba195d382f82e1b5d1519cc8053e29b967bdc2805137079c9fd3b7,333,False,0.15384615384615385,-0.5093948841094971,-0.4655419588088989,1.1862746685743335,-1.1609342098236084,-0.14183075129985806,0.5093948841094971,0.4655419588088989,1.0444439172744755,1.6410623788833618,-0.012758569791913033,48,0.09418837675350701,Easy,7a4e145dbbe841b986d570e5be36fd634f7451f9f0676599cf465cac32601e52
sympy__sympy-23413,sympy/sympy,ab4fff5ca11234b934a212b8d896ccf0c1aaa53e998524f54bff44dc41daa64d,148,False,0.5769230769230769,0.09812083095312119,0.14595790207386017,1.2392457187175752,-1.695555567741394,-0.8061290740966797,-0.09812083095312119,-0.14595790207386017,0.4331166446208954,1.3148709535598755,0.2726368010044098,497,0.9939879759519038,Hard,7a4e145dbbe841b986d570e5be36fd634f7451f9f0676599cf465cac32601e52
sympy__sympy-23534,sympy/sympy,400b9d6f7a875ed1363ccec3bfcfcf08e88275d11ea57044355753de52aa4c25,217,False,0.3384615384615385,-0.23842668533325195,-0.1634967029094696,1.1634545385837556,-1.492448329925537,-0.42343789935112,0.23842668533325195,0.1634967029094696,0.7400166392326355,1.515623688697815,0.035083405673503876,312,0.6232464929859719,Medium,7a4e145dbbe841b986d570e5be36fd634f7451f9f0676599cf465cac32601e52
sympy__sympy-23824,sympy/sympy,6e2c57adb3bb75a9841d6ebb74f72bd5f711a1a11df1ed32906681eb3613dabd,665,False,0.47692307692307695,-0.04542875289916992,0.041012924164533615,1.1923342585563659,-1.613914966583252,-0.6881802380084991,0.04542875289916992,-0.041012924164533615,0.5041540205478668,1.3834362030029297,-0.2457263320684433,451,0.9018036072144289,Hard,7a4e145dbbe841b986d570e5be36fd634f7451f9f0676599cf465cac32601e52
sympy__sympy-23950,sympy/sympy,b56221e6a6bb28b09a09c076fdba0cbf1cb9d256956c52345ec825ccd52f61db,270,False,0.34615384615384615,-0.20720601081848145,-0.1822013258934021,1.199540075659752,-1.416534423828125,-0.4491479843854904,0.20720601081848145,0.1822013258934021,0.7503920912742615,1.6095515489578247,-0.1674262434244156,321,0.6412825651302605,Medium,7a4e145dbbe841b986d570e5be36fd634f7451f9f0676599cf465cac32601e52
sympy__sympy-24066,sympy/sympy,f96812d2e3e17bd07f17b6e553bc354c0bd522bf3dcf81aec841676c8a371b7b,202,False,0.2846153846153846,-0.26313188672065735,-0.2405860275030136,1.1452621638774874,-1.4934427738189697,-0.3253245890140533,0.26313188672065735,0.2405860275030136,0.819937574863434,1.5541408061981201,-0.11063188314437866,223,0.44488977955911824,Medium,7a4e145dbbe841b986d570e5be36fd634f7451f9f0676599cf465cac32601e52
sympy__sympy-24213,sympy/sympy,643ce391df54dc5676bb5ccb2bc1f1a1963be8b0f54cee9bc816a1fe1ca2310b,367,False,0.35384615384615387,-0.20980864763259888,-0.12991587817668915,1.18873417377472,-1.481215238571167,-0.47435001134872434,0.20980864763259888,0.12991587817668915,0.7143841624259956,1.4951114654541016,-0.06495177745819092,335,0.6693386773547094,Hard,7a4e145dbbe841b986d570e5be36fd634f7451f9f0676599cf465cac32601e52
sympy__sympy-24443,sympy/sympy,465efb86a6aacc25222e99cb78b1cdd86248af5a67b27ae1c4a043c1c126c0d4,251,False,0.4461538461538462,-0.07827377319335938,-0.022906593978405,1.2237976372241974,-1.6937041282653809,-0.6460258483886718,0.07827377319335938,0.022906593978405,0.5777717888355256,1.5514484643936157,-0.05021989345550537,435,0.8697394789579158,Hard,7a4e145dbbe841b986d570e5be36fd634f7451f9f0676599cf465cac32601e52
sympy__sympy-24539,sympy/sympy,c45c55bcffb2b526d21ed6b0c8d19976455280d6ce9343f7f2d62d96c3d3e037,290,False,0.45384615384615384,-0.04321634769439697,-0.016443440690636635,1.2512686252593994,-1.5727211236953735,-0.6794438362121582,0.04321634769439697,0.016443440690636635,0.5718247890472413,1.5614306926727295,-0.12603996694087982,440,0.8797595190380761,Hard,7a4e145dbbe841b986d570e5be36fd634f7451f9f0676599cf465cac32601e52
sympy__sympy-24562,sympy/sympy,b0d650e7d0c5a65c71332089cc3c86f85c07ab1175b3847c401d8e328c520f1c,98,False,0.26153846153846155,-0.32316064834594727,-0.2904124855995178,1.0948647379875187,-1.0553107261657715,-0.28312126994132997,0.32316064834594727,0.2904124855995178,0.8117434680461888,1.5186084508895874,0.016798296943306923,192,0.38276553106212424,Medium,7a4e145dbbe841b986d570e5be36fd634f7451f9f0676599cf465cac32601e52
sympy__sympy-24661,sympy/sympy,6d2fd3a85268058e45ba93bb541d2addc5f70c2995aacea9c9193cfffbb51d4f,136,False,0.3153846153846154,-0.24209535121917725,-0.1868239790201187,1.1650593578815462,-1.3801109790802002,-0.39117060303688045,0.24209535121917725,0.1868239790201187,0.7738887548446658,1.5871590375900269,-0.08360155671834946,274,0.5470941883767535,Medium,7a4e145dbbe841b986d570e5be36fd634f7451f9f0676599cf465cac32601e52
